date,btc_open,btc_high,btc_low,btc_close,btc_volume,dvol_open,dvol_high,dvol_low,dvol_close,spx_open,spx_high,spx_low,spx_close,spx_volume,vix_open,vix_high,vix_low,vix_close,btc_log_return,spx_log_return,btc_rv_7d,spx_rv_7d,btc_rv_14d,spx_rv_14d,btc_rv_30d,spx_rv_30d,btc_iv,spx_iv,btc_vrp_7d,spx_vrp_7d,btc_vrp_14d,spx_vrp_14d,btc_vrp_30d,spx_vrp_30d
2021-03-24,54342.8,57200.0,51700.0,52303.65,83537.465021,84.8,95.94,80.52,95.04,3919.929931640625,3942.080078125,3889.070068359375,3889.139892578125,4783020000,20.63999938964844,21.489999771118164,19.299999237060547,21.200000762939453,,,,,,,,,0.9504,0.21200000762939453,,,,,,
2021-03-25,52303.66,53287.0,50427.56,51293.78,87400.534538,95.03,97.43,87.25,89.74,3879.340087890625,3919.5400390625,3853.5,3909.52001953125,4948340000,20.799999237060547,23.549999237060547,19.809999465942383,19.809999465942383,-0.0194966610483523,0.0052265834327292,,,,,,,0.8974,0.19809999465942382,,,,,,
2021-03-26,51293.78,55073.46,51214.6,55025.59,63813.774692,89.74,89.74,80.22,84.52,3917.1201171875,3978.18994140625,3917.1201171875,3974.5400390625,5483160000,19.31999969482422,21.489999771118164,18.68000030517578,18.86000061035156,0.0702288524916593,0.0164944186587165,,,,,,,0.8452,0.1886000061035156,,,,,,
2021-03-29,55777.65,58405.82,54800.01,57635.47,67857.937398,79.07,83.74,78.88,83.71,3969.31005859375,3981.830078125,3943.25,3971.090087890625,4628180000,20.399999618530273,21.600000381469727,19.420000076293945,20.739999771118164,0.0463398270328442,-0.0008683896263867,,,,,,,0.8371,0.20739999771118164,,,,,,
2021-03-30,57635.46,59368.0,57071.35,58746.57,55122.443122,83.71,86.36,82.0,85.08,3963.340087890625,3968.010009765625,3944.35009765625,3958.550048828125,4121510000,20.760000228881836,21.75,19.469999313354492,19.61000061035156,0.0190945915543977,-0.00316282940965,,,,,,,0.8508,0.19610000610351558,,,,,,
2021-03-31,58746.57,59800.0,56769.0,58740.55,60975.542666,85.08,86.82,83.74,86.45,3967.25,3994.409912109375,3966.97998046875,3972.889892578125,4578050000,19.799999237060547,20.11000061035156,18.850000381469727,19.399999618530273,-0.0001024793186737,0.0036159535924198,,,,,,,0.8645,0.19399999618530273,,,,,,
2021-04-01,58739.46,59490.0,57935.45,58720.44,47415.61722,86.45,86.63,81.2,82.38,3992.780029296875,4020.6298828125,3992.780029296875,4019.8701171875,4162130000,18.600000381469727,18.63999938964844,17.290000915527344,17.329999923706055,-0.0003424115563215,0.0117558304276741,,,,,,,0.8238,0.17329999923706055,,,,,,
2021-04-05,58202.01,59272.0,56777.77,59129.99,54258.01579,82.42,82.6,78.73,80.22,4034.43994140625,4083.419921875,4034.43994140625,4077.909912109375,4005030000,18.15999984741211,18.399999618530273,17.350000381469727,17.90999984741211,0.0069503632476363,0.0143349877622439,0.490265043728343,0.1205466716995866,,,,,0.8022,0.17909999847412109,0.311934956271657,0.05855332677453448,,,,
2021-04-06,59129.99,59495.24,57413.02,57991.15,54201.000727,80.22,81.3,79.67,81.01,4075.570068359375,4086.22998046875,4068.139892578125,4073.93994140625,4081270000,18.06999969482422,18.299999237060547,17.3700008392334,18.1200008392334,-0.0194478280167704,-0.0009740049407969,0.4901102312178009,0.1293057542244487,,,,,0.8101,0.181200008392334,0.31998976878219915,0.05189425416788529,,,,
2021-04-07,57990.03,58655.0,55473.0,55953.45,71228.405659,81.01,81.14,78.36,78.78,4074.2900390625,4083.1298828125,4068.31005859375,4079.949951171875,4120810000,17.989999771118164,18.170000076293945,16.8700008392334,17.15999984741211,-0.0357703176417728,0.0014741456981068,0.4189089167580933,0.107033299837109,,,,,0.7878000000000001,0.1715999984741211,0.3688910832419068,0.0645666986370121,,,,
2021-04-08,55953.44,58153.31,55700.0,58077.52,44283.147019,78.78,79.0,72.79,74.31,4089.949951171875,4098.18994140625,4082.5400390625,4097.169921875,3907100000,16.920000076293945,17.360000610351562,16.549999237060547,16.950000762939453,0.037258574825073,0.0042117509405917,0.3806923103062216,0.1020731364477459,,,,,0.7431,0.16950000762939454,0.3624076896937784,0.06742687118164864,,,,
2021-04-09,58077.52,58894.9,57654.0,58142.54,40831.884911,74.32,77.54,72.19,77.07,4096.10986328125,4129.47998046875,4095.510009765625,4128.7998046875,3640390000,17.049999237060547,17.34000015258789,16.200000762939453,16.690000534057617,0.0011189119465875,0.0076902881356872,0.3596876978992861,0.0877796165444985,,,,,0.7706999999999999,0.16690000534057617,0.4110123021007138,0.07912038879607766,,,,
2021-04-12,59998.8,61300.0,59350.59,59860.0,56375.037117,82.61,84.81,78.98,84.5,4124.7099609375,4131.759765625,4114.81982421875,4127.990234375,3588900000,17.43000030517578,17.90999984741211,16.809999465942383,16.90999984741211,0.0291109205976017,-0.0001960980747395,0.4043143493465198,0.0948514031249862,,,,,0.845,0.1690999984741211,0.4406856506534802,0.0742485953491349,,,,
2021-04-13,59860.01,63777.77,59805.15,63575.0,82848.688746,84.5,89.14,84.46,88.64,4130.10009765625,4148.0,4124.43017578125,4141.58984375,3734720000,16.989999771118164,17.860000610351562,16.43000030517578,16.649999618530273,0.0602118088836305,0.0032890718770625,0.5291652125376108,0.0843069072742971,,,,,0.8864,0.16649999618530273,0.3572347874623891,0.08219308891100563,,,,
2021-04-14,63575.01,64854.0,61301.0,62959.53,82616.343993,88.64,88.67,83.41,83.85,4141.580078125,4151.68994140625,4120.8701171875,4124.66015625,3985350000,16.709999084472656,17.690000534057617,15.380000114440918,16.989999771118164,-0.0097281722840783,-0.0040961043207301,0.5442338026616341,0.0611642782091901,0.5026028305423104,0.1011321227174717,,,0.8384999999999999,0.16989999771118164,0.2942661973383658,0.10873571950199154,0.33589716945768955,0.06876787499370994,,
2021-04-15,62959.53,63800.0,62020.0,63159.98,51649.70034,83.85,84.25,76.12,77.08,4139.759765625,4173.490234375,4139.759765625,4170.419921875,4033420000,16.780000686645508,16.920000076293945,15.9399995803833,16.56999969482422,0.0031787337071748,0.0110331014011194,0.5105086000722255,0.0794128268142994,0.4827851879319059,0.1051939028150859,,,0.7707999999999999,0.1656999969482422,0.2602913999277744,0.0862871701339428,0.28801481206809404,0.0605060941331563,,
2021-04-16,63158.74,63520.61,60000.0,61334.8,91764.139884,77.08,79.26,74.98,77.67,4174.14013671875,4191.31005859375,4170.75,4185.47021484375,4163820000,16.649999618530273,16.8799991607666,16.049999237060547,16.25,-0.0293234910328378,0.0036023233905179,0.4859415892253637,0.0783276777917415,0.4447366216428901,0.090109129762346,,,0.7767000000000001,0.1625,0.2907584107746364,0.0841723222082585,0.33196337835711,0.072390870237654,,
2021-04-19,56150.01,57526.81,54221.58,55633.14,78229.042267,88.4,89.25,82.29,83.2,4179.7998046875,4180.81005859375,4150.47021484375,4163.259765625,3810290000,17.040000915527344,18.61000061035156,16.780000686645508,17.290000915527344,-0.0975683148396118,-0.0053206898937579,0.7855931976814786,0.0946300818439261,0.5960549401781451,0.0962492575947337,,,0.8320000000000001,0.17290000915527343,0.046406802318521456,0.07826992731134733,0.23594505982185499,0.07665075156053973,,
2021-04-20,55633.14,57076.24,53329.96,56425.0,72744.482151,83.2,84.97,80.79,82.96,4159.18017578125,4159.18017578125,4118.3798828125,4134.93994140625,4342650000,17.360000610351562,19.700000762939453,17.239999771118164,18.68000030517578,0.0141332558447691,-0.0068255610050778,0.7944763338213031,0.0997535532426747,0.5929299846133825,0.102146262751556,,,0.8295999999999999,0.1868000030517578,0.03512366617869678,0.08704644980908312,0.23667001538661736,0.08465374030020181,,
2021-04-21,56425.0,56757.91,53536.02,53787.63,66984.756909,82.96,83.55,80.11,83.0,4128.419921875,4175.02001953125,4126.35009765625,4173.419921875,3887250000,18.479999542236328,19.290000915527344,16.90999984741211,17.5,-0.0478688076233732,0.0092630209198532,0.7928337306050411,0.1133462665762925,0.622488165223876,0.1054408710731982,,,0.83,0.175,0.03716626939495882,0.06165373342370749,0.207511834776124,0.06955912892680179,,
2021-04-22,53787.62,55521.48,50500.0,51690.96,104656.631337,83.0,95.93,76.69,87.39,4170.4599609375,4179.56982421875,4123.68994140625,4134.97998046875,4245140000,17.280000686645508,19.899999618530273,16.989999771118164,18.709999084472656,-0.0397606037870505,-0.0092533378605543,0.5953356071062216,0.1292002773720201,0.6374697648860344,0.111141092410143,,,0.8739,0.18709999084472656,0.27856439289377843,0.05789971347270645,0.23643023511396566,0.07595889843458356,,
2021-04-23,51690.95,52131.85,47500.0,51125.14,132230.780719,87.39,96.28,87.39,89.31,4138.77978515625,4194.169921875,4138.77978515625,4180.169921875,3569880000,18.559999465942383,18.780000686645508,16.799999237060547,17.329999923706055,-0.0110065585476512,0.0108694098955309,0.5935936506549163,0.1410429989523109,0.6332398612104332,0.1044675067673045,,,0.8931,0.17329999923706055,0.2995063493450837,0.03225700028474965,0.2598601387895668,0.06883249246975605,,
2021-04-26,49066.76,54356.62,48753.44,54001.39,86310.802124,93.46,93.57,80.3,82.66,4185.02978515625,4194.18994140625,4182.35986328125,4187.6201171875,3748320000,17.940000534057617,18.170000076293945,16.8700008392334,17.639999389648438,0.0547334342282034,0.0017806845645826,0.7685162309367365,0.1260329045855255,0.6884727437637322,0.1037164131584495,,,0.8266,0.17639999389648436,0.05808376906326351,0.050367089310958874,0.13812725623626776,0.07268358073803487,,
2021-04-27,54001.38,55460.0,53222.0,55011.97,54064.034675,82.66,82.66,74.21,77.53,4188.25,4193.35009765625,4176.22021484375,4186.72021484375,3710700000,17.6200008392334,18.15999984741211,16.969999313354492,17.559999465942383,0.0185410109430216,-0.0002149189814442,0.8032291543765967,0.1242671176702838,0.6800676826267363,0.1041184248795908,,,0.7753,0.17559999465942383,-0.02792915437659671,0.05133287698914003,0.09523231737326365,0.07148156977983303,,
2021-04-28,55011.97,56428.0,53813.16,54846.22,55130.459015,77.53,79.2,75.52,76.96,4185.14013671875,4201.52978515625,4181.77978515625,4183.18017578125,3787360000,17.469999313354492,17.84000015258789,16.670000076293945,17.280000686645508,-0.0030175287936096,-0.000845897587396,0.5617293239551318,0.1189419317392054,0.6569779938674032,0.1041011475259364,,,0.7696,0.17280000686645508,0.2078706760448682,0.053858075127249674,0.11262200613259676,0.06869885934051868,,
2021-04-29,54846.23,55195.84,52330.94,53555.0,52486.019455,76.96,80.62,75.8,80.2,4206.14013671875,4218.77978515625,4176.81005859375,4211.47021484375,4298680000,16.8799991607666,18.8700008392334,16.770000457763672,17.610000610351562,-0.0238241059065467,0.0067400415367024,0.5620104207300279,0.1105316966475425,0.6616515222593755,0.1030759855063723,,,0.802,0.17610000610351562,0.2399895792699721,0.06556830945597311,0.14034847774062453,0.07302402059714332,,
2021-04-30,53555.0,57963.0,53013.01,57694.27,68578.910045,80.2,80.65,73.95,75.09,4198.10009765625,4198.10009765625,4174.85009765625,4181.169921875,4300880000,17.670000076293945,19.25,17.639999389648438,18.61000061035156,0.0744486986071194,-0.0072207134171198,0.6627672394276376,0.1131397102555036,0.7323041643364997,0.1093248836074681,,,0.7509,0.1861000061035156,0.08813276057236241,0.072960295848012,0.018595835663500315,0.0767751224960475,,
2021-05-03,56578.21,58981.44,56435.0,57169.39,57649.931286,79.09,82.3,75.18,81.79,4191.97998046875,4209.39013671875,4188.02978515625,4192.66015625,4070220000,18.649999618530273,19.1200008392334,17.799999237060547,18.309999465942383,-0.0091392465365389,0.0027443216495121,0.5873504064835666,0.0915965075603948,0.6737015552019203,0.1091197414182061,,,0.8179000000000001,0.18309999465942384,0.23054959351643345,0.09150348709902904,0.14419844479807975,0.07398025324121774,,
2021-05-04,57169.39,57200.0,53046.69,53200.01,85324.625903,81.79,88.18,81.79,87.96,4179.0400390625,4179.0400390625,4128.58984375,4164.66015625,4452460000,18.15999984741211,21.850000381469727,18.11000061035156,19.479999542236328,-0.0719600309696674,-0.0067007374898472,0.7802365725561823,0.0798885446796375,0.7271540674201052,0.1119430803415402,,,0.8795999999999999,0.1947999954223633,0.09936342744381765,0.11491145074272578,0.1524459325798947,0.08285691508082309,,
2021-05-05,53205.05,58069.82,52900.0,57436.11,77263.923439,87.96,88.2,83.51,84.39,4177.06005859375,4187.72021484375,4160.93994140625,4167.58984375,4230920000,18.84000015258789,19.579999923706055,17.889999389648438,19.149999618530273,0.0766146152879421,0.0007032164471135,0.8462627991007435,0.0788336609749756,0.818001697048968,0.1015356675387479,,,0.8439,0.19149999618530272,-0.002362799100743551,0.11266633521032712,0.025898302951032015,0.08996432864655482,,
2021-05-06,57436.11,58360.0,55200.0,56393.68,70181.671908,84.39,85.36,80.31,82.14,4169.14013671875,4202.7001953125,4147.330078125,4201.6201171875,4511000000,18.40999984741211,20.600000381469727,18.209999084472656,18.38999938964844,-0.0183161041178487,0.008132299498632,0.8572833335533365,0.0951454563117981,0.8134431032476802,0.1063956442909062,0.6644514248111768,0.1060885831393813,0.8214,0.1838999938964844,-0.035883333553336505,0.0887545375846863,0.007956896752319809,0.0775043496055782,0.15694857518882321,0.0778114107571031
2021-05-07,56393.68,58650.0,55241.63,57314.75,74542.747829,82.14,83.05,78.3,80.56,4210.33984375,4238.0400390625,4201.64013671875,4232.60009765625,4016080000,18.450000762939453,18.56999969482422,16.68000030517578,16.690000534057617,0.0162009122099635,0.0073462914191863,0.8588591583918178,0.1026516106474168,0.7005597498979036,0.1070521099336921,0.6622289852744481,0.1067247505572232,0.8056,0.16690000534057617,-0.05325915839181783,0.06424839469315936,0.10504025010209639,0.059847895406884066,0.14337101472555192,0.06017525478335296
2021-05-10,58240.83,59500.0,53400.0,55816.14,89586.34925,86.05,91.57,85.67,90.26,4228.2900390625,4236.39013671875,4188.1298828125,4188.43017578125,4560700000,17.34000015258789,19.75,17.06999969482422,19.65999984741211,-0.0264949328224086,-0.010490480503138,0.8629320762045722,0.1178920885023078,0.7082262538860632,0.1133110039025001,0.6366303419858188,0.1049411733305428,0.9026000000000001,0.1965999984741211,0.03966792379542783,0.0787079099718133,0.19437374611393687,0.083288994571621,0.26596965801418126,0.0916588251435783
2021-05-11,55816.14,56862.43,54370.0,56670.02,64329.54055,90.26,90.54,84.91,86.27,4150.33984375,4162.0400390625,4111.52978515625,4152.10009765625,4870710000,21.170000076293945,23.729999542236328,20.709999084472656,21.84000015258789,0.0151822482267277,-0.0087117501417815,0.7279278475848902,0.1215927559606401,0.6767747822096327,0.1133125236380595,0.6233918967056619,0.109022680288021,0.8626999999999999,0.2184000015258789,0.13477215241510976,0.0968072455652388,0.1859252177903672,0.1050874778878194,0.23930810329433805,0.1093773212378579
2021-05-12,56670.02,58000.01,48600.0,49631.32,99842.789836,86.27,94.13,82.91,93.86,4130.5498046875,4134.72998046875,4056.8798828125,4063.0400390625,4733070000,22.420000076293945,28.3799991607666,21.65999984741211,27.59000015258789,-0.13262323703978,-0.0216827823583024,1.0710149000207363,0.169083717788028,0.8773923263732575,0.1410789907691957,0.7281062719856322,0.1275275339489875,0.9386,0.2759000015258789,-0.1324149000207363,0.1068162837378509,0.06120767362674251,0.1348210107566832,0.21049372801436783,0.1483724675768914
2021-05-13,49537.15,51367.19,46000.0,49670.97,147332.002121,93.87,103.81,89.19,92.9,4074.989990234375,4131.580078125,4074.989990234375,4112.5,4779540000,26.030000686645508,28.93000030517578,22.229999542236328,23.1299991607666,0.0007985717571492,0.012099644578094,1.0105959859959628,0.1944646874086801,0.8767083932598629,0.1432087160115436,0.7281702899766069,0.1314265508636454,0.929,0.231299991607666,-0.08159598599596274,0.036835304198985924,0.05229160674013711,0.0880912755961224,0.20082971002339312,0.0998734407440206
2021-05-14,49671.92,51483.0,48799.75,49841.45,80082.204306,90.72,101.15,90.37,98.46,4129.580078125,4183.1298828125,4129.580078125,4173.85009765625,4008880000,21.770000457763672,22.100000381469727,18.65999984741211,18.809999465942383,0.0034263093346637,0.0148077785636236,0.8263441467112992,0.2189627329530446,0.8384682410152206,0.1582767755271878,0.7284881638934773,0.1338419004830315,0.9845999999999999,0.18809999465942384,0.15825585328870073,-0.030862738293620767,0.14613175898477937,0.02982321913223604,0.25611183610652266,0.05425809417639235
2021-05-17,46426.83,46686.0,42001.0,43538.04,166657.172736,105.28,158.72,104.94,123.02,4169.919921875,4171.919921875,4142.68994140625,4163.2900390625,4125050000,19.88999938964844,21.579999923706055,19.670000076293945,19.719999313354492,-0.135211928437938,-0.0025332581839619,1.0750233126910689,0.2120050757358973,0.9919153546314136,0.1585763338439325,0.8184047385198963,0.1283303109001433,1.2302,0.19719999313354492,0.15517668730893108,-0.014805082602352387,0.2382846453685864,0.03862365928961242,0.4117952614801037,0.06886968223340162
2021-05-18,43538.02,45799.29,42250.02,42849.78,116979.860784,123.01,123.01,112.83,117.01,4165.93994140625,4169.14990234375,4125.990234375,4127.830078125,4398150000,18.88999938964844,21.450000762939453,18.809999465942383,21.34000015258789,-0.0159345278743997,-0.0085537723840327,1.024377714544897,0.2061238330885728,0.9899713494293269,0.162323281830209,0.8181231869014576,0.1310365084642485,1.1701000000000001,0.2134000015258789,0.14572228545510324,0.0072761684373061075,0.1801286505706733,0.0510767196956699,0.35197681309854256,0.0823634930616304
2021-05-19,42849.78,43584.9,30000.0,36690.09,354347.243161,117.01,144.63,115.28,124.83,4098.4501953125,4116.93017578125,4061.409912109375,4115.68017578125,4247450000,22.459999084472656,25.959999084472656,21.8799991607666,22.18000030517578,-0.1551938194929308,-0.0029477518113784,1.2177293357728762,0.2003925799815471,1.149882549982458,0.1585855745448323,0.9178415919266624,0.1313590089541288,1.2483,0.22180000305175782,0.030570664227123734,0.021407423070210707,0.09841745001754187,0.06321442850692552,0.3304584080733376,0.09044099409762901
2021-05-20,36671.23,42451.67,34850.0,40526.64,203017.596923,124.84,132.06,112.56,119.77,4121.97021484375,4172.7998046875,4121.97021484375,4159.1201171875,3978880000,22.329999923706055,23.5,20.190000534057617,20.670000076293945,0.0994528443006428,0.0104994293345084,1.506740246900576,0.2083856712397199,1.196595644050751,0.1642250213452469,0.9645740300169942,0.1342228114331392,1.1977,0.20670000076293946,-0.30904024690057597,-0.0016856704767804487,0.0011043559492489585,0.04247497941769254,0.23312596998300583,0.07247718932980027
2021-05-21,40525.39,42200.0,33488.0,37252.01,202100.888258,119.77,145.01,112.2,139.98,4168.60986328125,4188.72021484375,4151.72021484375,4155.85986328125,3995250000,20.420000076293945,20.88999938964844,19.530000686645508,20.149999618530273,-0.084253632547951,-0.0007841880752528,1.4178327538681856,0.1437367575011833,1.219240093010889,0.1636058734515195,0.9859870308585234,0.1325144100963335,1.3998,0.20149999618530273,-0.018032753868185702,0.05776323868411942,0.18055990698911084,0.03789412273378323,0.4138129691414766,0.06898558608896924
2021-05-24,34681.44,39920.0,34031.0,38796.29,161630.893971,156.2,156.2,121.77,125.12,4170.16015625,4209.52001953125,4170.16015625,4197.0498046875,3684800000,20.5,20.510000228881836,18.3799991607666,18.399999618530273,0.0406187203994429,0.009862497481216,1.4856327230564588,0.1384667782963112,1.2386004614640265,0.1667529543675087,0.9909958913526524,0.1354163795559035,1.2512,0.18399999618530274,-0.23443272305645868,0.045533217888991534,0.01259953853597362,0.017247041817794045,0.26020410864734766,0.04858361662939925
2021-05-25,38810.99,39791.77,36419.62,38324.72,111996.228404,125.12,131.69,124.43,129.11,4205.93994140625,4213.419921875,4182.52001953125,4188.1298828125,4182250000,18.350000381469727,19.290000915527344,16.8700008392334,18.84000015258789,-0.0122295047056648,-0.0021275454008285,1.4713940926695288,0.1121103518684605,1.1552650522038652,0.1671356947294542,0.965478357848108,0.1353753582575377,1.2911000000000001,0.1884000015258789,-0.18029409266952867,0.07628964965741841,0.13583494779613492,0.021264306796424715,0.32562164215189215,0.05302464326834122
2021-05-26,38324.72,40841.0,37800.44,39241.91,104780.773396,122.03,124.4,116.69,117.02,4191.58984375,4202.60986328125,4184.10986328125,4195.990234375,4420890000,18.3700008392334,18.920000076293945,17.350000381469727,17.360000610351562,0.023650189539076,0.0018750575506104,1.330454842918601,0.1102251860107495,1.1762465125776551,0.1635588095778736,0.9724455956711984,0.1347674339239984,1.1702,0.17360000610351561,-0.16025484291860104,0.06337482009276611,-0.006046512577655205,0.010041196525642004,0.19775440432880154,0.038832572179517216
2021-05-27,39241.92,40411.14,37134.27,38529.98,86547.158794,117.02,119.91,106.59,107.26,4201.93994140625,4213.3798828125,4197.77978515625,4200.8798828125,6406310000,18.030000686645508,18.170000076293945,16.520000457763672,16.739999771118164,-0.0183086687723054,0.0011646360898629,1.3306130191663188,0.087489712019271,1.161319898015517,0.1601741712744616,0.9708022662004614,0.1310956666002828,1.0726,0.16739999771118164,-0.2580130191663188,0.07991028569191064,-0.08871989801551705,0.00722582643672004,0.1017977337995386,0.03630433111089884
2021-05-28,38529.99,38877.83,34684.0,35663.49,135377.62972,107.26,123.33,107.25,122.55,4210.77001953125,4218.35986328125,4203.56982421875,4204.10986328125,4649250000,16.799999237060547,16.860000610351562,15.899999618530272,16.760000228881836,-0.0773091631552114,0.0007685864528873,1.0358075902032906,0.0803065061824103,1.1795998338661051,0.1535999868017045,0.9861615620801264,0.1307213225358337,1.2255,0.16760000228881836,0.18969240979670943,0.08729349610640806,0.045900166133894915,0.014000015487113854,0.23933843791987364,0.036878679752984644
2021-06-01,37253.82,37894.81,35666.0,36693.09,81234.66377,106.47,108.65,105.36,108.23,4216.52001953125,4234.1201171875,4197.58984375,4202.0400390625,5074670000,17.239999771118164,18.530000686645508,15.68000030517578,17.899999618530273,0.0284609775475617,-0.0004924547586291,0.7981770792559515,0.0625175395839559,1.1911830060246644,0.1481481706970942,0.965307444009021,0.1297111732257714,1.0823,0.17899999618530274,0.28412292074404855,0.11648245660134685,-0.10888300602466439,0.03085182548820853,0.11699255599097902,0.04928882295953135
2021-06-02,36694.85,38225.0,35920.0,37568.68,67587.372495,108.23,108.63,101.89,103.17,4206.81982421875,4217.3701171875,4198.27001953125,4208.1201171875,5833670000,17.860000610351562,18.309999465942383,16.739999771118164,17.479999542236328,0.0235822705986549,0.0014458890369002,0.6489354784879905,0.0605461552562983,1.114888773993884,0.1066228224990873,0.9680741514982752,0.1279612196343931,1.0317,0.17479999542236327,0.38276452151200957,0.11425384016606496,-0.08318877399388391,0.06817717292327596,0.06362584850172481,0.04683877578797016
2021-06-03,37568.68,39476.0,37170.0,39246.79,75889.106011,103.17,103.19,97.28,99.19,4191.43017578125,4204.39013671875,4167.93017578125,4192.85009765625,5587970000,17.729999542236328,19.270000457763672,17.450000762939453,18.040000915527344,0.0436989328915869,-0.0036353030560493,0.6570049708625293,0.0326585264094368,1.1447765773546463,0.0998629868361622,0.9762156730896312,0.1258022423025032,0.9919,0.18040000915527343,0.3348950291374707,0.14774148274583665,-0.15287657735464633,0.08053702231911124,0.015684326910368807,0.054597766852770235
2021-06-04,39246.78,39289.07,35555.15,36829.0,91317.799245,99.19,107.61,99.07,102.91,4206.0498046875,4233.4501953125,4206.0498046875,4229.89013671875,4139790000,18.09000015258789,18.420000076293945,16.18000030517578,16.420000076293945,-0.0635840791345629,0.0087953033830163,0.765812107202969,0.059505031212623,1.1570343876416498,0.086566761343774,0.9848233642483872,0.1249457705894294,1.0291,0.16420000076293945,0.2632878927970309,0.10469496955031644,-0.12793438764164988,0.07763323941916545,0.04427663575161267,0.03925423017351004
2021-06-07,35796.31,36900.0,33300.0,33552.79,77574.952573,105.93,108.4,99.89,108.32,4229.33984375,4232.33984375,4215.66015625,4226.52001953125,4476920000,17.34000015258789,17.350000381469727,15.779999732971191,16.420000076293945,-0.0931655588862945,-0.0007970562694215,0.8887343076261703,0.060787895410883,1.0887470305879894,0.0855185505407522,1.012995084705916,0.1212612274749305,1.0832,0.16420000076293945,0.1944656923738296,0.10341210535205644,-0.005547030587989443,0.07868145022218724,0.07020491529408401,0.04293877328800895
2021-06-08,33556.96,34068.01,31000.0,33380.81,123251.189037,108.32,117.07,107.37,111.04,4233.81005859375,4236.740234375,4208.41015625,4227.259765625,4659620000,16.579999923706055,17.75,15.149999618530272,17.06999969482422,-0.0051388354567866,0.0001750095494412,0.8947575993142369,0.0609893710465577,1.0902233666978824,0.0736603887358687,0.9923258121193638,0.1211879052140069,1.1104,0.1706999969482422,0.21564240068576312,0.1097106259016845,0.020176633302117608,0.0970396082123735,0.11807418788063628,0.049512091734235306
2021-06-09,33380.8,37534.79,32396.82,37388.05,136607.597517,111.04,111.9,105.08,105.82,4232.990234375,4237.08984375,4218.740234375,4219.5498046875,4713260000,17.18000030517578,17.959999084472656,15.550000190734863,17.889999389648438,0.1133699506800925,-0.0018255325906156,1.095208273791667,0.0631613294275363,1.0279612182608444,0.0724313652071318,1.0569909983341976,0.121338802810493,1.0582,0.17889999389648437,-0.037008273791667046,0.11573866446894807,0.030238781739155618,0.10646862868935257,0.0012090016658024005,0.057561191085991364
2021-06-10,37388.05,38491.0,35782.0,36675.72,109527.284943,105.82,105.9,98.95,99.46,4228.56005859375,4249.740234375,4220.33984375,4239.18017578125,4408210000,18.18000030517578,18.290000915527344,16.010000228881836,16.100000381469727,-0.0192361789087449,0.0046414547764629,1.0928771208502182,0.0670819957258354,0.9267335308278404,0.0623201102076015,1.0567220557680557,0.1219448155295846,0.9945999999999999,0.16100000381469726,-0.09827712085021822,0.09391800808886186,0.06786646917215955,0.09867989360709575,-0.06212205576805574,0.03905518828511266
2021-06-11,36677.83,37680.4,35936.77,37331.98,78466.0053,99.46,99.72,95.96,97.22,4242.89990234375,4248.3798828125,4232.25,4247.43994140625,3815010000,16.18000030517578,16.200000762939453,15.149999618530272,15.649999618530272,0.017735376231755,0.0019465389328083,1.088115667479127,0.0672083076584683,0.8608856178957504,0.0615696289138013,1.060024010354654,0.1205776950097868,0.9722,0.15649999618530272,-0.11591566747912707,0.08929168852683442,0.1113143821042496,0.09493036727150142,-0.08782401035465415,0.035922301175515925
2021-06-14,39020.56,41064.05,38730.0,40516.29,108522.391949,102.86,103.04,96.73,98.88,4248.31005859375,4255.58984375,4234.06982421875,4255.14990234375,4151200000,16.040000915527344,17.040000915527344,15.039999961853027,16.389999389648438,0.0818537834951041,0.0018135563851361,1.1744588070342796,0.0575654916339193,0.9145601725621324,0.0486332804123571,1.0654767672827643,0.1185172647873649,0.9887999999999999,0.16389999389648438,-0.18565880703427973,0.10633450226256508,0.0742398274378675,0.11526671348412729,-0.0766767672827644,0.045382729109119474
2021-06-15,40516.28,41330.0,39506.4,40144.04,80679.622838,98.88,99.31,95.83,96.77,4255.27978515625,4257.16015625,4238.35009765625,4246.58984375,4048940000,16.270000457763672,17.350000381469727,16.139999389648438,17.020000457763672,-0.0092301294285584,-0.0020137199542758,1.0838073459344024,0.0380418528630552,0.9136738171126876,0.0484944011308539,1.0654748411617114,0.1185661048032111,0.9677,0.17020000457763673,-0.11610734593440242,0.13215815171458153,0.054026182887312424,0.12170560344678283,-0.09777484116171142,0.05163389977442563
2021-06-16,40143.8,40527.14,38116.01,38349.01,87771.976937,96.77,97.16,92.97,95.25,4248.8701171875,4251.89013671875,4202.4501953125,4223.7001953125,4538350000,16.989999771118164,19.11000061035156,16.420000076293945,18.149999618530273,-0.0457452734195306,-0.0054047037470264,0.9140236758091034,0.0523243301227074,0.9310032411564708,0.0552798765755532,1.0552695113301247,0.117947048325455,0.9525,0.18149999618530274,0.03847632419089664,0.12917566606259534,0.021496758843529196,0.12622011960974955,-0.10276951133012469,0.06355294785984775
2021-06-17,38349.0,39559.88,37365.0,38092.97,79541.307119,95.25,95.66,92.08,95.28,4220.3701171875,4232.2900390625,4196.0498046875,4221.85986328125,5312680000,18.489999771118164,19.219999313354492,16.709999084472656,17.75,-0.0066989619448759,-0.0004358105436726,0.915806589232226,0.0523201271859973,0.9282738992318348,0.0553071370981765,1.0223347013403885,0.1179736086401645,0.9528,0.1775,0.03699341076777396,0.1251798728140027,0.024526100768165193,0.12219286290182349,-0.06953470134038853,0.05952639135983549
2021-06-18,38092.97,38202.84,35129.29,35819.84,95228.042935,95.28,99.86,94.1,94.73,4204.77978515625,4204.77978515625,4164.39990234375,4166.4501953125,6817010000,16.959999084472656,21.040000915527344,16.920000076293945,20.700000762939453,-0.0615278208278235,-0.0132113556872841,0.7426232297491647,0.0947398543426677,0.9051926576867622,0.0797061621815406,1.031663091832368,0.122015566431669,0.9473,0.20700000762939452,0.2046767702508353,0.11226015328672682,0.04210734231323787,0.12729384544785394,-0.0843630918323679,0.08498444119772552
2021-06-21,35600.17,35750.0,31251.23,31608.93,168778.873159,95.63,106.3,94.1,106.23,4173.39990234375,4226.240234375,4173.39990234375,4224.7900390625,4128950000,21.739999771118164,21.81999969482422,17.809999465942383,17.889999389648438,-0.1250622542371062,0.0139051635123198,1.0350082617497152,0.1307079708952738,1.0373443477656754,0.1008374811916931,1.074726764187936,0.1269586123452197,1.0623,0.17889999389648437,0.027291738250284858,0.04819202300121056,0.02495565223432461,0.07806251270479127,-0.012426764187935868,0.051941381551264654
2021-06-22,31614.12,33298.78,28805.0,32509.56,204208.179762,106.23,117.76,105.11,107.01,4224.60986328125,4255.83984375,4217.27001953125,4246.43994140625,3828390000,17.90999984741211,18.31999969482422,15.760000228881836,16.65999984741211,0.0280945243199381,0.0051114063789906,1.0531001318218864,0.1345057169166353,1.040403224900404,0.1027653266078169,1.0833990003344804,0.1238362092677259,1.0701,0.1665999984741211,0.01699986817811361,0.03209428155748581,0.029696775099596007,0.0638346718663042,-0.013299000334480393,0.0427637892063952
2021-06-23,32509.56,34881.0,31683.0,33678.07,126966.100563,107.01,107.59,99.01,102.21,4249.27001953125,4256.60009765625,4241.43017578125,4241.83984375,3730350000,16.25,16.84000015258789,14.859999656677246,16.31999969482422,0.0353126837670968,-0.0010838705186495,0.8886768046566443,0.1339568349922848,1.0325396214031124,0.1012632553468302,1.090308416348983,0.1208655529345353,1.0221,0.1631999969482422,0.13342319534335567,0.029243161955957386,-0.010439621403112387,0.06193674160141199,-0.06820841634898289,0.042334444013706896
2021-06-24,33675.07,35298.0,32286.57,34663.09,86625.80426,102.21,103.01,99.21,100.99,4256.97021484375,4271.27978515625,4256.97021484375,4266.490234375,3816660000,15.989999771118164,16.049999237060547,14.1899995803833,15.970000267028809,0.0288285483794497,0.0057944295459168,0.946999537280711,0.1382462654232714,1.0154866797588056,0.0974146565741742,1.0412854974853658,0.1012709348222846,1.0099,0.15970000267028808,0.06290046271928906,0.021453737247016685,-0.005586679758805557,0.062285346096113886,-0.03138549748536579,0.05842906784800349
2021-06-25,34663.08,35500.0,31275.0,31584.45,116061.130356,97.58,105.37,97.11,105.3,4274.4501953125,4286.1201171875,4271.16015625,4280.7001953125,7341450000,16.040000915527344,16.170000076293945,15.210000038146973,15.619999885559082,-0.0930105212036937,0.0033250631646875,1.037107610614865,0.131918570394765,1.015223946743427,0.0978250651289396,1.0664839273204392,0.0964663776470202,1.053,0.15619999885559083,0.015892389385135042,0.024281428460825816,0.03777605325657296,0.05837493372665123,-0.013483927320439237,0.059733621208570634
2021-06-28,34702.49,35297.71,33862.72,34494.89,82222.267819,106.41,107.23,103.85,104.3,4284.89990234375,4292.14013671875,4274.669921875,4290.60986328125,4147890000,16.06999969482422,16.459999084472656,15.390000343322754,15.760000228881836,0.0881462862550976,0.0023122888604717,1.2517732516851532,0.1308881975044388,1.088278405820214,0.09793405396467,1.106772079372823,0.0877028101751136,1.043,0.15760000228881835,-0.20877325168515326,0.02671180478437954,-0.04527840582021403,0.059665948324148343,-0.06377207937282314,0.06989719211370475
2021-06-29,34494.89,36600.0,34225.43,35911.73,90788.79622,104.3,105.03,98.06,98.86,4293.2099609375,4300.52001953125,4287.0400390625,4291.7998046875,3707150000,15.6899995803833,16.309999465942383,14.100000381469728,16.020000457763672,0.0402527859480743,0.0002772977426878,1.238957871298976,0.0780897154858811,0.9827807679354276,0.0971350934964675,1.0529245051407468,0.0871176015350891,0.9886,0.16020000457763672,-0.2503578712989759,0.08211028909175562,0.005819232064572466,0.06306491108116923,-0.06432450514074672,0.07308240304254762
2021-06-30,35911.72,36100.0,34017.55,35045.0,77152.197634,98.86,106.36,98.79,104.51,4290.64990234375,4302.43017578125,4287.9599609375,4297.5,4266040000,16.18000030517578,17.309999465942383,15.579999923706056,15.829999923706056,-0.0244310331208218,0.0013272784229071,0.9161483580742142,0.0396975459998797,0.9847021936591952,0.0958768977344628,1.053879264714371,0.0822598895340501,1.0451000000000001,0.15829999923706056,0.1289516419257859,0.11860245323718085,0.06039780634080494,0.062423101502597764,-0.00877926471437096,0.07604010970301046
2021-07-01,35045.0,35057.57,32711.0,33504.69,71708.266112,103.8,105.94,101.96,102.38,4300.72998046875,4320.66015625,4300.72998046875,4319.93994140625,3788230000,15.619999885559082,16.010000228881836,15.3100004196167,15.479999542236328,-0.0449475209203527,0.0052080414322547,0.9744061749642348,0.0399741759332872,0.9946698803200796,0.0975016787305042,0.963455573481336,0.0819590850694959,1.0238,0.15479999542236328,0.04939382503576528,0.11482581948907608,0.029130119679920408,0.057298316691859086,0.06034442651866401,0.07284091035286738
2021-07-02,33502.33,33977.04,32699.0,33786.55,56172.181378,102.38,103.34,98.72,99.23,4326.60009765625,4355.43017578125,4326.60009765625,4352.33984375,3225840000,15.529999732971191,15.539999961853027,14.25,15.06999969482422,0.0083773652682027,0.0074720958946916,0.9515430073357466,0.0411390452805127,0.9117932656865988,0.1010720592302344,0.9141738440031286,0.0795412923985442,0.9923000000000001,0.1506999969482422,0.04075699266425348,0.1095609516677295,0.08050673431340127,0.0496279377180078,0.07812615599687145,0.07115870454969801
2021-07-06,33690.15,35118.88,33532.0,34220.01,58210.596349,96.39,96.57,94.45,95.74,4356.4599609375,4356.4599609375,4314.3701171875,4343.5400390625,4309570000,15.770000457763672,17.940000534057617,15.729999542236328,16.440000534057617,0.0127477663906346,-0.0020239027700217,0.9361745416029263,0.0500025665540898,0.9182874336193544,0.1010791512873079,0.8848372423721736,0.0799326923152342,0.9573999999999999,0.16440000534057617,0.02122545839707357,0.11439743878648637,0.03911256638064553,0.06332085405326826,0.07256275762782627,0.08446731302534197
2021-07-07,34220.02,35059.09,33777.77,33862.12,53807.521675,95.74,95.82,93.77,94.93,4351.009765625,4361.8798828125,4329.7900390625,4358.1298828125,4037380000,16.43000030517578,17.639999389648438,16.079999923706055,16.200000762939453,-0.0105135751956069,0.0033533465536629,0.6997330431743332,0.0500211006718167,0.9048140667526364,0.0959950706705178,0.8753790808434623,0.0761314848616703,0.9493,0.16200000762939454,0.24956695682566687,0.11197890695757784,0.04448593324736361,0.06600493695887674,0.07392091915653776,0.08586852276772423
2021-07-08,33862.11,33929.64,32077.0,32875.71,70136.48032,95.19,95.84,93.22,94.43,4321.06982421875,4330.8798828125,4289.3701171875,4320.81982421875,4347500000,17.739999771118164,21.290000915527344,17.739999771118164,19.0,-0.0295628982722732,-0.0085978810095563,0.4639244732986882,0.0837562858681909,0.9089322219803952,0.1061144846854287,0.8781403201442448,0.0807965351735318,0.9443,0.19,0.48037552670131184,0.10624371413180911,0.03536777801960478,0.08388551531457131,0.06615967985575522,0.1092034648264682
2021-07-09,32875.71,34100.0,32261.07,33815.81,47153.939899,94.43,95.11,90.64,90.89,4329.3798828125,4371.60009765625,4329.3798828125,4369.5498046875,3531120000,17.8799991607666,18.1299991607666,16.079999923706055,16.18000030517578,0.0281943573837486,0.0112148259024137,0.4156096010395489,0.1032262444795623,0.8908615306397226,0.0890034245864886,0.8795313295642734,0.0860024288248289,0.9089,0.16180000305175782,0.4932903989604511,0.05857375857219552,0.01803846936027742,0.07279657846526921,0.029368670435726663,0.07579757422692891
2021-07-12,34259.0,34678.43,32658.34,33086.63,48181.403762,88.71,91.18,88.19,90.51,4372.41015625,4386.68017578125,4364.02978515625,4384.6298828125,3384460000,16.850000381469727,17.520000457763672,16.139999389648438,16.170000076293945,-0.0217991713167552,0.003445232695594,0.4116780271393609,0.1029416021792096,0.7080668619734883,0.0750384835884522,0.8800496757979448,0.0862132228165089,0.9051,0.16170000076293944,0.4934219728606391,0.058758398583729846,0.19703313802651168,0.08666151717448724,0.02505032420205522,0.07548677794643055
2021-07-13,33086.94,33340.0,32202.25,32729.77,41126.361008,90.51,91.37,89.34,90.81,4381.06982421875,4392.3701171875,4366.919921875,4369.2099609375,3695430000,16.389999389648438,17.229999542236328,15.9399995803833,17.1200008392334,-0.0108442119936659,-0.0035230111811655,0.3257617199969906,0.1078176658487908,0.7008318395679252,0.0784195662829488,0.8533221127551065,0.0873872999989422,0.9081,0.17120000839233399,0.5823382800030095,0.06338234254354319,0.20726816043207485,0.09278044210938519,0.05477788724489352,0.08381270839339179
2021-07-14,32729.12,33114.03,31550.0,32820.02,46777.823484,90.81,91.28,86.64,86.97,4380.10986328125,4393.68017578125,4362.35986328125,4374.2998046875,4006370000,17.34000015258789,17.510000228881836,15.949999809265137,16.329999923706055,0.0027536337500608,0.0011642565654693,0.3189399096242111,0.099781350330061,0.6828475498746538,0.0772573412796569,0.8483606694908743,0.0872264146225066,0.8697,0.16329999923706054,0.550760090375789,0.06351864890699954,0.18685245012534624,0.08604265795740364,0.02133933050912573,0.07607358461455394
2021-07-15,32820.03,33185.25,31133.0,31880.0,51639.576353,86.97,87.05,84.27,85.55,4369.02001953125,4369.02001953125,4340.7001953125,4360.02978515625,3905230000,16.700000762939453,18.09000015258789,16.559999465942383,17.010000228881836,-0.0290598411242663,-0.0032675735627459,0.3245257497311508,0.1014817432637941,0.6765819740878464,0.0786305569169708,0.8473588203081558,0.0882401791995392,0.8554999999999999,0.17010000228881836,0.5309742502688491,0.06861825902502426,0.17891802591215356,0.09146944537184756,0.008141179691844136,0.08185982308927915
2021-07-16,31874.49,32249.18,31020.0,31383.87,48499.864154,85.55,86.32,82.37,82.59,4367.43017578125,4375.08984375,4322.52978515625,4327.16015625,3985700000,16.799999237060547,18.700000762939453,16.030000686645508,18.450000762939453,-0.015684787261425,-0.0075674150068132,0.3262684943581752,0.1096011497640607,0.5517968338831608,0.0869966429010821,0.834800027690323,0.0908042638506493,0.8259000000000001,0.18450000762939453,0.4996315056418249,0.07489885786533383,0.27410316611683927,0.09750336472831243,-0.008900027690322942,0.09369574377874523
2021-07-19,31778.57,31899.0,30407.44,30839.65,47340.468499,83.52,88.52,83.3,88.46,4296.39990234375,4296.39990234375,4233.1298828125,4258.490234375,5157660000,19.61000061035156,25.09000015258789,19.270000457763672,22.5,-0.0174928669273953,-0.0159967813999839,0.3045173168538302,0.1367247086401017,0.3774678367784092,0.1118409881113856,0.8183964726527492,0.1003577654249322,0.8845999999999999,0.225,0.5800826831461697,0.08827529135989831,0.5071321632215907,0.11315901188861441,0.06620352734725077,0.1246422345750678
2021-07-20,30839.65,31063.07,29278.0,29790.35,61034.049017,88.46,92.68,88.1,91.49,4265.10986328125,4336.83984375,4262.0498046875,4323.06005859375,4438270000,20.88999938964844,22.969999313354492,19.3700008392334,19.729999542236328,-0.034616684167991,0.0150488060047999,0.1944573141758257,0.1533072793838975,0.3214307107516628,0.1300082190292856,0.7808892716715822,0.109084775199149,0.9148999999999999,0.1972999954223633,0.7204426858241743,0.0439927160384658,0.5934692892483371,0.06729177639307768,0.13401072832841776,0.08821522022321429
2021-07-21,29790.34,32858.0,29482.61,32144.51,82796.265128,91.49,91.49,86.96,87.86,4331.1298828125,4359.7001953125,4331.1298828125,4358.68994140625,3810280000,19.729999542236328,19.81999969482422,17.809999465942383,17.90999984741211,0.0760571584840489,0.008208041662144,0.5934553921115542,0.1622019021664228,0.4918370931596043,0.1340527081823882,0.8145614581508561,0.1111794490149486,0.8786,0.17909999847412109,0.28514460788844587,0.016898096307698285,0.38676290684039577,0.04504729029173288,0.06403854184914393,0.06792054945917249
2021-07-22,32144.51,32591.35,31708.0,32287.83,46148.092433,87.86,87.86,84.31,84.64,4361.27001953125,4369.8701171875,4350.06005859375,4367.47998046875,3358300000,17.59000015258789,18.450000762939453,17.399999618530273,17.690000534057617,0.0044487049941116,0.0020146392092429,0.5932786193951636,0.1617681922879742,0.459960871003106,0.1327928110586447,0.7390390128667953,0.1108818984253731,0.8464,0.17690000534057618,0.25312138060483647,0.015131813052601972,0.38643912899689403,0.04410719428193147,0.10736098713320474,0.06601810691520307
2021-07-23,32287.58,33650.0,31924.32,33634.09,50112.863626,84.64,84.74,79.9,81.75,4381.2001953125,4415.18017578125,4381.2001953125,4411.7900390625,4540070000,16.979999542236328,17.479999542236328,16.329999923706055,17.200000762939453,0.0408497569173238,0.0100943323862544,0.6474979033489021,0.1730768364024712,0.4943859366666912,0.1357860602513095,0.7493483529201334,0.1134705645461262,0.8175,0.17200000762939452,0.1700020966510979,-0.001076828773076688,0.32311406333330883,0.03621394737808503,0.06815164707986665,0.05852944308326832
2021-07-26,35381.02,40550.0,35205.78,37237.6,152452.512724,83.9,91.63,83.9,87.68,4409.580078125,4422.72998046875,4405.4501953125,4422.2998046875,4275630000,18.670000076293945,19.38999938964844,17.530000686645508,17.579999923706055,0.1017788675400285,0.0023793669227295,0.8232129454408296,0.1702213592797756,0.6574277292568359,0.1351884556523993,0.8068298731777915,0.1134979196917305,0.8768,0.17579999923706055,0.053587054559170455,0.005578639957284942,0.21937227074316412,0.040611543584661264,0.06997012682220849,0.062302079545330055
2021-07-27,37241.33,39542.61,36383.0,39457.87,88397.267015,87.68,91.84,84.94,91.84,4416.3798828125,4416.3798828125,4372.509765625,4401.4599609375,4241950000,18.6200008392334,20.440000534057617,18.25,19.36000061035156,0.0579145169242299,-0.004723583382178,0.7990760860094154,0.1642400635115632,0.6874512369151414,0.1371206155019519,0.7884783980050544,0.1148367843715804,0.9184,0.19360000610351558,0.11932391399058462,0.029359942591952376,0.23094876308485857,0.05647939060156368,0.12992160199494562,0.07876322173193517
2021-07-28,39456.61,40900.0,38772.0,40019.56,101344.528441,91.84,96.55,91.84,95.68,4402.9501953125,4415.47021484375,4387.009765625,4400.64013671875,4215290000,19.40999984741211,19.6200008392334,17.520000457763672,18.309999465942383,0.0141348141674527,-0.0001862792315527,0.7356426645077222,0.1072319805010483,0.6620951777807704,0.1305424734708924,0.7892364435940382,0.1145242109507703,0.9568000000000001,0.18309999465942384,0.2211573354922779,0.07586801415837553,0.29470482221922967,0.052557521188531436,0.16756355640596188,0.06857578370865354
2021-07-29,40019.57,40640.0,39200.0,40016.48,53998.439283,95.68,95.76,91.62,93.24,4403.58984375,4429.97021484375,4403.58984375,4419.14990234375,4044600000,17.90999984741211,18.010000228881836,17.190000534057617,17.700000762939453,-7.696532715802908e-05,0.0041973318452726,0.6129308411956231,0.0793489384900535,0.6612478105791422,0.1234193393963779,0.7772953378356214,0.1130934702181324,0.9323999999999999,0.17700000762939452,0.31946915880437676,0.09765106913934102,0.2711521894208577,0.05358066823301662,0.15510466216437846,0.06390653741126212
2021-07-30,40018.49,42316.71,38313.23,42206.37,73602.784805,93.24,94.19,86.32,93.49,4395.1201171875,4412.25,4389.64990234375,4395.259765625,3956740000,19.690000534057617,19.719999313354492,17.530000686645508,18.239999771118164,0.053279788252541,-0.0054207136082611,0.5740229345920074,0.0847446644964387,0.6635174884755736,0.125459687970436,0.7911667362739948,0.1147486602101344,0.9349,0.18239999771118165,0.3608770654079926,0.09765533321474294,0.2713825115244264,0.056940309740745654,0.14373326372600514,0.06765133750104725
2021-08-02,39850.27,40480.01,38690.0,39147.82,50837.351954,89.3,91.09,88.07,88.52,4406.85986328125,4422.18017578125,4384.81005859375,4387.16015625,3724090000,18.15999984741211,19.8700008392334,17.989999771118164,19.459999084472656,-0.0752264199008169,-0.0018445056700603,0.8880515644484375,0.0863229196197068,0.7650734811998072,0.1247009754496089,0.8018621353278881,0.1066660814126916,0.8852,0.19459999084472657,-0.0028515644484374825,0.10827707122501977,0.12012651880019276,0.06989901539511767,0.0833378646721119,0.08793390943203497
2021-08-03,39146.86,39780.0,37642.03,38207.05,57117.435853,88.52,91.4,88.35,89.04,4392.740234375,4423.7900390625,4373.0,4423.14990234375,3965190000,19.170000076293945,20.440000534057617,17.700000762939453,18.040000915527344,-0.0243246840587875,0.008169961338918,0.9319809525106728,0.0778271420862212,0.7804305707050422,0.129114097177888,0.7099923777370047,0.102173709575935,0.8904000000000001,0.18040000915527343,-0.04158095251067273,0.10257286706905223,0.1099694292949579,0.05128591197738544,0.18040762226299534,0.07822629957933844
2021-08-04,38207.04,39969.66,37508.56,39723.18,52329.35243,89.04,92.15,88.9,91.94,4415.9501953125,4416.169921875,4400.22998046875,4402.66015625,4260760000,18.229999542236328,18.899999618530273,17.670000076293945,17.969999313354492,0.0389148428370904,-0.0046431506612954,0.7546998935617498,0.0815203675864741,0.7661926314735608,0.1300810300799481,0.713559708567856,0.1031091316051737,0.9194,0.17969999313354493,0.16470010643825017,0.09817962554707083,0.15320736852643924,0.04961896305359684,0.205840291432144,0.07659086152837123
2021-08-05,39723.17,41350.0,37332.7,40862.46,84343.755621,91.94,96.61,91.45,96.09,4408.85986328125,4429.759765625,4408.85986328125,4429.10009765625,3769410000,17.729999542236328,17.84000015258789,17.229999542236328,17.280000686645508,0.0282768967619541,0.0059874859904191,0.6928152579772527,0.0842489499685232,0.7538756453748623,0.1260408720812998,0.7113945161178888,0.1037801818399653,0.9609000000000001,0.17280000686645508,0.26808474202274735,0.08855105689793188,0.2070243546251378,0.04675913478515528,0.24950548388211125,0.06901982502648978
2021-08-06,40862.46,43392.43,39853.86,42836.87,75753.941347,96.09,96.09,90.97,93.62,4429.06982421875,4440.81982421875,4429.06982421875,4436.52001953125,3451870000,17.459999084472656,17.5,16.139999389648438,16.149999618530273,0.0471873871947704,0.0016738645485288,0.7380329652825588,0.0839857547860376,0.7433003706593989,0.0969967621360049,0.7183696659833778,0.1029617243210817,0.9362,0.16149999618530272,0.19816703471744124,0.07751424139926512,0.19289962934060112,0.06450323404929782,0.21783033401662222,0.05853827186422103
2021-08-09,43794.36,46454.15,42779.0,46253.4,74587.884845,95.99,107.37,95.78,106.97,4437.77001953125,4439.39013671875,4424.740234375,4432.35009765625,3449280000,17.1200008392334,17.389999389648438,16.59000015258789,16.719999313354492,0.076735794417969,-0.0009403502649549,0.8330039703705601,0.081811153606463,0.7245105388679294,0.0805914548272292,0.6803550989096834,0.1029758271933957,1.0697,0.16719999313354492,0.23669602962944003,0.08538883952708191,0.3451894611320707,0.08660853830631572,0.3893449010903167,0.06422416594014922
2021-08-10,46248.87,46700.0,44589.46,45584.99,53814.643421,106.97,108.01,103.35,103.35,4435.7900390625,4445.2099609375,4430.02978515625,4436.75,3886610000,16.81999969482422,17.049999237060547,16.34000015258789,16.790000915527344,-0.0145564791035267,0.0009921869538634,0.8208930348199195,0.0708801868076365,0.7182735472304576,0.0750658367252913,0.6456382229928269,0.1029185759264217,1.0334999999999999,0.16790000915527345,0.21260696518008038,0.09701982234763695,0.3152264527695423,0.09283417242998215,0.38786177700717295,0.06498143322885175
2021-08-11,45585.0,46743.47,45341.14,45511.0,52734.901977,103.35,103.64,100.33,100.53,4442.18017578125,4449.43994140625,4436.419921875,4442.41015625,3532560000,16.809999465942383,17.09000015258789,16.06999969482422,16.170000076293945,-0.0016244406865866,0.0012749307180154,0.5794647425858891,0.0673742404658133,0.7220861845505528,0.0749887586037124,0.6395676764833034,0.1028885043746503,1.0053,0.16170000076293944,0.425835257414111,0.09432576029712614,0.28321381544944724,0.08671124215922704,0.3657323235166967,0.05881149638828914
2021-08-12,45510.67,46218.12,43770.0,44399.0,55266.108781,100.52,101.79,97.55,98.06,4446.080078125,4461.77001953125,4435.9599609375,4460.830078125,3375310000,16.329999923706055,16.420000076293945,15.489999771118164,15.59000015258789,-0.0247371083178277,0.0041378077354786,0.5808386919381231,0.0544330582368342,0.7465336093697089,0.0648958287767016,0.6397027131066677,0.103252460461237,0.9806,0.1559000015258789,0.39976130806187693,0.10146694328904471,0.2340663906302911,0.09100417274917731,0.3408972868933323,0.05264754106464191
2021-08-13,44400.06,47886.0,44217.39,47800.0,48239.370431,98.06,100.95,93.79,100.3,4464.83984375,4468.3701171875,4460.81982421875,4468.0,3016470000,15.68000030517578,15.720000267028809,15.1899995803833,15.449999809265137,0.0738086928353895,0.0016060163209228,0.6575543850051179,0.0359913943243682,0.6946473152213613,0.0646109050451911,0.6470252285055561,0.1025761497067917,1.003,0.15449999809265136,0.345445614994882,0.11850860376828315,0.30835268477863864,0.08988909304746026,0.3559747714944438,0.05192384838585966
2021-08-16,46973.82,48053.83,45660.0,45901.29,52480.574014,98.69,99.38,97.61,98.3,4461.64990234375,4480.259765625,4437.66015625,4479.7099609375,3370640000,17.049999237060547,17.709999084472656,16.020000457763672,16.1200008392334,-0.0405324182506735,0.0026174222619943,0.7695579216984462,0.0245976775938849,0.7099435467528541,0.0599269355904029,0.6645924496335199,0.1009167184270241,0.983,0.16120000839233398,0.21344207830155382,0.13660233079844908,0.2730564532471459,0.10127307280193107,0.31840755036648005,0.06028328996530988
2021-08-17,45901.3,47160.0,44376.0,44695.95,57039.341629,98.3,98.54,95.22,96.68,4462.1201171875,4462.1201171875,4417.830078125,4448.080078125,3836960000,17.309999465942383,19.559999465942383,16.709999084472656,17.90999984741211,-0.026610327758852,-0.0070857435071379,0.7737827499124538,0.0577063078585862,0.7270775124888331,0.0695312991958133,0.6730247574786702,0.1032571533271382,0.9668000000000001,0.17909999847412109,0.19301725008754633,0.12139369061553489,0.23972248751116698,0.10956869927830779,0.2937752425213299,0.07584284514698289
2021-08-18,44695.95,46000.0,44203.28,44705.29,54099.415985,96.67,97.81,94.16,95.81,4440.93994140625,4454.31982421875,4397.58984375,4400.27001953125,3755590000,17.559999465942383,21.63999938964844,17.309999465942383,21.56999969482422,0.000208945648494,-0.0108066528452543,0.5960747540452448,0.0890046644256861,0.72701776262137,0.0830103099889087,0.6710513567553703,0.1082411649686891,0.9581000000000001,0.21569999694824218,0.36202524595475527,0.1266953325225561,0.2310822373786301,0.13268968695933347,0.28704864324462975,0.10745883197955308
2021-08-19,44699.37,47033.0,43927.7,46760.62,53411.75392,95.81,96.27,93.15,94.5,4382.43994140625,4418.60986328125,4367.72998046875,4405.7998046875,4398410000,23.1200008392334,24.739999771118164,20.3700008392334,21.670000076293945,0.0449495565754806,0.0012559032561569,0.6590360934295462,0.0892709402573028,0.7177414686758843,0.0798067933640261,0.668336105299826,0.1049020012301318,0.945,0.21670000076293947,0.2859639065704538,0.12742906050563668,0.22725853132411566,0.13689320739891336,0.27666389470017394,0.11179799953280767
2021-08-20,46760.62,49382.99,46622.99,49322.47,56850.352228,94.5,95.39,91.5,93.06,4410.56005859375,4444.35009765625,4406.7998046875,4441.669921875,3652610000,22.739999771118164,23.899999618530273,18.18000030517578,18.559999465942383,0.0533383624332684,0.0081086038907417,0.7202689316617892,0.1046726758577783,0.63343165775111,0.085875018622793,0.6776227253674288,0.102543184526519,0.9306,0.18559999465942384,0.2103310683382108,0.08092731880164554,0.29716834224889,0.09972497603663084,0.25297727463257114,0.08305681013290483
2021-08-23,49239.22,50500.0,49029.0,49488.85,52462.541954,94.83,95.28,92.94,93.64,4450.2900390625,4489.8798828125,4450.2900390625,4479.52978515625,3576530000,18.829999923706055,18.950000762939453,16.950000762939453,17.149999618530273,0.0033676335311037,0.0084876679844121,0.6794846880447827,0.1147089366770918,0.6092673933739875,0.0864066145191694,0.670414260564807,0.1047987778330546,0.9364,0.17149999618530273,0.25691531195521733,0.056791059508210937,0.3271326066260125,0.08509338166613334,0.265985739435193,0.06670121835224814
2021-08-24,49488.85,49860.0,47600.0,47674.01,51014.594748,93.64,93.72,90.98,92.85,4484.39990234375,4492.81005859375,4482.27978515625,4486.22998046875,3979220000,16.959999084472656,17.510000228881836,16.940000534057617,17.219999313354492,-0.0373610060057764,0.001494618801962,0.6017905788759185,0.1146697465291295,0.6445955172894564,0.0826078200279263,0.6830402219347902,0.1040423386663245,0.9285,0.17219999313354492,0.3267094211240815,0.05753024660441543,0.2839044827105436,0.08959217310561862,0.2454597780652098,0.06815765446722043
2021-08-25,47674.01,49264.3,47126.28,48973.32,44655.830342,92.85,93.78,90.22,93.62,4490.4501953125,4501.7099609375,4485.66015625,4496.18994140625,3444700000,17.420000076293945,17.5,16.459999084472656,16.790000915527344,0.0268892743558539,0.0022176574032508,0.5462413996400907,0.1143964315691643,0.6439859646927691,0.0800067000428544,0.6836180018118059,0.1041120295953511,0.9362,0.16790000915527345,0.38995860035990937,0.053503577586109144,0.2922140353072309,0.08789330911241905,0.25258199818819416,0.06378797955992235
2021-08-26,48973.32,49352.84,46250.0,46843.87,49371.277774,93.62,94.46,88.82,93.87,4493.75,4495.89990234375,4468.990234375,4470.0,3263980000,17.459999084472656,19.270000457763672,17.15999984741211,18.84000015258789,-0.0444555030189138,-0.0058419498276026,0.6029969032305613,0.1111175952634984,0.6664733285796618,0.0851058956996414,0.6933034538990256,0.1052718745303361,0.9387000000000001,0.1884000015258789,0.33570309676943877,0.0772824062623805,0.2722266714203383,0.1032941058262375,0.2453965461009745,0.08312812699554281
2021-08-27,46843.86,49149.93,46348.0,49069.9,42068.104965,93.87,94.35,87.96,90.92,4474.10009765625,4513.330078125,4474.10009765625,4509.3701171875,3331200000,17.950000762939453,18.219999313354492,16.110000610351562,16.389999389648438,0.0464256551873065,0.0087690715404522,0.6444225609183636,0.0849578190723303,0.6148631603145865,0.0915631351822507,0.6944757907301222,0.1045930607130809,0.9092,0.16389999389648438,0.2647774390816364,0.07894217482415408,0.29433683968541346,0.07233685871423368,0.21472420926987779,0.05930693318340348
2021-08-30,48767.84,48888.61,46853.0,46982.91,40288.35083,90.6,92.09,89.26,92.08,4513.759765625,4537.35986328125,4513.759765625,4528.7900390625,3168660000,16.770000457763672,16.799999237060547,15.979999542236328,16.190000534057617,-0.0434618936306187,0.0042973241068746,0.6794757932775769,0.083533387744771,0.6435373140288416,0.0924656513345625,0.7089290852071662,0.090952275731007,0.9208,0.16190000534057616,0.24132420672242305,0.07836661759580517,0.27726268597115833,0.06943435400601367,0.2118709147928337,0.07094772960956916
2021-08-31,46982.91,48246.11,46700.0,47100.89,48645.52737,92.08,92.36,90.89,91.08,4529.75,4531.39013671875,4515.7998046875,4522.68017578125,4290710000,15.979999542236328,17.06999969482422,15.90999984741211,16.479999542236328,0.0025079782457921,-0.0013500269158932,0.5743280743807101,0.0829529784590593,0.6433053289715639,0.0932385739025791,0.6948158020894722,0.0826255104969302,0.9107999999999999,0.1647999954223633,0.33647192561928985,0.08184701696330399,0.26749467102843605,0.07156142151978419,0.2159841979105277,0.08217448492543308
2021-09-01,47100.89,49156.0,46512.0,48810.52,49904.65528,91.08,94.08,90.96,93.65,4528.7998046875,4537.10986328125,4522.02001953125,4524.08984375,4057340000,16.059999465942383,16.709999084472656,15.68000030517578,16.110000610351562,0.0356539665870315,0.0003116400609533,0.6279878132310229,0.0723312359896817,0.6448482719298576,0.0923736615010368,0.6736452915269571,0.0801923706254155,0.9365000000000001,0.16110000610351563,0.3085121867689772,0.08876877011383393,0.2916517280701425,0.06872634460247883,0.26285470847304304,0.08090763547810013
2021-09-02,48810.51,50450.13,48584.06,49246.64,54410.770538,93.65,97.1,92.82,92.82,4534.47998046875,4545.85009765625,4524.66015625,4536.9501953125,3735990000,16.270000457763672,16.979999542236328,15.729999542236328,16.40999984741211,0.0088952785436187,0.0028386057544042,0.5778317491120231,0.0728418188924079,0.5682914473319569,0.0926764337917339,0.673224976510035,0.0802968905429476,0.9281999999999999,0.1640999984741211,0.35036825088797685,0.0912581795817132,0.359908552668043,0.0714235646823872,0.2549750234899649,0.0838031079311735
2021-09-03,49246.63,51000.0,48316.84,49999.14,59025.644157,92.82,92.98,89.6,90.15,4532.419921875,4541.4501953125,4521.2998046875,4535.43017578125,3217530000,16.270000457763672,17.059999465942383,16.079999923706055,16.40999984741211,0.0151646633396987,-0.0003350872611813,0.5629584260015941,0.0735484643224833,0.5354180263832257,0.0925820553021812,0.6684460423985767,0.0759053990451547,0.9015000000000001,0.1640999984741211,0.338541573998406,0.0905515341516378,0.3660819736167744,0.07151794317193991,0.23305395760142333,0.0881945994289664
2021-09-07,52666.2,52920.0,42843.05,46863.73,123048.802719,92.86,97.38,90.7,95.16,4535.3798828125,4535.3798828125,4513.0,4520.02978515625,3822960000,16.940000534057617,18.38999938964844,16.889999389648438,18.13999938964844,-0.0647617765634405,-0.0034013524523203,0.6423760386610298,0.0645883802380181,0.601053969369139,0.0876214736276467,0.650742940778066,0.0767844181625077,0.9516,0.18139999389648442,0.30922396133897023,0.11681161365846632,0.350546030630861,0.09377852026883772,0.30085705922193395,0.10461557573397673
2021-09-08,46868.57,47340.99,44412.02,46048.31,65069.3152,95.16,95.75,90.89,92.31,4518.08984375,4521.7900390625,4493.9501953125,4514.06982421875,3750880000,18.969999313354492,19.63999938964844,17.780000686645508,17.959999084472656,-0.0175529659288582,-0.0013194368138166,0.5575203605753435,0.041855629334402,0.6075609221367425,0.0700090733119001,0.6367104894264234,0.0753035585749148,0.9231,0.17959999084472655,0.36557963942465654,0.13774436151032454,0.3155390778632575,0.10959091753282646,0.28638951057357664,0.10429643226981175
2021-09-09,46048.31,47399.97,45513.08,46395.14,50651.66002,92.31,92.68,90.8,91.95,4513.02001953125,4529.89990234375,4492.06982421875,4493.27978515625,3735390000,19.440000534057617,19.540000915527344,17.170000076293945,18.799999237060547,0.0075036495792122,-0.0046162471500025,0.5070924376216107,0.0388071904376767,0.5763537617332125,0.0751747055934628,0.6361870765889318,0.0769067423797824,0.9195,0.18799999237060547,0.41240756237838927,0.14919280193292878,0.3431462382667875,0.11282528677714267,0.2833129234110682,0.11109324999082307
2021-09-10,46395.14,47033.0,44132.29,44850.91,49048.26618,91.95,92.11,89.09,90.57,4506.919921875,4520.47021484375,4457.66015625,4458.580078125,3623180000,17.940000534057617,21.1299991607666,16.989999771118164,20.950000762939453,-0.0338508342130965,-0.0077525522862761,0.5399823670387587,0.0557044160007276,0.5355622072182277,0.0778267658223447,0.6459513453519107,0.0799167027803792,0.9057,0.20950000762939452,0.36571763296124127,0.15379559162866693,0.3701377927817723,0.1316732418070498,0.25974865464808927,0.1295833048490153
2021-09-13,46025.23,46880.0,43370.0,44940.73,65429.15056,92.13,93.55,91.46,92.14,4474.81005859375,4492.990234375,4445.7001953125,4468.72998046875,3914220000,19.63999938964844,21.18000030517578,18.760000228881836,19.3700008392334,0.0020006323519413,0.0022739003463696,0.4602129823765096,0.0602419129407281,0.5350909039870587,0.0690846149275558,0.6286865104150978,0.0782273997890685,0.9214,0.19370000839233398,0.4611870176234904,0.13345809545160586,0.3863090960129413,0.12461539346477818,0.2927134895849022,0.11547260860326548
2021-09-14,44940.72,47250.0,44594.44,47111.52,44855.85099,92.14,92.38,90.53,90.9,4479.330078125,4485.68017578125,4435.4599609375,4443.0498046875,3670460000,19.579999923706055,20.469999313354492,18.38999938964844,19.459999084472656,0.0471730465973742,-0.0057632139662586,0.5754003507069139,0.0545054812125983,0.5613143236527192,0.0724691866913333,0.5971752754920774,0.080073537858428,0.909,0.19459999084472657,0.33359964929308616,0.14009450963212827,0.34768567634728087,0.12213080415339327,0.31182472450792265,0.11452645298629857
2021-09-15,47103.28,48500.0,46682.32,48121.41,43204.71174,90.9,91.03,89.48,90.32,4447.490234375,4486.8701171875,4438.3701171875,4480.7001953125,4032020000,19.299999237060547,20.270000457763672,18.010000228881836,18.18000030517578,0.0212096353194695,0.0084382942220797,0.5859322139090175,0.0877310500438075,0.5563693499150885,0.0815460331643492,0.5915239721643848,0.08030260651439,0.9031999999999999,0.1818000030517578,0.3172677860909824,0.0940689530079503,0.34683065008491143,0.1002539698874086,0.3116760278356151,0.1014973965373678
2021-09-16,48121.4,48557.0,47021.1,47737.82,40725.08895,90.32,90.61,84.03,84.17,4477.08984375,4485.8701171875,4443.7998046875,4473.75,3984560000,18.40999984741211,19.760000228881836,17.649999618530273,18.690000534057617,-0.008003236568181,-0.0015523447127638,0.4202350748429685,0.0869534661726867,0.5219295074360816,0.0777844403026628,0.5856030379765698,0.0790961186209654,0.8417,0.18690000534057616,0.4214649251570315,0.09994653916788945,0.31977049256391843,0.10911556503791336,0.25609696202343024,0.10780388671961076
2021-09-17,47737.81,48150.0,46699.56,47299.98,34461.92776,84.17,84.22,81.2,82.35,4469.740234375,4471.52001953125,4427.759765625,4432.990234375,7289530000,18.3700008392334,21.510000228881836,18.350000381469727,20.809999465942383,-0.0092140831898283,-0.0091526302757993,0.4061482082547675,0.0983392452379911,0.4805225329755807,0.0760300359547562,0.5833567786776448,0.0821383329483404,0.8234999999999999,0.20809999465942383,0.4173517917452324,0.10976074942143273,0.3429774670244192,0.13206995870466764,0.2401432213223551,0.12596166171108342
2021-09-20,47241.75,47347.25,42500.0,43015.62,78003.524443,85.72,92.4,85.08,91.76,4402.9501953125,4402.9501953125,4305.91015625,4357.72998046875,4898070000,24.25,28.790000915527344,23.899999618530273,25.709999084472656,-0.0949465671187207,-0.0171230777263818,0.714989598517059,0.1320274964157834,0.60010607656898,0.0972497317010873,0.636778424692551,0.0957986508603864,0.9176000000000001,0.25709999084472657,0.20261040148294107,0.12507249442894317,0.3174939234310201,0.15985025914363926,0.2808215753074491,0.16130133998434015
2021-09-21,43016.64,43639.0,39600.0,40734.38,84534.080485,91.24,96.41,91.15,96.26,4374.4501953125,4394.8701171875,4347.9599609375,4354.18994140625,3920920000,23.40999984741211,25.600000381469727,21.709999084472656,24.36000061035156,-0.054490852225822,-0.0008126886585469,0.752664180568282,0.1311361649091201,0.631775096207314,0.0974262657458992,0.612739022435633,0.0957953928488748,0.9626,0.2436000061035156,0.20993581943171802,0.11246384119439548,0.33082490379268603,0.14617374035761638,0.34986097756436696,0.14780461325464078
2021-09-22,40734.09,44000.55,40565.39,43543.61,58349.05542,96.26,96.8,88.51,88.73,4367.43017578125,4416.75,4367.43017578125,4395.64013671875,3939170000,22.719999313354492,23.399999618530273,20.75,20.8700008392334,0.0666905113136797,0.00947458522422,0.8959688846313272,0.1499527838794638,0.6869213235097335,0.1098964167571472,0.6452322182749421,0.1000741648652641,0.8873000000000001,0.208700008392334,-0.00866888463132709,0.05874722451287018,0.20037867649026664,0.09880359163518679,0.24206778172505794,0.10862584352706989
2021-09-23,43546.37,44978.0,43069.09,44865.26,48699.57655,88.73,89.48,83.29,83.84,4406.75,4465.39990234375,4406.75,4448.97998046875,3916350000,19.90999984741211,20.209999084472656,18.420000076293945,18.6299991607666,0.0299008112625428,0.0120616803699359,0.8593674806328359,0.169771067586292,0.7026300914531969,0.1239316643418811,0.6516284207289608,0.106251535574763,0.8384,0.18629999160766603,-0.020967480632835822,0.016528924021374014,0.13576990854680315,0.06236832726578492,0.18677157927103927,0.08004845603290303
2021-09-24,44865.26,45200.0,40675.0,42810.57,84113.426292,83.84,91.7,79.91,86.92,4438.0400390625,4463.1201171875,4430.27001953125,4455.47998046875,3384290000,19.329999923706055,20.40999984741211,17.6299991607666,17.75,-0.0468787411821704,0.0014599428113642,0.8626621900650551,0.1604389089257665,0.7144873815959943,0.1244631133780071,0.6618711433572007,0.1056378063377968,0.8692,0.1775,0.006537809934944905,0.01706109107423348,0.15471261840400563,0.05303688662199289,0.20732885664279932,0.07186219366220319
2021-09-27,43160.9,44350.0,42098.0,42147.35,39776.84383,89.12,89.55,86.0,89.25,4442.1201171875,4457.2998046875,4436.18994140625,4443.10986328125,4058650000,17.780000686645508,19.31999969482422,17.739999771118164,18.760000228881836,-0.0156132229427885,-0.0027802439201876,0.8606437842480176,0.1608473354397076,0.6720850776111049,0.1242847401934568,0.6234175394005429,0.1058086942342514,0.8925,0.18760000228881835,0.031856215751982386,0.026752666849110734,0.22041492238889504,0.06331526209536155,0.26908246059945706,0.08179130805456694
2021-09-28,42147.35,42787.38,40888.0,41026.54,43372.2624,89.25,93.27,87.76,92.27,4419.5400390625,4419.5400390625,4346.330078125,4352.6298828125,4416550000,19.739999771118164,24.81999969482422,19.709999084472656,23.25,-0.0269526374133869,-0.020574317739894,0.8597977611279904,0.1959784135578236,0.6759617539420351,0.1489629253022621,0.617756111291536,0.120761974424541,0.9227,0.2325,0.06290223887200952,0.0365215864421764,0.2467382460579649,0.08353707469773791,0.304943888708464,0.11173802557545902
2021-09-29,41025.01,42590.0,40753.88,41524.28,33511.53487,92.27,92.83,90.23,91.77,4362.41015625,4385.56982421875,4355.080078125,4359.4599609375,3712660000,22.06999969482422,23.790000915527344,21.450000762939453,22.559999465942383,0.012059142038448,0.0015679543362838,0.693358421592839,0.1679389984582122,0.6782918116193662,0.1496504809495698,0.6154795298836793,0.1195454222444691,0.9177,0.22559999465942382,0.22434157840716096,0.05766099620121162,0.2394081883806337,0.07594951370985403,0.3022204701163207,0.10605457241495472
2021-09-30,41524.29,44141.37,41410.17,43824.1,46381.22781,91.77,92.74,89.42,90.97,4370.669921875,4382.5498046875,4306.240234375,4307.5400390625,4448140000,21.479999542236328,24.709999084472656,20.600000381469727,23.13999938964844,0.0539055779762114,-0.0119812029450149,0.673409116228872,0.1830563191158219,0.7144836346184925,0.1537336876658866,0.6368042230822739,0.1204557925149898,0.9097,0.2313999938964844,0.23629088377112795,0.04834367478066251,0.19521636538150744,0.07766630623059781,0.27289577691772604,0.1109442013814946
2021-10-01,43820.01,48495.0,43283.03,48141.61,66244.87492,90.97,91.54,82.64,85.84,4317.16015625,4375.18994140625,4288.52001953125,4357.0400390625,4010370000,24.780000686645508,24.88999938964844,20.850000381469727,21.100000381469727,0.0939629815441862,0.0114259521133341,0.7804546726674383,0.1882868955410898,0.8220371647865626,0.1637742129982553,0.6815814310989934,0.1254028430080843,0.8584,0.21100000381469727,0.07794532733256176,0.02271310827360748,0.03636283521343742,0.04722579081644199,0.17681856890100667,0.08559716080661298
2021-10-04,48200.01,49536.12,46891.0,49224.94,46796.49372,85.56,89.94,85.18,89.62,4348.83984375,4355.509765625,4278.93994140625,4300.4599609375,4307870000,22.899999618530273,24.579999923706055,21.8799991607666,22.959999084472656,0.0222535297146109,-0.0130709520486437,0.7753833528989404,0.1733992749409263,0.8038011648892485,0.1700112772700978,0.6666174855636922,0.1279557770833673,0.8962,0.22959999084472657,0.12081664710105955,0.05620071590380027,0.09239883511075153,0.05958871357462878,0.22958251443630784,0.10164421376135926
2021-10-05,49224.93,51886.3,49022.4,51471.99,52125.66793,89.62,92.81,88.5,92.68,4309.8701171875,4369.22998046875,4309.8701171875,4345.72021484375,3902890000,22.920000076293945,23.170000076293945,20.6200008392334,21.299999237060547,0.0446373705846586,0.0104695174986015,0.6637094985654075,0.1943327505649663,0.8199957189151684,0.1727023065477685,0.6790790826261546,0.1293642514633171,0.9268000000000001,0.21299999237060546,0.26309050143459256,0.018667241805639168,0.10680428108483164,0.040297685822836965,0.2477209173738455,0.08363574090728837
2021-10-06,51471.99,55750.0,50382.41,55315.0,79877.545181,92.68,92.7,88.61,89.38,4319.56982421875,4365.56982421875,4290.490234375,4363.5498046875,4009630000,22.950000762939453,24.399999618530273,20.989999771118164,21.0,0.072006343270608,0.0040943993496248,0.6389407921551706,0.1997969248617647,0.8648014704665451,0.1747526722741757,0.6986559429278242,0.1300195703503835,0.8937999999999999,0.21,0.2548592078448293,0.01020307513823529,0.02899852953345483,0.035247327725824285,0.19514405707217575,0.07998042964961649
2021-10-07,55315.0,55332.31,53357.0,53785.22,54917.37766,89.38,90.46,87.07,88.13,4383.72998046875,4429.97021484375,4383.72998046875,4399.759765625,3843740000,20.540000915527344,20.760000228881836,19.06999969482422,19.540000915527344,-0.0280454112515052,0.0082640392250654,0.6436827854624283,0.1620845565714444,0.8767406690931303,0.1761289652612799,0.7018039720557262,0.1324474889287459,0.8813,0.19540000915527345,0.23761721453757167,0.033315452583829036,0.004559330906869663,0.019271043893993534,0.17949602794427377,0.06295252022652756
2021-10-08,53785.22,56100.0,53617.61,53951.43,46160.25785,88.13,89.01,85.71,88.19,4406.509765625,4412.02001953125,4386.22021484375,4391.33984375,3280160000,19.459999084472656,19.940000534057617,18.200000762939453,18.770000457763672,0.0030854891415925,-0.0019155566024214,0.6612828716521277,0.1634002690342586,0.7388650004133931,0.1593914511257863,0.6871698193669273,0.131614998127939,0.8819,0.18770000457763672,0.22061712834787228,0.02429973554337811,0.14303499958660693,0.028308553451850432,0.19473018063307268,0.056085006449697716
2021-10-11,54659.01,57839.04,54415.06,57471.35,52933.165751,89.23,90.89,89.19,90.49,4385.43994140625,4415.8798828125,4360.58984375,4361.18994140625,3281970000,19.93000030517578,20.450000762939453,18.11000061035156,20.0,0.063202365383582,-0.0068894416443398,0.6732722872847868,0.1485373168144323,0.6875968146492636,0.1624532928924704,0.6976602991849107,0.1297485355985729,0.9048999999999999,0.2,0.2316277127152131,0.05146268318556771,0.21730318535073634,0.03754670710752961,0.20723970081508925,0.0702514644014271
2021-10-12,57471.35,57680.0,53879.0,55996.93,53471.2855,90.49,94.07,89.74,93.37,4368.31005859375,4374.89013671875,4342.08984375,4350.64990234375,3558450000,20.6200008392334,20.809999465942383,18.969999313354492,19.850000381469727,-0.0259896949567152,-0.0024197056865549,0.6440087979215728,0.1331630640305372,0.6900128469400809,0.1569123262847086,0.6888375382156926,0.1287711272998345,0.9337000000000001,0.19850000381469726,0.28969120207842725,0.06533693978416005,0.24368715305991917,0.041587677529988654,0.24486246178430748,0.06972887651486276
2021-10-13,55996.91,57777.0,54167.19,57367.0,55808.44492,93.37,95.01,91.43,95.0,4358.009765625,4372.8701171875,4329.919921875,4363.7998046875,3620070000,20.13999938964844,20.229999542236328,18.440000534057617,18.63999938964844,0.0241723573039213,0.0030179558702319,0.6441943562080623,0.0983335928637221,0.6885186881592966,0.1469931339672595,0.6907830202314019,0.1293882905532254,0.95,0.1863999938964844,0.30580564379193764,0.0880664010327623,0.26148131184070333,0.03940685992922491,0.25921697976859803,0.057011703343259
2021-10-14,57370.83,58532.54,56818.05,57347.94,43053.336781,95.0,98.29,91.45,97.87,4386.75,4439.72998046875,4386.75,4438.259765625,3598280000,18.010000228881836,18.079999923706055,16.799999237060547,16.860000610351562,-0.0003323019682596,0.0169191622857115,0.6338564902020616,0.1253294600059369,0.6299019918486699,0.16616663959355,0.6854715869258503,0.1396142499785343,0.9787,0.16860000610351564,0.34484350979793843,0.043270546097578744,0.3487980081513301,0.0024333665099656454,0.2932284130741497,0.028985756124981332
2021-10-15,57347.94,62933.0,56850.0,61672.42,82512.908022,97.87,104.26,90.46,90.71,4447.68994140625,4475.81982421875,4447.68994140625,4471.3701171875,3819380000,16.639999389648438,16.850000381469727,15.720000267028809,16.299999237060547,0.0726999062161001,0.00743252063719,0.6364642352333962,0.1281118935511307,0.6420341199820911,0.1688119307942036,0.7127227366565192,0.141233916795727,0.9070999999999999,0.16299999237060547,0.27063576476660367,0.03488809881947477,0.26506588001790876,-0.0058119384235981175,0.1943772633434807,0.021766075574878474
2021-10-18,61528.32,62695.78,59844.45,62009.84,51798.44844,89.66,92.4,89.48,92.4,4463.72021484375,4488.75,4447.47021484375,4486.4599609375,3662010000,17.290000915527344,17.93000030517578,16.270000457763672,16.309999465942383,0.0054562527738722,0.0033690878018038,0.5681823539058717,0.1237377550734009,0.6025652947440707,0.1389163965251197,0.712370815144752,0.1416755006374478,0.924,0.16309999465942382,0.35581764609412836,0.03936223958602292,0.3214347052559293,0.024183598134304124,0.21162918485524806,0.02142449402197602
2021-10-19,62005.6,64486.0,61322.22,64280.59,53628.107744,92.4,94.15,91.33,94.15,4497.33984375,4520.39990234375,4496.41015625,4519.6298828125,3459130000,16.09000015258789,16.309999465942383,15.56999969482422,15.699999809265137,0.035964637291379,0.0073661427842357,0.5604712382136673,0.1214308954311561,0.5976641230850738,0.1406026961256942,0.6832023736403363,0.1430980452572713,0.9415,0.15699999809265136,0.3810287617863327,0.03556910266149527,0.34383587691492623,0.016397301966957156,0.2582976263596637,0.013901952835380066
2021-10-20,64280.59,67000.0,63481.4,66001.41,51428.934856,94.15,95.23,93.0,93.04,4524.419921875,4540.8701171875,4524.39990234375,4536.18994140625,3670760000,15.81999969482422,15.890000343322754,15.289999961853027,15.489999771118164,0.0264183860137485,0.0036573335985606,0.4948485244251668,0.0948784598169719,0.5887440175733455,0.1238731033924403,0.6793695945949996,0.1434267654879301,0.9304000000000001,0.15489999771118165,0.4355514755748333,0.06002153789420975,0.3416559824266546,0.031026894318741352,0.25103040540500055,0.011473232223251556
2021-10-21,66001.4,66639.74,62000.0,62193.15,68538.64537,93.04,93.79,91.09,92.52,4532.240234375,4551.43994140625,4526.89013671875,4549.77978515625,3822330000,16.059999465942383,16.110000610351562,14.920000076293944,15.010000228881836,-0.0594312403714209,0.00299139316836,0.6431781263261841,0.0800095850627673,0.6207300814019882,0.1187301269865592,0.7102164024682073,0.1429178569472775,0.9251999999999999,0.15010000228881837,0.2820218736738158,0.07009041722605107,0.30446991859801176,0.03136987530225917,0.21498359753179264,0.00718214534154088
2021-10-22,62193.15,63732.39,60000.0,60688.22,52119.35886,87.82,88.57,85.19,86.73,4546.1201171875,4559.669921875,4524.0,4544.89990234375,3758220000,15.350000381469728,16.389999389648438,14.84000015258789,15.43000030517578,-0.0244952550243301,-0.0010731292246643,0.6792773515687749,0.0903550226902322,0.6461155262655265,0.0957592510165877,0.7057268376722591,0.1408970520713774,0.8673000000000001,0.15430000305175778,0.18802264843122518,0.06394498036152559,0.22118447373447359,0.05854075203517009,0.161573162327741,0.013402950980380385
2021-10-25,60852.22,63710.63,60650.0,63078.78,36853.83806,89.88,90.1,84.38,84.45,4553.68994140625,4572.6201171875,4537.35986328125,4566.47998046875,3899400000,16.139999389648438,16.329999923706055,15.100000381469728,15.239999771118164,0.0386348113489939,0.0047369594408535,0.6990541470934483,0.0462330182712138,0.641253428370794,0.0911710116182036,0.710056076584526,0.1413255658656881,0.8445,0.15239999771118165,0.14544585290655176,0.10616697943996785,0.203246571629206,0.061228986092978055,0.13444392341547406,0.01107443184549356
2021-10-26,63078.78,63293.48,59817.55,60328.81,40217.50083,84.45,89.13,83.58,89.01,4578.68994140625,4598.52978515625,4569.169921875,4574.7900390625,3879740000,15.020000457763672,16.709999084472656,14.899999618530272,15.979999542236328,-0.0445746539763763,0.0018181414322441,0.6337714499048828,0.0410586533797752,0.6293199302069347,0.0914135486953636,0.7195067332242665,0.1400047613383444,0.8901,0.15979999542236328,0.25632855009511724,0.11874134204258809,0.26078006979306534,0.06838644672699969,0.1705932667757335,0.01979523408401887
2021-10-27,60328.81,61496.0,58000.0,58413.44,62124.49016,89.01,90.24,87.39,88.45,4580.22021484375,4584.56982421875,4551.66015625,4551.68017578125,4226050000,15.789999961853027,17.290000915527344,15.539999961853027,16.979999542236328,-0.0322637670684276,-0.0050643703711055,0.6524022344816687,0.0646035444964789,0.6340063499878102,0.0950193093717403,0.7277765545428547,0.1392164224319372,0.8845000000000001,0.1697999954223633,0.2320977655183314,0.1051964509258844,0.2504936500121898,0.07478068605062299,0.15672344545714534,0.030583572990426106
2021-10-28,58413.44,62499.0,57820.0,60575.89,61056.35301,88.46,89.87,85.94,89.87,4562.83984375,4597.5498046875,4562.83984375,4596.419921875,4132950000,17.059999465942383,17.15999984741211,16.229999542236328,16.530000686645508,0.0363509587815479,0.009781288424184,0.6535121391084543,0.0738898572133294,0.6467284938371758,0.0975865179332442,0.731460584574569,0.1416024101529295,0.8987,0.16530000686645507,0.24518786089154576,0.09141014965312567,0.25197150616282427,0.06771348893321087,0.16723941542543108,0.023697596713525587
2021-10-29,60575.9,62980.0,60174.81,62253.71,43973.90414,89.87,90.02,84.59,87.58,4572.8701171875,4608.080078125,4567.58984375,4605.3798828125,4510200000,17.399999618530273,18.059999465942383,16.1299991607666,16.260000228881836,0.0273211728379008,0.0019474372317175,0.6555562161424673,0.0733849468080451,0.6041685380577672,0.0863219900809309,0.7316799661937646,0.1383713290689006,0.8758,0.16260000228881835,0.22024378385753274,0.08921505548077326,0.27163146194223287,0.07627801220788745,0.1441200338062354,0.024228673219917757
2021-11-01,61299.81,62437.74,59405.0,60911.11,44687.66672,87.64,88.47,84.77,85.45,4610.6201171875,4620.33984375,4595.06005859375,4613.669921875,3971540000,16.850000381469727,17.700000762939453,16.31999969482422,16.40999984741211,-0.0218025436715293,0.0017984589459023,0.5650420410625776,0.0731677826687073,0.6001578170682932,0.0820954598934915,0.6692984076256367,0.1269056121908905,0.8545,0.1640999984741211,0.28945795893742243,0.0909322158054138,0.25434218293170685,0.0820045385806296,0.1852015923743633,0.0371943862832306
2021-11-02,60911.12,64270.0,60624.68,63219.99,46368.2841,85.45,88.22,85.33,87.23,4613.33984375,4635.14990234375,4613.33984375,4630.64990234375,3975250000,16.540000915527344,16.649999618530273,15.890000343322754,16.030000686645508,0.0372049603187191,0.0036736071203885,0.5871874524604257,0.0703026856184808,0.6102657092646578,0.0819606024885884,0.6428634290684294,0.1267375518356475,0.8723000000000001,0.16030000686645507,0.2851125475395744,0.08999732124797427,0.26203429073534223,0.07833940437786667,0.22943657093157066,0.03356245503080757
2021-11-03,63220.57,63500.0,60382.76,62896.48,43336.09049,87.23,87.56,84.41,85.84,4630.64990234375,4663.4599609375,4621.18994140625,4660.56982421875,4319660000,16.110000610351562,16.389999389648438,14.899999618530272,15.100000381469728,-0.0051303483133919,0.0064404946128902,0.541456982258083,0.0730936744400426,0.6117117554344662,0.0595222947122823,0.6258176733942598,0.1254923769702522,0.8584,0.15100000381469728,0.316943017741917,0.07790632937465468,0.24668824456553384,0.09147770910241498,0.2325823266057403,0.025507626844445075
2021-11-04,62896.49,63086.31,60677.01,61395.01,35930.93314,85.84,86.54,83.99,84.73,4662.93017578125,4683.0,4662.58984375,4680.06005859375,4462300000,15.0600004196167,16.139999389648438,14.729999542236328,15.4399995803833,-0.0241616388040991,0.004173222342817,0.4821344671175767,0.072977043195487,0.5429881083625627,0.0568865351380936,0.6321564880719552,0.1220036540501032,0.8473,0.154399995803833,0.36516553288242337,0.081422952608346,0.3043118916374373,0.0975134606657394,0.21514351192804482,0.03239634175372981
2021-11-05,61395.01,62595.72,60721.0,60937.12,31604.48749,84.73,86.93,82.9,85.71,4699.259765625,4718.5,4681.31982421875,4697.52978515625,4467180000,15.59000015258789,17.020000457763672,14.949999809265137,16.479999542236328,-0.0074860486509893,0.0037258500452844,0.4268429621280548,0.0443635987706107,0.5430946688739435,0.0569201316638883,0.6110685510464781,0.12214353966349,0.8571,0.1647999954223633,0.4302570378719452,0.1204363966517526,0.31400533112605644,0.107879863758475,0.24603144895352191,0.04265645575887329
2021-11-08,63273.58,67789.0,63273.58,67525.83,54442.094554,86.59,88.92,86.05,86.69,4701.47998046875,4714.919921875,4694.39013671875,4701.7001953125,4269710000,17.229999542236328,17.690000534057617,16.440000534057617,17.219999313354492,0.1026676785057483,0.0008873940607025,0.7136923700588966,0.0295719885613128,0.6864896329085542,0.0544981019446827,0.6592698594898323,0.1214183716235796,0.8669,0.17219999313354492,0.15320762994110337,0.14262800457223213,0.18041036709144576,0.11770189118886222,0.2076301405101677,0.05078162150996532
2021-11-09,67525.82,68524.25,66222.4,66947.66,44661.378068,86.69,87.72,84.33,84.68,4707.25,4708.52978515625,4670.8701171875,4685.25,4117080000,17.43000030517578,18.56999969482422,17.209999084472656,17.780000686645508,-0.0085990712768805,-0.0035049109264001,0.7212399586750532,0.0503439185463576,0.6798900662321309,0.0605076480126482,0.6510435527128586,0.102601324358389,0.8468000000000001,0.17780000686645508,0.1255600413249469,0.12745608832009747,0.16690993376786922,0.11729235885380689,0.19575644728714148,0.07519868250806608
2021-11-10,66947.67,69000.0,62822.9,64882.43,65171.504046,84.68,87.17,84.23,86.36,4670.259765625,4684.85009765625,4630.85986328125,4646.7099609375,4503720000,17.739999771118164,19.899999618530273,17.219999313354492,18.729999542236328,-0.0313342572034824,-0.008259842163861,0.7410998458772139,0.08205132162148,0.640792079998066,0.0751153883139413,0.6655001316712844,0.1071904658606289,0.8636,0.18729999542236328,0.12250015412278614,0.10524867380088328,0.22280792000193406,0.11218460710842199,0.19809986832871562,0.08010952956173438
2021-11-11,64882.42,65600.07,64100.0,64774.26,37237.98058,86.36,86.5,83.79,85.23,4659.39013671875,4664.5498046875,4648.31005859375,4649.27001953125,3926870000,18.34000015258789,18.38999938964844,17.270000457763672,17.65999984741211,-0.0016685606442103,0.0005507883329889,0.7152662736903496,0.0799202651614771,0.6289991877245243,0.0743466736874774,0.6566109654027186,0.0986726114609193,0.8523000000000001,0.17659999847412108,0.1370337263096505,0.09667973331264398,0.2233008122754757,0.10225332478664369,0.19568903459728149,0.07792738701320179
2021-11-12,64774.25,65450.7,62278.0,64122.23,44490.10816,85.23,89.09,84.14,88.44,4655.240234375,4688.47021484375,4650.77001953125,4682.85009765625,3728600000,17.489999771118164,17.690000534057617,16.149999618530273,16.290000915527344,-0.0101171965455318,0.0071966975641304,0.7184035248454349,0.0823439519275876,0.6117153029600941,0.0770286080424862,0.6129657091276695,0.0960924114060786,0.8844,0.16290000915527345,0.16599647515456506,0.08055605722768584,0.27268469703990583,0.08587140111278725,0.2714342908723305,0.06680759774919484
2021-11-15,65519.11,66401.82,63400.0,63606.74,37829.37124,87.22,87.67,84.6,85.04,4689.2998046875,4697.419921875,4672.85986328125,4682.7998046875,3488410000,17.030000686645508,17.459999084472656,16.489999771118164,16.489999771118164,-0.0080716661029231,-1.0739878017001878e-05,0.6993147380543845,0.0786351375665675,0.5774424971980812,0.077408950701474,0.613807076799293,0.0845819851911393,0.8504,0.16489999771118163,0.15108526194561556,0.08626486014461414,0.2729575028019189,0.08749104700970764,0.23659292320070702,0.08031801252004234
2021-11-16,63606.73,63617.31,58574.07,60058.87,77455.15609,85.04,90.35,85.04,87.28,4679.419921875,4714.9501953125,4679.419921875,4700.89990234375,3972640000,16.860000610351562,17.079999923706055,16.030000686645508,16.3700008392334,-0.0573941917145322,0.0038577790571266,0.7945375257568608,0.0788953416922526,0.6163795821340246,0.0713910513362441,0.6326172784258091,0.0815139967303477,0.8728,0.16370000839233398,0.07826247424313926,0.08480466670008138,0.25642041786597547,0.09230895705608988,0.24018272157419096,0.08218601166198627
2021-11-17,60058.87,60840.23,58373.0,60344.87,46289.38491,87.28,90.05,86.37,89.88,4701.5,4701.5,4684.41015625,4688.669921875,3969070000,16.360000610351562,17.190000534057617,16.280000686645508,17.110000610351562,0.004750691928607,-0.0026050154828958,0.3390370606277871,0.080207803969099,0.5964854364658013,0.0653272849677547,0.6000389626294924,0.0827630955998761,0.8987999999999999,0.1711000061035156,0.5597629393722128,0.09089220213441661,0.3023145635341986,0.10577272113576092,0.2987610373705075,0.08833691050363951
2021-11-18,60344.86,60976.0,56474.26,56891.62,62146.99931,89.88,93.25,87.15,90.12,4700.72021484375,4708.7998046875,4672.77978515625,4704.5400390625,4226410000,16.809999465942383,18.149999618530273,16.3799991607666,17.59000015258789,-0.0589278854245312,0.0033790647401719,0.4178315092599214,0.0796355954870758,0.6304170443639505,0.0658320241067204,0.6202157165512133,0.0809441116589008,0.9012,0.1759000015258789,0.4833684907400786,0.0962644060388031,0.2707829556360495,0.1100679774191585,0.2809842834487867,0.0949558898669781
2021-11-19,56891.62,58320.0,55600.0,58052.24,50715.88726,90.12,91.85,85.39,85.78,4708.43994140625,4717.75,4694.22021484375,4697.9599609375,4253180000,17.360000610351562,19.010000228881836,17.229999542236328,17.90999984741211,0.0201952404606085,-0.001399644604988,0.4849630193727512,0.054203709793051,0.6357280968538643,0.0669599415446912,0.6224849594175004,0.0807278873739205,0.8578,0.17909999847412109,0.3728369806272488,0.12489628868107008,0.22207190314613567,0.11214005692942988,0.23531504058249963,0.09837211110020058
2021-11-22,58617.7,59444.0,55610.0,56247.18,51724.32047,85.94,90.47,85.18,88.98,4712.0,4743.830078125,4682.169921875,4682.93994140625,4441100000,18.200000762939453,19.59000015258789,17.350000381469727,19.170000076293945,-0.0315873883295802,-0.0032022583169607,0.4813228599243471,0.0613634961744838,0.617210424212581,0.0685571167734804,0.6023843037429052,0.0777530932277276,0.8898,0.19170000076293944,0.40847714007565294,0.13033650458845564,0.27258957578741905,0.12314288398945904,0.28741569625709484,0.11394690753521185
2021-11-23,56243.83,58009.99,55317.0,57541.27,49917.85017,88.98,90.19,86.18,89.91,4678.47998046875,4699.39013671875,4652.66015625,4690.7001953125,4277590000,20.239999771118164,20.90999984741211,19.030000686645508,19.3799991607666,0.0227465229877125,0.0016557613831952,0.546158423005558,0.0447316618148234,0.6312003040032396,0.0637670201016679,0.6011765565393341,0.0764566672827133,0.8991,0.193799991607666,0.35294157699444206,0.1490683297928426,0.26789969599676045,0.1300329715059981,0.2979234434606659,0.1173433243249527
2021-11-24,57541.26,57735.0,55837.0,57138.29,39612.04964,89.91,91.47,89.26,90.42,4675.77978515625,4702.8701171875,4659.89013671875,4701.4599609375,3418430000,19.170000076293945,20.959999084472656,18.520000457763672,18.579999923706055,-0.0070279596236954,0.0022912237766672,0.5467877503690847,0.0462962435864866,0.6259956630634422,0.0621214841249231,0.5974737039433983,0.0764436037243921,0.9042,0.18579999923706056,0.35741224963091534,0.13950375565057396,0.2782043369365578,0.12367851511213745,0.30672629605660173,0.10935639551266846
2021-11-26,58960.37,59150.0,53500.0,53726.53,65927.87066,86.52,89.93,84.06,86.06,4664.6298828125,4664.6298828125,4585.43017578125,4594.6201171875,3517700000,26.6200008392334,28.989999771118164,23.8799991607666,28.6200008392334,-0.0615675493733936,-0.0229870111593211,0.5606721132691996,0.1437652493144403,0.6704117722410307,0.114814268065473,0.6234458332791453,0.0959660764421685,0.8606,0.286200008392334,0.2999278867308004,0.1424347590778937,0.19018822775896937,0.171385740326861,0.23715416672085476,0.19023393195016552
2021-11-29,57274.89,58865.97,56666.67,57776.25,40125.28009,86.32,86.52,81.95,82.85,4628.75,4672.9501953125,4625.259765625,4655.27001953125,4336410000,25.309999465942383,25.690000534057617,21.709999084472656,22.959999084472656,0.0726708710968553,0.0131138360828242,0.7735252920327002,0.1744628087698219,0.5794735269442135,0.130551410627776,0.6234155370204606,0.1005013916487072,0.8284999999999999,0.22959999084472657,0.05497470796729975,0.05513718207490467,0.2490264730557864,0.09904858021695057,0.2050844629795393,0.12909859919601938
2021-11-30,57776.25,59176.99,55875.55,56950.56,49161.05194,82.85,86.14,82.74,84.08,4640.25,4646.02001953125,4560.0,4567.0,6625990000,26.229999542236328,28.559999465942383,23.709999084472656,27.190000534057617,-0.0143942685501055,-0.0191433811878505,0.6874189753408183,0.2009320421334834,0.579502929193862,0.1521216425452823,0.6239584098807823,0.1164698724930024,0.8408,0.2719000053405762,0.1533810246591817,0.07096796320709278,0.26129707080613795,0.11977836279529389,0.21684159011921766,0.1554301328475738
2021-12-01,56950.56,59053.55,56458.01,57184.07,44956.63656,84.08,84.4,81.56,83.64,4602.81982421875,4652.93994140625,4510.27001953125,4513.0400390625,5366730000,24.920000076293945,32.61000061035156,22.3799991607666,31.1200008392334,0.004091840063051,-0.0118855414579559,0.6743609070672055,0.2045269541558344,0.5755379765438049,0.1558268461710169,0.6134852675216221,0.1200515086337228,0.8364,0.31120000839233397,0.1620390929327945,0.10667305423649956,0.26086202345619514,0.15537316222131708,0.2229147324783779,0.19114849975861117
2021-12-02,57184.07,57375.47,55777.77,56480.34,37574.05976,83.63,85.27,83.07,85.26,4504.72998046875,4595.4599609375,4504.72998046875,4577.10009765625,5077180000,29.440000534057617,30.68000030517578,27.149999618530273,27.950000762939453,-0.012382750098007,0.0140946383960577,0.6485029907974211,0.2372432034666618,0.574679011772771,0.1701993103790477,0.6070965306944444,0.1264898258550912,0.8526,0.27950000762939453,0.2040970092025789,0.042256804162732725,0.277920988227229,0.10930069725034683,0.24550346930555567,0.15301018177430334
2021-12-03,56484.26,57600.0,51680.0,53601.05,58927.69027,85.26,85.51,81.21,84.55,4589.490234375,4608.02978515625,4495.1201171875,4538.43017578125,5240070000,26.950000762939453,35.31999969482422,25.88999938964844,30.670000076293945,-0.0523239555597734,-0.0084844551417386,0.6955038948478129,0.2362074045145986,0.6023802239170613,0.1683431372700588,0.6019061326552855,0.1287205971487038,0.8454999999999999,0.30670000076293946,0.14999610515218698,0.07049259624834087,0.24311977608293867,0.13835686349288065,0.24359386734471444,0.17797940361423567
2021-12-06,49396.32,50891.11,47100.0,50441.92,58571.21575,89.39,89.89,86.63,86.84,4548.3701171875,4612.60009765625,4540.509765625,4591.669921875,4770800000,28.989999771118164,30.81999969482422,26.75,27.18000030517578,-0.0607460820371026,0.0116625993096861,0.7573611148477474,0.2539100981412794,0.6349373216761596,0.1783255336162443,0.6209989632258249,0.1330878093077862,0.8684000000000001,0.27180000305175783,0.11103888515225269,0.017889904910478427,0.2334626783238405,0.09347446943551352,0.24740103677417513,0.13871219374397165
2021-12-07,50441.91,51936.33,50039.74,50588.95,38253.46877,86.84,88.62,85.57,86.0,4631.97021484375,4694.0400390625,4631.97021484375,4686.75,4492400000,24.579999923706055,24.690000534057617,21.579999923706055,21.88999938964844,0.0029105975984963,0.0204956031862525,0.6973172178448939,0.2467903990607015,0.6108566022603477,0.2004409508439736,0.6070798313591316,0.1449215120046137,0.86,0.2188999938964844,0.16268278215510612,-0.02789040516421709,0.24914339773965233,0.01845904305251081,0.2529201686408684,0.0739784818918707
2021-12-08,50588.95,51200.0,48600.0,50471.19,38425.92466,86.0,88.43,85.65,87.16,4690.85986328125,4705.06005859375,4674.52001953125,4701.2099609375,4234600000,21.739999771118164,23.11000061035156,19.850000381469727,19.899999618530273,-0.002330494560926,0.0030805355865858,0.4204360756353095,0.2363631567474359,0.6077658464133441,0.2005783834376646,0.5968338263853228,0.1450396791567959,0.8715999999999999,0.19899999618530273,0.45116392436469044,-0.03736316056213318,0.26383415358665585,-0.001578387252361868,0.27476617361467714,0.05396031702850684
2021-12-09,50471.19,50797.76,47320.0,47545.59,37692.68665,88.39,90.52,88.34,90.3,4691.0,4695.259765625,4665.97998046875,4667.4501953125,3903840000,20.309999465942383,22.1200008392334,19.940000534057617,21.579999923706055,-0.0597136382267212,-0.0072069882325236,0.4816521599430607,0.2009873164254924,0.6089308489347983,0.2023371858551169,0.6124497502738768,0.1459365942398252,0.903,0.21579999923706056,0.4213478400569393,0.014812682811568167,0.2940691510652017,0.013462813381943661,0.2905502497261232,0.06986340499723537
2021-12-10,47535.9,50125.0,46852.0,47140.54,44233.57391,90.3,90.95,89.19,89.98,4687.64013671875,4713.56982421875,4670.240234375,4712.02001953125,3870110000,21.270000457763672,21.299999237060547,18.690000534057617,18.690000534057617,-0.008555687528783,0.0095037691182097,0.4538794054155713,0.1729941254454453,0.5906581518707626,0.2067065348744532,0.5985890654064566,0.145790940662841,0.8998,0.18690000534057616,0.44592059458442873,0.013905879895130868,0.3091418481292374,-0.019806529533877043,0.3012109345935434,0.041109064677735146
2021-12-13,50053.9,50189.97,45672.75,46702.75,50869.52093,92.25,92.41,89.52,90.29,4710.2998046875,4710.2998046875,4667.60009765625,4668.97021484375,4397230000,19.290000915527344,21.18000030517578,18.959999084472656,20.309999465942383,-0.0093303032313406,-0.0091781583427938,0.4585211066199523,0.1841766347998486,0.5859781826682061,0.2101469767050628,0.5889529012808221,0.1485876352065761,0.9029,0.20309999465942383,0.4443788933800477,0.018923359859575217,0.3169218173317939,-0.007046982045638972,0.3139470987191779,0.054512359452847714
2021-12-14,46702.76,48700.41,46290.0,48343.28,39955.98445,90.29,93.23,88.74,92.34,4642.990234375,4660.47021484375,4606.52001953125,4634.08984375,4485430000,19.670000076293945,23.0,19.670000076293945,21.88999938964844,0.0345241762326719,-0.0074987228546236,0.5460460058006439,0.1817096991610103,0.6019289235424834,0.2121481715549225,0.6012917760370109,0.150291810174944,0.9234,0.2188999938964844,0.3773539941993561,0.03719029473547411,0.3214710764575166,0.006751822341561908,0.3221082239629891,0.0686081837215404
2021-12-15,48336.95,49500.0,46547.0,48864.98,51629.181,92.34,92.38,89.19,89.34,4636.4599609375,4712.60009765625,4611.22021484375,4709.85009765625,4910130000,21.600000381469727,23.469999313354492,19.020000457763672,19.290000915527344,0.0107337588163948,0.0162162673518908,0.4537857929737768,0.1925776364010933,0.6096921908157502,0.2240587756773681,0.5888785517472428,0.157091682685273,0.8934000000000001,0.19290000915527344,0.4396142070262233,0.0003223727541801502,0.28370780918424987,-0.03115876652209465,0.3045214482527573,0.03580832647000046
2021-12-16,48864.98,49436.43,47511.0,47632.38,31949.86739,89.34,89.42,85.88,86.78,4719.1298828125,4731.990234375,4651.89013671875,4668.669921875,4829500000,18.559999465942383,22.1299991607666,18.190000534057617,20.56999969482422,-0.0255482024281838,-0.0087818633111124,0.4661259549077853,0.1626879793835387,0.5698277936906643,0.202743387319447,0.590807772636759,0.1583348928373907,0.8678,0.20569999694824218,0.4016740450922147,0.043012017564703464,0.29797220630933574,0.0029566096287951815,0.27699222736324103,0.047365104110851486
2021-12-17,47632.38,47995.96,45456.0,46131.2,43104.4887,86.78,87.26,84.57,85.34,4652.5,4666.7001953125,4600.22021484375,4620.64013671875,7987090000,20.700000762939453,23.260000228881836,20.489999771118164,21.56999969482422,-0.0320232713999651,-0.0103409645840536,0.4830823718327993,0.1698728031107174,0.4383260129012922,0.2003020304972632,0.5929655872441347,0.1606281911392481,0.8534,0.21569999694824218,0.37031762816720076,0.04582719383752479,0.41507398709870785,0.01539796645097899,0.2604344127558653,0.055071805808994095
2021-12-20,46681.24,47537.57,45558.85,46914.16,35848.50609,87.83,88.53,86.56,87.31,4587.89990234375,4587.89990234375,4531.10009765625,4568.02001953125,4635700000,25.88999938964844,27.38999938964844,22.850000381469727,22.8700008392334,0.0168300381887542,-0.0114533983232565,0.3780723629212543,0.1766232365514111,0.4601269739997785,0.1887777713874452,0.5978610054989015,0.1632225423506204,0.8731,0.22870000839233398,0.4950276370787457,0.05207677184092288,0.4129730260002215,0.03992223700488878,0.27523899450109846,0.06547746604171359
2021-12-21,46914.17,49328.96,46630.0,48889.88,37713.92924,87.31,88.72,85.06,86.04,4594.9599609375,4651.14013671875,4583.16015625,4649.22998046875,4072430000,22.280000686645508,22.68000030517578,20.899999618530273,21.010000228881836,0.0412508732374541,0.0176217553851954,0.4521498323465719,0.2052964058656081,0.5122644962410013,0.1941501594262086,0.519838775350914,0.1718226771160054,0.8604,0.21010000228881837,0.40825016765342814,0.004803596423210266,0.3481355037589987,0.015949842862609753,0.340561224649086,0.03827732517281296
2021-12-22,48887.59,49576.13,48421.87,48588.16,27004.2022,86.04,86.62,82.63,82.99,4650.35986328125,4697.669921875,4645.52978515625,4696.56005859375,3319610000,21.040000915527344,21.36000061035156,18.59000015258789,18.6299991607666,-0.0061905422711137,0.0101287280291275,0.4482864539112668,0.2092580416580602,0.5126592694213876,0.1900967865965202,0.5199728158950142,0.1741911704684642,0.8299,0.18629999160766603,0.38161354608873316,-0.02295805005039417,0.31724073057861235,-0.003796794988854185,0.30992718410498576,0.012108821139201836
2021-12-23,48588.17,51375.0,47920.42,50838.81,35192.54046,82.99,83.5,80.96,82.99,4703.9599609375,4740.740234375,4703.9599609375,4725.7900390625,2913040000,18.809999465942383,18.93000030517578,17.6200008392334,17.959999084472656,0.0452801594542274,0.0062044126852516,0.4808430690419293,0.2023574116460525,0.5262924504356883,0.1847722851775484,0.5405389447001825,0.1732149389960856,0.8299,0.17959999084472655,0.34905693095807067,-0.02275742080132595,0.3036075495643117,-0.005172294332821847,0.2893610552998175,0.006385051848640966
2021-12-27,50775.48,52088.0,50449.0,50701.44,28792.21566,80.26,83.39,78.51,83.29,4733.990234375,4791.490234375,4733.990234375,4791.18994140625,2770290000,19.3700008392334,19.40999984741211,17.549999237060547,17.68000030517578,-0.002705726720323,0.0137440515736058,0.4834379109760509,0.195913997013601,0.4576398920379216,0.1868869570633222,0.5404395504445434,0.1773777036136592,0.8329000000000001,0.1768000030517578,0.3494620890239492,-0.019113993961843184,0.3752601079620785,-0.010086954011564397,0.2924604495554567,-0.0005777005619014008
2021-12-28,50701.44,50704.05,47313.01,47543.74,45853.33924,83.29,83.29,76.7,76.7,4795.490234375,4807.02001953125,4780.0400390625,4786.35009765625,2707920000,17.780000686645508,18.469999313354492,17.510000228881836,17.540000915527344,-0.0643041831297982,-0.0010106653988873,0.6229891093114591,0.1822827197878455,0.5330344395049019,0.1694002397037894,0.564426750978368,0.1764798009213285,0.767,0.17540000915527343,0.1440108906885409,-0.006882710632572064,0.2339655604950981,0.005999769451484033,0.20257324902163198,-0.001079791766055077
2021-12-29,47543.74,48139.08,46096.99,46464.66,39498.87,76.7,80.9,76.5,80.73,4788.64013671875,4804.06005859375,4778.080078125,4793.06005859375,2963310000,17.6299991607666,18.0,16.709999084472656,16.950000762939453,-0.0229581057839618,0.0014009134018576,0.6057157318678695,0.1564713321626523,0.5386112450532635,0.1692466677635785,0.5656390770753077,0.1764758286235387,0.8073,0.16950000762939454,0.20158426813213048,0.013028675466742246,0.2686887549467365,0.00025333986581604906,0.24166092292469232,-0.00697582099414415
2021-12-30,46464.66,47900.0,45900.0,47120.87,30352.29569,80.74,81.81,76.61,80.68,4794.22998046875,4808.93017578125,4775.330078125,4778.72998046875,3124950000,17.299999237060547,17.790000915527344,16.6200008392334,17.329999923706055,0.0140239790234345,-0.0029942338419043,0.6028685991553921,0.1232964253744079,0.483895798958715,0.1660152826001205,0.5518577593268056,0.1765533408767663,0.8068000000000001,0.17329999923706055,0.20393140084460792,0.05000357386265265,0.3229042010412851,0.007284716636940053,0.2549422406731945,-0.0032533416397057535
2021-12-31,47120.88,48548.26,45678.0,46216.93,34937.99796,80.68,82.64,74.65,75.51,4775.2099609375,4786.830078125,4765.75,4766.18017578125,2677820000,17.6299991607666,18.270000457763672,16.989999771118164,17.219999313354492,-0.0193698214926749,-0.0026296343734744,0.5374838208148345,0.104634839120239,0.4894675366755322,0.1628868010929796,0.5514096269892135,0.1765571749887787,0.7551000000000001,0.17219999313354492,0.21761617918516563,0.06756515401330591,0.2656324633244679,0.009313192040565327,0.20369037301078663,-0.004357181855233788
2022-01-03,47286.18,47570.0,45696.0,46446.1,27662.0771,72.06,73.37,70.32,71.94,4778.14013671875,4796.64013671875,4758.169921875,4796.56005859375,3831020000,17.600000381469727,18.540000915527344,16.559999465942383,16.600000381469727,0.0049463193085887,0.0063538241703883,0.5432095687219934,0.0968250650409536,0.4887384697198602,0.1576583936888427,0.5317691399255957,0.1771812875379875,0.7193999999999999,0.16600000381469726,0.1761904312780065,0.06917493877374366,0.23066153028013975,0.008341610125854548,0.18763086007440422,-0.011181283723290247
2022-01-04,46446.1,47557.54,45500.0,45832.01,35491.4136,71.94,73.49,70.16,72.52,4804.509765625,4818.6201171875,4774.27001953125,4793.5400390625,4683170000,16.56999969482422,17.809999465942383,16.34000015258789,16.90999984741211,-0.0133097451918317,-0.0006298202522032,0.4051024104414922,0.0960343290768655,0.4640003400851497,0.1523012995847163,0.525843307014439,0.1771181019646904,0.7252,0.1690999984741211,0.32009758955850776,0.0730656693972556,0.2611996599148503,0.0167986988894048,0.1993566929855609,-0.008018103490569306
2022-01-05,45832.01,47070.0,42500.0,43451.13,51784.11857,72.64,78.33,70.95,75.64,4787.990234375,4797.7001953125,4699.43994140625,4700.580078125,4887960000,17.06999969482422,20.170000076293945,16.579999923706055,19.729999542236328,-0.0533458970167032,-0.019583264304501,0.4526964285880845,0.1281581084873007,0.5030664247678543,0.1646555908927338,0.5380087491222312,0.1863535315751583,0.7564,0.1972999954223633,0.30370357141191545,0.0691418869350626,0.2533335752321456,0.032644404529629495,0.21839125087776878,0.01094646384720499
2022-01-06,43451.14,43816.0,42430.58,43082.31,38880.37305,75.64,76.17,72.22,73.19,4693.39013671875,4725.009765625,4671.259765625,4696.0498046875,4295280000,20.290000915527344,21.059999465942383,19.079999923706055,19.61000061035156,-0.0085243862571746,-0.0009642337401809,0.3448768753861509,0.128184533761447,0.496957044640394,0.1599767279177603,0.5297448138947857,0.1863212632341085,0.7319,0.19610000610351558,0.3870231246138491,0.06791547234206857,0.23494295535960602,0.03612327818575528,0.20215518610521432,0.009778742869407081
2022-01-07,43082.3,43145.83,40610.0,41566.48,54836.50818,73.19,75.22,72.07,73.86,4697.66015625,4707.9501953125,4662.740234375,4677.02978515625,4181510000,19.850000381469727,20.799999237060547,18.56999969482422,18.760000228881836,-0.0358183987906099,-0.0040584410823365,0.366726256998163,0.1249560874382729,0.5008813333229515,0.1538913517039226,0.5350533760656347,0.1865626870000482,0.7386,0.18760000228881835,0.371873743001837,0.06264391485054545,0.23771866667704855,0.03370865058489575,0.2035466239343653,0.0010373152887701576
2022-01-10,41864.62,42248.5,39650.0,41822.49,50729.17019,73.5,75.83,72.63,74.1,4655.33984375,4673.02001953125,4582.240234375,4670.2900390625,4511810000,19.579999923706055,23.329999923706055,19.290000915527344,19.399999618530273,0.0061401598875949,-0.0014420705375388,0.3419057861633907,0.1255659433757786,0.4928281132381558,0.1438920289603008,0.5146099522677747,0.1736739517215209,0.741,0.19399999618530273,0.3990942138366093,0.06843405280952414,0.2481718867618442,0.05010796722500194,0.22639004773222526,0.020326044463781834
2022-01-11,41822.49,43100.0,41268.93,42729.29,37296.43729,74.1,77.27,74.08,75.37,4669.14013671875,4714.1298828125,4638.27001953125,4713.06982421875,4101590000,19.6200008392334,21.0,18.200000762939453,18.40999984741211,0.021450400439678,0.0091182864523993,0.4109722257418718,0.14620601223055,0.4604030949889873,0.1292998336511835,0.463399448758425,0.1715340474368699,0.7537,0.1840999984741211,0.3427277742581282,0.0378939862435711,0.29329690501101274,0.05480016482293759,0.29030055124157506,0.012565951037251194
2022-01-12,42729.29,44322.0,42450.0,43902.66,33943.2928,75.37,75.94,70.71,71.81,4728.58984375,4748.830078125,4706.7099609375,4726.35009765625,4048220000,18.170000076293945,18.690000534057617,17.360000610351562,17.6200008392334,0.0270902769434108,0.002813792014667,0.4654040681789695,0.1395060221323995,0.4861414490843982,0.1228226515055975,0.4754657914825024,0.1612812215724356,0.7181000000000001,0.176200008392334,0.25269593182103056,0.0366939862599345,0.23195855091560186,0.05337735688673649,0.24263420851749767,0.014918786819898389
2022-01-13,43902.65,44500.0,42311.22,42560.11,34910.87762,71.81,72.13,66.4,67.51,4733.56005859375,4744.1298828125,4650.2900390625,4659.02978515625,4251730000,18.059999465942383,20.61000061035156,17.450000762939453,20.309999465942383,-0.0310574808840993,-0.0143460292344005,0.485580565094002,0.1566312650418144,0.4310240323661096,0.1345503488890836,0.4781711595415592,0.1631551918851893,0.6751,0.20309999465942383,0.18951943490599804,0.04646872961760942,0.24407596763389044,0.06854964577034023,0.19692884045844083,0.03994480277423454
2022-01-14,42558.35,43448.78,41725.95,43059.96,32640.88292,67.51,67.62,64.15,65.13,4637.990234375,4665.1298828125,4614.75,4662.85009765625,4338490000,20.11000061035156,22.06999969482422,19.049999237060547,19.190000534057617,0.0116761333829025,0.0008196442695905,0.3929565142373559,0.1136890523552938,0.4416730198625903,0.1171092931867945,0.4821294826091699,0.1584075902083705,0.6513,0.19190000534057616,0.2583434857626441,0.07821095298528237,0.2096269801374097,0.07479071215378166,0.1691705173908301,0.03349241513220566
2022-01-18,42201.63,42691.0,41250.0,42352.12,29324.08257,65.23,67.38,63.8,67.27,4632.240234375,4632.240234375,4568.7001953125,4577.10986328125,4748700000,21.18000030517578,23.200000762939453,21.18000030517578,22.790000915527344,-0.0165750841223884,-0.0185591053980085,0.4020437143126217,0.1542517258501045,0.3724007882801817,0.1364762799072154,0.4650742049322856,0.1659500823355298,0.6727,0.22790000915527345,0.27065628568737826,0.07364828330516895,0.30029921171981827,0.09142372924805806,0.2076257950677144,0.06194992681974365
2022-01-19,42352.12,42559.13,41138.56,41660.01,31685.72159,67.27,67.69,64.99,65.96,4588.02978515625,4611.5498046875,4530.2001953125,4532.759765625,4465740000,23.1200008392334,23.989999771118164,21.850000381469727,23.850000381469727,-0.0164768030058258,-0.0097367909414601,0.3476783197548523,0.1585626185758261,0.3684359646621722,0.1373864787997059,0.4382473375344567,0.164784355236421,0.6596,0.23850000381469727,0.31192168024514766,0.07993738523887117,0.29116403533782775,0.10111352501499138,0.22135266246554325,0.07371564857827628
2022-01-20,41660.0,43505.0,40553.31,40680.91,42330.33953,65.96,65.99,59.41,65.24,4547.35009765625,4602.10986328125,4477.9501953125,4482.72998046875,4640870000,23.459999084472656,25.88999938964844,21.68000030517578,25.59000015258789,-0.0237827352261948,-0.0110987423043307,0.3721390930435418,0.1613633042374218,0.3598476030718021,0.1405167476007121,0.4401566076636896,0.1550759671154746,0.6524,0.2559000015258789,0.28026090695645817,0.0945366972884571,0.2925523969281979,0.1153832539251668,0.2122433923363104,0.10082403441040427
2022-01-21,40680.92,41100.0,35440.45,36445.31,88860.891999,65.24,78.58,63.03,77.8,4471.3798828125,4494.52001953125,4395.33984375,4397.93994140625,5589100000,25.3799991607666,29.790000915527344,25.309999465942383,28.850000381469727,-0.109946159879111,-0.0190959953246354,0.6925586775581205,0.1385919960361809,0.5552669861322399,0.1529329748358624,0.530837918610804,0.1625441410657053,0.778,0.28850000381469726,0.08544132244187952,0.14990800777851637,0.22273301386776012,0.13556702897883485,0.24716208138919604,0.12595586274899195
2022-01-24,36244.55,37550.0,32917.17,36660.35,91904.753211,77.29,87.93,76.25,78.59,4356.31982421875,4417.35009765625,4222.6201171875,4410.1298828125,6928110000,28.200000762939453,38.939998626708984,28.020000457763672,29.899999618530273,0.0058830087904855,0.0027679047582695,0.6380343252135445,0.1384155510385489,0.5559972870580053,0.1481153053311995,0.5120850484061211,0.162457195972534,0.7859,0.2989999961853027,0.14786567478645551,0.1605844451467538,0.2299027129419947,0.15088469085410322,0.2738149515938789,0.1365428002127687
2022-01-25,36660.35,37545.14,35701.0,36958.32,49232.40183,78.59,82.57,77.64,81.26,4366.64013671875,4411.009765625,4287.10986328125,4356.4501953125,5145050000,32.290000915527344,35.849998474121094,29.1299991607666,31.15999984741211,0.0080950016385566,-0.0122465905568662,0.6669566714412664,0.1361329791300568,0.5660027231972015,0.1481513141556029,0.5143850778747533,0.1614285300357523,0.8126000000000001,0.3115999984741211,0.14564332855873374,0.1754670193440643,0.24659727680279864,0.16344868431851822,0.2982149221252468,0.15017146843836882
2022-01-26,36958.32,38919.98,36234.63,36809.34,69830.16036,81.26,82.26,78.66,80.39,4408.43017578125,4453.22998046875,4304.7998046875,4349.93017578125,5570640000,29.350000381469727,33.040000915527344,26.899999618530273,31.959999084472656,-0.0040391738751032,-0.0014977569258856,0.6416342209764634,0.1292231184390462,0.5399327388841211,0.1374548622533247,0.5145047047367354,0.1602456366064789,0.8039000000000001,0.31959999084472657,0.16226577902353667,0.19037687240568038,0.263967261115879,0.18214512859140186,0.2893952952632647,0.15935435423824768
2022-01-27,36807.24,37234.47,35507.01,37160.1,53020.87934,80.39,83.23,77.38,80.14,4380.580078125,4428.740234375,4309.5,4326.509765625,5214200000,32.189998626708984,33.0,28.420000076293945,30.489999771118164,0.0094839876878423,-0.0053986351999709,0.6700035955573733,0.1157050719997586,0.5474357501100416,0.1358732772770582,0.501502270764362,0.1597752539981803,0.8014,0.30489999771118165,0.13139640444262668,0.18919492571142305,0.25396424988995836,0.16902672043412345,0.29989772923563796,0.14512474371300135
2022-01-28,37160.11,38000.0,36155.01,37716.56,42154.26956,80.14,80.28,73.49,74.77,4336.18994140625,4432.72021484375,4292.4599609375,4431.85009765625,5031090000,30.270000457763672,32.81999969482422,27.280000686645508,27.65999984741211,0.0148636502954723,0.0240559679147366,0.7000525817626312,0.2229174198023511,0.5443315224500405,0.1861358981931231,0.5030384217273064,0.1690140800913407,0.7476999999999999,0.2765999984741211,0.04764741823736873,0.05368257867176998,0.20336847754995946,0.090464100280998,0.24466157827269353,0.1075859183827804
2022-01-31,37881.75,38744.0,36632.61,38466.9,36855.2458,74.32,74.52,70.16,70.99,4431.7900390625,4516.89013671875,4414.02001953125,4515.5498046875,5098610000,28.36000061035156,29.40999984741211,24.709999084472656,24.829999923706055,0.0196988759422266,0.0187098262229844,0.7232970740506066,0.2488833261643543,0.553609015032592,0.2093671378368538,0.5068951835712558,0.1780098265640288,0.7099,0.24829999923706056,-0.013397074050606639,-0.0005833269272937369,0.156290984967408,0.03893286140020677,0.20300481642874413,0.07029017267303175
2022-02-01,38466.9,39265.2,38000.0,38694.59,34574.44663,70.99,71.84,69.59,71.81,4519.56982421875,4550.490234375,4483.52978515625,4546.5400390625,4816830000,24.56999969482422,25.329999923706055,21.959999084472656,21.959999084472656,0.0059016657367129,0.006839560348317,0.1191209839586302,0.2056351796433787,0.5424969151127266,0.2071470340431782,0.5026062043455405,0.1772319572243664,0.7181000000000001,0.21959999084472656,0.5989790160413698,0.013964811201347849,0.1756030848872735,0.01245295680154837,0.21549379565445959,0.04236803362036015
2022-02-02,38694.59,38855.92,36586.95,36896.36,35794.6813,71.81,75.02,71.06,75.0,4566.39013671875,4595.31005859375,4544.31982421875,4589.3798828125,4481580000,21.559999465942383,22.729999542236328,20.459999084472656,22.09000015258789,-0.0475868957877958,0.0093784004483244,0.3593290709147628,0.2067847240795286,0.5438205152733051,0.2122631858841579,0.5119253204829218,0.1763659540702587,0.75,0.2209000015258789,0.3906709290852372,0.0141152774463503,0.2061794847266949,0.008636815641721002,0.23807467951707817,0.0445340474556202
2022-02-03,36896.37,37387.0,36250.0,37311.61,32081.10999,75.0,75.03,72.53,74.14,4535.41015625,4542.8798828125,4470.39013671875,4477.43994140625,4401970000,22.6299991607666,25.809999465942383,22.299999237060547,24.350000381469727,0.0111916370777332,-0.0246934717201206,0.3623945139904681,0.2590216458988701,0.5452897166065979,0.2278054422926147,0.4938873661846869,0.1824855079370542,0.7414000000000001,0.24350000381469727,0.37900548600953193,-0.015521642084172838,0.1961102833934022,0.015694561522082567,0.24751263381531313,0.06101449587764307
2022-02-04,37311.98,41772.33,37026.73,41574.25,64703.95874,74.14,74.39,68.89,70.14,4482.7900390625,4539.66015625,4451.5,4500.52978515625,4706290000,23.770000457763672,26.260000228881836,22.06999969482422,23.219999313354492,0.108176446956934,0.0051436784398636,0.7305952542470591,0.2562446845583553,0.7374393834760542,0.2298811014501266,0.599497179402755,0.1803426107726238,0.7014,0.23219999313354492,-0.029195254247059044,-0.024044691424810388,-0.036039383476054176,0.0023188916834183115,0.10190282059724498,0.051857382360921106
2022-02-07,42380.87,44500.5,41645.85,43839.99,51060.62006,70.69,72.27,69.14,69.18,4505.75,4521.85986328125,4471.47021484375,4483.8701171875,4228480000,24.09000015258789,24.81999969482422,22.020000457763672,22.86000061035156,0.0530654293085821,-0.0037085809278284,0.7571019847109511,0.2535892172731536,0.7701516258383491,0.2181440753467997,0.6055870189992956,0.1789836868071068,0.6918000000000001,0.22860000610351558,-0.06530198471095106,-0.02498921116963801,-0.07835162583834898,0.010455930756715887,0.08621298100070451,0.04961631929640878
2022-02-08,43839.99,45492.0,42666.0,44042.99,64880.29387,69.18,71.78,68.73,70.27,4480.02001953125,4531.31982421875,4465.39990234375,4521.5400390625,4459620000,23.09000015258789,23.479999542236328,21.31999969482422,21.440000534057617,0.0046197878370261,0.0083661134666343,0.7645340094166535,0.219525554820592,0.7652785084085275,0.2183663043879491,0.6061934445972221,0.1755841885897144,0.7027,0.21440000534057618,-0.06183400941665351,-0.005125549480015812,-0.06257850840852752,-0.003966299047372918,0.09650655540277786,0.03881581675086179
2022-02-09,44043.0,44799.0,43117.92,44372.72,34428.16729,70.27,71.02,69.64,69.81,4547.0,4590.02978515625,4547.0,4587.18017578125,4524350000,21.270000457763672,21.299999237060547,19.93000030517578,19.959999084472656,0.0074586638193073,0.0144128420792647,0.7696938045165519,0.2076921627480399,0.7547195118530036,0.2204465805111399,0.5799855399457282,0.1818645072574431,0.6981,0.19959999084472657,-0.07159380451655184,-0.008092171903313322,-0.05661951185300351,-0.02084658966641334,0.11811446005427184,0.017735483587283468
2022-02-10,44372.71,45821.0,43174.01,43495.44,62357.29091,69.81,70.87,68.07,70.81,4553.240234375,4588.919921875,4484.31005859375,4504.080078125,5314860000,20.3700008392334,24.770000457763672,20.18000030517578,23.90999984741211,-0.0199687611802417,-0.018281824485056,0.8050077367272173,0.2369952112736536,0.556913738886649,0.2189838677650842,0.5791244157019285,0.1880561030551151,0.7081000000000001,0.23909999847412108,-0.0969077367272172,0.002104787200467473,0.1511862611133511,0.020116130709036895,0.12897558429807154,0.051043895419005975
2022-02-11,43495.44,43920.0,41938.51,42373.73,44975.1687,70.81,73.37,66.71,72.34,4506.27001953125,4526.330078125,4401.41015625,4418.64013671875,5251500000,24.38999938964844,30.989999771118164,23.329999923706055,27.36000061035156,-0.0261275102636211,-0.0191516826380865,0.7407552448304547,0.2445027283314691,0.5804931288932362,0.2360036690876301,0.581037924876919,0.1944653155950189,0.7234,0.2736000061035156,-0.017355244830454697,0.029097277772046487,0.1429068711067638,0.037596337015885495,0.14236207512308108,0.0791346905084967
2022-02-14,42053.65,42842.4,41550.56,42535.94,34010.1306,73.05,73.45,70.83,72.16,4412.60986328125,4426.22021484375,4364.83984375,4401.669921875,4600390000,29.170000076293945,32.040000915527344,28.329999923706055,28.329999923706055,0.0038207708811572,-0.0038479907556283,0.7456458881389498,0.2041318109455937,0.5810972319113131,0.2300760146526012,0.5794328736985674,0.1944983634310536,0.7216,0.28329999923706056,-0.02404588813894981,0.07916818829146685,0.1405027680886869,0.05322398458445937,0.14216712630143258,0.08880163580600697
2022-02-15,42535.94,44751.4,42427.03,44544.86,38095.19576,72.16,72.26,69.41,70.59,4429.27978515625,4472.77001953125,4429.27978515625,4471.06982421875,4430830000,28.09000015258789,28.09000015258789,25.329999923706055,25.700000762939453,0.0461474056472828,0.0156437176460641,0.4779096697424225,0.2287489306659926,0.5963362150920664,0.2381981953037536,0.5962587386324302,0.2000214122863316,0.7059000000000001,0.2570000076293945,0.2279903302575776,0.0282510769634019,0.10956378490793373,0.018801812325640904,0.10964126136756991,0.056978595343062904
2022-02-16,44544.85,44549.97,43307.0,43873.56,28471.8727,70.59,70.84,67.59,68.07,4455.75,4489.5498046875,4429.68017578125,4475.009765625,4283640000,25.190000534057617,27.09000015258789,23.8799991607666,24.290000915527344,-0.0151849105438506,0.0008808197202838,0.3852118398908186,0.2280708629680932,0.6087125530905259,0.2359156748276367,0.5966090591000563,0.2001816567437094,0.6807,0.24290000915527343,0.2954881601091814,0.014829146187180231,0.07198744690947412,0.006984334327636732,0.08409094089994362,0.04271835241156402
2022-02-17,43873.56,44164.71,40073.21,40515.7,47245.99494,68.07,72.84,65.15,71.54,4456.06005859375,4456.06005859375,4373.81005859375,4380.259765625,4539420000,24.829999923706055,28.3700008392334,24.760000228881836,28.11000061035156,-0.079622307419647,-0.0214005041369366,0.609879566943464,0.2495777144315659,0.7212727467135037,0.2338876023988575,0.6208370413515678,0.2016098559914234,0.7154,0.2811000061035156,0.10552043305653602,0.0315222916719497,-0.005872746713503685,0.047212403704658096,0.09456295864843223,0.0794901501120922
2022-02-18,40515.71,40959.88,39450.0,39974.44,43845.92241,71.54,72.07,66.98,68.83,4384.56982421875,4394.60009765625,4327.22021484375,4348.8701171875,4708060000,26.65999984741211,29.709999084472656,26.3799991607666,27.75,-0.0134493034485351,-0.0071919616638663,0.59468217657444,0.2114382997669586,0.7219894950585216,0.2171440123632776,0.6214277312592111,0.2020446908971902,0.6883,0.2775,0.09361782342556002,0.06606170023304142,-0.03368949505852159,0.060355987636722425,0.06687226874078889,0.07545530910280981
2022-02-22,37008.16,38429.0,36350.0,38230.33,53785.94589,77.69,80.06,74.15,75.22,4332.740234375,4362.1201171875,4267.10986328125,4304.759765625,5121900000,31.799999237060547,32.040000915527344,28.399999618530273,28.809999465942383,-0.0446110702309302,-0.010194735435016,0.6212686487713993,0.1995463938550735,0.7490102526235661,0.2146705968807198,0.6260302647661228,0.2032194189728933,0.7522,0.2880999946594238,0.13093135122860067,0.08855360080435032,0.003189747376433849,0.07342939777870403,0.1261697352338772,0.08488057568653051
2022-02-23,38230.33,39249.93,37036.79,37250.01,43560.732,71.56,74.3,71.25,73.78,4324.93017578125,4341.509765625,4221.509765625,4225.5,4797430000,28.040000915527344,31.06999969482422,27.200000762939453,31.020000457763672,-0.0259769663535837,-0.0185837357487884,0.6211909851975386,0.1980534654981217,0.7282006484731262,0.213913775738564,0.6289631541273084,0.2082602371211268,0.7378,0.31020000457763675,0.11660901480246144,0.11214653907951505,0.009599351526873856,0.09628622883907276,0.1088368458726916,0.10193976745650996
2022-02-24,37250.02,39843.0,34322.28,38327.21,120476.29458,73.78,89.74,73.58,79.88,4155.77001953125,4294.72998046875,4114.64990234375,4288.7001953125,6752130000,37.5,37.790000915527344,29.450000762939453,30.31999969482422,0.0285078745231434,0.014846105252724,0.6737364192593696,0.236198658946301,0.736701736701724,0.212348396741976,0.6317573783600655,0.2118671596764081,0.7988,0.3031999969482422,0.1250635807406304,0.06700133800194119,0.062098263298275946,0.09085160020626618,0.16704262163993444,0.09133283727183408
2022-02-25,38328.68,39683.53,38014.37,39219.17,56574.57125,79.88,79.88,69.99,71.44,4298.3798828125,4385.33984375,4286.830078125,4384.64990234375,5177060000,31.68000030517578,32.0,26.93000030517578,27.59000015258789,0.0230055700671098,0.0221260805512657,0.5954495749684255,0.2604676123207102,0.5678356331278748,0.2359979778674064,0.6301405709779375,0.2236529325271699,0.7143999999999999,0.2759000015258789,0.11895042503157438,0.015432389205168706,0.14656436687212515,0.03990202365847251,0.0842594290220624,0.05224706899870901
2022-02-28,37699.08,44225.84,37450.17,43160.0,73945.63858,80.65,81.2,75.09,77.47,4354.169921875,4388.83984375,4315.1201171875,4373.93994140625,6071370000,32.439998626708984,33.5099983215332,28.43000030517578,30.149999618530273,0.0957484825177722,-0.0024455914631261,0.9086188178903756,0.2592614590167417,0.6707722440500224,0.2358673370389638,0.6870149525779214,0.2208178731060162,0.7746999999999999,0.3014999961853027,-0.13391881789037563,0.04223853716856102,0.1039277559499775,0.06563265914633892,0.0876850474220785,0.08068212307928652
2022-03-01,43160.0,44949.0,42809.98,44421.2,61743.09873,77.47,78.05,74.66,76.99,4363.14013671875,4378.4501953125,4279.5400390625,4306.259765625,5846230000,29.450000762939453,35.189998626708984,29.440000534057617,33.31999969482422,0.0288026925696246,-0.015594467786613,0.7382157160105215,0.2440993863452344,0.6825248656541886,0.2377998898592223,0.6912235025754961,0.2240300241597839,0.7698999999999999,0.3331999969482422,0.03168428398947842,0.08910061060300781,0.08737513434581134,0.09540010708901991,0.07867649742450378,0.1091699727884583
2022-03-02,44421.2,45400.0,43334.09,43892.98,57782.65081,76.99,77.83,73.62,73.8,4322.56005859375,4401.47998046875,4322.56005859375,4386.5400390625,5337870000,34.20000076293945,34.40999984741211,30.1200008392334,30.739999771118164,-0.0119624345490484,0.0184710467806521,0.7360164834620516,0.2702538465150444,0.6837202256691091,0.2442561775878165,0.6903308996938585,0.22687130216598,0.738,0.30739999771118165,0.001983516537948371,0.037146151196137234,0.05427977433089093,0.06314382012336514,0.047669100306141465,0.08052869554520165
2022-03-03,43892.99,44101.12,41832.28,42454.0,50940.61021,73.79,76.27,73.1,73.7,4401.31005859375,4416.77978515625,4345.56005859375,4363.490234375,5039890000,30.520000457763672,32.0099983215332,29.309999465942383,30.479999542236328,-0.0333332615882579,-0.0052685207442456,0.7009862917130567,0.2630253352169804,0.6932766096801799,0.234728733951322,0.69578691670631,0.22581466797794,0.737,0.3047999954223633,0.03601370828694328,0.041774660205382896,0.04372339031982009,0.07007126147104131,0.04121308329369,0.0789853274444233
2022-03-04,42454.0,42527.3,38550.0,39148.66,61964.68498,73.7,80.98,72.11,79.28,4342.1201171875,4342.1201171875,4284.97998046875,4328.8701171875,5797380000,31.899999618530273,34.650001525878906,31.469999313354492,31.979999542236328,-0.0810549423019875,-0.0079656845430019,0.888839279476006,0.2343913961233078,0.766088082237884,0.2236662914375212,0.732100328908064,0.2248098427588218,0.7928000000000001,0.31979999542236326,-0.09603927947600599,0.08540859929905545,0.02671191776211601,0.09613370398484206,0.06069967109193608,0.09499015266354147
2022-03-07,38420.8,39547.57,37155.0,37988.0,63994.11559,79.72,80.7,78.14,80.7,4327.009765625,4327.009765625,4199.85009765625,4201.08984375,6940470000,35.880001068115234,36.54999923706055,32.59000015258789,36.45000076293945,-0.0300958741395586,-0.0299625868144164,0.8990542871319539,0.2904080950357517,0.7714517873848888,0.2543887472961533,0.6623660897388289,0.2343455823770835,0.807,0.36450000762939455,-0.09205428713195385,0.07409191259364284,0.03554821261511121,0.11011126033324126,0.14463391026117112,0.13015442525231105
2022-03-08,37988.01,39362.08,37867.65,38730.63,55583.06638,80.7,82.53,79.94,80.93,4202.66015625,4276.93994140625,4157.8701171875,4170.7001953125,7243120000,36.189998626708984,37.52000045776367,32.779998779296875,35.130001068115234,0.0193604394737655,-0.007260043975698,0.8951781902028284,0.2313642567161106,0.7427926623682347,0.2393886399547332,0.6643108503690267,0.2345509454417335,0.8093,0.35130001068115235,-0.08587819020282839,0.11993575396504175,0.0665073376317653,0.11191137072641916,0.1449891496309733,0.11674906523941886
2022-03-09,38730.63,42594.06,38656.45,41941.71,67392.58799,80.93,81.28,78.69,81.01,4223.10009765625,4299.39990234375,4223.10009765625,4277.8798828125,5662670000,33.7400016784668,34.119998931884766,31.38999938964844,32.45000076293945,0.0796500373203137,0.0253735981221411,0.8238777208244119,0.3039331141875424,0.8333837752467345,0.2714006932302219,0.7015037445605089,0.2451775669710587,0.8101,0.3245000076293945,-0.013777720824411865,0.02056689344185214,-0.023283775246734417,0.05309931439917259,0.10859625543949114,0.07932244065833582
2022-03-10,41941.7,42039.63,38539.73,39422.0,71962.93154,81.01,83.87,80.13,80.13,4252.5498046875,4268.27978515625,4209.7998046875,4259.52001953125,4980830000,33.029998779296875,34.029998779296875,30.229999542236328,30.229999542236328,-0.0619567610700479,-0.0043010499202472,0.8512025407006703,0.29186066286907,0.804870812825913,0.2585876190285823,0.7270451051582829,0.2454006185870861,0.8012999999999999,0.3022999954223633,-0.04990254070067035,0.010439332553293323,-0.0035708128259130945,0.043712376393781005,0.07425489484171699,0.05689937683527721
2022-03-11,39422.01,40236.26,38223.6,38729.57,59018.7642,80.13,80.84,77.41,79.73,4279.5,4291.009765625,4200.490234375,4204.31005859375,4938640000,30.43000030517578,31.040000915527344,28.84000015258789,30.75,-0.0177206451442286,-0.0130462789332381,0.8504561462845366,0.2606035421136481,0.8062560975136144,0.2620375215504872,0.728977397607184,0.2476635507979495,0.7973,0.3075,-0.053156146284536576,0.04689645788635188,-0.00895609751361437,0.04546247844951279,0.06832260239281596,0.0598364492020505
2022-03-14,37777.35,39947.12,37555.0,39671.37,46945.45375,82.47,82.96,81.57,82.43,4202.75,4247.56982421875,4161.72021484375,4173.10986328125,5574920000,31.030000686645508,33.18000030517578,30.059999465942383,31.770000457763672,0.0240263778824458,-0.0074486750955333,0.8759320912983217,0.2606532071536498,0.7887654878485236,0.2607127064006847,0.7309313278068716,0.23660165843944,0.8243,0.3177000045776367,-0.05163209129832169,0.057046797423986884,0.035534512151476405,0.05698729817695197,0.09336867219312839,0.08109834613819669
2022-03-15,39671.37,39887.61,38098.33,39280.33,46015.54926,82.43,83.74,80.69,81.98,4188.81982421875,4271.0498046875,4187.89990234375,4262.4501953125,5392470000,33.130001068115234,33.83000183105469,29.56999969482422,29.829999923706055,-0.0099058841699839,0.0211826297241449,0.7231519633009061,0.3076147706266716,0.7803640404723441,0.2668431789445661,0.7296259713767274,0.2385832124109866,0.8198000000000001,0.2982999992370605,0.09664803669909394,-0.009314771389611065,0.039435959527655995,0.031456820292494414,0.09017402862327273,0.059716786826073925
2022-03-16,39280.33,41718.0,38828.48,41114.0,88120.76167,81.98,83.93,80.0,81.79,4288.14013671875,4358.89990234375,4251.990234375,4357.85986328125,6309750000,29.020000457763672,29.799999237060547,26.290000915527344,26.670000076293945,0.0456248114305101,0.0221369216483934,0.7313564549197059,0.2662400064634744,0.7941311821460039,0.2760121292926569,0.7410812310017021,0.2474210103572969,0.8179000000000001,0.2667000007629394,0.08654354508029416,0.00045999429946502746,0.023768817853996205,-0.009312128529717467,0.07681876899829798,0.019278990405642515
2022-03-17,41114.01,41478.82,40500.0,40917.9,37189.38087,81.79,82.02,75.05,75.18,4345.10986328125,4412.669921875,4335.64990234375,4411.669921875,4985090000,26.510000228881836,27.469999313354492,25.25,25.670000076293945,-0.0047810759850474,0.0122722050687002,0.7345145311569232,0.2532176481328427,0.7906704759085079,0.2644130139815991,0.726421008911433,0.2486568234546382,0.7518,0.2567000007629395,0.0172854688430768,0.0034823526300967744,-0.038870475908507895,-0.007713013218659637,0.025378991088567004,0.008043177308301286
2022-03-18,40917.89,42325.02,40135.04,41757.51,45408.00969,75.18,76.12,70.75,70.75,4407.33984375,4465.39990234375,4390.56982421875,4463.1201171875,8278430000,26.36000061035156,26.81999969482422,23.850000381469727,23.8700008392334,0.0203116952414414,0.0115948144118881,0.5553179663010239,0.2255514178725218,0.6755900299470289,0.2681278553565155,0.7277454549898628,0.2411401078842788,0.7075,0.238700008392334,0.1521820336989761,0.013148590519812181,0.03190997005297114,-0.02942784696418152,-0.020245454989862743,-0.0024400994919448193
2022-03-21,41262.11,41544.22,40467.94,41002.25,39426.24877,72.67,73.75,71.33,71.8,4462.39990234375,4481.75,4424.2998046875,4461.18017578125,4869820000,25.13999938964844,25.36000061035156,22.989999771118164,23.530000686645508,-0.0182523721125317,-0.0004347548543014,0.389865800499563,0.2191985369944886,0.6628936869500465,0.2569369038417863,0.6591176170544285,0.2406261048496955,0.718,0.23530000686645508,0.328134199500437,0.01610146987196648,0.055106313049953504,-0.02163689697533122,0.058882382945571465,-0.005326097983240408
2022-03-22,41002.26,43361.0,40875.51,42364.13,59454.94294,71.8,74.24,70.89,71.19,4469.10009765625,4522.0,4469.10009765625,4511.60986328125,4754840000,24.020000457763672,24.020000457763672,22.700000762939453,22.940000534057617,0.0326750703725588,0.0112406995540742,0.380317541426085,0.1708385053228473,0.6815361087823107,0.2499750613602691,0.6472712019200855,0.2426740520062635,0.7119,0.22940000534057617,0.331582458573915,0.05856150001772886,0.03036389121768923,-0.020575056019692922,0.0646287980799145,-0.013274046665687322
2022-03-23,42364.13,43025.96,41751.47,42882.76,40828.87039,71.19,71.4,69.5,69.58,4493.10009765625,4501.06982421875,4455.81005859375,4456.240234375,4550670000,23.040000915527344,24.030000686645508,22.63999938964844,23.56999969482422,0.0121678667429053,-0.0123486302524952,0.3722031409869659,0.193038663355359,0.6688972981500043,0.2557091990343588,0.6482239980526509,0.2440436126494987,0.6958,0.23569999694824217,0.3235968590130341,0.04266133359288318,0.02690270184999566,-0.020009202086116618,0.04757600194734912,-0.008343615701256524
2022-03-24,42882.76,44220.89,42560.46,43991.46,56195.12374,69.58,69.93,65.43,65.47,4469.97998046875,4520.580078125,4465.169921875,4520.16015625,4131390000,23.61000061035156,23.790000915527344,21.489999771118164,21.670000076293945,0.0255256438082847,0.014242012281618,0.3480675681076245,0.1792085610857848,0.5603610193889823,0.257123912726764,0.6523477725387953,0.2439534792127356,0.6547,0.21670000076293947,0.30663243189237543,0.03749143967715465,0.09433898061101764,-0.04042391196382453,0.00235222746120467,-0.027253478449796142
2022-03-25,43991.46,45094.14,43579.0,44313.16,54614.43648,65.47,65.92,61.98,62.41,4522.91015625,4546.02978515625,4501.06982421875,4543.06005859375,4305020000,21.8700008392334,22.86000061035156,20.799999237060547,20.809999465942383,0.0072861742275436,0.0050533807042376,0.2815059774923178,0.1512932955266255,0.532416594499163,0.208121135560992,0.6499807747600241,0.2384788062402339,0.6241,0.20809999465942383,0.34259402250768217,0.056806699132798344,0.09168340550083698,-2.114090156815629e-05,-0.02588077476002415,-0.030378811580810072
2022-03-28,46827.76,48189.84,46663.56,47122.21,58949.2614,68.62,69.0,62.82,63.04,4541.08984375,4575.64990234375,4517.68994140625,4575.52001953125,4312260000,22.13999938964844,23.329999923706055,19.540000915527344,19.6299991607666,0.0614627413728666,0.0071195510200425,0.3886540791967564,0.1452831319168744,0.5736022133620219,0.1996815599410166,0.6679837807143145,0.2319359626625398,0.6304,0.196299991607666,0.24174592080324359,0.051016859690791616,0.056797786637978076,-0.0033815683333505986,-0.03758378071431456,-0.03563597105487379
2022-03-29,47122.21,48096.47,46950.85,47434.8,36772.28457,63.04,63.08,61.6,62.04,4602.85986328125,4637.2998046875,4589.66015625,4631.60009765625,5085910000,19.700000762939453,19.729999542236328,18.670000076293945,18.899999618530273,0.0066116967684651,0.012182044101391,0.3970435770234207,0.1464054946270374,0.4890480420736324,0.1827904703536688,0.6680429283648311,0.2335739073154279,0.6204,0.18899999618530272,0.22335642297657926,0.04259450155826533,0.13135195792636756,0.006209525831633922,-0.047642928364831194,-0.04457391113012518
2022-03-30,47434.79,47700.22,46445.42,47067.99,40947.2085,62.04,62.71,60.9,62.44,4624.2001953125,4627.77001953125,4581.31982421875,4602.4501953125,4385570000,19.3799991607666,20.510000228881836,18.719999313354492,19.329999923706055,-0.0077629843968783,-0.0063135889990887,0.3598283148124265,0.1597106084753921,0.37866675010646,0.1851043228210643,0.6564009633727713,0.2308345853361781,0.6244,0.19329999923706054,0.26457168518757346,0.03358939076166845,0.24573324989353995,0.00819567641599625,-0.03200096337277136,-0.037534586099117556
2022-03-31,47067.99,47600.0,45200.0,45510.34,48645.12667,61.7,64.11,61.7,64.11,4599.02001953125,4603.06982421875,4530.41015625,4530.41015625,4823020000,19.68000030517578,21.479999542236328,19.540000915527344,20.559999465942383,-0.033653599256926,-0.0157763352268817,0.4643477495717405,0.1907402368248881,0.4083205036669041,0.1906935111206931,0.6627147430258603,0.2358808025984815,0.6411,0.20559999465942383,0.17675225042825948,0.01485975783453572,0.23277949633309591,0.014906483538730725,-0.021614743025860306,-0.030280807939057658
2022-04-01,45510.35,46720.09,44200.0,46283.49,56271.06474,64.11,64.35,58.86,59.54,4540.31982421875,4548.7001953125,4507.56982421875,4545.85986328125,4562940000,20.6200008392334,20.86000061035156,19.40999984741211,19.6299991607666,0.016845757140592,0.003404420961463,0.4660113014768358,0.1678959479509878,0.4051829701955066,0.1819475819399642,0.6179193912710812,0.2267283396401677,0.5954,0.196299991607666,0.12938869852316426,0.028404043656678202,0.19021702980449345,0.014352409667701821,-0.022519391271081157,-0.03042834803250169
2022-04-04,46407.36,46890.71,45118.0,46580.51,44641.87514,59.47,61.87,59.46,60.54,4547.97021484375,4583.5,4539.2099609375,4582.64013671875,4547350000,20.75,20.780000686645508,18.450000762939453,18.56999969482422,0.0063969032746102,0.0080583825321336,0.4547989626167184,0.1537707336135122,0.3946349978664155,0.1689280822979112,0.6156003870388428,0.2261091489934746,0.6053999999999999,0.18569999694824219,0.1506010373832815,0.03192926333472998,0.21076500213358446,0.016771914650330982,-0.01020038703884285,-0.040409152045232405
2022-04-05,46580.5,47200.0,45353.81,45497.55,42192.74852,60.54,62.9,60.1,62.88,4572.4501953125,4593.4501953125,4514.169921875,4525.1201171875,4800620000,18.790000915527344,21.56999969482422,18.549999237060547,21.030000686645508,-0.0235237349480631,-0.0126311590740053,0.493255775574951,0.1740994841838799,0.3900414153665976,0.1656203994501139,0.6037230674726674,0.2273340989681397,0.6288,0.21030000686645509,0.13554422442504904,0.036200522682575176,0.23875858463340244,0.044679607416341194,0.025076932527332674,-0.017034092101684606
2022-04-06,45497.54,45507.14,43121.0,43170.47,60849.32936,62.88,66.63,62.87,66.05,4494.169921875,4503.93994140625,4450.0400390625,4481.14990234375,4986830000,21.270000457763672,24.780000686645508,21.239999771118164,22.100000381469727,-0.0525017816550028,-0.0097644339124797,0.3981887339413241,0.1722617783973539,0.4640652821742114,0.167286728649476,0.6205163869992405,0.2218799045579874,0.6605,0.22100000381469725,0.2623112660586759,0.04873822541734335,0.19643471782578859,0.05371327516522126,0.03998361300075948,-0.0008799007432901407
2022-04-07,43170.47,43900.99,42727.35,43444.19,37396.54156,66.05,67.1,61.69,61.74,4474.64990234375,4521.16015625,4450.2998046875,4500.2099609375,4821490000,21.969999313354492,23.81999969482422,21.1200008392334,21.549999237060547,0.0063204291562023,0.0042443655520372,0.397604601767812,0.1477656384851579,0.45819080222344,0.161156015869372,0.6165054666512759,0.2186325534172355,0.6174000000000001,0.21549999237060546,0.21979539823218808,0.06773435388544757,0.15920919777656006,0.05434397650123346,0.0008945333487241358,-0.003132561046630039
2022-04-08,43444.2,43970.62,42107.14,42252.01,42375.04203,61.74,62.56,59.28,62.19,4494.14990234375,4520.41015625,4474.60009765625,4488.27978515625,4083200000,21.25,22.34000015258789,20.280000686645508,21.15999984741211,-0.027825199218427,-0.0026545466755523,0.40559211091822,0.1471045397125377,0.4684144000923958,0.1617041870276064,0.6206042318700292,0.2100488145381609,0.6219,0.2115999984741211,0.21630788908178,0.06449545876158339,0.1534855999076042,0.0498958114465147,0.0012957681299707868,0.001551183935960182
2022-04-11,42158.85,42414.71,39200.0,39530.45,63560.44721,61.08,68.6,60.08,68.28,4462.64013671875,4464.35009765625,4408.3798828125,4412.52978515625,4266290000,23.09000015258789,24.420000076293945,22.09000015258789,24.3700008392334,-0.0665806656331049,-0.0170213345846961,0.5039515927038708,0.151559072634216,0.5284500813942028,0.1693611115095566,0.5859845787759627,0.2161523969769783,0.6828,0.243700008392334,0.17884840729612916,0.09214093575811799,0.15434991860579717,0.0743388968827774,0.0968154212240373,0.027547611415355694
2022-04-12,39530.45,40699.0,39254.63,40074.94,57751.01778,68.28,68.41,65.09,65.22,4437.58984375,4471.0,4381.33984375,4397.4501953125,4152090000,24.940000534057617,25.3799991607666,22.270000457763672,24.260000228881836,0.0136799402987624,-0.0034233005304522,0.4944660621958001,0.143303043235867,0.529437281956659,0.1624591219845576,0.580482045812548,0.2112004598433022,0.6522,0.24260000228881837,0.15773393780419992,0.09929695905295136,0.12276271804334105,0.08014088030426078,0.07171795418745197,0.031399542445516154
2022-04-13,40074.95,41561.31,39588.54,41147.79,41342.27254,65.22,66.38,63.38,63.61,4394.2998046875,4453.919921875,4392.7001953125,4446.58984375,3828150000,23.520000457763672,24.450000762939453,21.3700008392334,21.81999969482422,0.0264190184253026,0.0111126032689019,0.5516281728367274,0.1554204094362435,0.530443047898966,0.1572458107696467,0.5862113137342726,0.2068517119403734,0.6361,0.2181999969482422,0.08447182716327262,0.06277958751199869,0.10565695210103399,0.06095418617859549,0.0498886862657274,0.011348285007868775
2022-04-14,41147.78,41500.0,39551.94,39942.38,36807.01401,63.61,63.62,60.07,62.1,4449.1201171875,4460.4599609375,4390.77001953125,4392.58984375,4083090000,21.719999313354492,22.700000762939453,20.850000381469727,22.700000762939453,-0.0297323041306666,-0.0122184803835081,0.5556169168653544,0.1545089709709774,0.5373351346490504,0.1610193830702816,0.5846377391932941,0.2094862066820529,0.621,0.22700000762939454,0.06538308313464558,0.07249103665841714,0.08366486535094964,0.06598062455911294,0.036362260806705904,0.017513800947341646
2022-04-18,39678.11,41116.73,38536.51,40801.13,54243.49575,63.59,64.91,62.62,63.47,4385.6298828125,4410.31005859375,4370.2998046875,4391.68994140625,3910490000,24.520000457763672,24.600000381469727,21.979999542236328,22.170000076293945,0.0212718615086496,-0.0002048892724065,0.5427442402641097,0.1507711011426877,0.4587783933809854,0.1555250350320641,0.5377966137388626,0.2080531888021275,0.6347,0.22170000076293944,0.09195575973589032,0.07092889962025173,0.17592160661901463,0.06617496573087533,0.09690338626113748,0.013646811960811939
2022-04-19,40801.13,41760.0,40571.0,41493.18,35788.85843,63.47,63.48,61.31,62.46,4390.6298828125,4471.02978515625,4390.6298828125,4462.2099609375,4108120000,22.549999237060547,22.920000076293945,20.36000061035156,21.3700008392334,0.0168192992773752,0.0159300447493866,0.557875453280569,0.1861234739288299,0.4680182724464284,0.1632073415213355,0.5310851652623306,0.1915645672073745,0.6246,0.213700008392334,0.06672454671943107,0.027576534463504082,0.15658172755357164,0.05049266687099849,0.09351483473766942,0.022135441184959498
2022-04-20,41493.19,42199.0,40820.0,41358.19,40877.35041,62.46,62.62,61.32,62.19,4472.259765625,4488.2900390625,4448.759765625,4459.4501953125,4290450000,21.1299991607666,21.31999969482422,19.75,20.31999969482422,-0.0032586092287824,-0.0006186664061825,0.537658987244423,0.1858611443425878,0.4687429636574517,0.1625239520294103,0.5290509525922666,0.1897301158212616,0.6219,0.2031999969482422,0.08424101275557705,0.017338852605654403,0.1531570363425483,0.040676044918831894,0.09284904740773336,0.01346988112698061
2022-04-21,41358.19,42976.0,39751.0,40480.01,59316.27657,62.19,63.94,60.64,63.51,4489.169921875,4512.93994140625,4384.47021484375,4393.66015625,4636890000,20.239999771118164,23.280000686645508,19.809999465942383,22.68000030517578,-0.021462195138858,-0.014862855551311,0.3487125265902638,0.1783054270190634,0.4591894285903772,0.1610905997459214,0.4792210640538981,0.1827948427797945,0.6351,0.22680000305175782,0.2863874734097362,0.048494576032694414,0.1759105714096228,0.06570940330583641,0.15587893594610192,0.04400516027196333
2022-04-22,40480.01,40795.06,39177.0,39709.18,46664.0196,63.51,63.64,59.99,61.12,4385.830078125,4385.830078125,4267.6201171875,4271.77978515625,4651940000,22.709999084472656,28.270000457763672,22.6200008392334,28.209999084472656,-0.0192258767952012,-0.0281320763773669,0.3635126247386269,0.2441437608294163,0.4461135063801015,0.1923875900096469,0.4470543324084804,0.2008344969413656,0.6112,0.2820999908447266,0.24768737526137308,0.03795623001531029,0.16508649361989847,0.0897124008350797,0.16414566759151955,0.08126549390336099
2022-04-25,39450.12,40616.0,38200.0,40426.08,63037.12784,62.62,66.38,62.62,65.57,4255.33984375,4299.02001953125,4200.81982421875,4296.1201171875,5240040000,30.040000915527344,31.600000381469727,26.799999237060547,27.020000457763672,0.0178927260277512,0.0056817651441118,0.3389674113232123,0.2317518836879495,0.4573009748954335,0.1896388268757047,0.4465352257428451,0.1974923214933648,0.6557,0.2702000045776367,0.31673258867678766,0.038448120889687215,0.19839902510456647,0.080561177701932,0.20916477425715485,0.07270768308427192
2022-04-26,40426.08,40797.31,37702.26,38112.65,66650.258,65.57,67.36,63.58,66.78,4278.14013671875,4278.14013671875,4175.0400390625,4175.2001953125,4689970000,27.3799991607666,33.810001373291016,27.059999465942383,33.52000045776367,-0.058928873224046,-0.0285500089285977,0.4607666720545713,0.2707879808837438,0.5000833155358491,0.2132453972857507,0.4739411947184226,0.2138671325879256,0.6678000000000001,0.3352000045776367,0.20703332794542878,0.06441202369389293,0.167716684464151,0.12195460729188601,0.19385880528157745,0.1213328719897111
2022-04-27,38112.64,39474.72,37881.31,39235.72,57083.12272,64.91,66.48,64.48,65.09,4186.52001953125,4240.7099609375,4162.89990234375,4183.9599609375,4769680000,31.11000061035156,32.77000045776367,29.81999969482422,31.600000381469727,0.029041308349954,0.0020958490249645,0.4824247495886423,0.2736392329187991,0.4937480133992916,0.2148466957298756,0.4812082876901078,0.2043972931355105,0.6509,0.3160000038146973,0.16847525041135775,0.04236077089589818,0.15715198660070845,0.10115330808482167,0.16969171230989222,0.11160271067918678
2022-04-28,39235.72,40372.63,38881.43,39742.07,56086.6715,60.38,63.55,59.78,63.0,4222.580078125,4308.4501953125,4188.6298828125,4287.5,4854180000,29.90999984741211,32.0,28.0,29.989999771118164,0.0128227679696394,0.0244456553408321,0.4751694628132183,0.3063258346025072,0.4978577435998644,0.2463081946318348,0.4632152353924731,0.2067271440549958,0.63,0.29989999771118164,0.1548305371867817,-0.0064258368913255315,0.1321422564001356,0.053591803079346856,0.1667847646075269,0.09317285365618586
2022-04-29,39742.06,39925.25,38175.0,38596.11,51453.65715,63.0,63.18,57.99,60.54,4253.75,4269.68017578125,4124.27978515625,4131.93017578125,5084030000,28.969999313354492,34.34000015258789,28.540000915527344,33.400001525878906,-0.0292588301525011,-0.0369591597846941,0.4937470304123008,0.3547525510513115,0.4990914486200754,0.2842198039145865,0.4702700812914392,0.2283221476395693,0.6053999999999999,0.3340000152587891,0.11165296958769916,-0.020752535792522397,0.10630855137992457,0.049780211344202574,0.13512991870856073,0.1056778676192198
2022-05-02,38468.35,39167.34,38052.0,38525.16,53200.92628,62.44,63.23,59.72,62.42,4130.60986328125,4169.81005859375,4062.510009765625,4155.3798828125,5163790000,33.349998474121094,36.63999938964844,31.739999771118164,32.34000015258789,-0.001839959845487,0.0056591992938186,0.4884128037720375,0.3662988444587861,0.4167107679437986,0.2833178288481826,0.4655175101909299,0.2258442101869516,0.6242,0.3234000015258789,0.13578719622796248,-0.04289884293290719,0.2074892320562014,0.040082172677696315,0.15868248980907007,0.09755579133892728
2022-05-03,38525.16,38651.51,37517.8,37728.95,40316.45358,62.42,64.92,60.23,64.92,4159.77978515625,4200.10009765625,4147.080078125,4175.47998046875,4582050000,31.760000228881836,32.81999969482422,29.059999465942383,29.25,-0.0208838300694292,0.0048254650753595,0.4902436287473153,0.3427073253515226,0.417558114308906,0.2859555234745287,0.4663438999687075,0.2267509685545128,0.6492,0.2925,0.1589563712526847,-0.050207325351522614,0.231641885691094,0.006544476525471299,0.1828561000312925,0.06574903144548719
2022-05-04,37728.95,40023.77,37670.0,39690.0,62574.61736,64.92,64.98,60.32,60.58,4181.18017578125,4307.66015625,4148.91015625,4300.169921875,5136360000,29.1200008392334,29.420000076293945,24.940000534057617,25.420000076293945,0.0506715625195411,0.0294252215573258,0.5902599572606851,0.3944260802472912,0.4624219418722526,0.3135651739451072,0.4809202032768684,0.241750594503646,0.6058,0.25420000076293947,0.015540042739314863,-0.14022607948435173,0.1433780581277474,-0.05936517318216772,0.1248797967231316,0.012449406259293472
2022-05-05,39690.0,39845.51,35571.9,36552.97,88722.43355,60.58,66.25,58.72,63.13,4270.43017578125,4270.43017578125,4106.009765625,4146.8701171875,5077030000,25.969999313354492,33.20000076293945,25.780000686645508,31.200000762939453,-0.082336825350552,-0.036300677564099,0.6919831212869053,0.4200117253071708,0.5648246168722939,0.3434196736947776,0.531743618359168,0.2602628951598779,0.6313,0.3120000076293945,-0.06068312128690534,-0.10801171767777629,0.06647538312770607,-0.0314196660653831,0.09955638164083203,0.05173711246951662
2022-05-06,36552.97,36675.63,35258.0,36013.77,68437.80187,63.13,65.06,59.8,62.19,4128.169921875,4157.68994140625,4067.909912109375,4123.33984375,5116940000,32.22999954223633,35.34000015258789,29.829999923706055,30.190000534057617,-0.0148610761227884,-0.0056903844139527,0.6473919112696855,0.4202207067242935,0.5512312940997434,0.3429982923483378,0.5242132601038123,0.2555575795319992,0.6219,0.30190000534057615,-0.02549191126968553,-0.11832070138371736,0.07066870590025665,-0.041098287007761636,0.0976867398961877,0.04634242580857695
2022-05-09,34038.39,34243.15,30033.33,30076.31,191876.926428,68.59,85.99,68.33,84.91,4081.27001953125,4081.27001953125,3975.47998046875,3991.239990234375,5954520000,31.899999618530273,35.47999954223633,31.899999618530273,34.75,-0.180163546637267,-0.0325615195396041,1.1634375793297915,0.4080861930519617,0.8976455695751789,0.3486527121532961,0.724215876227065,0.2681211622424748,0.8491,0.3475,-0.31433757932979156,-0.06058619305196172,-0.04854556957517897,-0.0011527121532960982,0.12488412377293501,0.07937883775752519
2022-05-10,30074.23,32658.99,29730.4,31017.1,165532.00311,84.92,88.51,76.95,81.61,4035.179931640625,4068.820068359375,3958.169921875,4001.050048828125,5885820000,33.65999984741211,34.84000015258789,32.2400016784668,32.9900016784668,0.0308008466215324,0.0024548817604092,1.2396279789474305,0.3660067416969594,0.9234156231758794,0.3501491264519082,0.701961280832683,0.2667294843530866,0.8161,0.32990001678466796,-0.42352797894743044,-0.036106724912291444,-0.1073156231758794,-0.02024910966724025,0.114138719167317,0.06317053243158138
2022-05-11,31017.11,32162.59,27785.0,29103.94,207063.739278,81.61,109.04,79.65,101.25,3990.080078125,4049.090087890625,3928.820068359375,3935.179931640625,5816140000,32.869998931884766,34.38999938964844,30.690000534057617,32.560001373291016,-0.0636651051045502,-0.0166002320956977,1.2335511024668786,0.3641688909664207,0.9414057295990796,0.3509102350311069,0.713536613387841,0.2641451516501818,1.0125,0.32560001373291014,-0.22105110246687865,-0.038568877233510546,0.07109427040092031,-0.025310221298196767,0.29896338661215893,0.06145486208272832
2022-05-12,29103.94,30243.0,26700.0,29029.75,204507.263138,101.25,139.73,99.57,114.58,3903.949951171875,3964.800048828125,3858.8701171875,3930.080078125,6286450000,33.7400016784668,34.7599983215332,31.700000762939453,31.770000457763672,-0.0025523939828082,-0.0012968049941124,1.250311168339658,0.3570527354684925,0.9455447461900364,0.3391489092833339,0.7142367120754481,0.2643996366882869,1.1458,0.3177000045776367,-0.10451116833965801,-0.03935273089085578,0.20025525380996356,-0.021448904705697214,0.4315632879245518,0.053300367889349776
2022-05-13,29029.74,31083.37,28751.67,29287.05,97872.36957,114.58,115.12,91.7,99.66,3963.89990234375,4038.8798828125,3963.89990234375,4023.889892578125,5183340000,31.09000015258789,31.200000762939453,28.780000686645508,28.8700008392334,0.0088242725805584,0.0235892679568694,1.147423377276582,0.3317320469427015,0.9388171512278874,0.3589891050302917,0.715778441637576,0.275195305923366,0.9965999999999999,0.288700008392334,-0.15082337727658213,-0.04303203855036747,0.05778284877211248,-0.07028909663795768,0.28082155836242395,0.01350470246896801
2022-05-16,31328.89,31328.9,29087.04,29874.01,73082.19658,92.34,97.55,92.29,96.37,4013.02001953125,4046.4599609375,3983.989990234375,4008.010009765625,4415030000,30.010000228881836,30.229999542236328,27.36000061035156,27.469999313354492,0.0198434328281837,-0.0039542085177224,1.1655203652959194,0.2735979386254948,0.9399022539413296,0.3420482147506756,0.7169779348738063,0.2743109545755069,0.9637,0.27469999313354493,-0.2018203652959194,0.001102054508050121,0.023797746058670355,-0.06734822161713067,0.24672206512619366,0.0003890385580380129
2022-05-17,29874.01,30788.37,29450.38,30444.93,56724.13307,96.37,96.39,88.6,91.46,4052.0,4090.719970703125,4033.929931640625,4088.85009765625,4841410000,27.06999969482422,27.170000076293945,25.510000228881836,26.100000381469727,0.0189306062024952,0.0199689195814626,1.199658851036446,0.3110955496757392,0.9311569455266038,0.3552773674137163,0.7210750051362895,0.2810249825028242,0.9146,0.2610000038146973,-0.2850588510364461,-0.050095545861041924,-0.016556945526603806,-0.094277363599019,0.19352499486371044,-0.020024978688126915
2022-05-18,30444.93,30709.99,28654.47,28715.32,59749.15799,89.74,100.59,87.3,100.59,4051.97998046875,4051.97998046875,3911.909912109375,3923.679931640625,5103220000,26.739999771118164,31.489999771118164,26.209999084472656,30.959999084472656,-0.0584886995742189,-0.0412338092912488,0.6132110734346727,0.3497627511922849,0.9343683880339576,0.3707303663609099,0.7320513861961714,0.3003945851938272,1.0059,0.30959999084472656,0.3926889265653273,-0.040162760347558335,0.07153161196604241,-0.06113037551618333,0.27384861380382863,0.009205405650899334
2022-05-19,28715.33,30545.18,28691.38,30319.23,67877.36415,100.59,100.95,91.05,91.11,3899.0,3945.9599609375,3876.580078125,3900.7900390625,5113550000,31.239999771118164,33.11000061035156,29.059999465942383,29.350000381469727,0.0543513864177695,-0.0058508647773478,0.6855747419788716,0.3484295938358229,0.989584844648956,0.3434014796345177,0.7501986916620484,0.3000412685309006,0.9111,0.29350000381469726,0.22552525802112844,-0.05492959002112563,-0.078484844648956,-0.04990147581982046,0.16090130833795158,-0.00654126471620331
2022-05-20,30319.22,30777.33,28730.0,29201.01,60517.25325,91.11,93.33,83.02,88.56,3927.760009765625,3943.419921875,3810.320068359375,3901.360107421875,5130730000,28.780000686645508,32.90999984741211,28.059999465942383,29.43000030517578,-0.0375788669561836,0.0001461310919903,0.6017709119515934,0.3365225217657152,0.9904192341729426,0.3411498694067151,0.7517827061859086,0.2992227373369778,0.8856,0.2943000030517578,0.2838290880484067,-0.04222251871395738,-0.10481923417294259,-0.046849866354957304,0.13381729381409146,-0.0049227342852199985
2022-05-23,30293.93,30670.51,28866.35,29109.15,63901.49932,82.49,83.59,80.03,82.54,3919.419921875,3981.8798828125,3909.0400390625,3973.75,4420030000,28.979999542236328,30.38999938964844,28.290000915527344,28.479999542236328,-0.0031507399736996,0.0183849954120607,0.6019080603986255,0.3564932614421341,0.9928952344648616,0.3529844309106136,0.751024604409299,0.3066308210992726,0.8254,0.2847999954223633,0.22349193960137448,-0.07169326601977083,-0.1674952344648616,-0.06818443548825032,0.07437539559070105,-0.021830825676909305
2022-05-24,29109.14,29845.86,28669.0,29654.58,59442.96036,82.54,84.5,80.65,82.27,3942.93994140625,3955.679931640625,3875.1298828125,3941.47998046875,4923190000,29.43000030517578,31.06999969482422,29.040000915527344,29.450000762939453,0.0185640245739104,-0.008153950903558,0.6104167584222203,0.3235310955248767,0.958258832902351,0.3193653334731205,0.7380990103564712,0.3044425872040835,0.8227,0.29450000762939454,0.21228324157777967,-0.029031087895482144,-0.13555883290235105,-0.02486532584372597,0.0846009896435288,-0.00994257957468897
2022-05-25,29654.58,30223.74,29294.21,29542.15,59537.38659,82.27,83.16,80.45,82.57,3929.590087890625,3999.330078125,3925.030029296875,3978.72998046875,4802560000,29.329999923706055,30.229999542236328,28.15999984741211,28.3700008392334,-0.0037985251950821,0.0094063856489315,0.5973785111057482,0.331629935047774,0.9175939369513786,0.2937638081185347,0.7350443818032533,0.3068284426736714,0.8256999999999999,0.283700008392334,0.22832148889425163,-0.04792992665543999,-0.09189393695137871,-0.010063799726200695,0.09065561819674661,-0.023128434281337373
2022-05-26,29542.14,29886.64,28019.56,29201.35,94581.65463,82.57,90.14,80.25,81.63,3984.60009765625,4075.139892578125,3984.60009765625,4057.840087890625,4709970000,28.420000076293945,28.459999084472656,27.11000061035156,27.5,-0.0116031160400314,0.0196881660077208,0.5811861188348026,0.3308861071936642,0.9177220724404094,0.3085459052373807,0.72681475334239,0.3113112990587149,0.8162999999999999,0.275,0.23511388116519727,-0.05588610719366416,-0.10142207244040946,-0.03354590523738066,0.08948524665760993,-0.036311299058714885
2022-05-27,29201.35,29397.66,28282.9,28629.8,90998.5201,81.64,84.76,79.62,84.72,4077.429931640625,4158.490234375,4077.429931640625,4158.240234375,4375620000,27.5,27.540000915527344,25.56999969482422,25.719999313354492,-0.0197668076759755,0.024441130195822,0.4699905145263049,0.2080532240181931,0.5273518373408181,0.2902694797442878,0.7252064388244022,0.3199406470926671,0.8472,0.2571999931335449,0.37720948547369504,0.04914676911535182,0.3198481626591818,-0.03306948661074288,0.12199356117559779,-0.0627406539591222
2022-05-31,31734.23,32399.0,31200.01,31801.04,62433.11632,75.39,75.52,72.26,73.06,4151.08984375,4168.33984375,4104.8798828125,4132.14990234375,6822640000,27.469999313354492,28.350000381469727,25.940000534057617,26.190000534057617,0.1050508602476032,-0.0062941351936669,0.7393988825757718,0.2093320779586846,0.6900243824969483,0.2929071801393474,0.7949949267513482,0.3201589566731844,0.7306,0.26190000534057617,-0.008798882575771771,0.05256792738189156,0.04057561750305172,-0.031007174798771242,-0.06439492675134817,-0.05825895133260822
2022-06-01,31801.05,31982.97,29301.0,29805.83,103395.63382,73.06,76.81,71.89,74.75,4149.77978515625,4166.5400390625,4073.85009765625,4101.22998046875,4531800000,26.049999237060547,27.729999542236328,25.3799991607666,25.690000534057617,-0.0647949816931547,-0.0075109050411554,0.8215056784424012,0.2261213824431197,0.6921152652477831,0.2839374732602399,0.807669015689784,0.3159120990202887,0.7475,0.25690000534057617,-0.07400567844240113,0.030778622897456476,0.055384734752216946,-0.027037467919663716,-0.060169015689783945,-0.05901209367971255
2022-06-02,29805.84,30689.0,29594.55,30452.62,56961.42928,71.74,74.12,71.74,73.43,4095.409912109375,4177.509765625,4074.3701171875,4176.81982421875,4405790000,25.729999542236328,26.5,24.329999923706055,24.719999313354492,0.02146802118667,0.0182632254155451,0.8271145636789895,0.2258680260377661,0.6967403435076567,0.2903189357640776,0.8128982664709348,0.3217374593835982,0.7343000000000001,0.24719999313354493,-0.09281456367898944,0.021331967095778837,0.037559656492343385,-0.04311894263053265,-0.07859826647093471,-0.07453746625005328
2022-06-03,30452.63,30699.0,29282.36,29700.21,54067.44727,73.43,74.3,70.84,71.33,4137.56982421875,4142.669921875,4098.669921875,4108.5400390625,3711110000,24.90999984741211,25.959999084472656,24.760000228881836,24.790000915527344,-0.0250179166566577,-0.016482405609817,0.8415060260363595,0.2533750910817372,0.7063774243685829,0.2886142586185636,0.8133913878630569,0.3223258209768672,0.7132999999999999,0.24790000915527344,-0.12820602603635955,-0.005475081926463787,0.006922575631417072,-0.040714249463290164,-0.10009138786305694,-0.07442581182159375
2022-06-06,29919.2,31765.64,29890.23,31373.1,68836.92456,72.04,72.04,67.6,68.51,4134.72021484375,4168.77978515625,4109.18017578125,4121.43017578125,4332700000,25.3700008392334,25.809999465942383,24.81999969482422,25.06999969482422,0.0547967213586006,0.003132489407036,0.9010868142923136,0.252554924941802,0.7392525769580576,0.2875886139779063,0.834372399477917,0.3131040952765481,0.6851,0.2506999969482422,-0.2159868142923136,-0.0018549279935597962,-0.05415257695805753,-0.03688861702966412,-0.14927239947791693,-0.0624040983283059
2022-06-07,31373.1,31589.6,29218.96,31125.33,110674.51658,68.51,73.49,68.51,71.51,4096.47021484375,4164.85986328125,4080.18994140625,4160.68017578125,4248210000,25.540000915527344,26.239999771118164,23.8799991607666,24.020000457763672,-0.0079288807110227,0.0094783315317198,0.8978925362235932,0.2344542760905381,0.7371628693821423,0.2781676293149719,0.8307970439831386,0.3140206184025073,0.7151000000000001,0.2402000045776367,-0.18279253622359315,0.005745728487098617,-0.02206286938214219,-0.0379676247373352,-0.11569704398313851,-0.07382061382487057
2022-06-08,31125.32,31327.22,29843.88,30204.77,68542.61276,71.51,72.79,69.11,71.7,4147.1201171875,4160.14013671875,4107.2001953125,4115.77001953125,4159470000,24.3700008392334,24.780000686645508,23.739999771118164,23.959999084472656,-0.0300220982099308,-0.0108526230401553,0.9137163026646196,0.1948128037847217,0.7012155283504854,0.2096638249075254,0.819766063444472,0.3046098274736385,0.7170000000000001,0.23959999084472655,-0.19671630266461948,0.04478718706000484,0.015784471649514686,0.029936165937201165,-0.10276606344447192,-0.06500983662891197
2022-06-09,30204.77,30700.0,29944.1,30109.93,46291.1865,71.7,72.62,70.51,72.57,4101.64990234375,4119.10009765625,4017.169921875,4017.820068359375,4134170000,24.290000915527344,26.239999771118164,23.81999969482422,26.09000015258789,-0.0031448412464677,-0.0240864576651555,0.609167551677611,0.2378307934127701,0.6618955355908698,0.2376860418425288,0.8124884192072177,0.312048607128071,0.7256999999999999,0.2609000015258789,0.11653244832238885,0.02306920811310878,0.06380446440913012,0.023213959683350077,-0.0867884192072178,-0.05114860560219209
2022-06-10,30109.93,30382.8,28850.0,29091.88,76204.2498,72.57,74.77,71.68,72.55,3974.389892578125,3974.389892578125,3900.159912109375,3900.860107421875,4889640000,26.260000228881836,29.6299991607666,26.049999237060547,27.75,-0.0343959202434377,-0.0295424148114094,0.5087543236381543,0.2837594996207466,0.6585680463929312,0.2731705010525037,0.8130816793364981,0.3124962369743568,0.7254999999999999,0.2775,0.2167456763618456,-0.006259499620746567,0.06693195360706872,0.004329498947496346,-0.08758167933649819,-0.034996236974356776
2022-06-13,26574.53,26895.84,21925.77,22487.41,254611.034966,93.99,107.5,92.78,106.0,3838.14990234375,3838.14990234375,3734.300048828125,3749.6298828125,5636890000,31.3700008392334,35.04999923706055,31.290000915527344,34.02000045776367,-0.2575035003932837,-0.0395399319900399,1.573625762109178,0.2781764851261379,1.2754058652398912,0.3061203022046187,1.0832910665468396,0.3150019763440448,1.06,0.3402000045776367,-0.513625762109178,0.06202351945149881,-0.21540586523989114,0.034079702373017995,-0.023291066546839545,0.025198028233591907
2022-06-14,22485.27,23362.88,20846.0,22136.41,187201.64671,106.0,113.43,97.87,103.09,3763.52001953125,3778.179931640625,3705.679931640625,3735.47998046875,5153890000,33.0099983215332,34.0,32.060001373291016,32.689998626708984,-0.0157318328672523,-0.0037808180394896,1.579137718860664,0.2864426134853171,1.2643719285116244,0.30557235936353,1.0822372603260522,0.3138716390168703,1.0309,0.3268999862670898,-0.548237718860664,0.04045737278177275,-0.23347192851162446,0.021327626903559826,-0.051337260326052236,0.013028347250219507
2022-06-15,22136.42,22800.0,20111.62,22583.72,200774.493467,103.09,142.02,89.15,89.15,3764.050048828125,3837.56005859375,3722.300048828125,3789.989990234375,5530480000,32.38999938964844,32.77000045776367,27.760000228881836,29.6200008392334,0.0200055285384097,0.0144870588365344,1.5014645592900142,0.3203883973210073,1.2745997253887429,0.3105594465591618,1.0879182660873183,0.3173421013879627,0.8915000000000001,0.29620000839233396,-0.6099645592900141,-0.024188388928673366,-0.3830997253887428,-0.014359438166827831,-0.19641826608731827,-0.021142092995628747
2022-06-16,22583.72,22995.73,20232.0,20401.31,99673.59429,89.15,119.65,88.53,119.65,3728.179931640625,3728.179931640625,3639.77001953125,3666.77001953125,5644930000,30.350000381469727,34.81999969482422,30.350000381469727,32.95000076293945,-0.1016301782416361,-0.0330522071138406,1.5044139361730753,0.3018571348104556,1.32061711527186,0.314897777264505,1.094992713199595,0.3131110496721711,1.1965000000000001,0.3295000076293945,-0.30791393617307516,0.0276428728189389,-0.12411711527185987,0.014602230364889501,0.10150728680040522,0.016388957957223393
2022-06-17,20400.6,21365.43,20246.66,20468.81,86694.33663,119.65,121.89,105.53,108.67,3665.89990234375,3707.7099609375,3636.8701171875,3674.840087890625,8520740000,32.84000015258789,33.310001373291016,30.469999313354492,31.1299991607666,0.0033031496542327,0.0021984473410133,1.5453570963390275,0.3242572458058946,1.3262128787184613,0.2841610189773376,1.082167316100489,0.2995902747937169,1.0867,0.311299991607666,-0.4586570963390275,-0.012957254198228574,-0.23951287871846128,0.02713897263032844,0.004532683899511003,0.011709716813949111
2022-06-21,20573.9,21723.0,20348.4,20723.52,104371.0749,99.27,99.52,93.8,97.96,3715.31005859375,3779.64990234375,3715.31005859375,3764.7900390625,5292260000,30.6299991607666,30.649999618530273,29.329999923706055,30.190000534057617,0.0123670230035458,0.0241824749606719,1.570070263453185,0.3962246502879819,1.2041039949916847,0.3169533052155741,1.0860145921847193,0.3104632079288549,0.9795999999999999,0.30190000534057615,-0.590470263453185,-0.09432464494740578,-0.22450399499168483,-0.015053299874997927,-0.10641459218471938,-0.008563202588278751
2022-06-22,20723.51,20900.0,19770.51,19987.99,92133.97938,97.96,100.67,96.79,99.76,3733.889892578125,3801.7900390625,3717.68994140625,3759.889892578125,5058990000,31.450000762939453,31.56999969482422,28.780000686645508,28.950000762939453,-0.0361376939508315,-0.0013024200953574,1.56922078079152,0.3710361308834171,1.1944219925198445,0.3177201491184808,0.9740738685681806,0.2975789958553888,0.9976,0.28950000762939454,-0.5716207807915199,-0.08153612325402254,-0.19682199251984445,-0.028220141489086248,0.023526131431819475,-0.008078988225994232
2022-06-23,19988.0,21233.0,19890.07,21110.13,83127.08716,99.76,99.84,91.29,91.46,3774.7099609375,3802.580078125,3743.52001953125,3795.72998046875,5098640000,29.290000915527344,29.770000457763672,28.739999771118164,29.049999237060547,0.0546214268784678,0.0094870724855565,0.7899871357492222,0.2881279810119079,1.2291080577509208,0.3066049940639429,0.9858883766955524,0.299185448691199,0.9146,0.2904999923706055,0.12461286425077778,0.002372011358697579,-0.31450805775092083,-0.01610500169333745,-0.07128837669555244,-0.008685456320593532
2022-06-24,21110.12,21558.41,20736.72,21237.69,77430.36622,91.46,93.09,88.23,90.66,3821.75,3913.64990234375,3821.75,3911.739990234375,8120260000,29.06999969482422,29.719999313354492,26.829999923706055,27.229999542236328,0.0060244133369918,0.030105539729901,0.793013243692987,0.329583284012319,1.2367060125475653,0.3400697008785955,0.9752936620437826,0.3094942120775599,0.9066,0.2722999954223633,0.11358675630701298,-0.05728328858995574,-0.33010601254756533,-0.06776970545623223,-0.06869366204378269,-0.03719421665519662
2022-06-27,21038.08,21539.85,20510.0,20742.56,64475.0013,90.26,91.0,87.5,89.09,3920.760009765625,3927.719970703125,3889.659912109375,3900.110107421875,4325310000,28.299999237060547,28.65999984741211,26.93000030517578,26.950000762939453,-0.0235898052332058,-0.0029774998903406,0.7761102443955982,0.3286568529791388,1.1835180776349692,0.3387430141097313,0.9757091762527446,0.309584329406583,0.8909,0.2695000076293945,0.11478975560440186,-0.0591568453497443,-0.29261807763496916,-0.06924300648033677,-0.08480917625274453,-0.04008432177718846
2022-06-28,20742.57,21212.1,20202.01,20281.29,63801.0832,89.09,90.02,85.93,87.5,3913.0,3945.860107421875,3820.139892578125,3821.550048828125,4270120000,26.899999618530273,28.68000030517578,26.469999313354492,28.36000061035156,-0.0224888419964654,-0.0203486731494949,0.4826665946971349,0.2723764446821804,1.1799676686350609,0.3394717205355319,0.9743433953116712,0.3063513337965596,0.875,0.2836000061035156,0.3923334053028651,0.011223561421335182,-0.30496766863506086,-0.05587171443201627,-0.09934339531167125,-0.022751327693044
2022-06-29,20281.28,20432.31,19854.92,20123.01,77309.04379,87.5,91.54,86.17,91.37,3825.090087890625,3836.5,3799.02001953125,3818.830078125,4211240000,28.799999237060547,29.36000061035156,27.850000381469727,28.15999984741211,-0.0078348497395383,-0.0007119988201726,0.4832742578225776,0.274591311871448,1.1839244112138405,0.3394303482925814,0.9697129235854434,0.306289952299928,0.9137000000000001,0.2815999984741211,0.43042574217742247,0.00700868660267312,-0.27022441121384044,-0.0578303498184603,-0.0560129235854433,-0.02468995382580691
2022-06-30,20123.0,20179.08,18626.0,19942.21,93846.64806,91.37,99.17,90.93,94.14,3785.989990234375,3818.989990234375,3738.669921875,3785.3798828125,4840070000,29.420000076293945,30.219999313354492,28.280000686645508,28.709999084472656,-0.0090253455381861,-0.0087978662463676,0.4726858331170831,0.2505489956827776,1.1816948493400024,0.329110813372488,0.9650447663874416,0.2999593475400729,0.9414,0.28709999084472654,0.4687141668829169,0.03655099516194893,-0.24029484934000234,-0.04201082252776145,-0.023644766387441618,-0.01285935669534638
2022-07-01,19942.21,20918.35,18975.0,19279.8,111844.59494,94.14,95.49,90.28,92.97,3781.0,3829.820068359375,3752.10009765625,3825.330078125,4046950000,29.530000686645508,29.59000015258789,26.690000534057617,26.700000762939453,-0.0337806752051056,0.0104985112966391,0.4664375542111325,0.2563684861987628,1.181647610055852,0.3129223547266454,0.9577994381618364,0.2787381250182721,0.9297,0.2670000076293945,0.4632624457888675,0.01063152143063173,-0.251947610055852,-0.045922347097250904,-0.028099438161836465,-0.01173811738887759
2022-07-05,20236.71,20750.0,19304.4,20175.83,96041.13756,86.99,87.51,84.43,86.08,3792.610107421875,3832.18994140625,3742.06005859375,3831.389892578125,5076590000,27.3700008392334,29.81999969482422,27.299999237060547,27.540000915527344,0.0454274376499564,0.0015828751061934,0.4176640511765511,0.2516180315029987,0.6074491117575274,0.2599000303863241,0.9526593103570984,0.2784107721231554,0.8608,0.27540000915527346,0.4431359488234489,0.023781977652274744,0.25335088824247265,0.015499978768949374,-0.09185931035709838,-0.0030107629678819414
2022-07-06,20175.84,20675.22,19761.25,20564.51,82439.5808,81.78,84.1,81.62,82.25,3831.97998046875,3870.909912109375,3809.3701171875,3845.080078125,4417720000,27.84000015258789,28.06999969482422,26.43000030517578,26.729999542236328,0.0190814211736067,0.0035667957050661,0.4407731474890354,0.1566257687644463,0.6164689268327684,0.2588510973565165,0.9544063862069652,0.2786666582385565,0.8225,0.26729999542236327,0.3817268525109646,0.11067422665791696,0.20603107316723157,0.008448898065846755,-0.13190638620696515,-0.011366662816193251
2022-07-07,20564.51,21838.1,20251.68,21624.98,85014.58261,82.25,82.97,80.73,81.35,3858.85009765625,3910.6298828125,3858.85009765625,3902.6201171875,4057770000,26.729999542236328,26.790000915527344,25.65999984741211,26.079999923706055,0.0502823534538491,0.0148537231809303,0.5224070846224246,0.1876057592929509,0.6528342995403817,0.259196615646962,0.9709800218539608,0.2767703394025508,0.8134999999999999,0.26079999923706054,0.2910929153775753,0.07319423994410965,0.16066570045961814,0.0016033835900985394,-0.15748002185396093,-0.01597034016549026
2022-07-08,21624.99,22527.37,21189.26,21594.75,403081.57349,81.35,82.71,77.8,78.39,3888.260009765625,3918.5,3869.340087890625,3899.3798828125,3521620000,26.40999984741211,26.61000061035156,24.43000030517578,24.63999938964844,-0.0013988983702488,-0.0008306163961273,0.4884030686248773,0.1240870912635349,0.4734377368036024,0.2048632843375441,0.9676115145135994,0.2758462635585528,0.7839,0.2463999938964844,0.29549693137512273,0.1223129026329495,0.31046226319639764,0.04153670955894029,-0.18371151451359935,-0.029446269662068397
2022-07-11,20861.11,20868.48,19875.23,19963.61,137535.40724,75.86,80.67,75.5,80.52,3880.93994140625,3880.93994140625,3847.219970703125,3854.429931640625,3423480000,26.420000076293945,26.739999771118164,25.790000915527344,26.170000076293945,-0.07853911333852,-0.0115944176605255,0.7199158619660689,0.1514750638919762,0.5891638779172295,0.2157939309429064,0.9871155645443512,0.2761015382176011,0.8051999999999999,0.2617000007629395,0.08528413803393098,0.11022493687096327,0.21603612208277045,0.04590606982003309,-0.18191556454435132,-0.014401537454661606
2022-07-12,19963.61,20059.42,19240.0,19328.75,139506.45862,80.52,86.07,80.4,85.86,3851.949951171875,3873.409912109375,3802.360107421875,3818.800048828125,3817210000,27.13999938964844,27.75,25.81999969482422,27.290000915527344,-0.0323174914457519,-0.0092868684974937,0.743804616416762,0.1528696689530531,0.5987803405075117,0.1994345683139035,0.9886737029476196,0.2698837578587607,0.8586,0.27290000915527346,0.11479538358323804,0.12003034020222036,0.2598196594924883,0.07346544084136997,-0.13007370294761955,0.003016251296512784
2022-07-13,19331.28,20366.61,18910.94,20234.87,209250.24888,85.86,86.43,80.89,80.89,3779.669921875,3829.43994140625,3759.070068359375,3801.780029296875,4109390000,27.350000381469727,29.059999465942383,26.229999542236328,26.81999969482422,0.0458137289877042,-0.0044668641118166,0.7650508892830775,0.1407577454398764,0.6167839576325892,0.2005966132637723,1.0033690514770743,0.2579939367367566,0.8089,0.2681999969482422,0.043849110716922435,0.1274422515083658,0.19211604236741076,0.06760338368446991,-0.19446905147707438,0.010206060211485624
2022-07-14,20234.87,20900.0,19616.07,20588.84,174809.21696,80.89,84.68,79.51,81.35,3763.989990234375,3796.409912109375,3721.56005859375,3790.3798828125,4199690000,27.469999313354492,28.450000762939453,26.200000762939453,26.399999618530273,0.0173418276292754,-0.0030031388127643,0.7230648555730131,0.1400723751573397,0.5725042863588065,0.1970693921097023,0.9453067261350804,0.2578036471391884,0.8134999999999999,0.26399999618530273,0.09043514442698675,0.12392762102796304,0.24099571364119343,0.06693060407560042,-0.1318067261350805,0.0061963490461143245
2022-07-15,20588.84,21200.0,20382.29,20830.04,143343.3049,81.35,81.45,77.99,78.7,3818.0,3863.6201171875,3817.179931640625,3863.159912109375,4143800000,26.719999313354492,26.719999313354492,24.1299991607666,24.229999542236328,0.0116469941538032,0.0190192316586336,0.717428838127696,0.186658681019295,0.5744847563062955,0.1675283959490704,0.9358743270501052,0.2650260301862525,0.787,0.24229999542236327,0.06957116187230405,0.05564131440306827,0.21251524369370456,0.07477159947329287,-0.14887432705010517,-0.022726034763889208
2022-07-18,20799.58,22777.63,20762.45,22432.58,239942.73132,81.29,83.39,79.8,83.39,3883.7900390625,3902.43994140625,3818.6298828125,3830.85009765625,4046870000,24.829999923706055,25.90999984741211,24.3799991607666,25.299999237060547,0.0741181908597491,-0.0083987424858359,0.7950872209302888,0.1631023749033959,0.6463439446962539,0.170390650790222,0.9642190172909084,0.2585029782704737,0.8339,0.25299999237060544,0.038812779069711145,0.08989761746720953,0.18755605530374608,0.08260934158038344,-0.13031901729090845,-0.005502985899868251
2022-07-19,22432.58,23800.0,21579.54,23396.62,263770.76574,83.38,84.5,81.15,82.9,3860.72998046875,3939.81005859375,3860.72998046875,3936.68994140625,4041070000,25.1200008392334,25.40999984741211,24.229999542236328,24.5,0.0420772010480724,0.0272535176437308,0.8221753754784132,0.2434997935269848,0.6500001647719196,0.186088442828688,0.9748030908504064,0.2693584706496297,0.8290000000000001,0.245,0.006824624521586831,0.0015002064730151865,0.1789998352280805,0.058911557171311996,-0.14580309085040632,-0.024358470649629704
2022-07-20,23398.48,24276.74,22906.19,23223.3,238762.17094,82.9,87.1,79.76,83.99,3935.320068359375,3974.1298828125,3922.030029296875,3959.89990234375,4185300000,24.229999542236328,24.729999542236328,23.399999618530273,23.8799991607666,-0.0074354824512422,0.0058784939410571,0.5661337827328157,0.2264264946776174,0.6497874621588194,0.1862446143462323,0.9565076247456116,0.2698792147299463,0.8399,0.23879999160766602,0.2737662172671843,0.012373496930048605,0.19011253784118054,0.05255537726143372,-0.1166076247456116,-0.031079223122280286
2022-07-21,23223.3,23442.77,22341.46,23152.19,184817.68191,83.99,85.37,82.37,82.38,3955.469970703125,3999.2900390625,3927.639892578125,3998.949951171875,4132790000,24.06999969482422,24.670000076293945,22.920000076293945,23.11000061035156,-0.0030667085449958,0.0098130666895046,0.4677763910284798,0.2081221993365072,0.6468488543291038,0.1808430263176369,0.9567040654653356,0.2699974530395756,0.8238,0.23110000610351558,0.3560236089715202,0.02297780676700839,0.1769511456708962,0.050256979785878675,-0.13290406546533562,-0.03889744693606004
2022-07-22,23152.19,23756.49,22500.0,22684.83,171598.43966,82.38,84.89,80.01,84.28,3998.429931640625,4012.43994140625,3938.860107421875,3961.6298828125,3979240000,23.299999237060547,23.809999465942383,22.40999984741211,23.030000686645508,-0.0203929573407481,-0.0093762872938138,0.5150029662084411,0.2207719777308417,0.6313264503783771,0.1864019825930549,0.9553471495149092,0.2695781664777063,0.8428,0.23030000686645508,0.3277970337915589,0.009528029135613375,0.2114735496216229,0.04389802427340017,-0.11254714951490918,-0.03927815961125125
2022-07-25,22577.13,22666.0,21250.0,21310.9,180344.76643,83.17,83.98,79.81,81.35,3965.719970703125,3975.300048828125,3943.4599609375,3966.840087890625,3568340000,24.329999923706055,24.56999969482422,23.190000534057617,23.36000061035156,-0.0624777402373111,0.0013143029733058,0.69841659493666,0.2149147696190157,0.6831647831099112,0.1864310995868181,0.9672959516123132,0.2608080132261801,0.8134999999999999,0.23360000610351558,0.11508340506333992,0.01868523648449988,0.13033521689008865,0.04716890651669747,-0.1537959516123133,-0.027208007122664496
2022-07-26,21310.9,21347.82,20706.5,21254.67,177817.24326,81.35,82.87,80.08,81.39,3953.219970703125,3953.219970703125,3910.739990234375,3921.050048828125,3778950000,23.950000762939453,25.309999465942383,23.81999969482422,24.690000534057617,-0.0026420429802279,-0.0116103425992633,0.6979017726821397,0.2185252637244989,0.6800225571964111,0.195612448965263,0.9651464154356992,0.2482896795152131,0.8139,0.24690000534057618,0.11599822731786025,0.02837474161607728,0.13387744280358882,0.05128755637531318,-0.15124641543569928,-0.0013896741746369234
2022-07-27,21254.67,23112.63,21042.53,22952.45,210971.19796,81.39,81.95,74.84,76.49,3951.429931640625,4039.56005859375,3951.429931640625,4023.610107421875,4112180000,24.270000457763672,24.40999984741211,23.020000457763672,23.239999771118164,0.0768480486898251,0.025820048778629,0.7096971056052035,0.2442494696125383,0.7242188143906904,0.214825296223296,0.6595812442893355,0.2289598764990129,0.7648999999999999,0.23239999771118164,0.05520289439479642,-0.011849471901356656,0.040681185609309556,0.017574701487885647,0.1053187557106644,0.0034401212121687452
2022-07-28,22954.31,24199.72,22582.13,23842.93,236029.0741,76.49,77.75,74.09,76.89,4026.1298828125,4078.949951171875,3992.969970703125,4072.429931640625,4413000000,23.329999923706055,23.540000915527344,22.219999313354492,22.329999923706055,0.0380630527083889,0.0120603197919128,0.7008321496449523,0.2052720173491415,0.7374772888855698,0.2182568508625868,0.6663409189211035,0.2298748915600233,0.7689,0.22329999923706054,0.0680678503550477,0.018027981887919042,0.03142271111443018,0.005043148374473727,0.10255908107889655,-0.0065748923229627665
2022-07-29,23845.25,24442.66,23414.03,23773.75,198298.50623,76.89,77.69,73.34,75.03,4087.330078125,4140.14990234375,4079.219970703125,4130.2900390625,4616360000,22.1299991607666,22.15999984741211,21.209999084472656,21.329999923706055,-0.0029057065160629,0.0141077757817535,0.6986043418673171,0.2128156319542604,0.6291270854927704,0.2118560798467295,0.6644090920326925,0.2297110274930096,0.7503,0.21329999923706056,0.05169565813268284,0.00048436728280015773,0.12117291450722956,0.001443919390331061,0.08589090796730747,-0.016411028255949034
2022-08-01,23296.36,23509.68,22850.0,23268.01,144210.16219,78.66,78.66,77.02,77.69,4112.3798828125,4144.9501953125,4096.02001953125,4118.6298828125,4202810000,22.40999984741211,23.270000457763672,22.260000228881836,22.84000015258789,-0.0215025749905131,-0.0028270765449167,0.7142936538958666,0.2168254389108411,0.6157310473348833,0.2051140177364012,0.5928414406602491,0.2038956328200171,0.7768999999999999,0.22840000152587892,0.06260634610413329,0.011574562615037809,0.16116895266511666,0.023285983789477716,0.1840585593397508,0.024504368705861812
2022-08-02,23266.9,23459.89,22654.37,22987.79,158073.28225,77.69,78.66,76.59,77.79,4104.2099609375,4140.47021484375,4079.81005859375,4091.18994140625,4727710000,24.079999923706055,24.68000030517578,22.670000076293945,23.93000030517578,-0.0121162504204261,-0.0066846883788709,0.7056967322282831,0.2102419862390099,0.6053044125593681,0.2073851181289398,0.5947667026272438,0.2061429013120251,0.7779,0.2393000030517578,0.07220326777171693,0.029058016812747917,0.17259558744063197,0.03191488492281799,0.1831332973727562,0.033157101739732714
2022-08-03,22985.93,23647.68,22681.22,22818.37,145948.80995,77.79,78.23,75.05,75.87,4107.9599609375,4167.66015625,4107.9599609375,4155.169921875,4351760000,23.86000061035156,23.920000076293945,21.68000030517578,21.950000762939453,-0.0073972920914354,0.0155174562700907,0.5562269652736495,0.2180533379453564,0.6078780040139632,0.2079991928026346,0.5950711016123491,0.2000566170919238,0.7587,0.21950000762939453,0.2024730347263506,0.0014466696840381432,0.15082199598603685,0.011500814826759936,0.16362889838765093,0.01944339053747074
2022-08-04,22816.91,23223.32,22400.0,22622.98,154854.67016,75.87,75.87,72.98,73.67,4154.85009765625,4161.2900390625,4135.419921875,4151.93994140625,4283320000,22.059999465942383,22.65999984741211,21.440000534057617,21.440000534057617,-0.0085997094791793,-0.0007776424495837,0.5629162355144022,0.1875565738851505,0.6111602076750533,0.2018864963225518,0.5845068618305724,0.1999577230074537,0.7367,0.21440000534057618,0.17378376448559785,0.02684343145542567,0.12553979232494672,0.012513509018024394,0.1521931381694276,0.014442282333122475
2022-08-05,22622.41,23472.86,22586.95,23312.42,175251.69749,73.67,74.23,70.63,71.85,4115.8701171875,4151.580078125,4107.31005859375,4145.18994140625,4085940000,21.5,22.579999923706055,20.760000228881836,21.149999618530273,0.0300200619305776,-0.0016270690189191,0.3585957121243578,0.1470145576579462,0.5402661217186825,0.195004500038121,0.5702134670583386,0.1995665816574167,0.7184999999999999,0.21149999618530274,0.3599042878756421,0.06448543852735655,0.17823387828131743,0.016495496147181737,0.14828653294166128,0.011933414527886044
2022-08-08,23174.39,24245.0,23154.25,23810.0,170958.44152,73.6,76.12,72.82,75.17,4155.93017578125,4186.6201171875,4128.97021484375,4140.06005859375,4221090000,21.739999771118164,22.010000228881836,20.829999923706055,21.290000915527344,0.021119394736014,-0.0012383171221209,0.2965066282360553,0.1387741477119313,0.5175306030766078,0.1695780180232828,0.57251208986518,0.1824252117560953,0.7517,0.21290000915527343,0.45519337176394475,0.07412586144334213,0.23416939692339223,0.043321991131990645,0.17918791013482005,0.030474797399178133
2022-08-09,23810.98,23933.25,22865.0,23149.95,143182.50858,75.17,75.35,73.68,74.67,4133.10986328125,4137.2998046875,4112.08984375,4122.47021484375,3913090000,21.40999984741211,22.229999542236328,21.40999984741211,21.770000457763672,-0.0281130397960745,-0.0042577442359264,0.3413582514411529,0.1151804157820171,0.5315050139906247,0.1723654659671983,0.5745397687435405,0.182759533801633,0.7467,0.21770000457763672,0.40534174855884714,0.10251958879561962,0.21519498600937537,0.04533453861043843,0.17216023125645952,0.03494047077600371
2022-08-10,23151.32,24226.0,22664.69,23954.05,208916.54953,74.67,75.85,70.87,70.87,4181.02001953125,4211.02978515625,4177.259765625,4210.240234375,4546010000,22.280000686645508,22.34000015258789,19.540000915527344,19.739999771118164,0.0341447911544965,0.0210671584604074,0.3811148130000071,0.169379093773446,0.5507484611175404,0.1871291164159227,0.5755871678211846,0.178416501705821,0.7087,0.19739999771118164,0.3275851869999929,0.028020903937735625,0.1579515388824596,0.010270881295258938,0.13311283217881542,0.018983496005360645
2022-08-11,23954.05,24918.54,23852.13,23934.39,249759.79557,70.87,72.97,70.1,71.48,4227.39990234375,4257.91015625,4201.41015625,4207.27001953125,4630200000,19.84000015258789,20.850000381469727,19.709999084472656,20.200000762939453,-0.0008210750278983,-0.0007057229222018,0.3666156094926373,0.1582420567009471,0.5412020353389152,0.1788362602186487,0.5745280830079247,0.1784152980752056,0.7148,0.20200000762939452,0.3481843905073627,0.04375795092844742,0.1735979646610848,0.02316374741074581,0.1402719169920753,0.023584709554188926
2022-08-12,23933.09,24456.5,23583.0,24403.68,174207.5704,71.48,71.62,69.71,70.27,4225.02001953125,4280.47021484375,4219.77978515625,4280.14990234375,3788010000,20.34000015258789,20.350000381469727,19.1200008392334,19.530000686645508,0.0194176037698489,0.0171740469514926,0.3614492718593248,0.16353126221516,0.4506601233131784,0.1862148847441145,0.5740720381083992,0.1790797163747521,0.7027,0.19530000686645507,0.3412507281406752,0.03176874465129506,0.2520398766868216,0.009085122122340583,0.12862796189160075,0.016220290491702982
2022-08-15,24305.25,25211.32,23773.22,24094.82,242539.54758,70.89,71.1,68.94,70.2,4269.3701171875,4301.7900390625,4256.89990234375,4297.14013671875,3696830000,20.739999771118164,21.15999984741211,19.809999465942383,19.950000762939453,-0.0127370609643014,0.0039616840562331,0.3709249345976021,0.1598627929950267,0.4579861746502332,0.1695680576939971,0.5643251356087389,0.1780476683909495,0.7020000000000001,0.19950000762939454,0.33107506540239795,0.03963721463436784,0.24401382534976684,0.02993194993539744,0.1376748643912612,0.021452339238445056
2022-08-16,24093.04,24247.49,23671.22,23854.74,179324.94821,70.2,71.61,69.76,71.55,4290.4599609375,4325.27978515625,4277.77001953125,4305.2001953125,4329820000,20.229999542236328,20.38999938964844,19.5,19.690000534057617,-0.0100139399087299,0.0018739228259478,0.3530022185403001,0.1551604011018698,0.3419630836109233,0.1455258099777138,0.5546817086203719,0.1780170791267773,0.7155,0.19690000534057617,0.3624977814596999,0.041739604238706374,0.3735369163890767,0.05137419536286236,0.1608182913796281,0.018882926213798862
2022-08-17,23856.15,24446.71,23180.4,23342.66,210668.68766,71.55,75.42,70.68,75.32,4280.39990234375,4302.18017578125,4253.080078125,4274.0400390625,3885030000,19.739999771118164,20.6299991607666,19.40999984741211,19.899999618530273,-0.0217003519236227,-0.007264114867648,0.3556272396355901,0.1695507034250587,0.3153072678253715,0.1499464932420014,0.5586370321857957,0.1809299819116703,0.7532,0.19899999618530273,0.39757276036440986,0.029449292760244022,0.4378927321746285,0.049053502943301325,0.19456296781420424,0.018070014273632418
2022-08-18,23342.66,23600.0,23111.04,23191.2,144185.97011,74.09,75.05,73.44,74.82,4273.1298828125,4292.52978515625,4261.97998046875,4283.740234375,3340330000,20.510000228881836,20.61000061035156,19.43000030517578,19.559999465942383,-0.0065096914314182,0.0022669896063847,0.3120814504885016,0.1595392461506747,0.3159854948810417,0.1418299426026286,0.5419484512571251,0.1777312624263892,0.7482,0.19559999465942382,0.43611854951149837,0.03606074850874913,0.43221450511895826,0.05377005205679522,0.20625154874287488,0.017868732233034618
2022-08-19,23191.45,23208.67,20783.57,20834.39,283995.87747,74.82,82.7,74.76,81.24,4266.31005859375,4266.31005859375,4218.7001953125,4228.47998046875,3761340000,20.15999984741211,21.270000457763672,20.079999923706055,20.600000381469727,-0.107167909583041,-0.0129839287130388,0.643428328233274,0.1503855652955168,0.5454073977930197,0.155280066458793,0.6281206225309173,0.1834681782124093,0.8123999999999999,0.20600000381469727,0.1689716717667259,0.055614438519180465,0.2669926022069802,0.05071993735590427,0.18427937746908263,0.022531825602287975
2022-08-22,21516.7,21548.71,20890.18,21399.83,222222.04526,79.02,80.97,78.42,80.35,4195.080078125,4195.080078125,4129.85986328125,4137.990234375,3907430000,22.40999984741211,24.6200008392334,22.38999938964844,23.799999237060547,0.0267779912829886,-0.0216323664664945,0.6969430235346487,0.2017602618906415,0.5642054079536597,0.181926086455803,0.5883362335873575,0.1923559312810916,0.8035,0.23799999237060546,0.10655697646535134,0.036239730479963955,0.2392945920463403,0.05607390591480246,0.21516376641264245,0.045644061089513854
2022-08-23,21400.75,21684.87,20890.14,21529.12,200967.77164,80.35,80.47,77.73,77.78,4133.08984375,4159.77001953125,4124.02978515625,4128.72998046875,3823520000,24.1299991607666,24.209999084472656,23.06999969482422,24.11000061035156,0.0060234592697346,-0.0022403704344374,0.6725698230670589,0.149667811449685,0.5660222872217824,0.1692615202425646,0.579146171638858,0.1897124486874446,0.7778,0.2411000061035156,0.10523017693294112,0.0914321946538306,0.21177771277821766,0.07183848586095098,0.1986538283611421,0.051387557416070984
2022-08-24,21529.11,21900.0,21145.0,21368.08,174383.22046,77.78,78.37,73.91,75.59,4126.5498046875,4156.56005859375,4119.97021484375,4140.77001953125,3583630000,24.3700008392334,24.86000061035156,22.729999542236328,22.81999969482422,-0.007508217623966,0.0029119166987241,0.6749843274244606,0.1470953925779827,0.5658750379229927,0.1698484027832721,0.5658341027317695,0.1885252715085438,0.7559,0.2281999969482422,0.08091567257553944,0.08110460437025949,0.19002496207700736,0.0583515941649701,0.19006589726823053,0.03967472543969838
2022-08-25,21368.05,21819.88,21310.15,21559.04,169915.78301,75.59,75.59,72.66,73.83,4153.259765625,4200.5400390625,4147.58984375,4199.1201171875,3566870000,22.40999984741211,23.1299991607666,21.770000457763672,21.780000686645508,0.0088969984309869,0.013993241836107,0.6926940880970616,0.184995174967879,0.5480178091998729,0.1799210105305638,0.5643480125636068,0.1903687882705498,0.7383,0.21780000686645506,0.04560591190293839,0.03280483189857605,0.1902821908001271,0.03787899633589126,0.17395198743639317,0.027431218595905277
2022-08-26,21559.04,21886.77,20107.9,20241.05,273811.61955,73.83,75.64,70.61,72.6,4198.740234375,4203.0400390625,4057.659912109375,4057.659912109375,3832750000,22.06999969482422,25.899999618530273,21.670000076293945,25.559999465942383,-0.0630824976037437,-0.0342685763170395,0.752767340581848,0.2624289061913274,0.5837530020387443,0.2340462088391861,0.5935194686140511,0.2136361393535124,0.726,0.25559999465942385,-0.026767340581848043,-0.00682891153190357,0.14224699796125573,0.02155378582023776,0.13248053138594884,0.04196385530591146
2022-08-29,19555.61,20433.62,19550.79,20285.73,210509.49545,76.16,76.92,72.75,73.2,4034.580078125,4062.989990234375,4017.419921875,4030.610107421875,3396510000,26.86000061035156,27.670000076293945,25.469999313354492,26.209999084472656,0.0022049626495035,-0.0066886751973248,0.7612731214512017,0.2539046610820424,0.5812940026764448,0.2348402321685713,0.5494342750013179,0.2129945853782839,0.732,0.26209999084472657,-0.029273121451201756,0.008195329762684167,0.15070599732355516,0.027259758676155266,0.18256572499868207,0.04910540546644268
2022-08-30,20287.2,20576.25,19540.0,19811.66,256634.35529,73.2,77.69,71.62,75.78,4041.25,4044.97998046875,3965.2099609375,3986.159912109375,3835860000,25.75,27.690000534057617,25.1299991607666,26.209999084472656,-0.0236470299311744,-0.011089416492117,0.4614716597918587,0.2528146478135504,0.5480700425349038,0.2132883616491701,0.5350427639423893,0.2017034048598132,0.7578,0.26209999084472657,0.2963283402081413,0.009285343031176174,0.20972995746509626,0.04881162919555648,0.22275723605761077,0.060396585984913376
2022-08-31,19813.03,20490.0,19797.94,20050.02,276946.60765,75.78,76.01,71.17,75.04,4000.669921875,4015.3701171875,3954.530029296875,3955.0,4542490000,25.86000061035156,26.6200008392334,25.309999465942383,25.8700008392334,0.0119594979959549,-0.007847738208153,0.422585739331843,0.2355193999310411,0.5564476088328636,0.2133630807357193,0.5373946344631649,0.2023953455357687,0.7504000000000001,0.258700008392334,0.32781426066815705,0.023180608461292884,0.19395239116713647,0.04533692765661468,0.21300536553683513,0.05630466285656527
2022-09-01,20048.44,20208.37,19565.66,20131.46,245289.97263,75.04,79.91,74.45,77.83,3936.72998046875,3970.22998046875,3903.64990234375,3966.85009765625,4152250000,26.8799991607666,27.450000762939453,25.25,25.559999465942383,0.0040536143276475,0.0029917522671948,0.4197399460529835,0.2414746685646929,0.542938669058318,0.1930619359775365,0.5380013217953147,0.2004657113597545,0.7783,0.25559999465942385,0.3585600539470165,0.014125326094730939,0.235361330941682,0.06253805868188736,0.2402986782046853,0.05513428329966935
2022-09-02,20132.64,20441.26,19755.29,19951.86,245986.6033,77.83,77.83,72.23,74.66,3994.659912109375,4018.429931640625,3906.2099609375,3924.260009765625,3665850000,25.510000228881836,26.280000686645508,23.190000534057617,25.469999313354492,-0.0089613935133172,-0.0107945525707243,0.4195278960557754,0.2348231865149712,0.5433109175267496,0.1892608142563052,0.5361132975793567,0.2010668724858055,0.7465999999999999,0.2546999931335449,0.32707210394422453,0.019876806618573717,0.20328908247325028,0.06543917887723971,0.21048670242064327,0.053633120647739424
2022-09-06,19795.34,20180.0,18649.51,18790.61,356315.05718,76.88,81.46,74.97,81.46,3930.889892578125,3942.550048828125,3886.75,3908.18994140625,4127340000,25.459999084472656,27.799999237060547,25.329999923706055,26.90999984741211,-0.0599650950975818,-0.0041034646908951,0.4884505756615536,0.1843848284709004,0.5774018597172278,0.1858117165761201,0.5337874869964193,0.2012981578103473,0.8146,0.2690999984741211,0.3261494243384464,0.08471517000322068,0.2371981402827722,0.08328828189800097,0.2808125130035807,0.06780184066377379
2022-09-07,18790.61,19464.06,18510.77,19292.84,287394.7788,81.46,84.32,75.62,76.12,3909.429931640625,3987.889892578125,3906.030029296875,3979.8701171875,3890320000,26.93000030517578,27.149999618530273,24.540000915527344,24.63999938964844,0.02637676564806,0.0181748486661698,0.4474296868849259,0.1650246558854834,0.6052441871052441,0.2140699407887355,0.5410970684231619,0.2054751658285839,0.7612000000000001,0.2463999938964844,0.3137703131150742,0.081375338011001,0.15595581289475602,0.03233005310774889,0.22010293157683825,0.04092482806790049
2022-09-08,19292.85,19458.25,19012.0,19319.77,262813.28273,76.12,76.14,74.09,75.72,3959.93994140625,4010.5,3944.81005859375,4006.179931640625,3966850000,24.700000762939453,25.899999618530273,23.559999465942383,23.61000061035156,0.001394881328481,0.0065889668804424,0.4467667274525186,0.1708917259050006,0.6079648948461872,0.2177050942129419,0.4853895286947087,0.1919970928176183,0.7572,0.2361000061035156,0.3104332725474814,0.06520828019851499,0.14923510515381277,0.018394911890573684,0.2718104713052913,0.0441029132858973
2022-09-09,19320.54,21597.22,19291.75,21360.11,428919.74652,75.72,77.73,72.02,75.12,4022.93994140625,4076.81005859375,4022.93994140625,4067.360107421875,3901940000,23.489999771118164,23.56999969482422,22.63999938964844,22.790000915527344,0.1003962399398629,0.015156014981211,0.7614147906545662,0.1773934398309498,0.622659154648706,0.2295736491745511,0.5618685093118704,0.1939072643039423,0.7512000000000001,0.22790000915527345,-0.010214790654566097,0.05050656932432365,0.12854084535129406,-0.001673640019277639,0.1893314906881297,0.033992744851331136
2022-09-12,21826.87,22488.0,21538.51,22395.74,395395.61828,78.91,79.35,76.34,79.15,4083.669921875,4119.27978515625,4083.669921875,4110.41015625,3814200000,23.579999923706055,24.229999542236328,23.15999984741211,23.8700008392334,0.04734559831186,0.0105286514839956,0.7927320219141383,0.1645130158598889,0.6444005314174669,0.2186536578685665,0.5810088901263003,0.1919049438998759,0.7915000000000001,0.238700008392334,-0.0012320219141381816,0.0741869925324451,0.1470994685825332,0.020046350523767492,0.2104911098736998,0.0467950644924581
2022-09-13,22395.44,22799.0,19860.0,20173.57,431915.03333,79.15,83.44,78.25,81.07,4037.1201171875,4037.1201171875,3921.280029296875,3932.68994140625,4224550000,23.670000076293945,28.149999618530273,23.530000686645508,27.270000457763672,-0.1044974303611422,-0.044199163031974,1.0769325598343955,0.3423486462034636,0.7894505477030813,0.2869957268728441,0.6508271840844224,0.2304830706174035,0.8107,0.2727000045776367,-0.26623255983439553,-0.0696486416258269,0.02124945229691866,-0.01429572229520737,0.15987281591557756,0.04221693396023321
2022-09-14,20173.62,20541.48,19617.62,20226.71,340826.40151,81.07,81.25,76.02,78.19,3940.72998046875,3961.93994140625,3912.179931640625,3946.010009765625,4293240000,26.729999542236328,27.559999465942383,26.15999984741211,26.15999984741211,0.0026306763540297,0.0033812890788447,1.0749905098632806,0.3362355589358134,0.7899095759659372,0.2872050346411854,0.6507815618513221,0.2303769477706501,0.7818999999999999,0.2615999984741211,-0.29309050986328067,-0.07463556046169234,-0.008009575965937321,-0.025605036167064332,0.13111843814867785,0.031223050703470978
2022-09-15,20227.17,20330.24,19497.0,19701.88,333069.76076,78.19,79.61,75.28,76.05,3932.409912109375,3959.139892578125,3888.280029296875,3901.35009765625,4441830000,26.100000381469727,26.93000030517578,25.420000076293945,26.270000457763672,-0.0262899455334847,-0.0113822721681495,1.0105821935152344,0.343443416441356,0.7929422157452212,0.2773543155666021,0.6538679019320418,0.2265707606482162,0.7605,0.2627000045776367,-0.2500821935152344,-0.0807434118637193,-0.032442215745221215,-0.014654310988965413,0.10663209806795815,0.03612924392942049
2022-09-16,19701.88,19890.0,19320.01,19803.3,283791.07064,76.05,76.54,70.57,70.57,3880.949951171875,3880.949951171875,3837.080078125,3873.330078125,7954650000,27.469999313354492,28.450000762939453,26.13999938964844,26.299999237060547,0.0051345278170794,-0.0072080497756631,1.0012626961538535,0.3191591755958079,0.7501352892543754,0.2442670446283006,0.6544031256598869,0.2270104735737763,0.7056999999999999,0.26299999237060545,-0.29556269615385367,-0.05615918322520247,-0.044435289254375565,0.018732947742304856,0.051296874340112986,0.035989518796829156
2022-09-19,19417.45,19686.2,18232.56,19537.02,380512.40306,74.86,74.86,70.23,70.23,3849.909912109375,3900.449951171875,3838.5,3899.889892578125,3766850000,27.690000534057617,27.950000762939453,25.559999465942383,25.760000228881836,-0.0135374631722127,0.0068336977247057,1.0067193637631324,0.3194994138686753,0.7515749418180395,0.2473705294539554,0.6466036179566266,0.2285525643748344,0.7023,0.25760000228881835,-0.3044193637631324,-0.061899411579856956,-0.049274941818039486,0.010229472834862946,0.05569638204337346,0.029047437913983953
2022-09-20,19537.02,19634.62,18711.87,18875.0,324098.3286,70.23,75.86,70.23,75.86,3875.22998046875,3876.010009765625,3827.5400390625,3855.929931640625,4058050000,25.649999618530273,27.809999465942383,25.61000061035156,27.15999984741211,-0.0344728321725092,-0.0113361147366004,0.7409590186208601,0.291667901263218,0.7587963448267241,0.2475415385304943,0.6464997704888331,0.2301157615808612,0.7585999999999999,0.2715999984741211,0.01764098137913983,-0.020067902789096925,-0.00019634482672414855,0.024058459943626792,0.11210022951116683,0.04148423689325989
2022-09-21,18874.31,19956.0,18125.98,18461.36,385034.10021,75.86,78.59,72.77,76.7,3871.39990234375,3907.070068359375,3789.489990234375,3789.929931640625,4078330000,28.030000686645508,30.18000030517578,25.549999237060547,27.989999771118164,-0.0221583959680229,-0.0172646740985063,0.5859598876095545,0.2655079958530112,0.7591636315558721,0.2546997060421765,0.6450981893843901,0.2340963890608407,0.767,0.2798999977111816,0.18104011239044548,0.014392001858170411,0.007836368444127939,0.025200291669005115,0.1219018106156099,0.045803608650340916
2022-09-22,18461.36,19550.17,18356.39,19401.63,379321.72111,76.7,77.43,74.55,74.81,3782.360107421875,3790.89990234375,3749.449951171875,3757.989990234375,4284600000,28.15999984741211,28.3799991607666,26.709999084472656,27.350000381469727,0.0496771839912393,-0.0084632938304539,0.4507463220998547,0.1363861829213177,0.7946044151894839,0.2540724829151799,0.6553103993612647,0.2233281129430634,0.7481,0.27350000381469725,0.2973536779001453,0.13711382089337953,-0.046504415189483894,0.019427520899517325,0.09278960063873531,0.050171890871633845
2022-09-23,19401.63,19500.0,18531.42,19289.91,385886.91829,74.81,78.28,73.73,74.23,3727.139892578125,3727.139892578125,3647.469970703125,3693.22998046875,5144270000,27.68000030517578,32.310001373291016,27.579999923706055,29.920000076293945,-0.0057749218814111,-0.0173828287673307,0.4471273784715789,0.1300108852485505,0.7942277514265716,0.259045335189314,0.6550600354502275,0.2265356269946419,0.7423000000000001,0.29920000076293946,0.29517262152842116,0.16918911551438895,-0.05192775142657158,0.04015466557362546,0.08723996454977256,0.07266437376829757
2022-09-26,18809.13,19318.96,18680.72,19227.82,439239.21943,75.88,77.43,74.61,76.71,3682.719970703125,3715.669921875,3644.760009765625,3655.0400390625,4886140000,31.739999771118164,32.880001068115234,29.829999923706055,32.2599983215332,-0.0032239726370311,-0.0103943608902805,0.4257515783142183,0.1295308885422186,0.7497596208556201,0.2603086813832382,0.6503379332591935,0.2176991679722369,0.7670999999999999,0.322599983215332,0.3413484216857816,0.19306909467311342,0.017340379144379803,0.062291301832093804,0.11676206674080636,0.10490081524309511
2022-09-27,19226.68,20385.86,18816.32,19079.13,593260.74161,76.71,79.19,71.29,76.88,3686.43994140625,3717.530029296875,3623.2900390625,3647.2900390625,4577740000,31.200000762939453,34.13999938964844,30.299999237060547,32.599998474121094,-0.0077631211435955,-0.0021226109548247,0.4218063779660582,0.1364183293872971,0.7418772895862017,0.2389773146990701,0.6501792638016295,0.2161677362386914,0.7687999999999999,0.32599998474121095,0.34699362203394174,0.18958165535391386,0.026922710413798234,0.08702267004214084,0.11862073619837044,0.10983224850251955
2022-09-28,19078.1,19790.0,18471.28,19412.82,521385.45547,76.88,84.19,76.1,79.4,3651.93994140625,3736.739990234375,3640.610107421875,3719.0400390625,4684850000,34.5,34.880001068115234,30.030000686645508,30.18000030517578,0.0173386050667576,0.0194811441811523,0.4369586251131408,0.2018771559058197,0.7458629722205334,0.2578966385470194,0.654183244850806,0.2271089740500469,0.794,0.3018000030517578,0.3570413748868592,0.0999228471459381,0.0481370277794666,0.04390336450473842,0.139816755149194,0.0746910290017109
2022-09-29,19412.82,19645.52,18843.01,19591.51,406424.93256,79.4,81.89,77.01,77.52,3687.010009765625,3687.010009765625,3610.39990234375,3640.469970703125,4681810000,31.670000076293945,33.459999084472656,31.15999984741211,31.84000015258789,0.0091626365658333,-0.0213527948230975,0.3694078769189294,0.2195385902005293,0.5935002608990614,0.248055407200493,0.6542181184028012,0.2320127285096176,0.7752,0.3184000015258789,0.4057921230810706,0.09886141132534959,0.18169973910093862,0.0703445943253859,0.1209818815971988,0.08638727301626128
2022-09-30,19590.54,20185.0,19155.36,19422.61,444322.9534,77.52,77.78,71.6,74.06,3633.47998046875,3671.43994140625,3584.1298828125,3585.6201171875,5645360000,31.61000061035156,33.25,29.38999938964844,31.6200008392334,-0.0086584577678962,-0.0151813515462093,0.3344545452293909,0.2162628416501556,0.5408292376890804,0.23460741696618,0.6542668851379353,0.2325467744506075,0.7406,0.316200008392334,0.40614545477060915,0.09993716674217837,0.19977076231091961,0.08159259142615397,0.08633311486206474,0.08365323394172647
2022-10-03,19057.74,19719.1,18959.68,19629.08,293585.75212,76.42,76.42,70.06,70.07,3609.780029296875,3698.35009765625,3604.929931640625,3678.429931640625,4806680000,33.0,33.060001373291016,29.6299991607666,30.100000381469727,0.0105742887888697,0.0255545775309301,0.165984107314743,0.2947323477309156,0.3317267511469941,0.2224364571389807,0.5807897951319907,0.2486547448914361,0.7006999999999999,0.30100000381469727,0.5347158926852569,0.006267656083781659,0.36897324885300575,0.07856354667571658,0.11991020486800918,0.05234525892326117
2022-10-04,19629.08,20475.0,19490.6,20337.82,327012.00127,70.07,72.06,69.26,69.87,3726.4599609375,3791.919921875,3726.4599609375,3790.929931640625,5146580000,29.520000457763672,29.6200008392334,28.559999465942383,29.06999969482422,0.0354700667521785,0.0301253414167998,0.2510296105465039,0.3330912352892665,0.3678203183753357,0.2660982502696167,0.5850612302296929,0.2627764153564892,0.6987000000000001,0.29069999694824217,0.4476703894534962,-0.04239123834102432,0.3308796816246644,0.02460174667862547,0.11363876977030718,0.027923581591752955
2022-10-05,20337.82,20365.6,19730.0,20158.26,312239.75224,69.87,71.75,69.8,71.16,3753.25,3806.909912109375,3722.659912109375,3783.280029296875,4293180000,29.36000061035156,30.11000061035156,28.5,28.549999237060547,-0.0088680769475327,-0.0020199875589381,0.2631996571853228,0.321774325914227,0.3503338334968572,0.2632377137867984,0.584945636859237,0.262782144275372,0.7116,0.28549999237060547,0.4484003428146772,-0.03627433354362153,0.3612661665031428,0.022262278583807082,0.12665436314076306,0.022717848095233473
2022-10-06,20158.26,20456.6,19853.0,19960.67,320122.1702,71.16,72.25,68.67,68.73,3771.969970703125,3797.929931640625,3739.219970703125,3744.52001953125,4252100000,28.600000381469727,30.739999771118164,28.559999465942383,30.520000457763672,-0.0098502925002542,-0.0102979229113952,0.2682825184865437,0.3328445526281731,0.353189707145649,0.2647006946603075,0.5851699072329088,0.2630267480213381,0.6873,0.30520000457763674,0.4190174815134563,-0.027644548050536344,0.334110292854351,0.04049930991732925,0.10213009276709117,0.042173256556298666
2022-10-07,19960.67,20068.82,19320.0,19530.09,220874.83913,68.73,70.02,65.99,65.99,3706.739990234375,3706.739990234375,3620.72998046875,3639.659912109375,4449660000,30.3700008392334,32.02000045776367,29.8799991607666,31.36000061035156,-0.0218074842813223,-0.028403196531478,0.3022360408736901,0.3606785628867918,0.3612419312066858,0.2824538023384299,0.5868419486521609,0.2673961212011992,0.6598999999999999,0.31360000610351557,0.3576639591263098,-0.047078556783276215,0.29865806879331414,0.031146203765085645,0.07305805134783905,0.04620388490231636
2022-10-10,19439.96,19525.0,19020.25,19131.87,212509.09849,67.51,70.59,66.52,68.98,3647.510009765625,3652.169921875,3588.10009765625,3612.389892578125,3834320000,32.93000030517578,33.9900016784668,32.04999923706055,32.45000076293945,-0.0206008222765345,-0.0075206731336527,0.3201265248482298,0.3402179249519325,0.3397549316336538,0.2812383078895136,0.5616060678895675,0.2525786436852559,0.6898000000000001,0.3245000076293945,0.3696734751517703,-0.015717917322537966,0.3500450683663463,0.04326169973988092,0.12819393211043262,0.07192136394413862
2022-10-11,19131.87,19268.09,18860.0,19060.0,243473.84286,68.98,72.46,68.94,70.6,3595.860107421875,3640.659912109375,3568.449951171875,3588.840087890625,4759030000,33.560001373291016,34.43000030517578,32.45000076293945,33.630001068115234,-0.0037636326703097,-0.0065405184123237,0.3180848207613694,0.3289680135376721,0.3240882407862113,0.2755441677177336,0.5614953541606772,0.2525646643418034,0.706,0.33630001068115234,0.38791517923863056,0.007331997143480262,0.38191175921378867,0.06075584296341874,0.14450464583932277,0.08373534633934893
2022-10-12,19060.0,19238.31,18965.88,19155.53,213826.26731,70.6,71.35,69.99,70.2,3590.830078125,3608.340087890625,3573.860107421875,3577.030029296875,4006830000,33.540000915527344,34.529998779296875,33.11000061035156,33.56999969482422,0.0049995485596987,-0.0032961996501662,0.3099746880168006,0.2767043754509527,0.2426197503375416,0.2747541862835327,0.5580607043917548,0.2516370861267745,0.7020000000000001,0.3356999969482422,0.39202531198319945,0.058995621497289485,0.4593802496624585,0.0609458106647095,0.14393929560824525,0.08406291082146772
2022-10-13,19155.1,19513.79,18190.0,19375.13,399756.68337,70.2,75.28,65.99,66.11,3520.3701171875,3685.409912109375,3491.580078125,3669.909912109375,5021680000,33.599998474121094,33.869998931884766,31.6299991607666,31.940000534057617,0.0113988381085654,0.0256342593076311,0.1953705723488089,0.2538112166853298,0.2468507981748543,0.2927238252621952,0.5579488501867266,0.2650886491336579,0.6611,0.31940000534057617,0.46572942765119113,0.06558878865524637,0.4142492018251457,0.026676180078380962,0.10315114981327345,0.05431135620691824
2022-10-14,19375.58,19951.87,19070.37,19176.93,351634.32601,66.11,66.22,61.84,62.08,3690.409912109375,3712.0,3579.679931640625,3583.070068359375,4243030000,31.88999938964844,32.97999954223633,31.13999938964844,32.02000045776367,-0.0102822908155797,-0.0239471207445284,0.1961433129364973,0.2773311506175188,0.2506002024224182,0.3069482179040652,0.5583358860439065,0.2716609716784988,0.6208,0.3202000045776367,0.4246566870635027,0.042868853960117914,0.3701997975775818,0.01325178667357152,0.062464113956093525,0.04853903289913791
2022-10-17,19262.98,19676.96,19152.03,19549.86,222813.87634,63.27,63.68,59.46,60.01,3638.64990234375,3689.72998046875,3638.64990234375,3677.949951171875,4352780000,32.27000045776367,32.59000015258789,30.700000762939453,31.3700008392334,0.0192601312016735,0.0261355245575618,0.2496517337709257,0.3419856763604687,0.2607876559806229,0.3283617178083958,0.5610953974364495,0.2837333187846789,0.6001,0.313700008392334,0.35044826622907427,-0.028285667968134753,0.33931234401937704,-0.014661709416061819,0.03900460256355043,0.029966689607655084
2022-10-18,19548.48,19706.66,19091.0,19327.44,260313.07848,60.01,62.96,59.21,62.26,3746.260009765625,3762.7900390625,3686.530029296875,3719.97998046875,4483740000,31.100000381469727,31.93000030517578,30.420000076293945,30.5,-0.0114422774576837,0.0113627682070874,0.2231436259174386,0.2959148807278324,0.2559613770521683,0.3210364473417064,0.5334880908516332,0.2863419700292723,0.6225999999999999,0.305,0.3994563740825613,0.009085119272167597,0.3666386229478316,-0.016036447341706395,0.08911190914836675,0.018658029970727685
2022-10-19,19327.44,19360.16,19065.97,19123.97,186137.29538,62.26,62.49,60.02,60.9,3703.110107421875,3728.580078125,3666.510009765625,3695.159912109375,4223800000,30.940000534057617,31.899999618530273,30.760000228881836,30.760000228881836,-0.0105833257695788,-0.0066944552396843,0.1931956754891062,0.2947063333015001,0.2554978085829253,0.3078751580397542,0.5289088781881762,0.2803935167000811,0.609,0.30760000228881834,0.4158043245108938,0.012893668987318252,0.3535021914170747,-0.00027515575093584044,0.08009112181182376,0.027206485588737228
2022-10-20,19123.35,19347.82,18900.0,19041.92,223530.13068,60.9,62.17,59.92,61.44,3689.050048828125,3736.0,3656.43994140625,3665.780029296875,4496620000,31.299999237060547,31.31999969482422,29.760000228881836,29.979999542236328,-0.0042996574378428,-0.0079826867387666,0.1936536022680602,0.2968351139999357,0.2538690486683884,0.3019697426179802,0.5290084544478276,0.2794797368060224,0.6144,0.2997999954223633,0.4207463977319398,0.002964881422427623,0.36053095133161156,-0.002169747195616911,0.08539154555217232,0.020320258616340903
2022-10-21,19041.92,19250.0,18650.0,19164.37,269310.75769,61.44,63.02,59.37,62.19,3657.10009765625,3757.889892578125,3647.419921875,3752.75,5078020000,30.209999084472656,30.440000534057617,29.239999771118164,29.690000534057617,0.0064099612532107,0.0234477598604472,0.1954014159872512,0.3156695596651498,0.2506514955704447,0.2988433123963631,0.4350552339278235,0.2851263566203848,0.6219,0.29690000534057615,0.4264985840127488,-0.018769554324573667,0.3712485044295553,-0.0019433070557869359,0.18684476607217648,0.011773648720191321
2022-10-24,19570.4,19601.15,19157.0,19329.72,256168.14467,64.07,65.39,62.68,64.31,3762.010009765625,3810.739990234375,3741.64990234375,3797.340087890625,4747930000,30.649999618530273,30.950000762939453,29.780000686645508,29.850000381469727,0.0085909819907292,0.0118119402051114,0.1891892075230077,0.2910607810346223,0.192574169197917,0.2738059867631894,0.4093473707024102,0.2856668323405981,0.6431,0.29850000381469727,0.4539107924769923,0.007439222780074972,0.45052583080208297,0.024694017051507866,0.23375262929758983,0.012833171474099181
2022-10-25,19330.6,20415.87,19237.0,20080.07,326370.67061,64.31,67.64,63.48,65.61,3799.43994140625,3862.85009765625,3799.43994140625,3859.110107421875,4843120000,29.799999237060547,30.0,28.219999313354492,28.459999084472656,0.0380839730139803,0.0161357700158749,0.2821250328261275,0.2133263762660773,0.2592937875881478,0.2817734979906327,0.3025762046417536,0.2619289492974656,0.6561,0.28459999084472654,0.3739749671738725,0.07127361457864922,0.3968062124118522,0.0028264928540938095,0.3535237953582464,0.02267104154726096
2022-10-26,20079.02,21020.0,20050.41,20771.59,380492.69576,65.61,68.51,63.78,66.28,3825.969970703125,3886.14990234375,3824.070068359375,3830.60009765625,4817310000,28.440000534057617,28.520000457763672,27.270000457763672,27.280000686645508,0.0338584068050516,-0.0074151403989898,0.3206596361991068,0.2055603262399911,0.2922326774747987,0.2797079479591323,0.318206770948737,0.2623610634076017,0.6628000000000001,0.27280000686645506,0.34214036380089324,0.06723968062646396,0.37056732252520136,-0.006907941092677228,0.34459322905126305,0.010438943458853378
2022-10-27,20771.61,20872.21,20200.0,20295.11,328643.57791,66.28,66.29,60.35,61.41,3834.68994140625,3859.949951171875,3803.7900390625,3807.300048828125,4687320000,27.510000228881836,27.670000076293945,26.940000534057617,27.38999938964844,-0.0232062173479073,-0.0061011850531844,0.3573078022268336,0.21233952106773,0.2945708309392097,0.2474416967807714,0.3160363612683586,0.2609860764770162,0.6141,0.2738999938964844,0.25679219777316636,0.0615604728287544,0.31952916906079026,0.026458297115712986,0.2980636387316414,0.01291391741946818
2022-10-28,20295.11,20750.0,20000.09,20591.84,287039.94569,61.41,61.76,54.57,55.08,3808.260009765625,3905.419921875,3808.260009765625,3901.06005859375,4459410000,27.43000030517578,27.59000015258789,25.75,25.75,0.0145149104854409,0.0243280367708563,0.3366302042524933,0.2316287456528348,0.2778226499656858,0.2573477786585866,0.3182671143605858,0.2701166351576282,0.5508,0.2575,0.21416979574750666,0.025871254347165196,0.27297735003431417,0.0001522213414134055,0.23253288563941416,-0.012616635157628175
2022-10-31,20627.48,20845.92,20237.95,20490.74,303567.61628,60.36,62.59,59.1,59.63,3881.85009765625,3893.72998046875,3863.179931640625,3871.97998046875,4820620000,26.90999984741211,27.06999969482422,25.84000015258789,25.8799991607666,-0.0049218040390073,-0.0074823270303364,0.337802665411328,0.2302168405978165,0.2785936474132505,0.2582308401880333,0.3157460651358651,0.2702655829515359,0.5963,0.25879999160766604,0.2584973345886721,0.02858315100984954,0.31770635258674956,0.0005691514196327629,0.28055393486413494,-0.011465591343869874
2022-11-01,20490.74,20700.0,20330.74,20483.62,279932.43771,59.63,60.65,59.42,59.92,3901.7900390625,3911.7900390625,3843.800048828125,3856.10009765625,4481210000,25.959999084472656,26.350000381469727,25.65999984741211,25.809999465942383,-0.0003475344128213,-0.004109663720359,0.3436020878766652,0.2101382772349,0.2795789980280901,0.258785803699901,0.2968004357158899,0.2684930231965109,0.5992000000000001,0.25809999465942385,0.2555979121233349,0.04796171742452385,0.31962100197190996,-0.0006858090404771588,0.3023995642841102,-0.010393028537087068
2022-11-02,20482.81,20800.0,20048.04,20151.84,373716.27299,59.92,60.63,56.41,56.41,3852.89990234375,3894.43994140625,3758.679931640625,3759.68994140625,4899000000,26.040000915527344,26.6200008392334,25.38999938964844,25.86000061035156,-0.0163299430037902,-0.0253198437374828,0.3772862715271414,0.2627866599751454,0.2913721092944717,0.2714126546785165,0.2930105410350179,0.2739538070225244,0.5640999999999999,0.2586000061035156,0.18681372847285854,-0.0041866538716298085,0.2727278907055282,-0.012812648575000918,0.27108945896498204,-0.015353800919008842
2022-11-03,20151.84,20393.32,20031.24,20207.82,319185.1544,56.41,56.41,52.98,53.98,3733.25,3750.590087890625,3698.14990234375,3719.889892578125,4625290000,25.979999542236328,26.8700008392334,25.100000381469727,25.299999237060547,0.0027740588448488,-0.0106424225319565,0.303182640544318,0.2353172118146047,0.2852021608283812,0.2522070055674349,0.2573343228336988,0.2745923949223668,0.5398,0.25299999237060544,0.23661735945568196,0.017682780556000754,0.25459783917161877,0.0007929868031705256,0.28246567716630117,-0.02159240255176137
2022-11-04,20207.12,21302.05,20180.96,21148.52,453694.39165,53.98,57.08,53.26,54.19,3766.97998046875,3796.340087890625,3708.840087890625,3770.550048828125,5400180000,25.6299991607666,25.709999084472656,24.0,24.549999237060547,0.0455002684794452,0.0135268232855639,0.3591985732401719,0.2595225129658566,0.3309422031098791,0.2345264218443236,0.2862695322876936,0.272527085133962,0.5418999999999999,0.24549999237060546,0.18270142675982803,-0.014022520595251137,0.21095779689012084,0.010973570526281867,0.25563046771230635,-0.027027092763356547
2022-11-07,20905.58,21069.77,20384.89,20591.13,386977.60337,56.76,59.69,56.31,59.48,3780.7099609375,3813.949951171875,3764.699951171875,3806.800048828125,4341620000,25.670000076293945,25.670000076293945,24.34000015258789,24.350000381469727,-0.0267095261404996,0.0095680616793591,0.3702034010146035,0.2667046345588592,0.3518724042040424,0.2332243241173978,0.2985814485245073,0.2716111937344181,0.5948,0.24350000381469727,0.22459659898539652,-0.023204630744161903,0.24292759579595757,0.010275679697299478,0.2962185514754927,-0.028111189919720836
2022-11-08,20590.67,20700.88,17166.83,18547.23,760705.362783,59.48,94.83,59.31,76.66,3817.02001953125,3859.39990234375,3786.280029296875,3828.110107421875,4607640000,24.709999084472656,26.15999984741211,24.239999771118164,25.540000915527344,-0.104539948786357,0.0055822828287603,0.723081153928519,0.2131768185288759,0.5811586668652255,0.2305122287477114,0.42979136774051,0.2716716682672715,0.7666,0.25540000915527344,0.04351884607148093,0.04222319062639754,0.1854413331347744,0.024887780407562038,0.3368086322594899,-0.01627165911199807
2022-11-09,18545.38,18587.76,15588.0,15922.81,731926.929729,76.66,122.01,75.83,114.72,3810.93994140625,3818.199951171875,3744.219970703125,3748.570068359375,4645010000,25.34000015258789,26.350000381469727,25.020000457763672,26.09000015258789,-0.1525677793793299,-0.0209967847123034,1.087834528024892,0.2396916740250286,0.8634753249202445,0.2479637328383258,0.6109270810425335,0.2738588179266114,1.1472,0.2609000015258789,0.059365471975108,0.021208327500850277,0.2837246750797555,0.012936268687553099,0.5362729189574665,-0.012958816400732487
2022-11-10,15922.68,18199.0,15754.26,17601.15,608448.36432,114.72,115.37,85.05,93.12,3859.889892578125,3958.330078125,3859.889892578125,3956.3701171875,5781260000,26.510000228881836,26.59000015258789,22.84000015258789,23.530000686645508,0.1002115684402702,0.0539525156647976,1.359721234119676,0.4258413294656491,0.9867855715636124,0.3226135969206831,0.6839729223837105,0.3071539310515097,0.9312,0.23530000686645508,-0.428521234119676,-0.19054132259919404,-0.055585571563612324,-0.08731359005422801,0.24722707761628948,-0.0718539241850546
2022-11-11,17602.45,17695.0,16361.6,17070.31,393552.86492,93.12,107.16,82.51,102.11,3963.719970703125,4001.47998046875,3944.820068359375,3992.929931640625,5593310000,23.88999938964844,23.90999984741211,22.3700008392334,22.520000457763672,-0.0306235436615994,0.009198312304769,1.3600699260457854,0.3744144654666209,0.989507278838864,0.3215400995242646,0.6883412775661056,0.3028672927987061,1.0211,0.22520000457763673,-0.33896992604578546,-0.14921446088898416,0.03159272116113587,-0.09634009494662787,0.33275872243389426,-0.07766728822106939
2022-11-14,16331.78,17190.0,15815.21,16619.46,380210.7775,107.88,112.14,89.9,98.18,3977.969970703125,4008.969970703125,3956.39990234375,3957.25,4561930000,23.989999771118164,24.329999923706055,22.86000061035156,23.729999542236328,-0.0267663992322437,-0.008975940544918,1.3474023319874695,0.370934971861695,0.967859073315957,0.3201909513992371,0.689834189722601,0.2975919391995812,0.9818000000000001,0.23729999542236327,-0.3656023319874694,-0.13363497643933173,0.01394092668404312,-0.08289095597687382,0.2919658102773991,-0.06029194377721794
2022-11-15,16617.72,17134.69,16527.72,16900.57,282461.84391,98.18,98.18,82.7,89.99,4006.409912109375,4028.840087890625,3953.169921875,3991.72998046875,5015310000,23.770000457763672,26.219999313354492,23.18000030517578,24.540000915527344,0.0167730512461791,0.0086753764146691,1.2915160193664168,0.3694978315999909,0.9542686952484212,0.3184931058837819,0.6822603827574132,0.286536936139269,0.8998999999999999,0.24540000915527344,-0.3916160193664169,-0.12409782244471745,-0.05436869524842125,-0.07309309672850844,0.21763961724258674,-0.04113692698399557
2022-11-16,16900.57,17015.92,16378.61,16662.76,261493.40809,89.99,103.25,81.08,98.64,3976.820068359375,3983.090087890625,3954.340087890625,3958.7900390625,4165320000,24.290000915527344,24.719999313354492,23.989999771118164,24.11000061035156,-0.0141710598868462,-0.0082862831118737,1.295869932706072,0.3819266808645056,0.953482840007154,0.3198280538475118,0.6826155617480687,0.2878204331802146,0.9864,0.2411000061035156,-0.30946993270607204,-0.14082667476099,0.03291715999284606,-0.0787280477439962,0.30378443825193135,-0.04672042707669902
2022-11-17,16661.61,16751.0,16410.74,16692.56,228038.97873,98.64,98.64,75.19,76.97,3919.260009765625,3954.330078125,3906.5400390625,3946.56005859375,4051780000,24.049999237060547,25.18000030517578,23.809999465942383,23.93000030517578,0.001786821888,-0.0030941046442292,1.192758023342585,0.3854681714683819,0.947592876616914,0.304835179790084,0.682929877645494,0.286003500232352,0.7696999999999999,0.2393000030517578,-0.423058023342585,-0.1461681684166241,-0.1778928766169141,-0.0655351767383262,0.08677012235450599,-0.04670349718059419
2022-11-18,16692.56,17011.0,16546.04,16700.45,214224.18184,76.97,77.03,72.35,74.71,3966.389892578125,3979.889892578125,3935.97998046875,3965.340087890625,4037360000,24.030000686645508,24.1200008392334,22.979999542236328,23.1200008392334,0.0004725539953914,0.0047472956481582,0.7056976284771942,0.3429655408646906,0.9489798359215258,0.3027809382333301,0.6814885594913274,0.2713963996654505,0.7471,0.23120000839233398,0.04140237152280579,-0.11176553247235663,-0.2018798359215258,-0.0715809298409961,0.06561144050867262,-0.0401963912731165
2022-11-21,16279.5,16319.0,15476.0,15781.29,324096.997753,80.26,82.89,79.09,80.81,3956.22998046875,3962.0,3933.340087890625,3949.93994140625,3850690000,24.049999237060547,24.1200008392334,22.299999237060547,22.36000061035156,-0.0566106040415676,-0.0038912498002756,0.3911570938784495,0.122274120962789,0.9625135601397508,0.3027010819639468,0.6963808827112551,0.2703924619709499,0.8081,0.2236000061035156,0.41694290612155055,0.1013258851407266,-0.15441356013975072,-0.07910107586043119,0.11171911728874495,-0.0467924558674343
2022-11-22,15781.29,16315.0,15616.63,16226.94,239548.06623,80.81,83.39,79.09,79.71,3965.510009765625,4005.8798828125,3956.8798828125,4003.580078125,3887990000,22.59000015258789,22.709999084472656,21.280000686645508,21.290000915527344,0.0278477628835421,0.0134886062698283,0.4497242343159054,0.1378849984598865,0.9825982952287587,0.2793887879186696,0.7034190654634808,0.270497060206875,0.7970999999999999,0.21290000915527343,0.3473757656840945,0.07501501069538694,-0.18549829522875882,-0.06648877876339618,0.09368093453651916,-0.05759705105160154
2022-11-23,16227.96,16706.0,16160.2,16603.11,264927.70408,79.71,79.88,74.5,75.27,4000.300048828125,4033.780029296875,3998.659912109375,4027.260009765625,3279720000,21.489999771118164,21.780000686645508,20.31999969482422,20.350000381469727,0.0229172032029526,0.0058972660417383,0.4578398339537356,0.1236382464676824,0.9935052281295156,0.2707012444229206,0.707617340318549,0.2697582906450416,0.7526999999999999,0.20350000381469727,0.2948601660462643,0.07986175734701487,-0.24080522812951566,-0.06720124060822333,0.045082659681450976,-0.06625828683034432
2022-11-25,16599.55,16666.0,16342.81,16522.14,182089.49533,72.21,73.27,64.8,64.89,4023.340087890625,4034.02001953125,4020.760009765625,4026.1201171875,1706460000,20.61000061035156,21.11000061035156,20.459999084472656,20.5,-0.0048887275575503,-0.0002830842622024,0.4424180942442762,0.1163292368966023,0.9573151611058428,0.2692692594100505,0.7059566302447567,0.2620029493618638,0.6489,0.205,0.20648190575572384,0.08867076310339769,-0.30841516110584277,-0.06426925941005049,-0.05705663024475671,-0.057002949361863814
2022-11-28,16428.77,16487.04,15995.27,16212.91,252695.40367,67.12,70.39,66.46,67.44,4005.360107421875,4012.27001953125,3955.77001953125,3963.93994140625,3615430000,22.09000015258789,22.5,21.649999618530273,22.209999084472656,-0.0188934612032745,-0.0155646967940648,0.4481904553354363,0.1457908632801207,0.9564526659521588,0.2812778865330498,0.706924205160309,0.2555333526916655,0.6744,0.22209999084472656,0.22620954466456372,0.07630912756460587,-0.28205266595215883,-0.05917789568832324,-0.03252420516030896,-0.03343336184693893
2022-11-29,16212.18,16548.71,16100.0,16442.53,248106.25009,67.44,68.14,64.52,64.8,3964.18994140625,3976.77001953125,3937.64990234375,3957.6298828125,3546040000,22.09000015258789,22.56999969482422,21.829999923706055,21.88999938964844,0.0140634322802119,-0.0015931337016243,0.4606245386039155,0.1446463115414687,0.8751150032630729,0.2815934057484138,0.7054953836177389,0.2465435962860611,0.648,0.2188999938964844,0.18737546139608452,0.0742536823550157,-0.22711500326307288,-0.06269341185192939,-0.05749538361773887,-0.027643602389576694
2022-11-30,16442.91,17249.0,16428.3,17163.64,303019.80719,64.8,65.38,62.62,64.05,3957.179931640625,4080.110107421875,3938.580078125,4080.110107421875,6579360000,21.700000762939453,22.6299991607666,20.309999465942383,20.579999923706055,0.0429219220456457,0.0304786435212949,0.535180157621645,0.2327107997800058,0.6021754092344683,0.2834504648674003,0.7191594508441304,0.2584890307692354,0.6405,0.20579999923706055,0.10531984237835501,-0.026910800542945257,0.03832459076553163,-0.07765046563033973,-0.0786594508441304,-0.05268903153217486
2022-12-01,17165.53,17324.0,16855.01,16977.37,232818.18218,64.05,64.38,59.68,60.05,4087.139892578125,4100.509765625,4050.8701171875,4076.570068359375,4527130000,20.829999923706055,21.059999465942383,19.799999237060547,19.84000015258789,-0.0109119119942652,-0.0008680098296065,0.3595638074576788,0.22904157393608,0.4198216623342813,0.1806579966272356,0.7191863866021135,0.257122463207561,0.6004999999999999,0.19840000152587892,0.24093619254232113,-0.030641572410201073,0.1806783376657186,0.017742004898643304,-0.11868638660211361,-0.058722461681682075
2022-12-02,16978.0,17105.73,16787.85,17092.74,202372.2062,60.05,64.18,58.57,58.75,4040.169921875,4080.47998046875,4026.6298828125,4071.699951171875,4012620000,20.420000076293945,20.959999084472656,18.950000762939453,19.059999465942383,0.0067725311702464,-0.0011953746637614,0.3383086906456375,0.2216869344807006,0.4009498471308499,0.1781481196769773,0.7198577354607101,0.2552862236131046,0.5875,0.19059999465942382,0.2491913093543625,-0.031086939821276777,0.1865501528691501,0.012451874982446515,-0.13235773546071006,-0.06468622895368079
2022-12-05,17106.65,17424.25,16867.0,16966.35,233703.29225,61.84,62.0,55.17,56.01,4052.02001953125,4052.449951171875,3984.489990234375,3998.840087890625,4280820000,20.299999237060547,21.290000915527344,19.780000686645508,20.75,-0.0074218412863547,-0.0180562496309722,0.3288006365283192,0.2505685554732927,0.3838647651525241,0.1920207617631487,0.719302480304266,0.2554460397671017,0.5600999999999999,0.2075,0.23129936347168073,-0.04306855547329272,0.17623523484747583,0.015479238236851295,-0.1592024803042661,-0.047946039767101684
2022-12-06,16966.35,17107.01,16906.37,17088.96,218730.76883,56.01,59.36,55.25,56.74,3996.6298828125,4001.510009765625,3918.389892578125,3941.260009765625,4368380000,20.690000534057617,22.600000381469727,20.3799991607666,22.170000076293945,0.0072006703080002,-0.014503869422986,0.3244490412660217,0.2630485533073597,0.3785820799646004,0.1985396837745752,0.7191012424825854,0.2581394169817328,0.5674,0.22170000076293944,0.24295095873397832,-0.04134855254442027,0.1888179200353996,0.023160316988364238,-0.15170124248258543,-0.036439416218793375
2022-12-07,17088.96,17142.21,16678.83,16836.64,220657.41334,56.74,61.91,56.54,61.83,3933.280029296875,3957.570068359375,3922.679931640625,3933.919921875,4118050000,22.31999969482422,23.010000228881836,22.18000030517578,22.68000030517578,-0.0148751770092267,-0.0018641072533816,0.3128014257727791,0.2480758998844592,0.3791329223903756,0.195764032045015,0.7084020785224407,0.2543575074350956,0.6183,0.22680000305175782,0.3054985742272209,-0.02127589683270137,0.23916707760962436,0.031035971006742824,-0.09010207852244079,-0.02755750438333779
2022-12-08,16836.64,17299.0,16733.49,17224.1,236417.97804,57.05,57.24,55.45,55.71,3947.7900390625,3974.18994140625,3935.830078125,3963.510009765625,4006900000,22.809999465942383,23.280000686645508,22.059999465942383,22.290000915527344,0.0227521019316931,0.0074936344139332,0.3269414663191317,0.2532332335090554,0.3905165577457221,0.1981314531231613,0.7037050650892182,0.2539246029913952,0.5571,0.22290000915527344,0.23015853368086836,-0.030333224353781968,0.16658344225427796,0.024768556032112143,-0.1466050650892181,-0.031024593836121744
2022-12-09,17224.1,17360.0,17058.21,17128.56,238422.06465,56.63,58.86,56.39,58.71,3954.169921875,3977.02001953125,3933.0400390625,3934.3798828125,3888260000,22.549999237060547,23.209999084472656,22.18000030517578,22.829999923706055,-0.0055623201422599,-0.0073767194642132,0.2091122069809538,0.1395456864144337,0.3918826801568786,0.199535458398583,0.7018647174348671,0.2542672315430855,0.5871,0.22829999923706054,0.37798779301904617,0.08875431282262683,0.19521731984312135,0.028764540838477543,-0.11476471743486716,-0.025967232306024962
2022-12-12,17085.05,17241.89,16871.85,17209.83,226227.49694,61.79,62.4,60.35,61.15,3939.2900390625,3990.7099609375,3935.300048828125,3990.56005859375,3904130000,24.399999618530273,25.049999237060547,24.18000030517578,25.0,0.0047334864414935,0.01417830729965,0.1964267675067159,0.1819147303441302,0.2870070450729071,0.2082253424816378,0.699992205749984,0.2478283063666795,0.6114999999999999,0.25,0.41507323249328404,0.0680852696558698,0.32449295492709285,0.04177465751836221,-0.08849220574998407,0.0021716936333205095
2022-12-13,17208.93,18000.0,17080.14,17774.7,284462.9139,60.25,60.73,60.08,60.66,4069.3798828125,4100.9599609375,3993.030029296875,4019.64990234375,5079360000,25.239999771118164,25.84000015258789,21.459999084472656,22.549999237060547,0.032295365713004,0.0072632232554572,0.2690520610857634,0.1923118421503276,0.2940469510322466,0.2024259167523399,0.7087374919131122,0.2472530054086956,0.6065999999999999,0.22549999237060547,0.3375479389142365,0.03318815022027788,0.3125530489677533,0.023074075618265577,-0.10213749191311228,-0.02175301303809013
2022-12-14,17775.82,18387.95,17660.94,17803.15,266681.22209,60.67,60.76,55.08,55.19,4015.5400390625,4053.760009765625,3965.64990234375,3995.320068359375,4472340000,22.829999923706055,23.469999313354492,21.06999969482422,21.13999938964844,0.0015993100237424,-0.0060711166238359,0.2558505394210894,0.1607085378801734,0.2847479408661347,0.2023635744728231,0.708864786117911,0.2476872807652626,0.5519,0.21139999389648442,0.2960494605789106,0.05069145601631103,0.26715205913386525,0.009036419423661318,-0.1569647861179111,-0.03628728686877819
2022-12-15,17804.01,17854.82,17275.51,17356.34,223701.96882,55.19,57.81,52.82,57.74,3958.3701171875,3958.3701171875,3879.449951171875,3895.75,4493900000,21.520000457763672,23.670000076293945,21.25,22.829999923706055,-0.0254175504220324,-0.025237477901826,0.320743730785253,0.2072158303013032,0.310685180866726,0.2277797914306282,0.7106502192748478,0.2476108021101738,0.5774,0.22829999923706054,0.25665626921474705,0.021084168935757347,0.26671481913327405,0.0005202078064323323,-0.13325021927484781,-0.019310802873113264
2022-12-16,17356.96,17531.73,16527.32,16632.12,253379.04116,57.74,64.86,52.81,63.31,3890.909912109375,3890.909912109375,3827.909912109375,3852.360107421875,7493660000,23.260000228881836,23.829999923706055,22.09000015258789,22.6200008392334,-0.042622091974556,-0.0112002399460116,0.4128342675334311,0.2150278897048982,0.3567599477769426,0.2235859936072252,0.718483531881732,0.247847500921273,0.6331,0.22620000839233398,0.2202657324665689,0.011172118687435784,0.2763400522230574,0.0026140147851087814,-0.08538353188173198,-0.021647492528939022
2022-12-19,16739.0,16815.99,16256.3,16438.88,179094.28305,66.48,66.67,60.62,63.62,3853.7900390625,3854.860107421875,3800.0400390625,3817.659912109375,3969610000,22.6299991607666,22.86000061035156,21.61000061035156,22.420000076293945,-0.0116865047502628,-0.0090483289411038,0.3771733421481387,0.203756203925201,0.3563614201771691,0.2255263436721112,0.7014391023653588,0.2466978756945717,0.6362,0.22420000076293944,0.2590266578518613,0.020443796837738448,0.2798385798228309,-0.001326342909171746,-0.06523910236535879,-0.022497874931632245
2022-12-20,16438.88,17061.27,16397.2,16895.56,248808.92324,63.61,65.81,59.36,60.1,3810.469970703125,3838.239990234375,3795.6201171875,3821.6201171875,3985370000,23.170000076293945,23.38999938964844,21.350000381469727,21.479999542236328,0.0274016047314584,0.0010368006978907,0.4294571550324695,0.2064869371454826,0.3247971396941965,0.1695278978224363,0.7066761011113671,0.2451814611415663,0.601,0.21479999542236328,0.17154284496753047,0.00831305827688067,0.2762028603058035,0.04527209759992698,-0.10567610111136716,-0.030381465719203027
2022-12-21,16896.15,16925.0,16723.0,16824.67,156810.96362,60.1,60.34,58.83,59.12,3839.489990234375,3889.820068359375,3839.489990234375,3878.43994140625,3775200000,21.25,21.290000915527344,19.940000534057617,20.06999969482422,-0.0042046038497872,0.0147585486690542,0.4269502723345293,0.2086684048613185,0.3221146723696403,0.1882590852971128,0.6427757683664554,0.2483764341286764,0.5912,0.2006999969482422,0.16424972766547064,-0.007968407913076292,0.26908532763035964,0.0124409116511294,-0.0515757683664555,-0.04767643718043421
2022-12-22,16824.68,16868.52,16559.85,16821.43,176044.27235,59.12,59.18,53.48,56.14,3853.260009765625,3853.260009765625,3764.489990234375,3822.389892578125,3956950000,20.079999923706055,24.299999237060547,20.010000228881836,21.969999313354492,-0.0001925929014068,-0.0145571424981456,0.351177317214586,0.1997700886543221,0.3203560893800588,0.1934705154299362,0.4612716775929888,0.2442142041155859,0.5614,0.21969999313354494,0.210222682785414,0.019929904479222826,0.24104391061994124,0.026229477703608728,0.1001283224070112,-0.024514210982040957
2022-12-23,16821.9,16955.14,16731.13,16778.5,161612.00947,56.14,56.31,52.86,53.67,3815.110107421875,3845.800048828125,3797.010009765625,3844.820068359375,2819280000,22.170000076293945,22.63999938964844,20.780000686645508,20.8700008392334,-0.0025553638570472,0.005850952271915,0.3473335277450311,0.214811323138603,0.3191702671566548,0.1875266669704051,0.3546450104126039,0.1857869569424338,0.5367000000000001,0.208700008392334,0.18936647225496894,-0.006111314746268998,0.21752973284334526,0.021173341421928893,0.1820549895873962,0.02291305144990019
2022-12-27,16919.39,16972.83,16592.37,16706.36,173749.58616,53.22,54.44,53.11,54.05,3843.340087890625,3846.64990234375,3813.219970703125,3829.25,3030300000,21.670000076293945,22.799999237060547,21.59000015258789,21.649999618530273,-0.0043088196642977,-0.0040578440346594,0.3265392345753979,0.1647778242899193,0.3173108766764458,0.1799798866305679,0.3439685378030301,0.1834506002676557,0.5405,0.21649999618530275,0.21396076542460207,0.051722171895383445,0.22318912332355417,0.036520109554734836,0.19653146219696987,0.03304939591764705
2022-12-28,16706.06,16785.19,16465.33,16547.31,193037.56577,54.05,57.33,53.53,57.19,3829.56005859375,3848.320068359375,3780.780029296875,3783.219970703125,3083520000,21.469999313354492,22.260000228881836,20.959999084472656,22.13999938964844,-0.0095659343975275,-0.0120934704429486,0.2067760018695062,0.1668420687502061,0.3137907791527677,0.1849292560351519,0.3361739896567076,0.1847876894258515,0.5719,0.2213999938964844,0.3651239981304938,0.0545579251462783,0.25810922084723226,0.03647073786133251,0.23572601034329238,0.036612304470632906
2022-12-29,16547.32,16664.41,16488.91,16633.47,160998.47158,57.19,57.29,54.54,54.59,3805.449951171875,3858.18994140625,3805.449951171875,3849.280029296875,3003680000,22.25,22.309999465942383,21.36000061035156,21.440000534057617,0.0051933796404468,0.0173106343149943,0.1935947329658502,0.1963236946341446,0.2961133894419965,0.1996183913103077,0.3327680725216438,0.1905250526800565,0.5459,0.21440000534057618,0.3523052670341499,0.018076310706431592,0.24978661055800355,0.01478161403026848,0.21313192747835624,0.02387495266051967
2022-12-30,16633.47,16677.35,16333.0,16607.48,164916.31174,54.59,54.95,48.5,49.82,3829.06005859375,3839.85009765625,3800.340087890625,3839.5,2979870000,21.829999923706055,22.399999618530273,21.59000015258789,21.670000076293945,-0.0015637342071172,-0.0025439756461108,0.0714305083868978,0.1976035444749604,0.2957955707352647,0.1981846479724322,0.3302742811716358,0.1893956499363284,0.4982,0.21670000076293947,0.4267694916131022,0.01909645628797907,0.20240442926473529,0.018515352790507256,0.16792571882836416,0.027304350826611062
2023-01-03,16672.78,16778.4,16605.28,16675.18,159541.53733,50.02,50.44,48.79,48.95,3853.2900390625,3878.4599609375,3794.330078125,3824.139892578125,3959140000,23.09000015258789,23.760000228881836,22.729999542236328,22.899999618530273,0.0040681900647676,-0.0040085724812736,0.0796966631853868,0.1717899514850853,0.2955063077589726,0.1844029439592586,0.330454318550736,0.1895011927886484,0.48950000000000005,0.22899999618530273,0.40980333681461323,0.05721004470021743,0.19399369224102747,0.044597052226044126,0.15904568144926406,0.03949880339665432
2023-01-04,16675.65,16991.87,16652.66,16850.36,220362.18862,48.95,48.95,41.96,46.87,3840.360107421875,3873.159912109375,3815.77001953125,3852.969970703125,4414080000,22.93000030517578,23.270000457763672,21.940000534057617,22.010000228881836,0.0104506352091812,0.0075106945621389,0.1067579825616762,0.1542484377737064,0.2581729281270518,0.1846738370048588,0.3318498855420736,0.1904029557239694,0.46869999999999995,0.22010000228881835,0.36194201743832377,0.06585156451511195,0.21052707187294817,0.03542616528395956,0.13685011445792633,0.02969704656484895
2023-01-05,16850.36,16879.82,16753.0,16831.85,163473.56641,46.87,47.48,45.41,45.45,3839.739990234375,3839.739990234375,3802.419921875,3808.10009765625,3893450000,22.200000762939453,22.920000076293945,21.969999313354492,22.459999084472656,-0.0010990966366733,-0.0117138691364571,0.1055035326527706,0.1671712137726204,0.2573284892839452,0.1879998236915699,0.2847922417869595,0.1927850018777863,0.4545,0.22459999084472657,0.34899646734722944,0.05742877707210617,0.19717151071605482,0.03660016715315667,0.16970775821304052,0.031814988966940266
2023-01-06,16831.85,17041.0,16679.0,16950.65,207401.28415,45.45,45.56,42.71,43.61,3823.3701171875,3906.18994140625,3809.56005859375,3895.080078125,3923560000,22.690000534057617,22.899999618530273,21.0,21.1299991607666,0.0070332562551536,0.0225838355890308,0.1059475819012874,0.2179109450544203,0.24132318999123,0.1899295509263276,0.2746803324675723,0.2004638259454325,0.4361,0.21129999160766602,0.3301524180987126,-0.006610953446754275,0.19477681000876998,0.02137044068133842,0.1614196675324277,0.010836165662233527
2023-01-09,17127.83,17398.8,17104.66,17178.26,266211.52723,42.79,45.03,42.79,44.06,3910.820068359375,3950.570068359375,3890.419921875,3892.090087890625,4311770000,21.75,21.979999542236328,21.270000457763672,21.969999313354492,0.0133384496943115,-0.0007679273259905,0.0878428901405819,0.1956557972092552,0.1606236860210092,0.1830498063295249,0.2695311766187627,0.199423442729309,0.44060000000000005,0.21969999313354494,0.35275710985941816,0.024044195924289746,0.2799763139789908,0.036650186804020046,0.17106882338123736,0.020276550404235927
2023-01-10,17179.04,17499.0,17146.34,17440.66,221382.42581,44.06,45.47,43.01,45.47,3888.570068359375,3919.830078125,3877.2900390625,3919.25,3851030000,22.219999313354492,22.459999084472656,20.579999923706055,20.579999923706055,0.0151596309333654,0.0069539979705937,0.1056619934858004,0.1749541305733187,0.15558770721571,0.1790204730480646,0.2718904974808307,0.2007914084556837,0.4547,0.20579999923706055,0.3490380065141996,0.030845868663741838,0.29911229278428997,0.026779526188995956,0.18280950251916928,0.005008590781376859
2023-01-11,17440.64,18000.0,17315.6,17943.26,262221.60653,45.47,47.55,45.2,47.55,3932.35009765625,3970.070068359375,3928.5400390625,3969.610107421875,4303360000,20.799999237060547,21.25,20.6200008392334,21.09000015258789,0.0284102951545734,0.0127675711922936,0.1500883559265874,0.1801860911194768,0.1585313303563301,0.184780163624666,0.2751465243149987,0.1995935720485054,0.4755,0.2109000015258789,0.3254116440734126,0.03071391040640209,0.3169686696436699,0.02611983790121289,0.20035347568500128,0.011306429477373509
2023-01-12,17943.26,19117.04,17892.05,18846.62,454568.32178,47.55,52.07,43.13,51.42,3977.570068359375,3997.760009765625,3937.56005859375,3983.169921875,4440260000,21.559999465942383,21.799999237060547,18.829999923706055,18.829999923706055,0.0491190305151335,0.0034100849120427,0.2629907430730798,0.1702455389669091,0.2423576238798257,0.1765291785397744,0.3041989284549528,0.1997628455788833,0.5142,0.18829999923706053,0.2512092569269202,0.018054460270151423,0.27184237612017426,0.011770820697286133,0.2100010715450472,-0.011462846341822763
2023-01-13,18846.62,20000.0,18714.12,19930.01,368615.87823,51.42,61.12,47.08,61.12,3960.60009765625,4003.949951171875,3947.669921875,3999.090087890625,3939700000,19.0,19.40999984741211,18.010000228881836,18.350000381469727,0.0558930485095537,0.003988892144656,0.3415316988975369,0.170088446842622,0.3119503958235179,0.159745103400321,0.3203134795625851,0.1785124178917697,0.6112,0.18350000381469728,0.2696683011024631,0.013411556972075273,0.29924960417648205,0.02375490041437628,0.29088652043741486,0.004987585922927584
2023-01-17,21185.65,21647.45,20841.31,21134.81,275407.74409,64.92,66.37,62.93,63.35,3999.280029296875,4015.389892578125,3984.570068359375,3990.969970703125,4235560000,19.88999938964844,20.219999313354492,19.209999084472656,19.36000061035156,0.0586948081703199,-0.0020325554309963,0.3455350715887454,0.1358449321513642,0.3605707497403579,0.1607342469685703,0.3522406364533343,0.1785556260393281,0.6335000000000001,0.19360000610351558,0.28796492841125465,0.057755073952151376,0.27292925025964215,0.03286575913494527,0.28125936354666575,0.015044380064187485
2023-01-18,21132.29,21650.0,20407.15,20677.47,350916.01949,63.35,64.55,59.36,63.34,4002.25,4014.159912109375,3926.590087890625,3928.860107421875,4298710000,19.280000686645508,20.579999923706055,18.709999084472656,20.34000015258789,-0.0218767424205475,-0.0156849669777446,0.4597595406055419,0.1418373371381773,0.3869506631025273,0.1769161516882316,0.3622586383897734,0.1837622413968709,0.6334000000000001,0.2034000015258789,0.17364045939445816,0.06156266438770158,0.24644933689747278,0.02648384983764729,0.27114136161022667,0.019637760129008003
2023-01-19,20677.47,21192.0,20659.19,21071.59,251385.84925,63.34,63.37,56.23,56.9,3911.840087890625,3922.93994140625,3885.5400390625,3898.85009765625,3991500000,20.43000030517578,21.709999084472656,20.170000076293945,20.520000457763672,0.0188809859816687,-0.0076676719018124,0.4532952479595835,0.151630132353176,0.3700642630895985,0.1710617061142309,0.3615922786803935,0.1778483602900092,0.569,0.2052000045776367,0.11570475204041647,0.05356987222446072,0.19893573691040145,0.0341382984634058,0.20740772131960644,0.027351644287627513
2023-01-20,21071.59,22755.93,20861.28,22667.21,338079.13659,56.9,59.5,53.78,59.48,3909.0400390625,3972.9599609375,3897.860107421875,3972.610107421875,4013360000,20.280000686645508,20.700000762939453,19.40999984741211,19.850000381469727,0.0729936990967774,0.0187416735523519,0.5077028754064601,0.1861021390260809,0.433545708379754,0.1736089310922761,0.4087597972816204,0.1817191899535657,0.5948,0.19850000381469726,0.08709712459353991,0.012397864788616375,0.16125429162024602,0.024891072722421165,0.18604020271837962,0.01678081386113156
2023-01-23,22706.02,23180.0,22500.0,22916.45,293588.37938,61.99,66.6,61.26,64.38,3978.139892578125,4039.31005859375,3971.639892578125,4019.81005859375,3945210000,20.209999084472656,20.329999923706055,19.549999237060547,19.809999465942383,0.0109356064794796,0.0118113159513285,0.5310528916007115,0.1838383589768071,0.4234422432984819,0.1765782102041455,0.4022239933906961,0.1846266496330242,0.6437999999999999,0.19809999465942382,0.11274710839928848,0.014261635682616736,0.22035775670151803,0.02152178445527833,0.24157600660930384,0.01347334502639963
2023-01-24,22917.81,23162.2,22462.93,22632.89,293158.78254,64.38,65.84,61.26,61.33,4001.739990234375,4023.919921875,3989.7900390625,4016.949951171875,3320430000,19.88999938964844,20.469999313354492,18.90999984741211,19.200000762939453,-0.0124508352125872,-0.0007117563642918,0.587537473791277,0.1839811300696281,0.4431023813356883,0.1744825728392585,0.4056615061939996,0.1835391045808111,0.6133,0.19200000762939454,0.02576252620872299,0.008018877559766435,0.17019761866431166,0.01751743479013604,0.20763849380600036,0.008460903048583435
2023-01-25,22631.94,23816.73,22300.0,23060.94,346042.83223,65.73,65.85,58.02,61.49,3982.7099609375,4019.550048828125,3949.06005859375,4016.219970703125,3724020000,19.559999465942383,20.899999618530273,18.989999771118164,19.079999923706055,0.0187361191606464,-0.0001817415734656,0.5496170775826594,0.1830312923836926,0.4403671818799365,0.1741183984516852,0.4041381596451558,0.1820527826883852,0.6149,0.19079999923706054,0.06528292241734057,0.007768706853367946,0.1745328181200635,0.01668160078537534,0.2107618403548442,0.00874721654867533
2023-01-26,23060.42,23282.47,22850.01,23009.65,288924.43581,61.49,61.52,56.59,57.0,4036.080078125,4061.570068359375,4013.2900390625,4060.429931640625,3809590000,19.049999237060547,19.479999542236328,18.670000076293945,18.729999542236328,-0.0022265840828143,0.0109477080291143,0.4919313194101228,0.1915307696960229,0.4415584339875743,0.16329557597692,0.4054147287644062,0.1802036786174301,0.57,0.18729999542236328,0.07806868058987715,-0.0042307742736596154,0.12844156601242568,0.024004419445443292,0.16458527123559374,0.007096316804933167
2023-01-27,23009.65,23500.0,22534.88,23074.16,280833.86315,57.0,57.69,54.98,55.0,4053.719970703125,4094.2099609375,4048.699951171875,4070.56005859375,3907760000,18.899999618530273,19.0,17.969999313354492,18.510000228881836,0.0027996835390564,0.0024917340217038,0.4397767106717077,0.144451071873311,0.4447554397694148,0.141102329127987,0.400095811996441,0.1791934257647244,0.55,0.18510000228881837,0.11022328932829234,0.04064893041550738,0.10524456023058526,0.04399767316083136,0.14990418800355904,0.005906576524093959
2023-01-30,23743.37,23800.51,22500.0,22826.15,302405.90121,58.92,58.92,55.41,56.4,4049.27001953125,4063.85009765625,4015.550048828125,4017.77001953125,3802000000,19.760000228881836,20.25,19.540000915527344,19.940000534057617,-0.0108065681293011,-0.0130535693152926,0.4659583442661231,0.1663409710430399,0.46522708235743,0.1564982960191711,0.403608678555144,0.1825033253052382,0.564,0.19940000534057617,0.09804165573387685,0.03305903429753626,0.09877291764256996,0.04290170932140508,0.16039132144485596,0.01689668003533798
2023-01-31,22827.38,23320.0,22714.77,23125.13,264649.34909,56.4,59.21,54.76,58.82,4020.85009765625,4077.159912109375,4020.43994140625,4076.60009765625,4679320000,20.1200008392334,20.700000762939453,19.1299991607666,19.399999618530273,0.0130130964408873,0.0145363044164195,0.1908713607818724,0.1523210110966374,0.4657760445130057,0.1640227277633545,0.3908920459528578,0.1703572416224072,0.5882000000000001,0.19399999618530273,0.39732863921812767,0.04167898508866533,0.12242395548699436,0.029977268421948228,0.19730795404714224,0.023642754562895524
2023-02-01,23125.13,23812.66,22760.23,23732.66,310790.42271,58.82,60.43,56.27,58.04,4070.070068359375,4148.9501953125,4037.199951171875,4119.2099609375,4856930000,19.6200008392334,20.040000915527344,17.700000762939453,17.8700008392334,0.0259322535565358,0.0103980562968847,0.2338904685132363,0.1493641538877492,0.4650423445935508,0.1615237570764926,0.360688862436345,0.1678336991882258,0.5804,0.178700008392334,0.3465095314867637,0.029335854504584785,0.11535765540644921,0.017176251315841384,0.219711137563655,0.010866309204108193
2023-02-02,23731.41,24255.0,23363.27,23488.94,364177.20751,58.04,58.32,55.11,57.71,4158.68017578125,4195.43994140625,4141.8798828125,4179.759765625,5624360000,17.739999771118164,19.25,17.059999465942383,18.729999542236328,-0.0103224864935691,0.0145923846268543,0.2274819026775429,0.1591869765092391,0.4611931905249884,0.1693326006251913,0.3599362747434171,0.1680117005290489,0.5771000000000001,0.18729999542236328,0.3496180973224572,0.028113018913124177,0.11590680947501164,0.017967394797171993,0.21716372525658295,0.01928829489331438
2023-02-03,23489.33,23715.7,23204.62,23431.9,332571.02904,57.71,57.82,54.14,54.25,4136.68994140625,4182.35986328125,4123.35986328125,4136.47998046875,4694510000,18.56999969482422,19.299999237060547,17.93000030517578,18.329999923706055,-0.0024313302190962,-0.0104085926372854,0.2097483884367623,0.1847638115067399,0.4279137264548275,0.1791618145957762,0.3591530054015839,0.1724032995203623,0.5425,0.18329999923706056,0.3327516115632377,-0.0014638122696793432,0.11458627354517248,0.004138184641284348,0.18334699459841608,0.010896699716698266
2023-02-06,22932.91,23158.25,22628.13,22762.52,265371.6069,55.23,55.73,53.33,54.56,4119.56982421875,4124.6298828125,4093.3798828125,4111.080078125,4114240000,19.229999542236328,19.809999465942383,19.209999084472656,19.43000030517578,-0.0289830181567284,-0.0061593931939392,0.2826572812291907,0.1870777724071895,0.4015847967200166,0.1819800308989412,0.3750379064229291,0.1702717813474333,0.5456,0.19430000305175782,0.26294271877080927,0.0072222306445683115,0.14401520327998335,0.012319972152816633,0.17056209357707086,0.02402822170432453
2023-02-07,22762.52,23350.25,22745.78,23240.46,308006.72482,54.56,54.66,52.82,53.31,4105.35009765625,4176.5400390625,4088.389892578125,4164.0,4355860000,19.540000915527344,19.989999771118164,18.43000030517578,18.65999984741211,0.0207794015559237,0.012790364037397,0.3131948904022829,0.1985946185480253,0.3861081260550902,0.167505493940113,0.3749738736963469,0.1656294399882799,0.5331,0.1865999984741211,0.21990510959771714,-0.0119946200739042,0.1469918739449098,0.0190945045340081,0.15812612630365314,0.0209705584858412
2023-02-08,23242.42,23452.0,22665.85,22963.0,280056.30717,53.31,53.94,52.52,52.99,4153.47021484375,4156.85009765625,4111.669921875,4117.85986328125,4029820000,18.8799991607666,20.1200008392334,18.549999237060547,19.6299991607666,-0.0120105003106417,-0.0111425730124113,0.3151822353220183,0.1922379531048327,0.3919693855097051,0.1728229302989318,0.3788757171426107,0.1702162197191072,0.5299,0.196299991607666,0.21471776467798176,0.004062038502833321,0.13793061449029492,0.0234770613087342,0.15102428285738934,0.026083771888558815
2023-02-09,22961.85,23011.39,21688.0,21796.35,402894.6955,52.99,53.11,49.03,51.95,4144.25,4156.22998046875,4069.669921875,4081.5,4270200000,19.239999771118164,21.079999923706055,19.020000457763672,20.709999084472656,-0.0521417003525174,-0.0088690098310373,0.4308339892829901,0.1871058115819806,0.3334139641593868,0.1664537086952686,0.418381219534401,0.1723325634419797,0.5195000000000001,0.20709999084472655,0.08866601071700997,0.019994179262745937,0.18608603584061328,0.04064628214945795,0.10111878046559908,0.03476742740274685
2023-02-10,21797.83,21938.16,21451.0,21625.19,338591.94247,51.95,52.02,48.4,48.69,4068.919921875,4094.360107421875,4060.7900390625,4090.4599609375,3891520000,20.739999771118164,21.940000534057617,20.440000534057617,20.530000686645508,-0.0078836856777029,0.0021928557092171,0.3593178619332305,0.1743096359441979,0.3279015587695849,0.1602745236077584,0.4177651981962945,0.1669799788499354,0.4869,0.20530000686645508,0.1275821380667695,0.030990370922257177,0.15899844123041512,0.04502548325869668,0.06913480180370551,0.03832002801651968
2023-02-13,21782.37,21894.99,21351.07,21773.97,295730.76791,47.51,51.73,47.4,50.65,4096.6201171875,4138.89990234375,4092.669921875,4137.2900390625,3448620000,21.65999984741211,21.690000534057617,20.329999923706055,20.34000015258789,0.0068563807615015,0.0113835699511551,0.3794839198169142,0.1629465928851186,0.328649242157891,0.1655413382593927,0.4176640414919644,0.1632861602617264,0.5065,0.2034000015258789,0.12701608018308574,0.0404534086407603,0.17785075784210896,0.03785866326648618,0.08883595850803555,0.04011384126415249
2023-02-14,21774.63,22319.08,21532.77,22199.84,361958.40109,50.65,51.16,47.87,49.17,4126.7001953125,4159.77001953125,4095.010009765625,4136.1298828125,3929200000,20.719999313354492,20.75,18.479999542236328,18.90999984741211,0.01936986197704,-0.0002804538554937,0.4201192767730954,0.1504341321977028,0.329462886008676,0.165568338074769,0.4174800155639696,0.1628211177629367,0.4917,0.1890999984741211,0.07158072322690462,0.0386658662764183,0.162237113991324,0.02353166039935209,0.07421998443603045,0.026278880711184394
2023-02-15,22199.84,24380.0,22047.28,24324.05,375669.16111,49.17,52.91,46.92,52.67,4119.5,4148.10986328125,4103.97998046875,4147.60009765625,4075980000,19.3700008392334,19.40999984741211,18.11000061035156,18.229999542236328,0.0913804911936594,0.0027693375330766,0.6950011351379513,0.1445332831417189,0.517736543279407,0.160660890956133,0.4793948583655483,0.1616546217057222,0.5267000000000001,0.18229999542236328,-0.1683011351379512,0.03776671228064438,0.008963456720593066,0.02163910446623027,0.047305141634451764,0.020645373716641074
2023-02-16,24322.87,25250.0,23505.25,23517.72,450080.68366,52.67,59.55,51.15,58.8,4114.75,4136.5400390625,4089.489990234375,4090.409912109375,4143660000,18.260000228881836,20.270000457763672,18.229999542236328,20.170000076293945,-0.0337113932826645,-0.0138846892048816,0.7336164942345454,0.143796897814818,0.5419408940270233,0.1732644480337345,0.4978351237228126,0.1679019357219852,0.588,0.20170000076293945,-0.14561649423454548,0.057903102948121454,0.04605910597297669,0.02843555272920495,0.09016487627718739,0.033798065040954256
2023-02-17,23517.72,25021.11,23339.37,24569.97,496813.21376,58.8,62.41,54.1,60.77,4077.389892578125,4081.510009765625,4047.949951171875,4079.090087890625,4045480000,20.940000534057617,21.299999237060547,19.81999969482422,20.020000457763672,0.0437707859750721,-0.0027712421722827,0.765502360861096,0.1309819036768679,0.5670737854344785,0.1630382740182858,0.5052016446646043,0.1635007036447856,0.6077,0.20020000457763673,-0.157802360861096,0.06921810090076883,0.04062621456552151,0.03716173055935093,0.10249835533539575,0.03669930093285112
2023-02-21,24843.89,25250.0,24148.34,24452.16,376000.82868,60.75,62.33,59.35,60.82,4052.35009765625,4052.35009765625,3995.18994140625,3997.340087890625,4121590000,21.799999237060547,23.34000015258789,21.799999237060547,22.8700008392334,-0.0048064099540204,-0.0202447839734716,0.6487765661284005,0.1702895875699369,0.5673896468236819,0.1738221493905393,0.5074971580712212,0.1644270455862433,0.6082,0.22870000839233398,-0.04057656612840055,0.058410420822397086,0.04081035317631809,0.05487785900179468,0.10070284192877876,0.06427296280609068
2023-02-22,24450.67,24476.05,23574.69,24182.21,379425.75365,59.47,60.16,56.69,56.83,4001.830078125,4017.3701171875,3976.89990234375,3991.050048828125,4079320000,23.030000686645508,23.6299991607666,22.020000457763672,22.290000915527344,-0.0111013167175208,-0.0015747954856433,0.6541054670312066,0.166953775845292,0.5613444388735683,0.1652782223060108,0.5119501831096589,0.1645132330908688,0.5683,0.22290000915527344,-0.08580546703120662,0.05594623330998144,0.0069555611264316974,0.05762178684926264,0.05634981689034113,0.05838677606440465
2023-02-23,24182.21,24599.59,23608.0,23940.2,398400.45437,56.83,57.54,54.87,54.93,4018.60009765625,4028.300048828125,3969.18994140625,4012.320068359375,3952940000,21.959999084472656,22.43000030517578,20.88999938964844,21.13999938964844,-0.0100581845457686,0.0053152782632377,0.6716368683637296,0.146986495019173,0.5612391021343243,0.1510154568251366,0.5155450940582269,0.1640516638257097,0.5493,0.21139999389648442,-0.12233686836372959,0.06441349887731143,-0.011939102134324253,0.06038453707134783,0.033754905941773106,0.04734833007077471
2023-02-24,23940.2,24132.35,22841.19,23185.29,343582.57453,54.93,54.97,50.45,50.49,3973.239990234375,3978.25,3943.080078125,3970.0400390625,3877700000,21.350000381469727,22.899999618530273,21.31999969482422,21.670000076293945,-0.0320410284614873,-0.0105934646197741,0.7218794822478427,0.1479226566963105,0.5788971538266958,0.1511950879101755,0.5269992833687962,0.1631905257023186,0.5049,0.21670000076293947,-0.2169794822478427,0.06877734406662897,-0.0739971538266958,0.06550491285276397,-0.022099283368796185,0.05350947506062087
2023-02-27,23554.85,23897.99,23106.77,23492.09,283706.0859,51.34,51.49,49.9,50.44,3992.360107421875,4018.050048828125,3973.550048828125,3982.239990234375,3836950000,21.989999771118164,22.020000457763672,20.68000030517578,20.950000762939453,0.0131457428920457,0.0030682925395522,0.42626635513785,0.1486637272522379,0.5665379871806521,0.1524420996002354,0.5130604345151762,0.1631315240192347,0.5044,0.20950000762939452,0.07813364486214996,0.06083628037715663,-0.06213798718065211,0.05705790802915914,-0.008660434515176285,0.04636848361015983
2023-02-28,23492.09,23600.0,23020.97,23141.57,264140.99894,50.44,50.62,49.16,50.37,3977.18994140625,3997.5,3968.97998046875,3970.14990234375,5043400000,21.299999237060547,21.3700008392334,20.100000381469727,20.700000762939453,-0.0150332013979481,-0.0030406198309477,0.3862263794857269,0.1377716861285172,0.5642066449826589,0.1360282761344887,0.4956248110102721,0.162907046973092,0.5036999999999999,0.20700000762939452,0.11747362051427301,0.06922832150087732,-0.06050664498265901,0.07097173149490582,0.00807518898972781,0.04409296065630253
2023-03-01,23141.57,24000.0,23020.03,23628.97,315287.41737,50.37,55.83,50.34,54.71,3963.340087890625,3971.72998046875,3939.050048828125,3951.389892578125,4249480000,20.38999938964844,21.31999969482422,20.219999313354492,20.579999923706055,0.0208429342438966,-0.0047364642034928,0.2817081485262451,0.1373819774839889,0.5681967528766505,0.1316081983501892,0.4715331796349931,0.1633531652071339,0.5471,0.20579999923706055,0.26539185147375494,0.06841802175307166,-0.02109675287665047,0.07419180088687136,0.07556682036500695,0.04244683402992666
2023-03-02,23629.76,23796.93,23195.9,23465.32,239315.45219,54.71,55.36,53.19,53.72,3938.679931640625,3990.840087890625,3928.159912109375,3981.35009765625,4244900000,21.40999984741211,21.420000076293945,19.549999237060547,19.59000015258789,-0.0069499151047281,0.0075535937311959,0.2817548904814385,0.1001498289952085,0.514466861399545,0.1356658766599535,0.4664496807956043,0.1581771233658812,0.5372,0.19590000152587891,0.25544510951856153,0.09575017253067042,0.022733138600455005,0.060234124865925415,0.07075031920439573,0.037722878159997725
2023-03-03,23465.32,23476.95,21971.13,22354.34,319954.19785,53.72,55.91,50.53,52.2,3998.02001953125,4048.2900390625,3995.169921875,4045.639892578125,4084730000,19.760000228881836,19.760000228881836,18.15999984741211,18.489999771118164,-0.0485031008319871,0.016018749176483,0.3822752397251241,0.1403284107764027,0.5613281943786913,0.1548309642928617,0.4884080520927302,0.162463095360937,0.522,0.18489999771118165,0.1397247602748759,0.044571586934778945,-0.039328194378691284,0.030069033418319957,0.033591947907269826,0.022436902350244647
2023-03-06,22430.24,22602.19,22258.0,22410.0,203751.82957,50.84,52.55,50.4,51.78,4055.14990234375,4078.489990234375,4044.610107421875,4048.419921875,4000870000,19.049999237060547,19.190000534057617,18.489999771118164,18.61000061035156,0.0024868021592324,0.0006869307788483,0.3911940183703911,0.1383881995241453,0.5609570227714651,0.1448620762160092,0.4396257428431299,0.1537473546780405,0.5178,0.1861000061035156,0.12660598162960895,0.0477118065793703,-0.04315702277146505,0.04123792988750641,0.07817425715687015,0.03235265142547511
2023-03-07,22409.41,22557.91,21927.0,22197.96,292519.80912,51.78,52.56,50.73,51.46,4048.260009765625,4050.0,3980.31005859375,3986.3701171875,3922500000,18.63999938964844,19.739999771118164,18.510000228881836,19.59000015258789,-0.0095068950488123,-0.0154455904792625,0.3585034419077352,0.1576008958848943,0.5570454670406684,0.156133488029229,0.439045334599397,0.1567875303023315,0.5146000000000001,0.19590000152587891,0.15609655809226486,0.038299105640984626,-0.04244546704066832,0.03976651349664992,0.07555466540060307,0.03911247122354741
2023-03-08,22198.56,22287.0,21580.0,21705.44,301460.57272,51.46,52.56,49.62,50.12,3987.550048828125,4000.409912109375,3969.760009765625,3992.010009765625,3535570000,19.709999084472656,20.010000228881836,19.0,19.11000061035156,-0.0224374723911691,0.0014137941356032,0.3409284420312408,0.1568172860842527,0.3744672671820002,0.155327925389728,0.4422389057161543,0.1568574960438234,0.5012,0.1911000061035156,0.1602715579687592,0.03428272001926291,0.1267327328179998,0.035772080713787596,0.05896109428384566,0.0342425100596922
2023-03-09,21704.37,21834.99,20042.72,20362.22,443658.28584,50.12,56.03,48.47,54.39,3998.659912109375,4017.81005859375,3908.699951171875,3918.320068359375,4445260000,19.329999923706055,23.13999938964844,18.8799991607666,22.61000061035156,-0.0638816973065751,-0.0186318579454823,0.4663178874190859,0.1943796001399759,0.4318857602138858,0.163049570936255,0.4732932491113195,0.1656967087831627,0.5439,0.22610000610351558,0.07758211258091413,0.03172040596353967,0.11201423978611424,0.06305043516726058,0.07060675088868057,0.06040329732035288
2023-03-10,20362.21,20367.78,19549.09,20150.69,618456.4671,54.39,59.38,53.44,54.2,3912.77001953125,3934.050048828125,3846.320068359375,3861.590087890625,5518190000,23.34000015258789,28.969999313354492,21.790000915527344,24.799999237060547,-0.0104426920836925,-0.0145839694360666,0.3871408598599921,0.208900869639284,0.3546849645336417,0.1701763746758437,0.4736022451835329,0.166458164210246,0.542,0.24799999237060547,0.15485914014000796,0.03909912273132146,0.18731503546635836,0.07782361769476176,0.06839775481646715,0.08154182816035946
2023-03-13,21998.05,24500.0,21813.88,24113.48,687889.31259,58.87,70.39,54.56,62.24,3835.1201171875,3905.050048828125,3808.860107421875,3855.760009765625,6558020000,24.049999237060547,30.809999465942383,23.850000381469727,26.520000457763672,0.179532489243478,-0.0015109018407387,1.2842390456589523,0.1958201808484381,0.8968428810739296,0.1530234391536706,0.7133383975412426,0.1659913854656786,0.6224000000000001,0.2652000045776367,-0.6618390456589522,0.0693798237291986,-0.27444288107392956,0.11217656542396612,-0.09093839754124255,0.09920861911195811
2023-03-14,24112.27,26386.87,23976.42,24670.41,699360.93423,62.24,68.19,59.71,63.46,3894.010009765625,3937.2900390625,3873.6298828125,3919.2900390625,5665870000,26.850000381469727,27.239999771118164,22.270000457763672,23.729999542236328,0.0228335295528605,0.0163423882353636,1.2322751177780298,0.1972543464309225,0.9009777895902412,0.1728871191406529,0.7149692392438033,0.1704879631361754,0.6346,0.23729999542236327,-0.5976751177780297,0.04004564899144078,-0.26637778959024117,0.06441287628171036,-0.08036923924380324,0.06681203228618787
2023-03-15,24670.41,25196.97,23896.95,24285.66,581450.72984,63.46,70.1,61.88,64.15,3876.739990234375,3894.260009765625,3838.239990234375,3891.929931640625,6594010000,23.209999084472656,29.90999984741211,23.190000534057617,26.13999938964844,-0.0157184970805925,-0.0070053639293535,1.244253852545881,0.1940792116690219,0.9026949679411896,0.1716518983148256,0.7161777664799284,0.1649615890468047,0.6415000000000001,0.2613999938964844,-0.602753852545881,0.06732078222746249,-0.26119496794118957,0.08974809558165878,-0.0746777664799283,0.0964384048496797
2023-03-16,24285.66,25167.4,24123.0,24998.78,439421.32998,64.15,64.15,56.98,62.45,3878.929931640625,3964.4599609375,3864.110107421875,3960.280029296875,5695790000,26.190000534057617,27.489999771118164,22.969999313354492,22.989999771118164,0.0289409709791094,0.0174095762490317,1.238384376016688,0.2223567085406908,0.8964513528655548,0.185582873992797,0.7171173327856647,0.1705304682103505,0.6245,0.22989999771118164,-0.6138843760166879,0.0075432891704908245,-0.2719513528655547,0.04431712371838464,-0.09261733278566464,0.05936952950083113
2023-03-17,24998.78,27756.84,24890.0,27395.13,624460.68091,62.45,69.46,60.76,66.59,3958.68994140625,3958.909912109375,3901.27001953125,3916.639892578125,9354280000,22.920000076293945,26.13999938964844,22.579999923706055,25.510000228881836,0.0915382366931726,-0.0110806212739537,1.2743299637848364,0.229334145003503,0.9684245388013074,0.1904335124810301,0.7616244512901943,0.1658948512412441,0.6659,0.25510000228881835,-0.6084299637848364,0.025765857285315358,-0.30252453880130736,0.06466648980778825,-0.09572445129019425,0.08920515104757426
2023-03-20,27972.87,28472.0,27124.47,27717.01,477378.23373,73.34,73.83,68.08,68.23,3917.469970703125,3956.6201171875,3916.889892578125,3951.570068359375,5347140000,27.770000457763672,28.90999984741211,24.0,24.149999618530273,0.0116810437754452,0.0088788696359408,1.1013166968028996,0.2075488247935181,0.9611199409939976,0.1948471998560852,0.761505581612223,0.1669834027256281,0.6823,0.24149999618530274,-0.41901669680289955,0.033951171391784635,-0.27881994099399754,0.04665279632921754,-0.07920558161222302,0.07451659345967465
2023-03-21,27717.01,28438.55,27303.1,28105.47,420929.7422,68.23,71.75,67.0,70.06,3975.889892578125,4009.080078125,3971.18994140625,4002.8701171875,4920240000,24.15999984741211,24.15999984741211,21.290000915527344,21.3799991607666,0.0139179151711749,0.0128986475185591,1.0595989632149034,0.1838823071924361,0.9604575539558762,0.2013805918965588,0.7546969295764439,0.1714620417266986,0.7006,0.21379999160766602,-0.35899896321490343,0.029917684415229934,-0.2598575539558762,0.012419399711107226,-0.05409692957644385,0.042337949880967424
2023-03-22,28107.81,28868.05,26601.8,27250.97,224113.41296,68.92,70.11,63.29,63.89,4002.0400390625,4039.489990234375,3936.169921875,3936.969970703125,4533010000,21.799999237060547,22.3799991607666,19.940000534057617,22.260000228881836,-0.0308751025112408,-0.0166002486398428,0.6192858543307052,0.2245683709577686,0.9750503391898032,0.21177326760379,0.7613380298249416,0.172243682812988,0.6389,0.22260000228881835,0.01961414566929487,-0.0019683686689502544,-0.3361503391898032,0.010826734685028344,-0.12243802982494156,0.05035631947583036
2023-03-23,27250.97,28750.0,27105.0,28295.41,128649.60818,63.89,67.31,61.07,66.43,3959.2099609375,4007.659912109375,3919.050048828125,3948.719970703125,4991600000,21.540000915527344,24.90999984741211,20.15999984741211,22.61000061035156,0.0376104838761249,0.0029800838691824,0.6308949562804754,0.2045915843275117,0.9415975867713376,0.1985090206997377,0.7651043314987227,0.1704907448367018,0.6643000000000001,0.22610000610351558,0.033405043719524685,0.021508421776003872,-0.27729758677133753,0.027590985403777885,-0.10080433149872259,0.055609261266813786
2023-03-24,28295.42,28374.3,27000.0,27454.47,86242.06544,66.43,67.76,64.5,65.06,3939.2099609375,3972.739990234375,3909.159912109375,3970.989990234375,4583970000,22.11000061035156,25.209999084472656,21.600000381469727,21.739999771118164,-0.0301706044537672,0.0056239630843032,0.6696306231926551,0.1975708145325139,0.9612327670113888,0.2007674460473269,0.7529089093375269,0.1701461675399767,0.6506000000000001,0.21739999771118165,-0.019030623192655027,0.019829183178667747,-0.31063276701138876,0.016632551663854744,-0.10230890933752679,0.047253830171204964
2023-03-27,27968.05,28023.86,26508.14,27124.91,88039.46898,63.23,65.95,61.97,62.12,3982.929931640625,4003.830078125,3970.489990234375,3977.530029296875,4233540000,22.049999237060547,22.93000030517578,20.56999969482422,20.600000381469727,-0.0120765023455826,0.001645599563767,0.6852909056080713,0.1695029156619403,0.962537815555746,0.1903813993251552,0.7537602621401828,0.1700666801598312,0.6212,0.20600000381469727,-0.06409090560807129,0.03649708815275696,-0.34133781555574605,0.015618604489542082,-0.1325602621401828,0.03593332365486607
2023-03-28,27124.9,27520.0,26631.78,27261.07,78602.44341,62.12,63.42,59.73,60.13,3974.1298828125,3979.199951171875,3951.530029296875,3971.27001953125,4014600000,20.530000686645508,21.399999618530273,19.90999984741211,19.969999313354492,0.0050071832660621,-0.0015750832883878,0.3982211843378175,0.1504685043443183,0.9491726288330486,0.1903251892826881,0.7537941685596181,0.1660101411555811,0.6013000000000001,0.19969999313354492,0.20307881566218255,0.04923148878922662,-0.3478726288330486,0.009374803850856817,-0.15249416855961806,0.033689851977963814
2023-03-29,27261.06,28650.0,27240.1,28348.6,89486.16008,60.13,64.96,58.82,64.49,3999.530029296875,4030.590087890625,3999.530029296875,4027.81005859375,4145250000,19.38999938964844,19.450000762939453,19.09000015258789,19.1200008392334,0.039117969089514,0.0141368707750468,0.462835627627339,0.1633511589467295,0.8785174742508205,0.179873049262456,0.7586555913697601,0.1719801561636239,0.6448999999999999,0.19120000839233398,0.18206437237266093,0.02784884944560448,-0.23361747425082058,0.011326959129877967,-0.11375559136976021,0.019219852228710088
2023-03-30,28348.6,29184.68,27686.0,28028.53,98865.43256,64.49,66.82,62.34,62.74,4046.739990234375,4057.85009765625,4032.10009765625,4050.830078125,3930860000,19.1200008392334,20.079999923706055,18.850000381469727,19.020000457763672,-0.0113547262470763,0.0056989991994826,0.4631382070573878,0.149666117604709,0.8792115159302213,0.1635338754016545,0.7180602750758769,0.1727290137808518,0.6274000000000001,0.19020000457763672,0.16426179294261228,0.04053388697292773,-0.2518115159302212,0.02666612917598221,-0.09066027507587682,0.017470990796784935
2023-03-31,28028.53,28656.69,27511.71,28465.36,78198.12139,62.74,62.99,57.97,58.52,4056.179931640625,4110.75,4056.179931640625,4109.31005859375,4525120000,19.209999084472656,19.43000030517578,18.520000457763672,18.700000762939453,0.0154649894422888,0.0143333277820365,0.4161063619777657,0.0963967213215606,0.5152667689788167,0.1680320695462636,0.7092774374338957,0.1734952490296738,0.5852,0.18700000762939453,0.16909363802223437,0.09060328630783393,0.06993323102118332,0.018967938083130936,-0.12407743743389565,0.013504758599720723
2023-04-03,28171.87,28500.99,27200.24,27800.0,79180.01405,60.28,62.44,58.38,61.83,4102.2001953125,4127.66015625,4098.7900390625,4124.509765625,4234700000,19.790000915527344,19.829999923706055,18.540000915527344,18.549999237060547,-0.0236518887369663,0.0036920225658028,0.3830951329193189,0.0955131753054428,0.5334824753362502,0.1591583350251204,0.7052858447082246,0.1735596582166804,0.6183,0.18549999237060547,0.23520486708068106,0.08998681706516266,0.08481752466374981,0.026341657345485076,-0.08698584470822468,0.011940334153925064
2023-04-04,27800.0,28444.44,27662.79,28165.47,49722.55691,61.83,61.83,59.45,59.65,4128.02978515625,4133.1298828125,4086.8701171875,4100.60009765625,4227800000,18.790000915527344,20.030000686645508,18.579999923706055,19.0,0.0130607388888046,-0.0058138397451625,0.3371126906814347,0.1200300759487273,0.5219729920301827,0.1576861466476394,0.7052225180823484,0.163408420818302,0.5965,0.19,0.25938730931856535,0.0699699240512727,0.07452700796981737,0.03231385335236059,-0.10872251808234834,0.026591579181697994
2023-04-05,28165.47,28775.0,27805.1,28170.01,60737.64732,59.65,60.56,57.93,58.02,4094.5,4099.68994140625,4072.56005859375,4090.3798828125,3968020000,19.420000076293945,20.079999923706055,19.0,19.079999923706055,0.0001611772903976,-0.0024954816571214,0.3207295607589823,0.1266814024904258,0.5166095062148855,0.1464260708925772,0.7037818974624457,0.1635488718196936,0.5802,0.19079999923706054,0.25947043924101776,0.06411859674663473,0.0635904937851145,0.04437392834448334,-0.12358189746244563,0.027251127417366933
2023-04-06,28170.01,28182.05,27711.0,28033.82,40118.94963,58.02,59.81,56.61,57.06,4081.14990234375,4107.31982421875,4069.840087890625,4105.02001953125,3486690000,19.299999237060547,19.8799991607666,18.350000381469727,18.399999618530273,-0.0048462984303144,0.0035727731328032,0.3266320649279977,0.1208008612689655,0.3520319951738768,0.1330377841130579,0.7029688518020658,0.1632102600717236,0.5706,0.18399999618530274,0.24396793507200232,0.06319913491633725,0.2185680048261232,0.050962212072244856,-0.1323688518020658,0.02078973611357915
2023-04-10,28323.76,29770.0,28170.0,29637.34,67754.0622,58.56,63.05,57.17,62.16,4085.199951171875,4109.5,4072.550048828125,4109.10986328125,3423650000,19.38999938964844,20.049999237060547,18.93000030517578,18.969999313354492,0.0556234143654663,0.00099580701701,0.4064419502530107,0.1021182919799363,0.4192598610578014,0.1308799281841393,0.7084399081078401,0.1596207584305761,0.6215999999999999,0.1896999931335449,0.2151580497469892,0.08758170115360861,0.20234013894219854,0.058820064949405615,-0.08683990810784015,0.030079234702968805
2023-04-11,29637.35,30550.0,29590.0,30200.42,67990.07621,62.16,63.03,60.12,60.18,4110.2900390625,4124.259765625,4102.60986328125,4108.93994140625,3665830000,19.079999923706055,19.280000686645508,18.559999465942383,19.100000381469727,0.0188207787579409,-4.135333298352082e-05,0.3912743998568222,0.1012075200608048,0.4218382630410188,0.1227741614122593,0.7089760303854422,0.1595500446861055,0.6018,0.19100000381469726,0.21052560014317778,0.08979248375389245,0.1799617369589812,0.06822584240243795,-0.10717603038544221,0.03144995912859175
2023-04-12,30200.43,30486.0,29637.4,29888.07,62049.48451,60.18,60.27,55.86,55.87,4121.72021484375,4134.3701171875,4086.93994140625,4091.949951171875,3633120000,19.3799991607666,19.979999542236328,18.25,19.09000015258789,-0.0103964274481094,-0.0041434563234613,0.4083365824687934,0.0586945759131319,0.3961139344258992,0.0945910907369322,0.7077721664449182,0.1598271617998796,0.5587,0.1909000015258789,0.15036341753120658,0.132205425612747,0.16258606557410077,0.09630891078894671,-0.14907216644491827,0.031072839725999307
2023-04-13,29888.07,30595.0,29854.59,30373.84,51934.11731,55.87,56.77,55.03,55.47,4100.0400390625,4150.259765625,4099.39990234375,4146.22021484375,3596590000,18.829999923706055,19.059999465942383,17.770000457763672,17.799999237060547,0.0161223075102938,0.0131755104978315,0.3484112407924686,0.1005269381981245,0.3733384737319555,0.1044334631000838,0.707190402146044,0.1626399696737314,0.5547,0.17799999237060546,0.20628875920753137,0.07747305417248096,0.18136152626804447,0.07356652927052165,-0.15249040214604404,0.01536002269687406
2023-04-14,30373.84,31000.0,29966.0,30466.93,75984.19452,55.47,57.07,53.14,53.46,4140.10986328125,4163.18994140625,4113.2001953125,4137.64013671875,3575690000,17.940000534057617,18.1200008392334,17.06999969482422,17.06999969482422,0.0030601214496096,-0.0020715175845779,0.3530513818004094,0.092447119896185,0.3374406139739631,0.1064635827899949,0.7058999479009983,0.1619715356450693,0.5346,0.1706999969482422,0.18154861819959056,0.0782528770520572,0.1971593860260369,0.0642364141582473,-0.17129994790099834,0.008728461303172896
2023-04-17,30304.66,30316.06,29240.65,29430.27,56441.81127,56.4,57.31,53.72,55.6,4137.169921875,4151.72021484375,4123.18017578125,4151.31982421875,3611180000,17.579999923706055,17.790000915527344,16.899999618530273,16.950000762939453,-0.0346180965654564,0.0033007035826147,0.4477731756550734,0.0889689118544917,0.3742530071005663,0.1063060370959352,0.6972155091929738,0.1560016658310917,0.556,0.16950000762939454,0.10822682434492664,0.08053109577490285,0.18174699289943375,0.06319397053345935,-0.14121550919297376,0.013498341798302838
2023-04-18,29430.27,30485.0,29096.78,30380.01,62004.89434,55.6,56.44,55.01,55.63,4164.259765625,4169.47998046875,4140.35986328125,4154.8701171875,3536640000,16.940000534057617,17.34000015258789,16.579999923706055,16.829999923706055,0.0317610898162718,0.0008548548034659,0.4632668359685208,0.0885891970560234,0.3899991846966705,0.1047430311701988,0.6999354126471709,0.1560008103463556,0.5563,0.16829999923706054,0.09303316403147921,0.07971080218103714,0.16630081530332952,0.06355696806686174,-0.14363541264717083,0.012299188890704943
2023-04-19,30380.01,30413.53,28520.0,28797.1,86575.48656,55.63,56.1,54.35,55.71,4139.330078125,4162.56982421875,4134.490234375,4154.52001953125,3572560000,17.299999237060547,17.719999313354492,16.170000076293945,16.459999084472656,-0.0535101387040663,-8.426554793962826e-05,0.4885958205268119,0.089197202965158,0.4402814455102023,0.0927202140121679,0.7219426855341206,0.148202353032251,0.5571,0.16459999084472657,0.06850417947318815,0.07540278787956857,0.11681855448979772,0.07187977683255867,-0.16484268553412051,0.01639763781247558
2023-04-20,28797.1,29088.3,28010.0,28243.65,76879.09372,55.14,56.16,54.02,56.11,4130.47998046875,4148.56982421875,4114.56982421875,4129.7900390625,3772080000,16.850000381469727,17.690000534057617,16.329999923706055,17.170000076293945,-0.0194060340625738,-0.0059703351883111,0.466588446124422,0.1001208576310349,0.4459919885583295,0.0973180254082487,0.7208600781443958,0.1497239247093299,0.5611,0.17170000076293945,0.09451155387557802,0.07157914313190455,0.11510801144167054,0.07438197535469075,-0.15976007814439575,0.021976076053609545
2023-04-21,28243.65,28374.02,27125.0,27262.84,77684.7679,56.11,56.22,53.15,54.82,4132.14013671875,4138.02001953125,4113.85986328125,4133.52001953125,3611750000,17.510000228881836,17.709999084472656,16.579999923706055,16.770000457763672,-0.0353440507714546,0.0009027812573008,0.4917756656041425,0.0942234893019555,0.4647465091078226,0.07728110846998,0.7003171545699652,0.1375253812775174,0.5482,0.16770000457763673,0.056424334395857534,0.07347651527568123,0.0834534908921774,0.09041889610765673,-0.15211715456996522,0.03017462330011933
2023-04-24,27590.59,28000.0,26942.82,27510.93,53111.56874,54.22,54.3,52.42,52.72,4132.06982421875,4142.41015625,4117.77001953125,4137.0400390625,3290940000,18.219999313354492,18.239999771118164,16.739999771118164,16.889999389648438,0.0090587774604433,0.0008512167782723,0.4756899253108773,0.046915511538204,0.4573449692774645,0.0758763488713769,0.6977122380307579,0.1285465400177545,0.5272,0.16889999389648438,0.05151007468912272,0.12198448235828038,0.06985503072253552,0.09302364502510749,-0.17051223803075788,0.04035345387872988
2023-04-25,27510.93,28399.99,27192.0,28300.79,52325.14637,52.72,53.53,52.08,52.38,4126.43017578125,4126.43017578125,4071.3798828125,4071.6298828125,3978640000,17.6200008392334,19.86000061035156,17.329999923706055,18.760000228881836,0.0283063392000716,-0.0159371838185764,0.5345164412483497,0.1056703683012742,0.4706475426825886,0.0998434694561637,0.4840789632045612,0.1386616124943995,0.5238,0.18760000228881835,-0.010716441248349695,0.08192963398754415,0.05315245731741142,0.08775653283265465,0.03972103679543887,0.048938389794418835
2023-04-26,28300.8,30036.0,27235.0,28415.29,129228.40403,52.39,58.62,51.68,55.47,4087.780029296875,4089.669921875,4049.35009765625,4055.989990234375,3837030000,18.65999984741211,19.61000061035156,17.8700008392334,18.84000015258789,0.0040376611202662,-0.0038485835033448,0.5111799393995597,0.0982056375489302,0.4709059024226992,0.1005286908859006,0.481232506887904,0.132491793600001,0.5547,0.1884000015258789,0.043520060600440225,0.0901943639769487,0.08379409757730077,0.0878713106399783,0.073467493112096,0.05590820792587792
2023-04-27,28415.29,29890.0,28378.86,29472.77,95430.82431,55.46,56.97,53.47,55.07,4075.2900390625,4138.240234375,4075.2900390625,4135.35009765625,3750550000,18.43000030517578,18.43000030517578,16.719999313354492,17.030000686645508,0.0365394056503652,0.0193771934026963,0.5262010362471129,0.168786233348898,0.4937741631335859,0.1309988536847135,0.4857676472507701,0.1402311720797347,0.5507,0.17030000686645508,0.02449896375288707,0.0015137735175570766,0.05692583686641406,0.03930115318174157,0.06493235274922987,0.030068834786720372
2023-04-28,29472.77,29599.54,28891.0,29311.7,54298.16578,55.07,55.1,50.61,50.73,4129.6298828125,4170.06005859375,4127.18017578125,4169.47998046875,4087800000,17.209999084472656,17.649999618530273,15.720000267028809,15.779999732971191,-0.0054800325013604,0.0082193313132434,0.4018974399999194,0.177148085986804,0.4332665667595297,0.1350242547650101,0.4821512055396116,0.133852835378714,0.5073,0.15779999732971192,0.10540256000008058,-0.01934808865709209,0.07403343324047029,0.02277574256470183,0.02514879446038837,0.023947161950997914
2023-05-01,29233.2,29337.34,27666.95,28068.26,64433.65958,53.3,55.07,53.02,53.19,4166.7900390625,4186.919921875,4164.1201171875,4167.8701171875,3321370000,16.40999984741211,16.6200008392334,15.529999732971191,16.079999923706055,-0.0433473531581492,-0.0003861810485107,0.4756803410693965,0.1716469165255818,0.4582833224893933,0.135085786644329,0.4279621734987295,0.1284480983039877,0.5318999999999999,0.16079999923706054,0.05621965893060343,-0.010846917288521274,0.07361667751060663,0.025714212592731545,0.10393782650127042,0.03235190093307283
2023-05-02,28068.26,28879.88,27872.0,28669.86,50824.5224,53.19,53.55,51.95,53.21,4164.10009765625,4164.10009765625,4089.719970703125,4119.580078125,4486130000,16.270000457763672,19.809999465942383,16.260000228881836,17.780000686645508,0.0212069961651957,-0.0116539066805717,0.4215843578061637,0.1885990708943667,0.4708196581326891,0.1441045766983639,0.4309451964491859,0.1327081065948044,0.5321,0.17780000686645508,0.1105156421938363,-0.010799064027911615,0.061280341867310906,0.03369543016809118,0.10115480355081413,0.04509190027165069
2023-05-03,28669.85,29266.66,28113.69,29026.16,64615.79213,53.21,54.41,50.94,52.92,4122.25,4148.2998046875,4088.860107421875,4090.75,4246510000,17.81999969482422,18.829999923706055,17.190000534057617,18.34000015258789,0.0123510956020622,-0.0070229080548929,0.4226591192674326,0.1921443787196746,0.468118973947729,0.1347912194904498,0.4305648324846691,0.1302300502604169,0.5292,0.1834000015258789,0.1065408807325674,-0.0087443771937957,0.061081026052271004,0.04860878203542909,0.09863516751533091,0.05316995126546201
2023-05-04,29026.16,29379.83,28663.64,28838.16,42575.47501,52.92,54.03,51.6,51.9,4082.550048828125,4082.610107421875,4048.280029296875,4061.219970703125,4920090000,19.170000076293945,21.329999923706055,18.670000076293945,20.09000015258789,-0.0064979822282647,-0.0072449134550627,0.4023501796586041,0.1708116110528687,0.4673805621544227,0.1373788491657878,0.4205259313548029,0.1219767772803086,0.519,0.20090000152587892,0.11664982034139593,0.030088390473010207,0.05161943784557732,0.06352115236009112,0.09847406864519714,0.07892322424557031
2023-05-05,28838.16,29677.0,28800.0,29505.61,58415.83048,51.9,52.6,51.41,51.67,4084.72998046875,4147.02001953125,4084.72998046875,4136.25,4186270000,19.5,19.6299991607666,16.690000534057617,17.190000534057617,0.0228809046533425,0.0183061663818797,0.4204828180985648,0.2009103476720083,0.4577477397588154,0.1600647804613389,0.4117276751041808,0.1317926051676628,0.5167,0.17190000534057617,0.09621718190143524,-0.029010342331432126,0.05895226024118466,0.011835224879237272,0.10497232489581926,0.040107400172913366
2023-05-08,28430.09,28631.01,27262.0,27668.79,68244.36179,51.68,51.87,50.79,51.34,4136.97998046875,4142.2998046875,4123.81005859375,4138.1201171875,3641640000,17.729999542236328,17.8799991607666,16.829999923706055,16.979999542236328,-0.0642753515858332,0.000452026484882,0.5280302815384621,0.1640262659206996,0.5079095761274115,0.1600195218993784,0.4449720000899431,0.1312535317126031,0.5134000000000001,0.1697999954223633,-0.01463028153846202,0.005773729501663688,0.005490423872588579,0.00978047352298489,0.06842799991005699,0.0385464637097602
2023-05-09,27668.8,27818.0,27353.0,27628.27,40113.31069,51.34,52.02,51.07,51.98,4124.25,4130.35009765625,4116.64990234375,4119.169921875,3810140000,17.290000915527344,17.860000610351562,17.219999313354492,17.709999084472656,-0.0014655392981985,-0.0045899389490595,0.5297083584855489,0.1551467189030618,0.4606857187252527,0.1610465276629046,0.4434760600576413,0.1323808412276005,0.5197999999999999,0.17709999084472655,-0.00990835848554894,0.021953271941664743,0.059114281274747216,0.016053463181821964,0.07632393994235864,0.04471914961712606
2023-05-10,27628.28,28331.42,26777.0,27598.75,71155.11355,51.98,52.31,50.55,50.86,4143.740234375,4154.27978515625,4098.919921875,4137.64013671875,4057160000,17.579999923706055,18.309999465942383,16.360000610351562,16.940000534057617,-0.0010690420309266,0.0044739422419144,0.4701108847725728,0.1595969837960924,0.4545237431328763,0.1604030533800429,0.4433025031444003,0.1324531898635703,0.5085999999999999,0.16940000534057617,0.03848911522742715,0.009803021544483759,0.05407625686712364,0.008996951960533267,0.06529749685559966,0.03694681547700587
2023-05-11,27598.74,27630.14,26702.05,26968.62,47635.31365,50.86,51.98,48.61,51.21,4132.240234375,4132.7998046875,4109.2900390625,4130.6201171875,3752900000,16.799999237060547,18.190000534057617,16.6299991607666,16.93000030517578,-0.0230965139643067,-0.0016980648897067,0.4514145828004238,0.141996852280833,0.4396509357298697,0.1605414162594972,0.4326408441684779,0.1270279788466874,0.5121,0.16930000305175782,0.06068541719957621,0.027303150770924822,0.07244906427013031,0.00875858679226063,0.07945915583152208,0.042272024205070424
2023-05-12,26968.61,27091.12,25811.46,26795.01,67207.93494,51.21,52.86,50.09,50.09,4138.5400390625,4143.740234375,4099.1201171875,4124.080078125,3533740000,16.829999923706055,17.920000076293945,16.3799991607666,17.030000686645508,-0.0064582917274088,-0.001584561589439,0.428006653072335,0.1335850257267222,0.4378482573381382,0.1606089151560012,0.4319198952964619,0.1263593350078298,0.5009,0.17030000686645508,0.07289334692766503,0.03671498113973287,0.06305174266186181,0.009691091710453875,0.0689801047035381,0.04394067185862527
2023-05-15,26917.61,27663.59,26726.0,27162.14,40430.08333,48.02,53.18,47.94,52.28,4126.64990234375,4141.25,4110.27001953125,4136.27978515625,3562170000,17.440000534057617,18.15999984741211,17.079999923706055,17.1200008392334,0.013608415777521,0.0029537976803169,0.4539453547216061,0.1199570202944663,0.4223703105871629,0.1439124438607886,0.4313193132654129,0.1197409324865416,0.5228,0.17120000839233399,0.06885464527839397,0.05124298809786769,0.10042968941283714,0.027287564531545377,0.09148068673458715,0.05145907590579238
2023-05-16,27162.15,27296.89,26852.11,27033.84,33270.45451,52.28,52.51,50.33,50.57,4127.9501953125,4135.5400390625,4109.85986328125,4109.89990234375,3654200000,17.540000915527344,18.299999237060547,17.260000228881836,17.989999771118164,-0.0047346773571329,-0.0063981076819174,0.4007514768816042,0.0616550355810867,0.4212019255674294,0.1460117159328974,0.426356626318446,0.1207638510298591,0.5057,0.17989999771118165,0.10494852311839586,0.11824496213009494,0.08449807443257062,0.033888281778284235,0.07934337368155403,0.05913614668132254
2023-05-17,27033.85,27500.0,26544.71,27405.61,42958.97785,50.57,50.57,49.16,49.72,4122.85009765625,4164.669921875,4113.6201171875,4158.77001953125,4039080000,17.959999084472656,18.260000228881836,16.68000030517578,16.8700008392334,0.0136583223911844,0.0118206886220715,0.2007519809596548,0.0987813748327124,0.3889261133095102,0.1301798569126984,0.426530527274117,0.124300281612247,0.4972,0.16870000839233398,0.2964480190403452,0.06991863355962158,0.10827388669048976,0.038520151479635584,0.07066947272588298,0.04439972678008698
2023-05-18,27405.62,27485.33,26361.2,26821.28,49198.65143,49.72,49.91,46.1,46.28,4157.68017578125,4202.2001953125,4153.5,4198.0498046875,3980500000,16.920000076293945,17.149999618530273,16.049999237060547,16.049999237060547,-0.021552134669642,0.0094007230637271,0.2345109843629246,0.1028322781906684,0.3950838367307694,0.1316430810913926,0.430678281935504,0.1265950817280795,0.4628,0.16049999237060547,0.22828901563707538,0.057667714179937074,0.06771616326923058,0.02885691127921286,0.032121718064495985,0.03390491064252596
2023-05-19,26821.28,27183.6,26630.0,26880.26,28754.13544,46.28,46.95,45.07,46.52,4204.14990234375,4212.91015625,4180.2001953125,4191.97998046875,4041900000,16.1299991607666,17.360000610351562,15.850000381469728,16.809999465942383,0.0021965859345866,-0.0014469138806754,0.237166055532077,0.1046857215020727,0.3578933660555071,0.1318563373746824,0.4307057313973942,0.1264983906112451,0.46520000000000006,0.16809999465942382,0.22803394446792305,0.06341427315735113,0.10730663394449297,0.03624365728474144,0.03449426860260585,0.041601604048178725
2023-05-22,26747.78,27099.89,26538.21,26849.27,26458.83828,47.02,48.0,45.54,47.58,4190.77978515625,4209.22021484375,4179.68017578125,4192.6298828125,3728520000,17.450000762939453,18.1299991607666,16.81999969482422,17.209999084472656,-0.0011535557238824,0.0001550226798023,0.1948220309636943,0.1026073239224359,0.3406247942390167,0.1198839292148333,0.39537031557827,0.1265047046324034,0.4758,0.17209999084472657,0.2809779690363057,0.06949266692229067,0.1351752057609833,0.05221606162989327,0.08042968442172999,0.04559528621232317
2023-05-23,26849.28,27495.83,26798.11,27219.61,38700.83858,47.58,50.25,46.2,50.08,4176.7998046875,4185.68017578125,4142.5400390625,4145.580078125,4155320000,17.350000381469727,19.309999465942383,17.299999237060547,18.530000686645508,0.0136990369171227,-0.0112854687682842,0.2066897237202398,0.1301612684296072,0.3419770534786726,0.1267567113879447,0.39315342932233,0.1311663229720385,0.5008,0.1853000068664551,0.2941102762797602,0.055138738436847884,0.15882294652132745,0.05854329547851039,0.10764657067767003,0.054133683894416584
2023-05-24,27219.61,27219.61,26080.5,26329.01,54393.0657,50.08,52.23,48.91,51.3,4132.9599609375,4132.9599609375,4103.97998046875,4115.240234375,0,18.799999237060547,20.809999465942383,18.799999237060547,20.030000686645508,-0.0332662963152895,-0.0073455126783052,0.2776364377905416,0.1372875623751007,0.363078730836932,0.1268834563099744,0.4021423668247264,0.132430284203496,0.513,0.20030000686645508,0.23536356220945842,0.06301244449135437,0.14992126916306803,0.07341655055648066,0.11085763317527358,0.06786972266295907
2023-05-25,26329.0,26631.98,25871.89,26473.79,37435.44895,51.3,51.56,47.31,47.77,4155.7099609375,4165.740234375,4129.72998046875,4151.27978515625,4147760000,19.540000915527344,19.950000762939453,18.700000762939453,19.13999938964844,0.005483813844004,0.0087194560790118,0.2838961138970632,0.140981057553696,0.3427186522484803,0.1063045512702074,0.3986313246265174,0.1292241163245611,0.4777,0.1913999938964844,0.1938038861029368,0.050418936342788406,0.1349813477515197,0.08509544262627701,0.07906867537348261,0.062175877571923305
2023-05-26,26473.8,26932.16,26327.24,26705.92,35061.18713,47.77,47.79,43.56,45.24,4156.16015625,4212.8701171875,4156.16015625,4205.4501953125,3715460000,19.06999969482422,19.559999465942383,17.270000457763672,17.950000762939453,0.0087300767265965,0.0129646809316407,0.2730918478429764,0.1446414864302891,0.2310625176951189,0.1192160039333078,0.3999123947771619,0.1343356092037955,0.4524,0.17950000762939453,0.17930815215702361,0.03485852119910543,0.22133748230488112,0.06028400369608673,0.05248760522283813,0.04516439842559902
2023-05-30,27736.39,28038.59,27554.0,27694.4,32686.75371,47.12,47.38,44.22,44.68,4226.7099609375,4231.10009765625,4192.18017578125,4205.52001953125,4228510000,17.559999465942383,18.34000015258789,16.979999542236328,17.459999084472656,0.0363449630142291,1.660313066576836e-05,0.329251357334251,0.1339330247718223,0.2840486853139186,0.1164852138232742,0.4061435927309354,0.1340865031763592,0.4468,0.17459999084472655,0.11754864266574899,0.04066696607290424,0.1627513146860814,0.058114777021452346,0.040656407269064554,0.04051348766836735
2023-05-31,27694.39,27835.51,26839.01,27210.35,46588.80573,44.68,45.94,43.69,43.93,4190.740234375,4195.43994140625,4166.14990234375,4179.830078125,5980670000,18.040000915527344,18.399999618530273,17.1200008392334,17.940000534057617,-0.0176328110595242,-0.006127358186214,0.3557046208980672,0.1392674066258455,0.2939698410806226,0.1198416870215599,0.3955278461308902,0.1354157913955953,0.4393,0.17940000534057618,0.08359537910193282,0.04013259871473068,0.14533015891937745,0.059558318319016285,0.04377215386910982,0.04398421394498089
2023-06-01,27210.36,27350.0,26605.05,26817.93,39217.8088,43.86,44.06,41.54,42.13,4183.02978515625,4232.43017578125,4171.64013671875,4221.02001953125,4391860000,17.239999771118164,17.59000015258789,15.579999923706056,15.649999618530272,-0.0145267219636169,0.0098062150858538,0.3690780224094625,0.1523498799547938,0.2835540144025592,0.1251548870286724,0.3680256104972296,0.1382401400289121,0.4213,0.15649999618530272,0.05222197759053748,0.004150116230508927,0.13774598559744083,0.03134510915663033,0.053274389502770414,0.018259856156390614
2023-06-02,26817.93,27300.0,26505.0,27242.59,36380.90269,42.13,43.61,39.89,41.4,4241.009765625,4290.669921875,4241.009765625,4282.3701171875,4454200000,15.649999618530272,15.649999618530272,14.420000076293944,14.600000381469728,0.0157108638581493,0.0144298123901074,0.3724346099915606,0.1433748367565898,0.2899009814914555,0.1354110018208583,0.3679763546129094,0.142484161557988,0.414,0.14600000381469727,0.041565390008439396,0.002625167058107475,0.12409901850854449,0.01058900199383897,0.046023645387090584,0.003515842256709284
2023-06-05,27115.2,27129.33,25388.0,25728.2,65805.60305,41.69,42.61,39.18,40.11,4282.990234375,4299.27978515625,4266.81982421875,4273.7900390625,3813290000,15.279999732971191,15.289999961853027,14.65999984741211,14.729999542236328,-0.0571938909268231,-0.0020055914906577,0.475839724587905,0.1273097198734009,0.3743922841686365,0.1368509711018067,0.3903607072648676,0.1427875475221762,0.4011,0.14729999542236327,-0.07473972458790501,0.019990275548962377,0.0267077158313635,0.010449024320556582,0.01073929273513241,0.0045124479001870665
2023-06-06,25728.2,27355.33,25351.02,27230.08,68392.60438,40.11,43.65,39.76,43.65,4271.33984375,4288.330078125,4263.08984375,4283.85009765625,3996560000,14.90999984741211,14.970000267028809,13.949999809265137,13.960000038146973,0.0567345780192702,0.0023511302338505,0.5989886268651723,0.1260648621166293,0.4540165299859911,0.1309329874046047,0.4249477021464009,0.1428298758651424,0.4365,0.13960000038146972,-0.1624886268651723,0.01353513826484043,-0.017516529985991125,0.008667012976865007,0.011552297853599125,-0.0032298754836726784
2023-06-07,27230.07,27391.77,26125.01,26339.34,59619.44364,43.64,45.7,41.64,45.63,4285.47021484375,4299.18994140625,4263.9599609375,4267.52001953125,4537800000,14.140000343322754,14.289999961853027,13.770000457763672,13.9399995803833,-0.0332586055638562,-0.0038192939264206,0.6369129575393899,0.1186872317579166,0.4710081914768021,0.1271782801376644,0.4263403275991911,0.1342858054431707,0.45630000000000004,0.139399995803833,-0.18061295753938988,0.020712764045916404,-0.01470819147680208,0.012221715666168587,0.029959672400808934,0.005114190360662296
2023-06-08,26339.34,26810.0,26210.0,26498.61,31075.51083,45.63,46.13,41.35,41.35,4268.68994140625,4298.009765625,4261.06982421875,4293.93017578125,3826740000,14.140000343322754,14.210000038146973,13.529999732971191,13.649999618530272,0.0060286397326937,0.0061695716075232,0.5840904821992279,0.1199014644367656,0.4642487380447923,0.1241595491565351,0.4266402779785525,0.1339139635200615,0.41350000000000003,0.13649999618530273,-0.17059048219922784,0.016598531748537135,-0.05074873804479224,0.012340447028767632,-0.01314027797855244,0.002586032665241239
2023-06-09,26498.62,26783.33,26269.91,26477.81,27934.7097,41.35,41.78,40.44,40.8,4304.8798828125,4322.6201171875,4291.7001953125,4298.85986328125,3786510000,13.779999732971191,14.140000343322754,13.5,13.829999923706056,-0.0007852550651334,0.0011474010230505,0.579093666265497,0.1035426550191259,0.4640399336952193,0.1234057319278798,0.4105020590324483,0.1232372401513944,0.408,0.13829999923706057,-0.171093666265497,0.034757344217934666,-0.05603993369521931,0.014894267309180767,-0.0025020590324483227,0.015062759085666177
2023-06-12,25925.54,26106.48,25602.11,25905.19,29900.50893,42.81,46.46,39.85,46.45,4308.31982421875,4340.1298828125,4304.3701171875,4338.93017578125,3945670000,14.4399995803833,15.020000457763672,14.31999969482422,15.010000228881836,-0.0218636889898914,0.0092779749817541,0.5863766226846782,0.1023425362734645,0.4723499657458409,0.1270663645722978,0.4138961135204323,0.1237912476703018,0.4645,0.15010000228881837,-0.12187662268467814,0.04775746601535387,-0.007849965745840903,0.02303363771652056,0.050603886479567706,0.026308754618516575
2023-06-13,25905.2,26433.21,25712.57,25934.25,41065.60853,46.45,46.45,45.33,45.38,4352.60986328125,4375.3701171875,4349.31005859375,4369.009765625,4275400000,14.989999771118164,15.0600004196167,14.470000267028809,14.609999656677246,0.0011211542039807,0.0069085707259088,0.5711250561296991,0.076684846873869,0.4669424276557017,0.1114258620512256,0.3969923755323384,0.1247155178441808,0.45380000000000004,0.14609999656677247,-0.11732505612969907,0.06941514969290347,-0.013142427655701672,0.03467413451554688,0.05680762446766163,0.021384478722591665
2023-06-14,25934.24,26098.0,24820.56,25128.6,45077.31608,45.38,47.54,42.05,44.66,4366.2900390625,4391.81982421875,4337.85009765625,4372.58984375,4252110000,14.479999542236328,14.729999542236328,13.829999923706056,13.880000114440918,-0.0315578492380286,0.0008190899801265,0.4917531298832131,0.0708025271193385,0.4648797989696923,0.1005168502710494,0.398905202744681,0.1182962226997015,0.44659999999999994,0.13880000114440919,-0.04515312988321318,0.06799747402507068,-0.01827979896969234,0.03828315087335979,0.047694797255318944,0.020503778444707688
2023-06-15,25128.6,25759.01,24800.0,25598.49,48664.86063,44.66,48.4,43.76,46.63,4365.330078125,4439.2001953125,4362.60009765625,4425.83984375,4176690000,14.09000015258789,14.520000457763672,13.789999961853027,14.5,0.0185267256736528,0.0121045804935899,0.3185534169110057,0.087687006798494,0.4728993385968317,0.1043341176000778,0.40155076255136,0.1186262800054342,0.46630000000000005,0.145,0.14774658308899435,0.057312993201505985,-0.00659933859683165,0.04066588239992219,0.06474923744864003,0.026373719994565795
2023-06-16,25598.49,26518.0,25175.56,26345.0,51596.91662,46.63,46.78,43.14,45.06,4440.9501953125,4448.47021484375,4407.43994140625,4409.58984375,6848600000,14.489999771118164,14.539999961853027,13.479999542236328,13.539999961853027,0.028745138290379,-0.003678376467751,0.3356030654358919,0.0871170278597066,0.4893694225623756,0.1022633970069538,0.4126282735641027,0.1164787764763603,0.4506,0.13539999961853028,0.11499693456410809,0.04828297175882368,-0.03876942256237559,0.03313660261157647,0.0379717264358973,0.01892122314216997
2023-06-20,26844.35,28402.74,26652.0,28307.99,69666.95525,45.22,53.13,45.14,52.71,4396.10986328125,4400.14990234375,4367.18994140625,4388.7099609375,4055790000,14.359999656677246,14.670000076293944,13.859999656677246,13.880000114440918,0.071865593295197,-0.004746353835236,0.5494015257899417,0.102526748013922,0.5599845114252088,0.1071833828812835,0.4609368409441658,0.1086101005884944,0.5271,0.13880000114440919,-0.022301525789941712,0.03627325313048718,-0.03288451142520876,0.03161661826312569,0.0661631590558342,0.030189900555914792
2023-06-20,26844.35,28402.74,26652.0,28307.99,69666.95525,45.22,53.13,45.14,52.71,4396.10986328125,4400.14990234375,4367.18994140625,4388.7099609375,4055790000,14.359999656677246,14.670000076293944,13.859999656677246,13.880000114440918,0.0,0.0,0.5488078244869803,0.1036781248978931,0.5532224931229724,0.0999251366139716,0.4206058207236272,0.108673057981453,0.5271,0.13880000114440919,-0.021707824486980276,0.03512187624651608,-0.026122493122972434,0.03887486453043759,0.10649417927637284,0.03012694316295618
2023-06-21,28308.0,30800.0,28257.99,29993.89,108926.40412,52.71,59.24,51.99,55.83,4380.009765625,4386.22021484375,4360.14013671875,4365.68994140625,3709330000,13.880000114440918,13.890000343322754,13.100000381469728,13.199999809265137,0.0578495972961705,-0.0052590863669252,0.5653410099935487,0.1031305576379913,0.5930069781172268,0.1018689610281898,0.451848759926955,0.10904019261611,0.5583,0.13199999809265137,-0.00704100999354873,0.02886944045466007,-0.03470697811722678,0.03013103706446156,0.10645124007304502,0.02295980547654136
2023-06-22,29993.89,30500.0,29525.61,29884.92,59054.5646,55.83,56.2,50.91,51.05,4355.39990234375,4382.25,4351.81982421875,4381.89013671875,3511000000,13.880000114440918,13.979999542236328,12.729999542236328,12.90999984741211,-0.003639688908207,0.0037039303873345,0.5730187585895062,0.096862516005814,0.5938083894425605,0.0863054631798896,0.452098347396823,0.1089073026029519,0.5105,0.1290999984741211,-0.06251875858950628,0.0322374824683071,-0.08330838944256058,0.042794535294231495,0.05840165260317698,0.020192695871169203
2023-06-23,29884.92,31431.94,29800.0,30688.5,73931.89635,51.05,53.97,49.39,52.71,4354.169921875,4366.5498046875,4341.33984375,4348.330078125,6053620000,13.239999771118164,13.800000190734863,12.880000114440918,13.4399995803833,0.0265339862374442,-0.0076882880565021,0.4438504959198914,0.1081806501355577,0.5212252020336292,0.0939856101307386,0.4504151236787983,0.1119733280915779,0.5271,0.134399995803833,0.08324950408010862,0.0262193456682753,0.005874797966370804,0.0404143856730944,0.07668487632120169,0.0224266677122551
2023-06-26,30462.67,30666.0,29930.0,30267.99,45180.41489,49.51,52.12,48.66,49.51,4344.83984375,4362.06005859375,4328.080078125,4328.81982421875,3415030000,14.43000030517578,14.710000038146973,13.779999732971191,14.25,-0.0137972731315546,-0.0044969343631321,0.5117079732819914,0.0603032946781012,0.4904254411422724,0.0968561445802256,0.4524370727244354,0.1130315759947125,0.4951,0.1425,-0.016607973281991373,0.0821967053218988,0.0046745588577276065,0.04564385541977439,0.04266292727556459,0.029468424005287486
2023-06-27,30267.99,30994.97,30226.17,30692.44,42699.64157,49.51,50.67,48.87,48.92,4337.35986328125,4384.419921875,4335.0,4378.41015625,3573500000,14.109999656677246,14.34000015258789,13.59000015258789,13.739999771118164,0.0139256517456785,0.0113907335241807,0.513581179323737,0.1056564783168444,0.4537967235377197,0.1041791981096372,0.4524961657672719,0.1164918916366085,0.4892,0.13739999771118164,-0.024381179323737012,0.03174351939433724,0.03540327646228031,0.033220799601544435,0.036703834232728105,0.020908106074573135
2023-06-28,30692.44,30709.74,29858.8,30077.41,40463.51937,48.92,48.92,46.94,48.44,4367.47998046875,4390.35009765625,4360.22021484375,4376.85986328125,3739330000,13.899999618530272,13.960000038146973,13.359999656677246,13.43000030517578,-0.0202419785448812,-0.0003541393883898,0.4265860797184954,0.1023750193136817,0.4725898687186611,0.1025787277393392,0.4573254047535438,0.1140436969947201,0.4844,0.1343000030517578,0.057813920281504616,0.03192498373807609,0.011810131281338898,0.0317212753124186,0.027074595246456223,0.020256306057037696
2023-06-29,30077.4,30843.98,30049.98,30447.31,36330.62903,48.44,48.59,43.41,43.52,4374.93994140625,4398.39013671875,4371.97021484375,4396.43994140625,3696660000,13.640000343322754,13.850000381469728,13.40999984741211,13.539999961853027,0.0122232570589516,0.00446356811449,0.4224466543256009,0.1065021630458945,0.4705609408797984,0.1034030446824754,0.4570687832394113,0.1105325462692991,0.43520000000000003,0.13539999961853028,0.01275334567439912,0.028897836572635782,-0.03536094087979835,0.03199695493605488,-0.02186878323941127,0.02486745334923117
2023-06-30,30447.31,31282.0,29500.0,30472.0,89419.07618,43.52,47.17,42.92,46.06,4422.43994140625,4458.47998046875,4422.43994140625,4450.3798828125,3923450000,13.510000228881836,13.59000015258789,12.960000038146973,13.59000015258789,0.0008105804662547,0.0121943502618858,0.2613002607762195,0.1192906561931891,0.4502121814443666,0.1082267688770243,0.4509688719051288,0.1124698861426984,0.4606,0.13590000152587892,0.19929973922378053,0.016609345332689818,0.010387818555633421,0.027673232648854615,0.00963112809487121,0.023430115383180516
2023-07-03,30617.02,31380.0,30570.27,31156.2,43761.64311,47.88,49.62,46.67,49.05,4450.47998046875,4456.4599609375,4442.2900390625,4455.58984375,2034280000,13.850000381469728,13.850000381469728,13.470000267028809,13.56999969482422,0.0222050331700777,0.0011699930926736,0.2819889005652499,0.1194037172150367,0.4495877312952617,0.1056967792746913,0.4538947201349332,0.1120388613011132,0.4905,0.1356999969482422,0.2085110994347501,0.016296279733205493,0.0409122687047383,0.030003217673550894,0.03660527986506679,0.023661135647129003
2023-07-05,30766.52,30878.07,30200.0,30504.81,33215.67122,46.61,46.65,45.22,46.45,4442.0400390625,4454.06005859375,4436.60986328125,4446.81982421875,3482620000,14.1899995803833,14.739999771118164,14.050000190734863,14.18000030517578,-0.0211288862490953,-0.0019702580976127,0.2808812791349868,0.1029418808380501,0.4313111040658174,0.1066529689152216,0.4598704787572125,0.112516700745508,0.4645,0.1418000030517578,0.18361872086501324,0.0388581222137077,0.033188895934182616,0.03514703413653621,0.004629521242787538,0.0292833023062498
2023-07-06,30504.8,31500.0,29850.45,29895.43,71319.6261,46.45,49.92,45.36,47.96,4422.6201171875,4422.6201171875,4385.0498046875,4411.58984375,3682020000,14.850000381469728,17.079999923706055,14.789999961853027,15.4399995803833,-0.0201787501916617,-0.0079540611758947,0.2954598673625183,0.1151623239576169,0.4538448232027147,0.1006924885619663,0.4642855815259878,0.1094816666654089,0.4796,0.154399995803833,0.18414013263748175,0.03923767184621611,0.02575517679728534,0.05370750724186671,0.015314418474012215,0.04491832913842411
2023-07-07,29895.42,30449.0,29701.02,30344.7,34070.53895,47.96,48.37,44.81,45.04,4404.5400390625,4440.39013671875,4397.39990234375,4398.9501953125,3630480000,15.970000267028809,16.059999465942383,14.329999923706056,14.829999923706056,0.0149162470258607,-0.0028692127957334,0.29772107108471,0.100894137327967,0.4471560194740226,0.100212753110025,0.452314450278407,0.1068729565478805,0.45039999999999997,0.14829999923706055,0.15267892891528995,0.04740586190909356,0.0032439805259773524,0.04808724612703555,-0.0019144502784070316,0.04142704268918006
2023-07-10,30160.71,31045.78,29950.0,30411.57,41262.87652,43.89,44.83,43.55,44.26,4394.22998046875,4412.60009765625,4389.919921875,4409.52978515625,3429600000,16.079999923706055,16.209999084472656,15.039999961853027,15.06999969482422,0.0022012551791503,0.0024021386106263,0.2677292007368138,0.1010758524285155,0.347095376664796,0.0984622919956445,0.4523670694701413,0.1050891639166081,0.4426,0.1506999969482422,0.17487079926318622,0.049624144519726715,0.09550462333520399,0.052237704952597705,-0.009767069470141332,0.045610833031634115
2023-07-11,30411.57,30813.63,30300.0,30622.1,28476.83311,44.26,44.53,43.07,43.96,4415.5498046875,4443.64013671875,4408.4599609375,4439.259765625,3624220000,15.020000457763672,15.25,14.630000114440918,14.84000015258789,0.0068988423929568,0.0067195839982548,0.2606502978842036,0.1050909175647315,0.3463560334172218,0.1020759835939547,0.4522536906668634,0.1009086574435103,0.4396,0.1484000015258789,0.17894970211579642,0.043309083961147396,0.09324396658277817,0.0463240179319242,-0.012653690666863393,0.0474913440823686
2023-07-12,30622.1,30983.25,30210.0,30380.0,38108.99669,43.96,46.49,41.23,41.26,4467.68994140625,4488.33984375,4463.22998046875,4472.16015625,3920290000,14.81999969482422,14.81999969482422,13.510000228881836,13.539999961853027,-0.0079374733359648,0.0073839052353896,0.2658926057466574,0.0866556309141147,0.2542330956263859,0.101577411989341,0.4433334399046839,0.1020278774575643,0.41259999999999997,0.13539999961853028,0.14670739425334256,0.04874436870441558,0.15836690437361406,0.03382258762918927,-0.030733439904683912,0.03337212216096598
2023-07-13,30380.0,31804.2,30251.0,31454.23,70772.51836,41.26,46.55,40.63,45.15,4491.5,4517.3798828125,4489.35986328125,4510.0400390625,3839530000,13.4399995803833,13.609999656677246,13.119999885559082,13.609999656677246,0.0347489761397029,0.0084344829896271,0.3165689474634961,0.0984752704125615,0.2904895549940782,0.1052826148166209,0.4480313720261444,0.1006062832057505,0.4515,0.13609999656677246,0.1349310525365039,0.03762472615421096,0.16101044500592182,0.030817381750151557,0.003468627973855609,0.03549371336102196
2023-07-14,31454.23,31630.0,29900.0,30312.01,60749.48424,45.15,45.45,42.08,42.21,4514.60986328125,4527.759765625,4499.56005859375,4505.419921875,3647450000,13.720000267028809,13.760000228881836,13.220000267028809,13.34000015258789,-0.0369894696887356,-0.0010249321969074,0.3731403576083683,0.097135509623915,0.3172926528231967,0.0967759743099993,0.4610071839852805,0.0986825735080829,0.42210000000000003,0.13340000152587891,0.04895964239163175,0.036264491901963916,0.10480734717680334,0.03662402721587961,-0.03890718398528048,0.03471742801779601
2023-07-17,30232.0,30336.96,29659.2,30138.0,30882.76839,42.1,43.47,41.79,42.9,4508.85986328125,4532.85009765625,4504.89990234375,4522.7900390625,3538240000,13.779999732971191,14.0,13.43000030517578,13.479999542236328,-0.0057571696226315,0.0038479695744204,0.3512456984307411,0.0686302972539309,0.3127496041488177,0.0913458852046852,0.4605001920195494,0.0917869302750193,0.429,0.1347999954223633,0.07775430156925889,0.06616969816843239,0.1162503958511823,0.04345411021767809,-0.0315001920195494,0.04301306514734399
2023-07-18,30138.01,30239.78,29512.0,29859.13,30003.8601,42.9,43.57,42.06,42.67,4521.77978515625,4562.2998046875,4514.58984375,4554.97998046875,4090010000,13.609999656677246,13.670000076293944,13.289999961853027,13.300000190734863,-0.0092961782772288,0.0070920669414283,0.3413047149076283,0.0539052966246096,0.3077416904835383,0.0854409251400256,0.4253458669303298,0.0922773001662099,0.4267,0.13300000190734862,0.08539528509237171,0.07909470528273901,0.11895830951646175,0.047559076767323016,0.0013541330696702492,0.04072270174113872
2023-07-19,29859.14,30189.09,29761.96,29909.21,25657.36137,42.67,42.68,40.52,40.53,4563.8701171875,4578.43017578125,4557.47998046875,4565.72021484375,4115670000,13.31999969482422,13.84000015258789,13.119999885559082,13.760000228881836,0.0016758040032582,0.0023551348272336,0.3410278217345955,0.0540003338706537,0.296348289243187,0.0842523484109459,0.3960359670166986,0.0922773865474575,0.4053,0.13760000228881836,0.06427217826540449,0.08359966841816466,0.10895171075681298,0.053347653877872464,0.009264032983301418,0.04532261574136086
2023-07-20,29909.21,30417.46,29570.96,29800.0,37540.68193,40.53,42.05,40.08,41.62,4554.3798828125,4564.740234375,4527.56005859375,4534.8701171875,3761770000,13.960000038146973,14.229999542236328,13.579999923706056,13.989999771118164,-0.0036580662106333,-0.0067798273962576,0.3347898473628536,0.0865763957999905,0.2908429673158035,0.0935070203303278,0.3814260247534098,0.0943108775506516,0.41619999999999996,0.13989999771118164,0.08141015263714635,0.053323601911191135,0.12535703268419646,0.046392977380853836,0.03477397524659015,0.045589120160530044
2023-07-21,29800.0,30061.7,29726.34,29901.72,23881.40865,41.62,41.79,38.63,38.76,4550.16015625,4555.0,4535.7900390625,4536.33984375,3570190000,13.869999885559082,13.890000343322754,13.369999885559082,13.600000381469728,0.0034076103143899,0.000324042014613,0.3359440573992688,0.0819521361386513,0.2914570171559159,0.0817742610571553,0.3813873898838322,0.0935978905184908,0.3876,0.1360000038146973,0.0516559426007312,0.054047867676045996,0.09614298284408412,0.054225742757541995,0.006212610116167805,0.042402113296206495
2023-07-24,30083.75,30099.58,28861.9,29176.5,39628.99691,39.27,39.65,37.58,38.25,4543.39013671875,4563.41015625,4541.2900390625,4554.64013671875,3856250000,14.289999961853027,14.300000190734863,13.729999542236328,13.90999984741211,-0.0245524130930292,0.0040260384968748,0.234670070181599,0.071036683158377,0.285659703008561,0.0825354283142006,0.3901143914475834,0.093786952733105,0.3825,0.1390999984741211,0.147829929818401,0.06806331531574411,0.09684029699143903,0.0565645701599205,-0.007614391447583413,0.045313045741016106
2023-07-25,29176.5,29376.0,29047.65,29228.91,21565.7478,38.25,38.38,36.47,37.77,4555.18994140625,4580.6201171875,4552.419921875,4567.4599609375,3812470000,14.020000457763672,14.09000015258789,13.81999969482422,13.859999656677246,0.0017946972401168,0.0028107195758387,0.1539467130284,0.0692292297086171,0.2764957795196857,0.081038502196461,0.3828459892746274,0.0912198032321822,0.37770000000000004,0.13859999656677247,0.22375328697160005,0.06937076685815537,0.10120422048031436,0.05756149437031147,-0.005145989274627338,0.04738019333459026
2023-07-26,29228.91,29690.0,29096.94,29351.96,33931.63366,37.77,39.35,37.58,38.15,4558.9599609375,4582.47021484375,4547.580078125,4566.75,3990290000,13.859999656677246,14.15999984741211,13.149999618530272,13.1899995803833,0.0042010363100691,-0.0001554509786759,0.163712516996686,0.0687943650266963,0.266384236973696,0.0684032328482472,0.3827471251166708,0.0900117719534162,0.3815,0.13189999580383302,0.217787483003314,0.06310563077713673,0.115115763026304,0.06349676295558582,-0.0012471251166707997,0.04188822385041682
2023-07-27,29351.95,29567.49,29083.85,29222.78,22476.47626,38.15,38.15,36.34,36.36,4598.259765625,4607.06982421875,4528.56005859375,4537.41015625,4553210000,13.140000343322754,15.020000457763672,12.739999771118164,14.40999984741211,-0.0044107821710519,-0.006445393055197,0.1593593636308109,0.0695466425379629,0.2559797004521067,0.0751620417624029,0.3685784528826552,0.0928885594838022,0.3636,0.14409999847412108,0.20424063636918907,0.07455335593615818,0.10762029954789326,0.06893795671171818,-0.004978452882655249,0.05121143899031888
2023-07-28,29222.78,29542.22,29123.12,29314.14,23993.61627,36.36,36.55,35.05,35.47,4565.75,4590.16015625,4564.009765625,4582.22998046875,3981010000,14.029999732971191,14.18000030517578,13.270000457763672,13.329999923706056,0.0031214513568593,0.0098293758104338,0.1613934659556584,0.0931295880564773,0.2563501115616378,0.0818325706269932,0.3663747251796692,0.0907849298171286,0.3547,0.13329999923706057,0.19330653404434162,0.040170411180583274,0.09834988843836223,0.05146742861006737,-0.011674725179669165,0.04251506941993197
2023-07-31,29281.09,29530.0,29101.8,29232.25,22605.48964,36.33,37.19,35.75,36.77,4584.81982421875,4594.22021484375,4573.14013671875,4588.9599609375,4503600000,13.979999542236328,14.09000015258789,13.56999969482422,13.630000114440918,-0.0027974415981492,0.0014676354365687,0.1612997540994759,0.0778951655994386,0.2526409297680504,0.0798974551136043,0.3595925371217156,0.089620605767818,0.3677,0.13630000114440918,0.20640024590052414,0.058404835544970585,0.11505907023194961,0.056402546030804884,0.0081074628782844,0.04667939537659119
2023-08-01,29232.26,29739.25,28585.7,29705.99,44719.65162,36.17,37.07,35.59,36.56,4578.830078125,4584.6201171875,4567.52978515625,4576.72998046875,4042370000,13.75,14.300000190734863,13.75,13.93000030517578,0.0160761571043905,-0.0026686453076827,0.1958209460971409,0.0820635730339745,0.2643981172215995,0.0790449712969952,0.2985513547302163,0.0885930968825493,0.36560000000000004,0.1393000030517578,0.16977905390285913,0.057236430017783294,0.10120188277840053,0.0602550317547626,0.06704864526978371,0.050706906169208504
2023-08-02,29705.99,30047.5,28927.5,29186.01,48181.65141,36.56,37.46,36.4,36.82,4550.93017578125,4550.93017578125,4505.75,4513.39013671875,4270710000,15.699999809265137,16.479999542236328,14.949999809265137,16.09000015258789,-0.0176592240994308,-0.0139362006383361,0.1624288292043691,0.1191033631179347,0.2132733925871851,0.096813419968992,0.3037195708044056,0.0990900569280607,0.3682,0.1609000015258789,0.20577117079563093,0.04179663840794422,0.15492660741281492,0.06408658155688692,0.06448042919559444,0.06180994459781822
2023-08-03,29186.0,29433.33,28968.0,29193.64,26476.91994,36.82,37.08,35.74,36.21,4494.27001953125,4519.490234375,4485.5400390625,4501.89013671875,4149120000,16.770000457763672,17.420000076293945,15.720000267028809,15.920000076293944,0.0002613924558795,-0.0025512254502915,0.1619956945257207,0.1156255887817186,0.1573649383186221,0.0973578837747175,0.2514438430090088,0.0979233973898166,0.36210000000000003,0.15920000076293944,0.20010430547427932,0.04357441198122085,0.20473506168137792,0.06184211698822194,0.11065615699099124,0.06127660337312284
2023-08-04,29193.65,29333.08,28807.54,29113.99,23551.95217,36.21,36.26,34.21,34.37,4513.9599609375,4540.33984375,4474.5498046875,4478.02978515625,4143310000,16.010000228881836,17.389999389648438,14.56999969482422,17.100000381469727,-0.0027320626663575,-0.0053141693739379,0.1594553042097572,0.1161875610862401,0.1567423540711051,0.0979941039180653,0.2513717026017949,0.0992578251780412,0.34369999999999995,0.17100000381469727,0.18424469579024275,0.05481244272845717,0.18695764592889486,0.07300589989663196,0.09232829739820503,0.07174217863665606
2023-08-07,29088.43,29276.78,28701.03,29211.06,30966.87746,34.03,36.75,33.93,36.29,4491.580078125,4519.83984375,4491.14990234375,4518.43994140625,3493920000,16.899999618530273,17.360000610351562,15.770000457763672,15.770000457763672,0.0033285900183196,0.0089836189648565,0.1595959443861923,0.1317132939439476,0.1552275176774608,0.1011900966254156,0.2380309265705692,0.0987403262283991,0.3629,0.15770000457763672,0.2033040556138077,0.025986710633689125,0.2076724823225392,0.05650990795222112,0.1248690734294308,0.058959678349237626
2023-08-08,29211.06,30244.0,29146.45,29770.42,45700.53392,36.29,41.23,34.76,39.85,4498.02978515625,4503.31005859375,4464.39013671875,4499.3798828125,3884910000,16.280000686645508,18.13999938964844,15.960000038146973,15.989999771118164,0.0189678784073805,-0.0042272051000588,0.1968299802277443,0.1102214971605596,0.177910359280348,0.101348400486392,0.2423973350292351,0.0986062193394818,0.3985,0.15989999771118163,0.2016700197722557,0.049678500550622035,0.220589640719652,0.05855159722478963,0.15610266497076491,0.06129377837169983
2023-08-09,29770.41,30160.0,29376.67,29581.99,38003.88725,39.85,40.64,38.51,38.73,4501.56982421875,4502.43994140625,4461.330078125,4467.7099609375,3803100000,15.8100004196167,16.8700008392334,15.380000114440918,15.960000038146973,-0.0063495528850291,-0.0070636191020451,0.2017159507290215,0.1088542223837738,0.1792471217729056,0.1016663144337065,0.2389726238495953,0.0966632197158897,0.3873,0.15960000038146974,0.1855840492709785,0.05074577799769593,0.20805287822709437,0.05793368594776324,0.14832737615040467,0.06293678066558003
2023-08-10,29581.99,29738.0,29320.2,29455.75,23463.45373,38.73,38.73,36.04,36.2,4487.16015625,4527.3701171875,4457.919921875,4468.830078125,4504370000,15.579999923706056,16.860000610351562,14.600000381469728,15.850000381469728,-0.0042765929862094,0.0002506825210808,0.1761311285715993,0.1115334116151871,0.178944030164058,0.10164734954138,0.2323216736610367,0.0966232585158849,0.36200000000000004,0.15850000381469728,0.18586887142840075,0.04696659219951019,0.18305596983594205,0.05685265427331729,0.12967832633896334,0.06187674529881239
2023-08-11,29455.76,29564.52,29252.45,29426.03,20637.0443,36.2,36.22,32.74,32.74,4450.68994140625,4476.22998046875,4443.97998046875,4464.0498046875,3753290000,15.529999732971191,16.510000228881836,14.84000015258789,14.84000015258789,-0.0010094804377126,-0.0010702648992294,0.134142696375247,0.0837911629131399,0.1434137556031178,0.0989576467303169,0.2290700493250917,0.0960764011770375,0.3274,0.1484000015258789,0.19325730362475302,0.064608838612739,0.18398624439688221,0.049442354795562,0.09832995067490832,0.0523236003488414
2023-08-14,29303.85,29695.32,29102.45,29430.93,31443.11532,33.76,35.03,32.21,35.01,4458.1298828125,4490.330078125,4453.43994140625,4489.72021484375,3896410000,15.880000114440918,16.059999465942383,14.770000457763672,14.81999969482422,0.0001665053720519,0.005734004879419,0.1341708961912812,0.0938589603627572,0.1433189904078791,0.1021157191293045,0.2290300607151002,0.0909353434097509,0.35009999999999997,0.1481999969482422,0.21592910380871877,0.054341036585485,0.20678100959212087,0.0460842778189377,0.12106993928489976,0.057264653538491306
2023-08-15,29430.92,29499.26,29059.6,29200.0,27503.87691,35.01,36.53,34.43,34.58,4478.8701171875,4478.8701171875,4432.18994140625,4437.85986328125,3832250000,14.949999809265137,16.56999969482422,14.90999984741211,16.459999084472656,-0.0078774528796102,-0.0116181393960964,0.1436509799023192,0.1133552022722456,0.1463881919343976,0.1109813314023093,0.2187270446377087,0.09720139946197,0.3458,0.16459999084472657,0.2021490200976808,0.051244788572480965,0.1994118080656024,0.05361865944241727,0.1270729553622913,0.06739859138275657
2023-08-16,29200.01,29259.85,28723.08,28730.51,32996.69854,34.58,37.43,34.23,36.56,4433.7900390625,4449.9501953125,4403.5498046875,4404.330078125,3753910000,16.540000915527344,16.93000030517578,15.800000190734863,16.780000686645508,-0.0162090849613036,-0.0075840817926245,0.1720650904421801,0.0918538390366439,0.1605710238865124,0.1119573870023269,0.2154601410199689,0.0994590279471489,0.36560000000000004,0.16780000686645508,0.19353490955781993,0.07594616782981117,0.20502897611348764,0.05584261986412818,0.15013985898003113,0.06834097891930617
2023-08-17,28730.51,28783.48,25166.0,26623.41,100271.54033,36.56,53.59,36.3,52.3,4416.31982421875,4421.169921875,4364.830078125,4370.35986328125,3943700000,16.959999084472656,18.1299991607666,16.399999618530273,17.889999389648438,-0.0761687203764116,-0.007742811377529,0.4300265455937782,0.0951384083707894,0.354432099389624,0.0997376596168701,0.3007451097382347,0.0993199160339929,0.523,0.17889999389648437,0.09297345440622184,0.08376158552569496,0.16856790061037602,0.07916233427961426,0.22225489026176531,0.07958007786249147
2023-08-18,26623.41,26832.6,25619.0,26054.0,69790.65711,52.3,52.3,41.49,43.58,4344.8798828125,4381.81982421875,4335.31005859375,4369.7099609375,3940400000,17.799999237060547,18.8799991607666,17.139999389648438,17.299999237060547,-0.0216195966611484,-0.0001487178839572,0.4254281800271031,0.0953099005070198,0.3591963841446014,0.0984416584765003,0.2995592952711712,0.0990240171753379,0.43579999999999997,0.17299999237060548,0.010371819972896879,0.07769009186358568,0.07660361585539854,0.07455833389410518,0.13624070472882877,0.07397597519526758
2023-08-21,26190.0,26258.42,25812.0,26126.92,30267.24233,43.18,43.92,42.3,42.63,4380.27978515625,4407.5498046875,4360.2998046875,4399.77001953125,3726850000,18.030000686645508,18.11000061035156,16.8799991607666,17.1299991607666,0.0027948931321038,0.0068556348597997,0.4370646451201627,0.112033454332883,0.3459568161458206,0.1078397485640434,0.2996896224860089,0.1008736204969524,0.4263,0.171299991607666,-0.010764645120162675,0.05926653727478301,0.08034318385417943,0.06346024304362262,0.12661037751399112,0.07042637111071362
2023-08-22,26126.92,26139.42,25300.0,26056.0,34247.06688,42.63,44.11,41.89,42.13,4415.330078125,4418.58984375,4382.77001953125,4387.5498046875,3522760000,16.959999084472656,17.579999923706055,16.610000610351562,16.969999313354492,-0.0027181324335439,-0.0027813310465456,0.4345303377135243,0.1117628607876455,0.3446549753341995,0.0951857569475489,0.2976435435931516,0.0990555619967074,0.4213,0.16969999313354492,-0.013230337713524276,0.05793713234589942,0.07664502466580053,0.07451423618599602,0.12365645640684841,0.07064443113683752
2023-08-23,26055.99,26819.27,25812.82,26432.72,44023.69978,42.13,44.02,40.05,43.38,4396.43994140625,4443.18017578125,4396.43994140625,4436.009765625,3837270000,16.639999389648438,17.100000381469727,15.90999984741211,15.979999542236328,0.0143545687030841,0.0109843307107913,0.4658009192234042,0.1307716090231641,0.3562755906858891,0.1099057542150746,0.3029456575891813,0.1020164928868439,0.4338,0.15979999542236328,-0.0320009192234042,0.02902838639919919,0.07752440931411092,0.04989424120728868,0.13085434241081872,0.05778350253551938
2023-08-24,26432.71,26577.87,25864.0,26180.05,30205.22116,43.38,43.38,41.37,41.72,4455.16015625,4458.2998046875,4375.5498046875,4376.31005859375,3723470000,15.56999969482422,17.31999969482422,15.479999542236328,17.200000762939453,-0.0096049663422354,-0.013549353984008,0.4647512406693706,0.1372635726092718,0.3558365858411865,0.1210804407713625,0.2791755524424243,0.1055514894336234,0.4172,0.17200000762939452,-0.04755124066937061,0.03473643502012272,0.06136341415881352,0.05091956685803202,0.1380244475575757,0.06644851819577112
2023-08-25,26180.05,26314.05,25777.15,26060.01,27753.33772,41.72,42.18,36.25,36.31,4389.3798828125,4418.4599609375,4356.2900390625,4405.7099609375,3296180000,17.209999084472656,17.360000610351562,15.449999809265137,15.68000030517578,-0.0045957149083015,0.0066955010602951,0.4693088922458031,0.1395640724525273,0.3526987820716249,0.1175253013816428,0.2633883838430982,0.1078837436389042,0.36310000000000003,0.15680000305175779,-0.10620889224580304,0.01723593059923048,0.010401217928375117,0.039274701670114986,0.09971161615690183,0.04891625941285359
2023-08-28,26101.78,26253.99,25864.5,26120.0,22692.62655,36.05,37.6,35.82,36.42,4426.02978515625,4439.56005859375,4414.97998046875,4433.31005859375,2957230000,16.239999771118164,16.280000686645508,15.0,15.079999923706056,0.0022993489817507,0.0062450785941964,0.1781041824150918,0.1318016614288491,0.3344714799142787,0.1216662575682426,0.2642309169114075,0.1089887812746884,0.3642,0.15079999923706056,0.18609581758490823,0.018998337808211446,0.0297285200857213,0.02913374166881795,0.09996908308859254,0.04181121796237215
2023-08-29,26120.0,28142.85,25922.0,27716.34,74251.99488,36.42,44.99,36.08,40.6,4432.75,4500.14013671875,4431.68017578125,4497.6298828125,3354820000,15.079999923706056,15.300000190734863,14.34000015258789,14.449999809265137,0.0593208265640982,0.0144040687120565,0.3729875031283191,0.1493875229015506,0.4439835731744254,0.134531304419622,0.3224430575994315,0.1153843601631102,0.406,0.14449999809265138,0.03301249687168095,-0.00488752480889923,-0.037983573174425356,0.009968693673029383,0.08355694240056855,0.02911563792954118
2023-08-30,27716.34,27768.57,27017.24,27299.99,35448.25848,40.6,40.6,38.08,38.18,4500.33984375,4521.64990234375,4493.58984375,4514.8701171875,3064110000,14.529999732971191,14.699999809265137,13.829999923706056,13.880000114440918,-0.0151357950818478,0.0038258541811929,0.3997408540200119,0.1481599797033566,0.4461899792364535,0.135267918426419,0.3242356103333625,0.1157700855856388,0.3818,0.13880000114440919,-0.017940854020011943,-0.009359978558947407,-0.06438997923645351,0.003532082717990187,0.05756438966663746,0.02302991555877039
2023-08-31,27299.99,27587.51,25655.01,25940.78,51032.80401,38.18,39.52,35.98,35.98,4517.009765625,4532.259765625,4507.39013671875,4507.66015625,3946360000,13.979999542236328,14.0,13.4399995803833,13.56999969482422,-0.0510700880633559,-0.0015982129743398,0.529604504640482,0.1461462316836283,0.485404622518417,0.1354227399062005,0.3528713193943344,0.1142423812364565,0.35979999999999995,0.1356999969482422,-0.16980450464048208,-0.010446234735386112,-0.12560462251841703,0.0002772570420417064,0.006928680605665538,0.0214576157117857
2023-09-01,25940.77,26156.0,25333.75,25805.05,41032.15056,35.98,38.09,35.24,36.09,4530.60009765625,4541.25,4501.35009765625,4515.77001953125,3246260000,13.5600004196167,13.5600004196167,13.020000457763672,13.09000015258789,-0.005246038619321,0.0017975127655185,0.5192639577255828,0.1374694062584175,0.4839633431547893,0.1336006371573466,0.3520503336803872,0.1143809172478181,0.36090000000000005,0.1309000015258789,-0.1583639577255827,-0.006569404732538586,-0.12306334315478923,-0.0027006356314676905,0.00884966631961287,0.016519084278060814
2023-09-05,25826.03,25915.49,25562.62,25792.1,21323.39337,39.51,40.19,39.09,39.79,4510.06005859375,4514.2900390625,4496.009765625,4496.830078125,3526250000,14.149999618530272,14.470000267028809,13.699999809265137,14.010000228881836,-0.0005019657198863,-0.0042029978213812,0.5175895413603274,0.0969866208041389,0.4854199260808565,0.1240164332281805,0.3472588338840869,0.1142557127864652,0.3979,0.14010000228881836,-0.11968954136032744,0.043113381484679456,-0.08751992608085651,0.016083569060637862,0.05064116611591307,0.025844289502353165
2023-09-06,25792.11,26040.0,25372.51,25759.95,27262.52386,39.79,40.83,37.77,39.41,4490.35009765625,4490.35009765625,4442.3798828125,4465.47998046875,3418850000,14.270000457763672,15.300000190734863,14.130000114440918,14.449999809265137,-0.001247283247437,-0.0069960144914322,0.5173101761841346,0.1136570459151854,0.4851819420761788,0.1232554046813911,0.3469211290961888,0.1153715746597848,0.39409999999999995,0.14449999809265138,-0.1232101761841346,0.03084295217746598,-0.09108194207617887,0.021244593411260282,0.047178870903811176,0.029128423432866576
2023-09-07,25759.95,26443.14,25615.38,26255.0,27687.49567,39.41,41.0,38.8,39.74,4434.5498046875,4457.81005859375,4430.4599609375,4451.14013671875,3763760000,14.8100004196167,15.6899995803833,14.399999618530272,14.399999618530272,0.0190354868493421,-0.0032164331157329,0.5322139774245046,0.1127263429708093,0.3823427218936298,0.1184445264396587,0.3526635405236372,0.1155747960869839,0.39740000000000003,0.1439999961853027,-0.13481397742450457,0.03127365321449341,0.015057278106370253,0.025555469745644002,0.044736459476362844,0.02842520009831881
2023-09-08,26255.0,26445.5,25647.26,25910.5,28999.76471,39.74,41.31,39.45,40.0,4451.2998046875,4473.52978515625,4448.3798828125,4457.490234375,3259290000,14.220000267028809,14.869999885559082,13.579999923706056,13.84000015258789,-0.0132081551334933,0.001425606062257,0.3401566570666558,0.0607701731374046,0.3751450606795017,0.118257324452897,0.3537340678060066,0.1145127627753943,0.4,0.13840000152587892,0.0598433429333442,0.07762982838847432,0.024854939320498315,0.020142677072981924,0.04626593219399344,0.023887238750484624
2023-09-11,25841.6,25900.69,24901.0,25162.52,41682.32,40.52,45.54,40.46,44.33,4480.97998046875,4490.77001953125,4467.89013671875,4487.4599609375,3369920000,14.170000076293944,14.329999923706056,13.739999771118164,13.800000190734863,-0.0292927061571535,0.0067009514981355,0.3598265297599184,0.0722763015299759,0.394080227657253,0.11812126046511,0.360466471072333,0.1123777388382885,0.44329999999999997,0.13800000190734862,0.08347347024008156,0.06572370037737273,0.04921977234274699,0.019878741442238626,0.08283352892766699,0.025622263069060125
2023-09-12,25162.53,26567.0,25131.48,25840.1,56434.38537,44.33,44.83,41.62,43.57,4473.27001953125,4487.10986328125,4456.830078125,4461.89990234375,3435740000,14.020000457763672,14.420000076293944,13.710000038146973,14.229999542236328,0.0265719630767771,-0.0057121690230039,0.2989655877131522,0.0780052637589603,0.4131654011767762,0.1207619567841612,0.3719569999011949,0.1131004660895765,0.4357,0.14229999542236327,0.1367344122868478,0.06429473166340297,0.022534598823223784,0.02153803863820207,0.06374300009880507,0.029199529332786772
2023-09-13,25840.1,26405.22,25764.17,26222.0,31610.82753,43.57,44.26,42.66,44.05,4462.64990234375,4479.39013671875,4453.52001953125,4467.43994140625,3529430000,14.420000076293944,14.68000030517578,13.40999984741211,13.479999542236328,0.014671204201257,0.0012408621175346,0.3095384439552688,0.0770958438598126,0.4133896003787743,0.1122336154547294,0.3713161270081092,0.1131475871881967,0.44049999999999995,0.1347999954223633,0.13096155604473114,0.057704151562550696,0.027110399621225634,0.022566379967633887,0.06918387299189077,0.021652408234166587
2023-09-14,26222.0,26860.49,26126.77,26522.73,38333.1725,44.05,44.23,41.14,41.71,4487.77978515625,4511.990234375,4478.68994140625,4505.10009765625,3648720000,13.390000343322754,13.460000038146973,12.789999961853027,12.81999969482422,0.0114033481188429,0.0083945855336662,0.3132485835017201,0.0939998227874432,0.4140988688409625,0.0964774407287573,0.3716873052111272,0.1090654268173659,0.4171,0.12819999694824222,0.10385141649827995,0.03420017416079901,0.003001131159037551,0.031722556219484915,0.04541269478887283,0.019134570130876313
2023-09-15,26522.73,26888.0,26224.0,26600.0,26227.29369,41.71,41.85,38.81,39.14,4497.97998046875,4497.97998046875,4447.2099609375,4450.31982421875,6932230000,12.699999809265137,14.170000076293944,12.68000030517578,13.789999961853027,0.0029091145916004,-0.0122341458424939,0.3113163571847962,0.1140942452416403,0.4133814928626531,0.1111959231920779,0.3719800249724393,0.1144633407304284,0.3914,0.13789999961853028,0.0800836428152038,0.023805754376889976,-0.02198149286265305,0.02670407642645238,0.01941997502756071,0.023436658888101883
2023-09-18,26527.5,27409.0,26377.35,26762.51,43000.43256,39.83,43.03,39.54,41.48,4445.1298828125,4466.35986328125,4442.10986328125,4453.52978515625,3161230000,14.399999618530272,14.75,13.859999656677246,14.0,0.0060908117852475,0.0007210276941755,0.2953585741887333,0.1125721330696432,0.4138425576671793,0.108307219801512,0.372933830183319,0.1135372449830579,0.41479999999999995,0.14,0.11944142581126665,0.027427866930356815,0.000957442332820635,0.03169278019848801,0.041866169816680954,0.02646275501694212
2023-09-19,26762.5,27483.57,26667.79,27210.26,36190.52187,41.48,42.76,41.35,42.53,4445.41015625,4449.85009765625,4416.60986328125,4443.9501953125,3614880000,14.109999656677246,14.880000114440918,13.859999656677246,14.109999656677246,0.0165920804871499,-0.0021533273615331,0.2815975920259945,0.112818751411941,0.3297513340614154,0.0873357224464785,0.3767913748388196,0.1102650187018238,0.4253,0.14109999656677247,0.14370240797400552,0.028281245154831464,0.09554866593858463,0.05376427412029397,0.04850862516118043,0.030834977864948668
2023-09-20,27210.25,27388.63,26800.0,27125.0,34207.21867,42.53,43.83,41.96,43.01,4452.81005859375,4461.02978515625,4401.3798828125,4402.2001953125,3308450000,14.18000030517578,15.149999618530272,13.56999969482422,15.140000343322754,-0.0031382961994271,-0.009439204206291,0.155583163907291,0.1114990834325422,0.323881061133555,0.0915763798990492,0.371322979002948,0.1127797533936899,0.4301,0.15140000343322754,0.274516836092709,0.03990092000068535,0.10621893886644496,0.05982362353417835,0.05877702099705201,0.038620250039537646
2023-09-21,27125.01,27159.6,26377.7,26568.08,34476.82662,43.01,43.28,40.79,41.37,4374.35986328125,4375.7001953125,4329.169921875,4330.0,3662340000,15.489999771118164,17.540000915527344,15.100000381469728,17.540000915527344,-0.020745316649489,-0.016536918318488,0.2045374965709975,0.1391135342569019,0.2488978376940118,0.1108303099725923,0.3747453250888919,0.1204833459681641,0.41369999999999996,0.17540000915527343,0.20916250342900244,0.03628647489837153,0.16480216230598815,0.06456969918268113,0.038954674911108045,0.05491666318710933
2023-09-22,26568.08,26743.38,26468.77,26580.14,18198.2292,41.37,41.42,36.8,37.29,4341.740234375,4357.39990234375,4316.490234375,4320.06005859375,3349570000,17.309999465942383,17.40999984741211,15.93000030517578,17.200000762939453,0.0004538251782273,-0.0022982374027607,0.1906074103469231,0.1347598471504909,0.2469787582824831,0.1088292827565666,0.3749198684292479,0.1204718889842364,0.3729,0.17200000762939452,0.1822925896530769,0.037240160478903606,0.1259212417175169,0.06317072487282792,-0.0020198684292478952,0.05152811864515812
2023-09-25,26248.39,26446.15,25990.46,26304.81,26266.2039,38.6,40.34,38.0,39.25,4310.6201171875,4338.509765625,4302.7001953125,4337.43994140625,3195650000,17.25,18.40999984741211,16.790000915527344,16.899999618530273,-0.0104125081940913,0.0040149942038066,0.1900501409276766,0.1183192857820599,0.2525302192594181,0.1128213487379982,0.3753838134959308,0.1213913196230248,0.3925,0.16899999618530273,0.2024498590723234,0.05068071040324283,0.13996978074058192,0.056178647447304525,0.01711618650406921,0.047608676562277935
2023-09-26,26304.8,26397.46,26088.34,26221.67,18495.35066,39.25,40.45,38.51,38.67,4312.8798828125,4313.009765625,4265.97998046875,4273.52978515625,3472340000,18.030000686645508,19.5,17.170000076293945,18.940000534057617,-0.0031656440496646,-0.0148441654822649,0.1880469851640689,0.1254554966922018,0.2530515459717937,0.1232139279457776,0.3752068579424651,0.1260922360931311,0.38670000000000004,0.18940000534057616,0.19865301483593115,0.06394450864837437,0.13364845402820635,0.06618607739479856,0.011493142057534933,0.06330776924744505
2023-09-27,26221.68,26850.0,26112.06,26372.99,34771.57978,38.67,39.64,35.54,36.06,4282.6298828125,4292.06982421875,4238.6298828125,4274.509765625,3875880000,18.290000915527344,19.709999084472656,18.030000686645508,18.219999313354492,0.0057542122158011,0.0002292877722947,0.1874451170773468,0.1244138530367971,0.2409607167436087,0.1240360908219528,0.376014146009501,0.1225757727498217,0.36060000000000003,0.18219999313354493,0.17315488292265324,0.05778614009674783,0.11963928325639134,0.05816390231159213,-0.015414146009500973,0.059624220383723225
2023-09-28,26373.0,27308.48,26342.4,27021.39,44517.83491,36.06,40.38,35.39,38.63,4269.64990234375,4317.27001953125,4264.3798828125,4299.7001953125,3846230000,18.219999313354492,18.770000457763672,17.059999465942383,17.34000015258789,0.0242883942227579,0.0058758771430006,0.2221458448102551,0.1424793526037165,0.2523954316390542,0.1283994060375282,0.382287493263142,0.1227394615386464,0.38630000000000003,0.1734000015258789,0.16415415518974494,0.030920648922162397,0.13390456836094583,0.0450005954883507,0.004012506736858046,0.050660539987232495
2023-09-29,27021.39,27244.89,26665.16,26906.96,28478.76219,38.63,38.85,33.04,33.04,4328.18017578125,4333.14990234375,4274.85986328125,4288.0498046875,3865960000,16.8700008392334,17.739999771118164,15.829999923706056,17.520000457763672,-0.004243785383294,-0.0027132596482893,0.2226921565638668,0.1387779975424129,0.2088984157129096,0.1212286802749522,0.3113562274114827,0.1211227389226701,0.33039999999999997,0.1752000045776367,0.10770784343613318,0.0364220070352238,0.12150158428709038,0.053971324302684504,0.01904377258851725,0.05407726565496661
2023-10-02,27992.58,28580.0,27281.44,27494.51,57071.14241,37.49,40.8,36.2,38.17,4284.52001953125,4300.580078125,4260.2099609375,4288.39013671875,3938660000,17.309999465942383,18.549999237060547,16.93000030517578,17.610000610351562,0.0216013591780265,7.936440615299324e-05,0.2108462575720797,0.1065639050183852,0.1997131081015487,0.1214355072805225,0.3100475798630844,0.121132479533079,0.38170000000000004,0.17610000610351562,0.17085374242792034,0.06953610108513042,0.18198689189845135,0.05466449882299311,0.07165242013691564,0.05496752657043662
2023-10-03,27494.51,27676.52,27160.5,27426.46,28928.96555,37.53,38.35,36.94,37.96,4269.75,4281.14990234375,4216.4501953125,4229.4501953125,3953830000,17.809999465942383,20.479999542236328,17.520000457763672,19.780000686645508,-0.0024781075361443,-0.0138393958634491,0.2141489514430496,0.1305439877198391,0.1958875279391347,0.12828952254671,0.3102762023924965,0.1248187407418653,0.3796,0.19780000686645507,0.1654510485569504,0.06725601914661597,0.1837124720608653,0.06951048431974508,0.06932379760750351,0.07298126612458977
2023-10-04,27426.45,27839.72,27202.0,27778.57,29816.142,37.96,38.19,37.04,37.28,4233.830078125,4268.5,4220.47998046875,4263.75,3777600000,20.719999313354492,20.8799991607666,18.299999237060547,18.579999923706055,0.0127566192765861,0.0080770476078289,0.1902772963141939,0.1415590461186752,0.1970656449922161,0.1277048760751147,0.3116354801695623,0.1276463562794116,0.3728,0.18579999923706056,0.18252270368580611,0.04424095311838536,0.17573435500778392,0.05809512316194587,0.06116451983043775,0.058153642957648966
2023-10-05,27778.57,28120.39,27352.0,27410.39,30681.49619,37.28,38.35,36.65,36.75,4259.31005859375,4267.1298828125,4225.91015625,4258.18994140625,3581470000,18.670000076293945,19.579999923706055,18.260000228881836,18.489999771118164,-0.013342721522066,-0.0013048811469951,0.2220308641754683,0.1119817980045101,0.2093756856141323,0.1222343278769733,0.3125349668957526,0.1225251869943862,0.3675,0.18489999771118165,0.1454691358245317,0.07291819970667156,0.1581243143858677,0.06266566983420835,0.054965033104247385,0.062374810716795445
2023-10-06,27410.39,28295.0,27175.94,27931.09,37983.24277,36.75,36.8,34.47,35.06,4234.7900390625,4324.10009765625,4219.5498046875,4308.5,3902030000,18.729999542236328,19.93000030517578,17.190000534057617,17.450000762939453,0.0188182667350826,0.0117456420939611,0.2341065520201538,0.1342878595514515,0.2206844633004266,0.1370565509288054,0.3148358970355758,0.1225973976159561,0.3506,0.17450000762939452,0.11649344797984623,0.040212148077943016,0.12991553669957343,0.03744345670058913,0.03576410296442423,0.05190261001343842
2023-10-09,27917.06,27987.93,27260.0,27590.12,31534.74639,37.85,39.05,36.76,36.81,4289.02001953125,4341.72998046875,4283.7900390625,4335.66015625,3174630000,19.540000915527344,19.600000381469727,17.559999465942383,17.700000762939453,-0.0122826677106627,0.0062840681193874,0.2313671749462419,0.134914430130676,0.2203463512449575,0.141898154526626,0.3170493009913254,0.1223925901484204,0.36810000000000004,0.17700000762939452,0.13673282505375814,0.042085577498718524,0.14775364875504254,0.03510185310276853,0.05105069900867465,0.05460741748097413
2023-10-10,27590.12,27735.0,27298.0,27390.12,22776.84383,36.81,39.06,36.67,38.53,4339.75,4385.4599609375,4339.64013671875,4358.240234375,3520240000,17.700000762939453,17.860000610351562,16.510000228881836,17.030000686645508,-0.007275373195296,0.0051944760999853,0.2360086031736254,0.1336430337613504,0.222537134345495,0.140122099692951,0.3181574904536046,0.1219238930203078,0.38530000000000003,0.17030000686645508,0.14929139682637463,0.036656973105104684,0.16276286565450504,0.030177907173504076,0.06714250954639545,0.048376113846147276
2023-10-11,27390.12,27477.39,26538.66,26875.52,37349.44706,38.53,38.64,36.09,36.88,4366.58984375,4378.64013671875,4345.33984375,4376.9501953125,3601660000,16.950000762939453,17.780000686645508,16.09000015258789,16.09000015258789,-0.0189665293285473,0.004283819500095,0.2236072543571579,0.1330627643795306,0.219319800546004,0.1211084156453637,0.2723043909272526,0.1144211684671047,0.3688,0.1609000015258789,0.14519274564284212,0.02783723714634831,0.14948019945399602,0.03979158588051521,0.0964956090727474,0.046478833058774205
2023-10-12,26875.52,26947.04,26555.0,26759.63,23428.64112,36.88,37.82,35.16,35.19,4380.93994140625,4385.85009765625,4325.43017578125,4349.60986328125,3713140000,16.079999923706055,18.079999923706055,15.4399995803833,16.690000534057617,-0.0043214265402864,-0.0062660249406549,0.223612506915693,0.0954396804796553,0.2204081566213029,0.1241880043230893,0.2692217441187299,0.1145324560058766,0.3519,0.16690000534057617,0.12828749308430698,0.07146032486092087,0.1314918433786971,0.04271200101748687,0.08267825588127009,0.05236754933469957
2023-10-13,26759.63,27130.0,26685.0,26862.0,24115.76499,35.19,36.86,34.97,35.37,4360.490234375,4377.10009765625,4311.97021484375,4327.77978515625,3566560000,16.530000686645508,20.780000686645508,16.5,19.31999969482422,0.00381823992932,-0.0050314956602198,0.2016449660376136,0.1039599424850955,0.2149768627728152,0.1251334322164647,0.2229486803120504,0.1150560395706793,0.35369999999999996,0.1931999969482422,0.15205503396238637,0.08924005446314669,0.13872313722718477,0.0680665647317775,0.13075131968794956,0.0781439573775629
2023-10-16,27154.14,30000.0,27112.66,28500.78,78399.22445,38.17,45.18,36.27,42.63,4342.3701171875,4383.330078125,4342.3701171875,4373.6298828125,3409960000,19.100000381469727,19.56999969482422,17.139999389648438,17.209999084472656,0.0592188068342654,0.0105386423025899,0.422014299940377,0.1115381912371074,0.3240220033272754,0.1131571354324092,0.2782687483720009,0.1198290437796148,0.4263,0.17209999084472657,0.004285700059623032,0.06056179960761918,0.10227799667272464,0.05894285541231738,0.14803125162799913,0.052270947065111775
2023-10-17,28500.77,28613.65,28069.32,28395.91,38428.44532,42.63,42.68,40.81,41.08,4345.22998046875,4393.56982421875,4337.5400390625,4373.2001953125,3794850000,17.40999984741211,18.540000915527344,16.969999313354492,17.8799991607666,-0.0036863346095197,-9.824987944376509e-05,0.413871231327752,0.098015037852871,0.3265996510851056,0.1132455620678704,0.2788005547871576,0.1194853570022735,0.4108,0.17879999160766602,-0.003071231327752,0.08078495375479502,0.08420034891489442,0.06555442953979562,0.1319994452128424,0.05931463460539252
2023-10-18,28395.91,28982.36,28142.87,28320.0,32162.47591,41.08,41.09,39.21,39.24,4357.35009765625,4364.2001953125,4303.83984375,4314.60009765625,3686030000,18.36000061035156,20.149999618530273,17.8799991607666,19.219999313354492,-0.0026768518861103,-0.0134904082511518,0.4034822653820397,0.1295482697630042,0.316042153717589,0.1280153936433253,0.2790296669080042,0.123756947474758,0.3924,0.1921999931335449,-0.011082265382039658,0.0626517233705407,0.07635784628241105,0.06418459949021962,0.11337033309199585,0.06844304565878691
2023-10-19,28320.0,28916.89,28100.66,28713.71,35895.50179,39.24,40.58,39.04,39.18,4321.35986328125,4339.5400390625,4269.68994140625,4278.0,3969730000,19.729999542236328,21.399999618530273,18.549999237060547,21.399999618530273,0.0138064402260006,-0.0085190323280579,0.3991348595468694,0.1294910640556267,0.316908787815728,0.1328946937125219,0.27684717051878,0.1254702982862378,0.3918,0.21399999618530274,-0.00733485954686941,0.08450893212967606,0.07489121218427197,0.08110530247278083,0.11495282948121999,0.08852969789906495
2023-10-20,28713.71,30207.55,28578.29,29669.04,59422.0992,39.18,46.59,39.08,44.26,4273.85009765625,4276.56005859375,4223.02978515625,4224.16015625,4004030000,21.59000015258789,21.829999923706055,20.420000076293945,21.709999084472656,0.0327293688126812,-0.0126651491961559,0.3793155569295085,0.1312674170580344,0.3316274935472194,0.1430474817696179,0.2853828028420697,0.1293740167227686,0.4426,0.21709999084472656,0.06328444307049147,0.08583257378669215,0.11097250645278062,0.07405250907510866,0.1572171971579303,0.08772597412195796
2023-10-23,29992.46,34741.91,29883.6,33069.99,93513.64246,48.81,64.06,47.91,55.37,4210.39990234375,4255.83984375,4189.22021484375,4217.0400390625,3776100000,21.829999923706055,23.079999923706055,19.479999542236328,20.3700008392334,0.1085221467405827,-0.0016869920654349,0.6537763034545251,0.1323941882346734,0.5456134746241509,0.1307991101986459,0.4000122147771482,0.1268484901975617,0.5537,0.203700008392334,-0.10007630345452512,0.0713058201576606,0.008086525375849085,0.07290089819368809,0.15368778522285176,0.07685151819477229
2023-10-24,33069.99,35280.0,32832.34,33922.73,115265.02418,55.37,63.84,53.06,54.19,4235.7900390625,4259.3798828125,4219.43017578125,4247.68017578125,3821820000,20.030000686645508,20.239999771118164,18.649999618530273,18.969999313354492,0.0254590665708626,0.0072395235196288,0.6294755429676668,0.149400753371824,0.5479949965040919,0.1298150794732369,0.3996028258302135,0.1291518016361998,0.5418999999999999,0.1896999931335449,-0.0875755429676669,0.040299239761720895,-0.006094996504091954,0.059884913660308015,0.14229717416978643,0.06054819149734511
2023-10-25,33922.73,35132.85,33679.05,34496.05,54887.02529,54.19,60.04,53.32,58.36,4232.419921875,4232.419921875,4181.419921875,4186.77001953125,3869370000,19.38999938964844,21.239999771118164,18.86000061035156,20.190000534057617,0.0167595335532492,-0.014443434657238,0.6073197993330883,0.1306620483581643,0.5332734606681643,0.1431307996657768,0.3999028263439607,0.1340196887601523,0.5836,0.20190000534057617,-0.02371979933308832,0.07123795698241187,0.05032653933183573,0.058769205674799374,0.18369717365603933,0.06788031658042387
2023-10-26,34496.05,34824.13,33751.0,34151.66,39744.66255,58.36,60.82,54.75,55.02,4175.990234375,4183.60009765625,4127.89990234375,4137.22998046875,4277640000,21.780000686645508,21.959999084472656,20.219999313354492,20.68000030517578,-0.0100336308158802,-0.0119030812055848,0.6219281074695469,0.126496735671215,0.5446881226030332,0.1366620611357375,0.4036579988659204,0.1330330660247665,0.5502,0.2068000030517578,-0.07172810746954683,0.0803032673805428,0.005511877396966791,0.0701379419160203,0.1465420011340796,0.0737669370269913
2023-10-27,34151.66,34245.0,33390.95,33892.02,32330.40106,55.02,55.02,47.19,47.19,4152.93017578125,4156.7001953125,4103.77978515625,4117.3701171875,4019500000,20.38999938964844,22.06999969482422,19.719999313354492,21.270000457763672,-0.0076316054672112,-0.0048118385786207,0.6322706799144976,0.1210578610203181,0.5406199976198779,0.1301652403026759,0.406058980123786,0.1301871490934916,0.4719,0.21270000457763671,-0.1603706799144976,0.09164214355731862,-0.0687199976198779,0.08253476427496081,0.06584101987621399,0.08251285548414511
2023-10-30,34525.88,34856.0,34062.84,34474.73,33657.95976,54.21,57.29,53.07,53.89,4139.39013671875,4177.47021484375,4132.93994140625,4166.81982421875,3911140000,21.1299991607666,21.15999984741211,19.549999237060547,19.75,0.0170470034407468,0.0119384743002859,0.6300142614330758,0.1629983649164376,0.5312266516005293,0.1417200573943114,0.4068344721075002,0.136570726680517,0.5389,0.1975,-0.09111426143307577,0.03450163508356241,0.0076733483994707585,0.05577994260568861,0.13206552789249987,0.060929273319483
2023-10-31,34474.74,34720.49,34025.0,34639.77,32737.89822,53.89,54.76,53.32,54.76,4171.330078125,4195.5498046875,4153.1201171875,4193.7998046875,4249470000,19.86000061035156,19.86000061035156,17.969999313354492,18.13999938964844,0.0047758520627768,0.0064540848216882,0.6399475717697244,0.1594651976542665,0.5096716536171988,0.1442211260046508,0.4062181643434016,0.1388653755976842,0.5476,0.18139999389648442,-0.09234757176972441,0.02193479624221792,0.03792834638280118,0.03717886789183361,0.1413818356565984,0.04253461829880023
2023-11-01,34639.78,35582.0,34097.39,35421.43,53473.28165,54.76,60.03,54.57,59.78,4201.27001953125,4245.64013671875,4197.740234375,4237.85986328125,4224900000,18.020000457763672,18.420000076293945,16.6299991607666,16.8700008392334,0.0223145602612131,0.0104511949901918,0.2268490147290501,0.173389248670801,0.4993531869071054,0.1541033533675282,0.4068258762697749,0.1414619927565744,0.5978,0.16870000839233398,0.3709509852709499,-0.004689240278467011,0.0984468130928946,0.014596655024805782,0.1909741237302251,0.027238015635759588
2023-11-02,35421.43,35984.99,34300.0,34941.59,48015.57732,59.78,61.94,58.84,60.0,4268.259765625,4319.72021484375,4268.259765625,4317.77978515625,4669780000,16.59000015258789,16.6200008392334,15.579999923706056,15.65999984741211,-0.01363919395731,0.0186829389340864,0.2347487599894595,0.2026345700587856,0.5155693443688416,0.1759373085958876,0.4028285708920681,0.1452075920906946,0.6,0.1565999984741211,0.3652512400105405,-0.04603457158466451,0.08443065563115837,-0.01933731012176651,0.1971714291079319,0.011392406383426507
2023-11-03,34941.58,34946.5,34120.0,34716.78,39071.20644,60.0,60.62,57.33,57.89,4334.22998046875,4373.6201171875,4334.22998046875,4358.33984375,4570960000,15.699999809265137,15.829999923706056,14.90999984741211,14.90999984741211,-0.0064546666973641,0.0093498835445514,0.223763217546913,0.1670343309306243,0.4904002466749331,0.1746025792530977,0.4046155450823405,0.1475763202081266,0.5789,0.1490999984741211,0.355136782453087,-0.01793433245650322,0.08849975332506688,-0.025502580778976602,0.17428445491765948,0.001523678265994477
2023-11-06,35011.89,35276.33,34725.9,35046.09,22346.47086,60.1,60.97,57.32,57.36,4364.27001953125,4372.2099609375,4347.52978515625,4365.97998046875,3656340000,15.390000343322754,15.579999923706056,14.84000015258789,14.890000343322754,0.009440908780479,0.0017514577241005,0.2140538436327162,0.1199135573479448,0.4842996239472541,0.1748100087535429,0.4004502824897993,0.1472257855260433,0.5736,0.14890000343322754,0.3595461563672838,0.028986446085282738,0.08930037605274588,-0.02591000532031537,0.1731497175102007,0.00167421790718425
2023-11-07,35046.09,35888.0,34523.06,35399.12,38688.73692,55.68,57.02,52.02,55.48,4366.2099609375,4386.259765625,4355.41015625,4378.3798828125,3791230000,15.100000381469728,15.170000076293944,14.710000038146973,14.8100004196167,0.0100229087373373,0.0028360934017119,0.2006116830224151,0.0919493854401538,0.4782584334559138,0.1639886018051258,0.3986274337767886,0.1402599392656394,0.5548,0.14810000419616698,0.35418831697758485,0.05615061875601318,0.07654156654408617,-0.015888597608958832,0.15617256622321135,0.00784006493052758
2023-11-08,35399.13,36106.0,35100.0,35624.72,33401.34137,55.48,58.03,54.31,57.58,4384.3701171875,4391.2001953125,4359.759765625,4382.77978515625,3729510000,14.90999984741211,15.09000015258789,14.300000190734863,14.449999809265137,0.0063528178351219,0.0010044110324198,0.1860967474444387,0.0992886158700244,0.4799446120649558,0.158089930596693,0.3985757588454915,0.1402501413080527,0.5758,0.14449999809265138,0.38970325255556126,0.04521138222262698,0.09585538793504417,-0.013589932504041613,0.17722424115450847,0.004249856784598688
2023-11-09,35624.72,37972.24,35534.05,36701.09,82537.88885,57.58,65.12,57.53,58.87,4391.41015625,4393.39990234375,4343.93994140625,4347.35009765625,3900780000,14.609999656677246,15.56999969482422,14.130000114440918,15.289999961853027,0.029766675983155,-0.0081166906990687,0.239375752107756,0.1357829155457441,0.4780323066227908,0.1510849338735505,0.4005906806046861,0.1417343088881037,0.5887,0.15289999961853026,0.34932424789224403,0.01711708407278617,0.11066769337720922,0.001815065744979777,0.1881093193953139,0.011165690730426558
2023-11-10,36701.1,37526.0,36324.71,37301.63,43414.04898,58.87,59.33,55.91,56.84,4364.14990234375,4418.02978515625,4353.33984375,4415.240234375,3665080000,15.09000015258789,15.449999809265137,14.15999984741211,14.170000076293944,0.016230570534908,0.0154957592707722,0.2268247465902974,0.146986231842103,0.2188508038370114,0.160154518867361,0.3985630750438795,0.1479827390144888,0.5684,0.14170000076293943,0.34157525340970263,-0.005286231079163567,0.34954919616298863,-0.018454518104421586,0.16983692495612052,-0.006282738251549375
2023-11-13,37064.13,37417.99,36333.0,36462.93,32798.18252,58.33,59.04,56.12,56.26,4406.66015625,4421.759765625,4393.81982421875,4411.5498046875,3326240000,15.15999984741211,15.1899995803833,14.579999923706056,14.760000228881836,-0.0227408973646141,-0.00083618844137,0.2655341349134392,0.1195510841342445,0.2412700734592726,0.159949650186539,0.4087946844439116,0.1480546277683538,0.5626,0.14760000228881837,0.2970658650865608,0.02804891815457386,0.3213299265407274,-0.01234964789772064,0.1538053155560884,-0.0004546254795354254
2023-11-14,36462.93,36744.0,34800.0,35551.19,45503.68416,56.26,57.45,55.64,56.24,4458.97021484375,4508.669921875,4458.97021484375,4495.7001953125,4700350000,14.829999923706056,14.859999656677246,13.90999984741211,14.15999984741211,-0.0253224983929354,0.0188953704745772,0.3212531242657737,0.1503615485648067,0.2667573867187094,0.1530598869329919,0.4197817445546465,0.1500367700573009,0.5624,0.14159999847412108,0.24114687573422633,-0.008761550090685633,0.2956426132812906,-0.011459888458870832,0.1426182554453535,-0.00843677158317982
2023-11-15,35551.2,37980.0,35360.0,37858.2,53569.13385,56.24,60.51,54.0,60.51,4505.2998046875,4521.169921875,4495.31005859375,4502.8798828125,4347170000,14.210000038146973,14.350000381469728,13.970000267028809,14.18000030517578,0.0628739714000101,0.0015957382078471,0.482837979146739,0.1504810370622594,0.3638613946060579,0.1334790716361537,0.4482112173952189,0.1489406315232324,0.6051,0.1418000030517578,0.12226202085326099,-0.008681034010501604,0.2412386053939421,0.00832093141560411,0.15688878260478106,-0.0071406284714745916
2023-11-16,37858.2,37929.54,35500.0,36163.51,47490.39566,60.51,61.88,55.07,55.35,4497.080078125,4511.990234375,4487.830078125,4508.240234375,3964520000,14.119999885559082,14.420000076293944,13.68000030517578,14.31999969482422,-0.0457970016721318,0.0011897193967137,0.5916147097996383,0.1515251631236338,0.4252007926343412,0.1262452654459315,0.472320951682385,0.1486612047820289,0.5535,0.1431999969482422,-0.03811470979963827,-0.008325166175391585,0.1282992073656588,0.016954731502310694,0.08117904831761497,-0.005461207833786702
2023-11-17,36163.51,36800.0,35861.1,36613.92,38283.61112,55.35,56.53,54.48,55.4,4509.5498046875,4520.1201171875,4499.66015625,4514.02001953125,3777240000,14.18000030517578,14.1899995803833,13.670000076293944,13.800000190734863,0.0123778965726653,0.0012812279371779,0.5941257555393831,0.1512907756317424,0.4230142864078023,0.1254038941114151,0.4715539684094486,0.1457044832893491,0.5539999999999999,0.13800000190734862,-0.040125755539383134,-0.013290773724393773,0.13098571359219763,0.012596107795933537,0.08244603159055136,-0.007704481382000472
2023-11-20,37359.85,37750.0,36677.0,37448.78,36022.70291,56.54,58.15,54.37,57.94,4511.7001953125,4557.10986328125,4510.35986328125,4547.3798828125,3644790000,14.260000228881836,14.3100004196167,13.390000343322754,13.40999984741211,0.0225456366937068,0.0073631037937956,0.5823919503493898,0.1244204357459248,0.430061148739393,0.1255666922633404,0.4686750750135837,0.1460420924343373,0.5794,0.1340999984741211,-0.002991950349389816,0.009679562728196298,0.14933885126060703,0.008533306210780689,0.11072492498641634,-0.011942093960216199
2023-11-21,37448.79,37649.44,35735.0,35741.65,47646.54804,57.94,59.34,55.34,55.72,4538.77001953125,4542.14013671875,4525.509765625,4538.18994140625,3511080000,13.449999809265137,14.3100004196167,13.130000114440918,13.350000381469728,-0.0466574572380058,-0.0020229759317579,0.6411217318105219,0.114816454158768,0.4751891081758024,0.1277092694832181,0.4946048833924817,0.1459919260440728,0.5572,0.1335000038146973,-0.08392173181052187,0.01868354965592929,0.08201089182419763,0.005790734331479197,0.06259511660751832,-0.012491922229375507
2023-11-22,35741.65,37861.1,35632.01,37408.34,45051.30697,55.72,56.92,53.49,55.5,4553.0400390625,4568.43017578125,4545.0498046875,4556.6201171875,3042810000,13.079999923706056,13.25,12.81999969482422,12.850000381469728,0.0455769987877179,0.0040529050943133,0.6953996287347354,0.1099478043620379,0.506097348701339,0.1110830786519632,0.4983985786790252,0.145953113003518,0.555,0.12850000381469728,-0.14039962873473533,0.018552199452659388,0.048902651298661004,0.01741692516273409,0.05660142132097484,-0.017453109188820704
2023-11-24,37294.27,38414.0,37251.51,37713.57,44680.80646,53.87,55.28,50.94,53.65,4555.83984375,4560.31005859375,4552.7998046875,4559.33984375,1639500000,13.029999732971191,13.170000076293944,12.449999809265137,12.460000038146973,0.0081263024249242,0.000596695609645,0.6651579915313637,0.0469426944786862,0.50354563627684,0.1088609728205419,0.4963700957722503,0.1441896134287374,0.5365,0.12460000038146973,-0.1286579915313637,0.07765730590278352,0.03295436372315996,0.015739027560927835,0.0401299042277497,-0.019589613047267668
2023-11-27,37447.42,37569.23,36707.0,37242.7,30001.07376,53.19,53.28,50.39,50.62,4554.85986328125,4560.52001953125,4546.31982421875,4550.43017578125,3403990000,13.140000343322754,13.279999732971191,12.640000343322754,12.6899995803833,-0.0125640241722466,-0.0019560693168983,0.5498545600209959,0.0527331527297384,0.5091810184171328,0.1109472322813197,0.5008063055042291,0.1432384960800104,0.5062,0.12689999580383302,-0.04365456002099588,0.07416684307409462,-0.0029810184171328302,0.01595276352251332,0.005393694495770873,-0.016338500276177392
2023-11-28,37242.7,38377.0,36868.41,37818.87,37544.46667,50.62,51.88,49.67,50.58,4545.5498046875,4568.14013671875,4540.509765625,4554.89013671875,3586240000,12.779999732971191,14.300000190734863,12.5600004196167,12.6899995803833,0.0153522319467537,0.0009796385280502,0.4623228129908163,0.0528002016133945,0.5108328848317013,0.1112651287725227,0.4797160678466551,0.1407545627233581,0.5058,0.12689999580383302,0.04347718700918374,0.07409979419043852,-0.005032884831701279,0.015634867031310312,0.026083932153344924,-0.01385456691952508
2023-11-29,37818.88,38450.0,37570.0,37854.64,32994.19107,50.58,52.37,50.33,51.9,4571.83984375,4587.64013671875,4547.14990234375,4550.580078125,4418760000,12.710000038146973,13.100000381469728,12.479999542236328,12.979999542236328,0.0009453771250752,-0.0009466966151019,0.4611952854725634,0.0547905236307992,0.5110135744568287,0.1121874260575248,0.4788026309782631,0.1408520569823637,0.519,0.12979999542236328,0.05780471452743663,0.07500947179156409,0.007986425543171305,0.017612569364838487,0.04019736902173693,-0.011052061560000409
2023-11-30,37854.65,38145.85,37500.0,37723.96,24740.29147,51.9,52.79,49.64,49.8,4554.8701171875,4569.89013671875,4537.240234375,4567.7998046875,5399300000,13.06999969482422,13.390000343322754,12.81999969482422,12.920000076293944,-0.0034581251896556,0.0037769312649946,0.4451923898887115,0.0399258397263314,0.4982454148902349,0.1007578505101825,0.4789817942240705,0.1337824203161913,0.498,0.12920000076293944,0.05280761011128848,0.08927416103660804,-0.00024541489023488516,0.02844215025275694,0.019018205775929498,-0.004582419553251865
2023-12-01,37723.97,38999.0,37615.86,38682.52,43415.66324,49.8,52.41,49.61,51.46,4559.43017578125,4599.39013671875,4554.7099609375,4594.6298828125,4397120000,12.9399995803833,12.960000038146973,12.479999542236328,12.630000114440918,0.0250923820630897,0.0058565589538466,0.3098680211526162,0.0454598029235691,0.5045430997026649,0.0857563321592332,0.4809645195161627,0.1305004459449581,0.5146000000000001,0.12630000114440917,0.20473197884738387,0.08084019822084007,0.010056900297335192,0.040543668985175974,0.033635480483837354,-0.00420044480054893
2023-12-04,39972.26,42420.0,39972.26,41991.1,79272.33059,54.72,55.85,53.55,55.09,4564.3701171875,4572.3701171875,4546.72021484375,4569.77978515625,4369910000,13.279999732971191,13.699999809265137,12.979999542236328,13.079999923706056,0.0820698726552556,-0.0054231880638269,0.4990449499077135,0.0589802733331954,0.5910518927723868,0.0915831287097536,0.5208875703945502,0.1248091145557691,0.5509000000000001,0.13079999923706057,0.05185505009228658,0.07181972590386516,-0.04015189277238673,0.03921687052730696,0.03001242960544981,0.0059908846812914696
2023-12-05,41991.1,44488.0,41414.0,44073.32,67490.74644,55.09,55.72,53.08,55.71,4557.25,4578.56005859375,4551.68017578125,4567.18017578125,3909950000,13.260000228881836,13.760000228881836,12.8100004196167,12.850000381469728,0.0483969196447064,-0.0005690315939348,0.5282716787749427,0.0592410866825894,0.5881954297897537,0.0533630023362687,0.4476498247942432,0.12451547150975,0.5571,0.12850000381469728,0.028828321225057296,0.06925891713210788,-0.03109542978975366,0.07513700147842858,0.10945017520575684,0.003984532304947289
2023-12-06,44073.82,44297.21,43335.28,43762.69,51431.10492,55.71,57.1,53.51,53.71,4586.22998046875,4590.740234375,4546.5,4549.33984375,4245680000,12.779999732971191,13.029999732971191,12.640000343322754,12.970000267028809,-0.0070729828231434,-0.0039138519449437,0.5138997610654872,0.06332092181147,0.5524142857460468,0.0573919359345053,0.447548164502068,0.1251443817273636,0.5371,0.12970000267028808,0.02320023893451284,0.06637908085881808,-0.015314285746046763,0.07230806673578279,0.089551835497932,0.004555620942924471
2023-12-07,43762.69,44047.33,42821.1,43273.14,47103.26845,53.71,54.02,52.29,52.4,4568.83984375,4590.919921875,4565.22021484375,4585.58984375,3818880000,13.170000076293944,13.279999732971191,12.949999809265137,13.0600004196167,-0.0112495086853494,0.0079366106848219,0.5538607331542525,0.0796518201094034,0.5014375921367542,0.0650585393214131,0.4504039615771252,0.1155902547635882,0.524,0.130600004196167,-0.029860733154252528,0.05094818408676359,0.022562407863245815,0.06554146487475389,0.07359603842287482,0.015009749432578795
2023-12-08,43273.15,44700.0,43081.1,44170.99,42900.37556,52.4,53.83,51.89,53.72,4576.2001953125,4609.22998046875,4574.06005859375,4604.3701171875,3707010000,13.140000343322754,13.239999771118164,12.350000381469728,12.350000381469728,0.0205361195573296,0.0040871341465037,0.5389453046501309,0.0803153960777238,0.5024916032048486,0.0661930474779192,0.4487409504221046,0.1065746896255461,0.5372,0.12350000381469728,-0.0017453046501308966,0.04318460773697348,0.034708396795151364,0.057306956336778084,0.08845904957789541,0.016925314189151178
2023-12-11,43789.5,43804.5,40222.0,41253.4,76663.89804,55.03,58.92,54.25,55.59,4593.39013671875,4623.7099609375,4593.39013671875,4622.43994140625,3823210000,13.050000190734863,13.140000343322754,12.609999656677246,12.630000114440918,-0.0683347051335975,0.0039168135477814,0.7622121738725639,0.0804731089908986,0.6074131145406877,0.0616494270450209,0.4994188399259862,0.103572473253346,0.5559000000000001,0.12630000114440917,-0.20631217387256384,0.04582689215351057,-0.05151311454068763,0.06465057409938826,0.05648116007401388,0.02272752789106318
2023-12-12,41253.41,42104.12,40680.0,41492.39,42722.69773,53.83,54.73,53.46,53.87,4618.2998046875,4643.93017578125,4608.08984375,4643.7001953125,3808380000,12.6899995803833,12.739999771118164,11.8100004196167,12.06999969482422,0.0057765033012788,0.0045888127956924,0.7579028823716345,0.0780449150372571,0.5563653556325961,0.061394000395982,0.4984279766767325,0.1007409195152875,0.5387,0.12069999694824221,-0.21920288237163454,0.042655081910985104,-0.01766535563259619,0.05930599655226021,0.04027202332326746,0.019959077432954705
2023-12-13,41492.38,43475.2,40555.0,42869.03,45865.99773,53.87,54.77,52.95,53.46,4646.2001953125,4709.68994140625,4643.22998046875,4707.08984375,5063650000,12.199999809265137,12.460000038146973,11.81999969482422,12.1899995803833,0.0326396168808299,0.0135583451750198,0.6026653907738624,0.0894147900851614,0.5431759405650067,0.0792727720194353,0.5042559244450934,0.1045160079220274,0.5346,0.12189999580383301,-0.06806539077386242,0.03248520571867161,-0.008575940565006768,0.042627223784397705,0.03034407555490659,0.017383987881805604
2023-12-14,42869.03,43420.0,41400.0,43022.26,42047.05709,53.46,54.07,52.32,53.13,4721.0400390625,4738.56982421875,4694.33984375,4719.5498046875,6314040000,11.960000038146973,12.739999771118164,11.84000015258789,12.479999542236328,0.0035680023564587,0.0026435651851544,0.5142359883642463,0.0840933660188106,0.5437811790339259,0.0788846209334996,0.5022656059858782,0.1026633287618284,0.5313,0.12479999542236328,0.017064011635753662,0.040706629403552685,-0.012481179033925871,0.04591537448886368,0.029034394014121778,0.022136666660534876
2023-12-15,43022.26,43080.81,41666.0,41940.3,33421.7932,53.13,54.9,52.53,54.15,4714.22998046875,4725.52978515625,4704.68994140625,4719.18994140625,8218980000,12.119999885559082,12.539999961853027,12.010000228881836,12.279999732971191,-0.0254704776409772,-7.625240044859478e-05,0.5312488051577575,0.0694904856988668,0.5564980235661078,0.0772272862985048,0.507526815990459,0.0925994817493957,0.5415,0.12279999732971192,0.010251194842242461,0.053309511630845116,-0.014998023566107799,0.04557271103120712,0.03397318400954097,0.030200515580316223
2023-12-18,41374.64,42757.81,40542.93,42657.8,46734.0925,54.6,56.22,54.17,56.02,4725.580078125,4749.52001953125,4725.580078125,4740.56005859375,4060340000,12.619999885559082,12.640000343322754,12.399999618530272,12.5600004196167,0.0169629626314845,0.0045181222634005,0.5464610347324057,0.0668899215171641,0.5569251130205407,0.0772462970897142,0.5070367062779513,0.0907439382218241,0.5602,0.125600004196167,0.013738965267594327,0.05871008267900289,0.003274886979459324,0.04835370710645279,0.053163293722048754,0.03485606597434289
2023-12-19,42657.8,43497.0,41811.1,42275.99,40927.86444,56.02,57.67,56.02,57.62,4743.72021484375,4768.68994140625,4743.72021484375,4768.3701171875,4026970000,12.600000381469728,12.600000381469728,12.329999923706056,12.529999732971191,-0.008990828549252,0.0058492674508189,0.5234465819041181,0.0669941298152082,0.561151894953072,0.0761378805546049,0.5090335907696436,0.0911081184970927,0.5761999999999999,0.12529999732971192,0.052753418095881854,0.058305867514503715,0.015048105046927884,0.049162116775107026,0.06716640923035633,0.03419187883261922
2023-12-20,42275.99,44283.0,42206.0,43668.93,48710.2947,57.62,58.86,56.99,58.1,4764.72998046875,4778.009765625,4697.81982421875,4698.35009765625,4201320000,12.630000114440918,13.93000030517578,12.289999961853027,13.670000076293944,0.0324175526446297,-0.0147931479653056,0.337813443330448,0.1370859114868993,0.5676920292211927,0.1081163621389665,0.5145830131389687,0.1046077077990996,0.581,0.13670000076293942,0.24318655666955197,-0.00038591072395988135,0.013307970778807299,0.028583638623972923,0.06641698686103126,0.03209229296383982
2023-12-21,43668.92,44242.35,43286.72,43861.8,34624.29384,57.24,59.09,57.24,58.63,4724.2900390625,4748.7099609375,4708.35009765625,4746.75,3431180000,13.399999618530272,14.489999771118164,13.34000015258789,13.649999618530272,0.0044069165684448,0.0102487693072718,0.3383136107829377,0.1449868219719873,0.5641241062457242,0.1126539547351007,0.514635127527561,0.1069778631059838,0.5863,0.13649999618530273,0.24798638921706234,-0.008486825786684582,0.022175893754275866,0.023846041450202027,0.07166487247243902,0.029522133079318932
2023-12-22,43861.79,44398.26,43412.54,43969.04,32783.19638,58.63,59.04,56.86,57.24,4753.919921875,4772.93994140625,4736.77001953125,4754.6298828125,3046770000,13.720000267028809,13.960000038146973,13.0,13.029999732971191,0.0024419680670525,0.001658682152761,0.2908858118517842,0.1253016079519657,0.4546603970318975,0.1070789544692884,0.5101744296861568,0.1020599635964627,0.5724,0.13029999732971193,0.2815141881482158,0.004998389377746215,0.11773960296810254,0.02322104286042352,0.06222557031384324,0.028240033733249223
2023-12-26,43576.12,43592.68,41637.6,42508.93,41010.04282,58.26,60.13,57.62,59.98,4758.85986328125,4784.72021484375,4758.4501953125,4774.75,2513910000,13.770000457763672,13.800000190734863,12.960000038146973,12.989999771118164,-0.0337715783805641,0.0042227610469785,0.3673808549865371,0.1262953487685624,0.429587820849111,0.1060533090440255,0.5219281901905953,0.0950402974572756,0.5998,0.12989999771118163,0.2324191450134629,0.0036046489426192208,0.170212179150889,0.023846688667156127,0.07787180980940467,0.03485970025390603
2023-12-27,42508.93,43677.0,42098.69,43428.85,36191.21136,59.98,64.6,59.69,64.35,4773.4501953125,4785.39013671875,4768.89990234375,4781.580078125,2748450000,13.020000457763672,13.039999961853027,12.369999885559082,12.43000030517578,0.021409795298211,0.0014294356164229,0.3471879673246509,0.1257473062354502,0.4406685184217157,0.1014533874129281,0.5176788670337378,0.0945521509175005,0.6435,0.1243000030517578,0.29631203267534906,-0.0014473031836923916,0.20283148157828423,0.022846615638829698,0.12582113296626218,0.029747852134257305
2023-12-28,43428.86,43787.57,42241.79,42563.76,35150.52485,64.35,64.94,62.5,63.75,4786.43994140625,4793.2998046875,4780.97998046875,4783.35009765625,2698860000,12.4399995803833,12.649999618530272,12.380000114440918,12.470000267028809,-0.0201207798082353,0.0003701061103271,0.3643171111151621,0.1245443412398964,0.4464149198000369,0.100191752503476,0.5151724527306797,0.0812636564076372,0.6375,0.12470000267028808,0.2731828888848379,0.000155661430391682,0.19108508019996306,0.024508250166812073,0.12232754726932027,0.043436346262650874
2023-12-29,42563.76,43111.0,41300.0,42066.95,42597.18912,63.75,64.26,61.38,62.5,4782.8798828125,4788.43017578125,4751.990234375,4769.830078125,3126060000,12.550000190734863,13.1899995803833,12.359999656677246,12.449999809265137,-0.0117407902387348,-0.0028304770367338,0.3674278485020325,0.1220438788554857,0.4368791313352536,0.1030167420006129,0.4882809450640052,0.0824901570898484,0.625,0.12449999809265137,0.2575721514979675,0.0024561192371656687,0.18812086866474642,0.02148325609203848,0.1367190549359948,0.04200984100280297
2024-01-02,44179.55,45879.63,44148.34,44946.91,65146.40661,66.81,68.04,63.73,63.75,4745.2001953125,4754.330078125,4722.669921875,4742.830078125,3743050000,13.220000267028809,14.229999542236328,13.100000381469728,13.199999809265137,0.0662196187498372,-0.0056766607997231,0.519800232469714,0.0807763641469329,0.4224499909204304,0.1083984060915551,0.4978174727937051,0.0853685132173436,0.6375,0.13199999809265137,0.11769976753028599,0.051223633945718466,0.21505000907956956,0.023601592001096267,0.13968252720629487,0.04663148487530777
2024-01-03,44946.91,45500.0,40750.0,42845.23,81194.55173,63.75,67.12,62.13,65.17,4725.06982421875,4729.2900390625,4699.7099609375,4704.81005859375,3950760000,13.350000381469728,14.220000267028809,13.329999923706056,14.039999961853027,-0.0478876952125601,-0.0080486183271976,0.6061231828629386,0.0699583531267408,0.4806516983297555,0.1152234013187767,0.5224531779205862,0.0899188370045849,0.6517000000000001,0.14039999961853028,0.04557681713706141,0.07044164649178948,0.17104830167024454,0.025176598299753578,0.12924682207941385,0.05048116261394538
2024-01-04,42845.23,44729.58,42613.77,44151.1,48038.06334,65.17,66.59,63.74,65.34,4697.419921875,4726.77978515625,4687.52978515625,4688.68017578125,3715480000,13.93000030517578,14.199999809265137,13.640000343322754,14.130000114440918,0.0300235215075549,-0.0034342716633174,0.6388982500175562,0.0676458594888855,0.4775680501439879,0.1007820161884999,0.5250487954759684,0.08911759144566,0.6534,0.1413000011444092,0.014501749982443801,0.07365414165552368,0.17583194985601208,0.04051798495590929,0.1283512045240316,0.05218240969874918
2024-01-05,44151.1,44357.46,42450.0,44145.11,48075.25327,65.34,68.25,65.27,67.64,4690.56982421875,4721.490234375,4682.10986328125,4697.240234375,3844370000,14.239999771118164,14.579999923706056,13.289999961853027,13.350000381469728,-0.0001356796630157,0.0018240216394339,0.5931558363448014,0.0594153503961972,0.477606599325704,0.1003803604981167,0.5016927310565215,0.0886725007598172,0.6764,0.1335000038146973,0.0832441636551986,0.0740846534185001,0.19879340067429602,0.033119643316580585,0.17470726894347854,0.04482750305488009
2024-01-08,43929.01,47248.99,43175.0,46951.04,72814.57589,71.81,73.59,67.15,67.16,4703.7001953125,4764.5400390625,4699.81982421875,4763.5400390625,3742320000,14.0,14.18000030517578,13.020000457763672,13.079999923706056,0.0616231944947785,0.0140159454363531,0.6812821868076062,0.114963328788699,0.5219455863507806,0.1174482270232639,0.5143983236281578,0.0959143436083479,0.6716,0.13079999923706057,-0.009682186807606241,0.015836670448361567,0.1496544136492194,0.013351772213796673,0.15720167637184213,0.03488565562871267
2024-01-09,46951.04,47972.0,44748.67,46110.0,69927.66617,67.16,67.48,63.68,64.17,4741.93017578125,4765.47021484375,4730.35009765625,4756.5,3529960000,13.199999809265137,13.449999809265137,12.739999771118164,12.760000228881836,-0.0180755104150301,-0.0014789938523175,0.6774402500309169,0.1148838388729291,0.5314447730145686,0.1163886944523532,0.5197315666977078,0.0962685251386534,0.6417,0.12760000228881835,-0.035740250030916854,0.012716163415889242,0.11025522698543144,0.01121130783646515,0.12196843330229223,0.031331477150164946
2024-01-10,46110.0,47695.93,44300.36,46653.99,89911.41203,64.17,68.04,61.79,62.7,4759.93994140625,4790.7998046875,4756.2001953125,4783.4501953125,3498680000,12.859999656677246,12.949999809265137,12.670000076293944,12.6899995803833,0.0117286079638338,0.0056499806504959,0.6580807532642151,0.119765936631799,0.5277060562506929,0.1162054345352945,0.5166670187925759,0.0964804699901561,0.627,0.12689999580383302,-0.03108075326421511,0.00713405917203401,0.09929394374930711,0.010694561268538516,0.11033298120742407,0.03041952581367692
2024-01-11,46654.0,48969.48,45606.06,46339.16,87470.3296,62.7,63.25,57.3,57.3,4792.1298828125,4798.5,4739.580078125,4780.240234375,3759890000,12.640000343322754,13.3100004196167,12.350000381469728,12.4399995803833,-0.0067710622307292,-0.0006712808369611,0.5563356963985153,0.1126400737786604,0.517260516634339,0.0941846698155536,0.5177266621368722,0.0967007269738399,0.573,0.12439999580383301,0.01666430360148463,0.01175992202517262,0.055739483365660925,0.030215325988279418,0.055273337863127714,0.027699268829993115
2024-01-12,46339.16,46515.53,41500.0,42782.73,86327.93707,57.3,58.36,54.8,57.42,4791.18017578125,4802.39990234375,4768.97998046875,4783.830078125,3486340000,12.65999984741211,13.079999923706056,12.470000267028809,12.699999809265137,-0.0798528754667809,0.0007506937530339,0.6975504313763023,0.0932550554356331,0.6283357329876761,0.0847062397530345,0.5753797423811802,0.0964355813421438,0.5742,0.12699999809265136,-0.1233504313763023,0.03374494265701826,-0.054135732987676044,0.04229375833961686,-0.0011797423811801266,0.030564416750507556
2024-01-16,42511.1,43578.01,42050.0,43137.95,45045.74589,56.2,56.5,54.0,55.16,4772.35009765625,4782.33984375,4747.1201171875,4765.97998046875,4260550000,14.119999885559082,14.350000381469728,13.520000457763672,13.84000015258789,0.008268603643684,-0.0037383190523568,0.6696029309128717,0.094065485255657,0.6295795679913262,0.0864215349461852,0.5750485411588518,0.0974605864899169,0.5516,0.13840000152587892,-0.11800293091287173,0.04433451627022192,-0.07797956799132622,0.051978466579693725,-0.023448541158851866,0.04093941503596202
2024-01-17,43137.94,43198.0,42200.69,42776.1,33266.21388,55.16,55.19,50.79,50.79,4739.1298828125,4744.22998046875,4714.81982421875,4739.2099609375,3928600000,14.59000015258789,15.399999618530272,14.380000114440918,14.789999961853027,-0.0084235847254326,-0.0056327312711078,0.6697958969129028,0.105691627699751,0.613259505242851,0.0875707366176859,0.5728041956258489,0.0985934511479919,0.5079,0.1478999996185303,-0.16189589691290274,0.04220837191877928,-0.10535950524285098,0.06032926300084439,-0.06490419562584893,0.04930654847053839
2024-01-18,42776.09,42930.0,40683.28,41327.5,43907.51641,50.79,50.79,46.81,48.31,4760.10009765625,4785.7900390625,4740.56982421875,4780.93994140625,4019000000,14.850000381469728,14.890000343322754,13.890000343322754,14.130000114440918,-0.0344513974581589,0.0087667207262431,0.4972761254637264,0.0808880633142007,0.6219789710613277,0.0958962980371897,0.5317395601882113,0.0990955901628444,0.48310000000000003,0.1413000011444092,-0.014176125463726374,0.060411937830208484,-0.13887897106132768,0.04540370310721949,-0.048639560188211306,0.042204410981564786
2024-01-19,41327.51,42196.86,40280.0,41659.03,48342.74559,48.3,48.7,45.9,48.04,4796.27978515625,4842.06982421875,4785.8701171875,4839.81005859375,4287200000,13.800000190734863,14.579999923706056,13.279999732971191,13.300000190734863,0.0079900138913296,0.0122383082325485,0.5216036455463517,0.1049402198374329,0.618881438961813,0.1091153967382471,0.5119594282836608,0.1036144914076597,0.4804,0.13300000190734862,-0.04120364554635175,0.028059782069915717,-0.13848143896181303,0.023884605169101514,-0.03155942828366082,0.02938551049968892
2024-01-22,41580.32,41689.65,39431.58,39568.02,55426.19911,47.82,49.04,47.24,48.98,4853.419921875,4868.41015625,4844.0498046875,4850.43017578125,4297610000,13.770000457763672,13.84000015258789,13.170000076293944,13.1899995803833,-0.0514969355984704,0.0021919211872316,0.5259958894752353,0.1025781532812208,0.6536015920550899,0.1079160439997125,0.5316866269773453,0.1021211159745484,0.48979999999999996,0.13189999580383302,-0.03619588947523539,0.029321842522612218,-0.16380159205508998,0.023983951804120524,-0.0418866269773453,0.02977887982928462
2024-01-23,39568.02,40176.74,38555.0,39897.6,57956.63351,48.98,53.2,46.88,49.59,4856.7998046875,4866.47998046875,4844.3701171875,4864.60009765625,3912800000,13.199999809265137,13.289999961853027,12.529999732971191,12.550000190734863,0.0082949554728822,0.0029171153407644,0.5532244157985882,0.1009193757447385,0.5736351611780064,0.103368908379127,0.5321833144546024,0.1006695586162157,0.4959,0.12550000190734864,-0.05732441579858816,0.024580626162610142,-0.07773516117800638,0.022131093528221638,-0.03628331445460242,0.024830443291132945
2024-01-24,39897.59,40555.0,39484.19,40084.88,39293.82861,49.59,50.23,47.19,47.54,4888.56005859375,4903.68017578125,4865.93994140625,4868.5498046875,4330030000,12.65999984741211,13.18000030517578,12.40999984741211,13.140000343322754,0.0046830341411442,0.0008115989762168,0.3848627142419444,0.1008757107541209,0.5463978363094968,0.0933352181705217,0.528134710157463,0.1005181508338536,0.4754,0.13140000343322755,0.09053728575805559,0.030524292679106654,-0.0709978363094968,0.03806478526270585,-0.05273471015746306,0.030881852599373955
2024-01-25,40084.89,40300.24,39550.0,39961.09,31022.11853,47.54,47.71,44.6,45.01,4886.66015625,4898.14990234375,4869.33984375,4894.16015625,4020430000,13.18000030517578,13.579999923706056,13.0600004196167,13.449999809265137,-0.0030929751663039,0.0052465781349779,0.3687744260918166,0.091476702684394,0.5231030038146728,0.0899426891719243,0.4907827853384736,0.1008280389443066,0.4501,0.13449999809265137,0.0813255739081834,0.04302329540825736,-0.07300300381467278,0.04455730892072707,-0.04068278533847358,0.03367195914834477
2024-01-26,39961.09,42246.82,39822.52,41823.51,47384.96726,45.01,45.64,43.34,43.73,4888.91015625,4906.68994140625,4881.47021484375,4890.97021484375,3353400000,13.729999542236328,14.100000381469728,13.199999809265137,13.260000228881836,0.0455523909262842,-0.0006519977554263,0.502227778220246,0.0729259799539264,0.5688455102856546,0.0912087642743829,0.5088065553614929,0.1007594729540071,0.43729999999999997,0.13260000228881835,-0.06492777822024604,0.059674022334891955,-0.1315455102856546,0.04139123801443545,-0.07150655536149292,0.031840529334811254
2024-01-29,42031.05,43333.0,41804.88,43302.7,31542.74207,45.25,46.33,44.18,45.36,4892.9501953125,4929.31005859375,4887.39990234375,4927.93017578125,3525160000,13.979999542236328,15.350000381469728,13.59000015258789,13.600000381469728,0.0347563671107134,0.0075283655052462,0.4930358826731187,0.0702130622666303,0.5180459547243482,0.0792303949298786,0.5100124863086796,0.0960117410641235,0.4536,0.1360000038146973,-0.039435882673118705,0.065786941548067,-0.06444595472434822,0.05676960888481869,-0.056412486308679566,0.039988262750573794
2024-01-30,43302.71,43882.36,42683.99,42941.1,37619.24546,45.36,47.29,45.25,46.91,4925.89013671875,4931.08984375,4916.27001953125,4924.97021484375,3836130000,13.6899995803833,13.739999771118164,13.229999542236328,13.3100004196167,-0.0083855794598922,-0.0006008303969786,0.5009209318179842,0.048279351098955,0.5152104938840717,0.0784759572736719,0.5105305695792534,0.0961446277691438,0.46909999999999996,0.133100004196167,-0.03182093181798429,0.08482065309721198,-0.046110493884071735,0.05462404692249509,-0.041430569579253396,0.03695537642702319
2024-01-31,42941.1,43745.11,42276.84,42580.0,39871.13688,46.91,47.19,45.77,45.79,4899.18994140625,4906.75,4845.14990234375,4845.64990234375,4696120000,13.420000076293944,14.609999656677246,13.18000030517578,14.350000381469728,-0.0084447497973837,-0.0162368517407336,0.340228130599737,0.122562044656198,0.5095258699795716,0.1099838894483317,0.5055278851381185,0.108893791434656,0.4579,0.1435000038146973,0.11767186940026297,0.020937959158499303,-0.05162586997957164,0.03351611436636559,-0.04762788513811855,0.0346062123800413
2024-02-01,42580.0,43285.13,41884.28,43082.94,35231.04664,45.79,46.07,44.32,44.76,4861.10986328125,4906.97021484375,4853.52001953125,4906.18994140625,4386090000,14.210000038146973,14.630000114440918,13.869999885559082,13.880000114440918,0.0117424356196099,0.0124162861140497,0.3399266675361959,0.1439094825339504,0.5153743423663941,0.1198780359850947,0.50427583767203,0.1134946756357742,0.4476,0.13880000114440919,0.10767333246380412,-0.005109481389541204,-0.06777434236639412,0.01892196515931449,-0.056675837672029994,0.025305325508634985
2024-02-02,43082.95,43488.0,42546.79,43200.0,29672.14418,44.76,45.25,42.27,42.41,4916.06005859375,4975.2900390625,4907.990234375,4958.60986328125,3974350000,13.949999809265137,14.229999542236328,13.390000343322754,13.850000381469728,0.0027134001651212,0.0106277707226331,0.3416584085575712,0.1544189488509467,0.3864812400386704,0.1253111597239279,0.5035362448242162,0.1160325153354358,0.4241,0.1385000038146973,0.0824415914424288,-0.01591894503624941,0.03761875996132957,0.013188844090769397,-0.07943624482421624,0.022467488479261485
2024-02-05,42582.88,43569.76,42258.1,42708.7,29467.75905,42.69,43.34,41.78,42.37,4957.18994140625,4957.18994140625,4918.08984375,4942.81005859375,4023640000,14.369999885559082,14.529999732971191,13.579999923706056,13.670000076293944,-0.0114378486965022,-0.0031914247092839,0.3590264211209169,0.156670444959809,0.3880339821519426,0.1247984883545298,0.4955258242111904,0.1065293923321731,0.42369999999999997,0.13670000076293942,0.06467357887908304,-0.01997044419686958,0.03566601784805734,0.011901512408409629,-0.07182582421119044,0.030170608430766327
2024-02-06,42708.7,43399.98,42574.0,43098.95,24675.85433,42.37,43.58,41.83,42.87,4950.16015625,4957.77001953125,4934.8798828125,4954.22998046875,4440880000,13.56999969482422,13.779999732971191,12.979999542236328,13.0600004196167,0.0090959883104264,0.0023077459317481,0.2575661029010987,0.1560371219736362,0.3884056117799564,0.1190566714719746,0.4961351291062532,0.10342691436846,0.42869999999999997,0.130600004196167,0.17113389709890126,-0.02543711777746921,0.04029438822004355,0.01154333272419239,-0.06743512910625321,0.027173089827706998
2024-02-07,43098.96,44396.5,42788.0,44349.6,34392.59915,42.87,44.09,41.81,43.82,4973.0498046875,4999.89013671875,4969.0498046875,4995.06005859375,4895590000,13.0600004196167,13.130000114440918,12.8100004196167,12.829999923706056,0.0286050546851993,0.0082076825940086,0.2279494323915806,0.1571274178622103,0.369992469104941,0.1185698215526998,0.5032655401657723,0.1052799831374457,0.4382,0.12829999923706056,0.21025056760841937,-0.02882741862514973,0.06820753089505899,0.009730177684360769,-0.06506554016577232,0.023020016099614862
2024-02-08,44349.6,45614.3,44331.1,45288.65,45439.62231,43.82,46.07,43.81,44.91,4995.16015625,5000.39990234375,4987.08984375,4997.91015625,4341860000,12.949999809265137,13.170000076293944,12.739999771118164,12.789999961853027,0.0209527596700549,0.0005704205400905,0.232102704382942,0.1564900281527132,0.3760332501146363,0.1113053303630417,0.496023934925983,0.1050345777998778,0.44909999999999994,0.12789999961853027,0.21699729561705794,-0.028590028534182937,0.07306674988536366,0.016594669255488567,-0.04692393492598307,0.022865421818652462
2024-02-09,45288.66,48200.0,45242.12,47132.77,73503.481,44.91,48.67,44.74,47.79,5004.169921875,5030.06005859375,5000.33984375,5026.60986328125,3912990000,12.789999961853027,13.010000228881836,12.6899995803833,12.93000030517578,0.0399120635942179,0.0057259171287955,0.2699340204596488,0.089580244375242,0.296913919844979,0.1122471258692012,0.5050949154979358,0.1057372559289928,0.4779,0.1293000030517578,0.20796597954035118,0.039719758676515796,0.180986080155021,0.01705287718255659,-0.027194915497935845,0.023562747122764988
2024-02-12,48300.0,50334.82,47710.01,49917.27,59009.96705,51.29,55.53,50.27,54.28,5026.830078125,5048.39013671875,5016.830078125,5021.83984375,3805740000,13.479999542236328,13.9399995803833,13.34000015258789,13.93000030517578,0.0573985222522949,-0.0009494041426524,0.3705186702962583,0.0799767011839978,0.3515120942098612,0.1131956444810009,0.5242286680607564,0.1059467140938677,0.5428000000000001,0.1393000030517578,0.17228132970374177,0.05932330186776,0.19128790579013888,0.026104358570756894,0.01857133193924365,0.033353288957890095
2024-02-13,49917.28,50368.61,48300.95,49699.59,55551.56706,54.56,55.31,52.1,52.19,4967.93994140625,4971.2998046875,4920.31005859375,4953.169921875,4302190000,13.960000038146973,17.940000534057617,13.43000030517578,15.850000381469728,-0.0043703514941825,-0.0137686094198454,0.3872881536725076,0.1134207926087944,0.3591789934177389,0.132156746255426,0.5225778896821025,0.1143506812551221,0.5219,0.15850000381469728,0.13461184632749246,0.045079211205902886,0.16272100658226113,0.026343257559271277,-0.0006778896821024727,0.04414932255957518
2024-02-14,49699.6,52043.71,49225.01,51795.17,57046.37401,52.19,56.44,51.72,55.13,4976.43994140625,5002.52001953125,4956.4501953125,5000.6201171875,3845600000,15.380000114440918,15.470000267028809,14.220000267028809,14.380000114440918,0.0413002181031989,0.0095341683042168,0.3327921383374183,0.1242992016000402,0.36432011687046,0.1358816802294753,0.5020282025268922,0.1148328315864495,0.5513,0.1438000011444092,0.21850786166258174,0.019500799544368994,0.18697988312954,0.007918320914933885,0.04927179747310784,0.028967169557959693
2024-02-15,51795.17,52816.62,51314.0,51880.0,53816.03055,55.13,57.37,54.38,55.08,5003.14013671875,5032.72021484375,4999.43994140625,5029.72998046875,4137970000,14.270000457763672,14.640000343322754,13.9399995803833,14.010000228881836,0.0016364577734705,0.00580437267404,0.3525919290219225,0.1268083722439923,0.3484717721964396,0.1366243354675086,0.4768114182028389,0.1115171718946526,0.5508,0.14010000228881836,0.19820807097807747,0.013291630044826058,0.20232822780356036,0.0034756668213097586,0.07398858179716106,0.02858283039416576
2024-02-16,51880.01,52572.08,51566.0,52124.11,37772.25318,55.08,55.9,54.05,55.24,5031.1298828125,5038.7001953125,4999.52001953125,5005.56982421875,3833270000,13.9399995803833,14.710000038146973,13.75,14.239999771118164,0.0046942461844267,-0.004815043575961,0.3750419755638453,0.1247828106322068,0.3393077463571403,0.1369754795896338,0.4715182245222658,0.112195917814671,0.5524,0.14239999771118164,0.17735802443615473,0.017617187078974847,0.21309225364285972,0.005424518121547844,0.08088177547773417,0.03020407989651064
2024-02-20,51774.74,52985.0,50760.37,52258.82,49614.47318,56.83,57.83,55.59,55.63,4989.31982421875,4993.7099609375,4955.02001953125,4975.509765625,4034880000,15.09000015258789,15.90999984741211,15.06999969482422,15.420000076293944,0.0025810747942387,-0.0060234264658172,0.3950721559776083,0.1303316923785165,0.3287832771402406,0.140187788539527,0.4713000687183216,0.1146898711416727,0.5563,0.15420000076293944,0.1612278440223917,0.023868308384422943,0.22751672285975943,0.014012212223412451,0.08499993128167843,0.03951012962126674
2024-02-21,52258.82,52366.8,50625.0,51849.39,43079.40049,55.63,55.63,53.1,54.01,4963.02978515625,4983.2099609375,4946.0,4981.7998046875,3788390000,15.539999961853027,16.1200008392334,15.220000267028809,15.34000015258789,-0.0078655105264593,0.0012634014951035,0.4001911408703758,0.1237591989432979,0.3280241456782882,0.1168514291723646,0.4416521480590477,0.1088055948071058,0.5401,0.1534000015258789,0.1399088591296242,0.029640802582581005,0.21207585432171183,0.0365485723535143,0.09844785194095235,0.0445944067187731
2024-02-22,51849.38,52065.78,50940.78,51288.42,35309.44574,54.01,55.76,52.89,55.38,5038.830078125,5094.39013671875,5038.830078125,5087.02978515625,4051710000,14.279999732971191,14.640000343322754,14.119999885559082,14.539999961853027,-0.010878174198953,0.0209028886664034,0.2773488146986267,0.1819685808096534,0.3447465528286599,0.1355899533641363,0.4391093394767627,0.1220264056300681,0.5538000000000001,0.14539999961853028,0.27645118530137336,-0.036568581191123106,0.20905344717134017,0.009810046254393995,0.1146906605232374,0.023373593988462185
2024-02-23,51288.42,51548.54,50521.0,50744.15,30545.79544,55.38,55.54,51.54,52.23,5100.919921875,5111.06005859375,5081.4599609375,5088.7998046875,3672790000,14.3100004196167,14.3100004196167,13.640000343322754,13.75,-0.010668655359765,0.0003478870265021,0.2875946059612502,0.147563574173062,0.3565480113694727,0.1306965801288856,0.440279922195329,0.1217058434134552,0.5223,0.1375,0.2347053940387498,-0.010063574173062001,0.1657519886305273,0.006803419871114408,0.08202007780467097,0.015794156586544816
2024-02-26,51728.85,54910.0,50901.44,54476.47,51256.72199,55.17,57.09,54.46,56.05,5093.0,5097.66015625,5068.91015625,5069.52978515625,3683930000,14.170000076293944,14.199999809265137,13.65999984741211,13.739999771118164,0.070972524980306,-0.0037939392446684,0.4581924607234735,0.1477040790873039,0.4196390018515494,0.1311713417956465,0.4813347108904842,0.1226482405840105,0.5605,0.13739999771118164,0.10230753927652647,-0.010304081376122265,0.1408609981484506,0.006228655915535147,0.07916528910951581,0.014751757127171139
2024-02-27,54476.48,57588.15,54450.13,57037.34,67194.98562,56.05,62.57,56.05,58.36,5074.60009765625,5080.68994140625,5057.2900390625,5078.18017578125,3925950000,13.630000114440918,13.75,13.40999984741211,13.43000030517578,0.0459372757555132,0.0017048955387209,0.5097557139798381,0.1452446276676896,0.4343858901488707,0.1311517669718954,0.422182840826567,0.1225977502987905,0.5836,0.1343000030517578,0.07384428602016191,-0.01094462461593182,0.14921410985112932,0.003148236079862393,0.16141715917343302,0.011702252752967296
2024-02-28,57037.35,64000.0,56691.85,62432.1,118763.46984,58.36,73.6,54.99,67.76,5067.2001953125,5077.3701171875,5058.35009765625,5069.759765625,3789370000,13.520000457763672,13.899999618530272,13.4399995803833,13.84000015258789,0.0903734251045635,-0.0016595313211122,0.678578034654962,0.140766342195087,0.5271984497845206,0.1284084187317286,0.4826852160300032,0.12189972050164,0.6776000000000001,0.13840000152587892,-0.0009780346549619345,-0.0023663406692080724,0.15040155021547952,0.009991582794150328,0.1949147839699969,0.016500281024238922
2024-02-29,62432.11,63676.35,60364.7,61130.98,78425.07603,67.76,73.2,65.32,65.54,5085.35986328125,5104.990234375,5061.89013671875,5096.27001953125,5219740000,14.140000343322754,14.149999618530272,13.300000190734863,13.399999618530272,-0.0210607908615077,0.0052154704557999,0.7257125897099918,0.1302206121909285,0.5615776059858686,0.1295719161634578,0.4887564607036576,0.1199908367653992,0.6554000000000001,0.13399999618530273,-0.07031258970999166,0.003779383994374219,0.0938223940141315,0.004428080021844916,0.1666435392963425,0.014009159419903522
2024-03-01,61130.99,63114.23,60777.0,62387.9,47737.93473,65.54,66.45,63.23,65.37,5098.509765625,5140.330078125,5094.16015625,5137.080078125,4748110000,13.34000015258789,13.65999984741211,13.079999923706056,13.109999656677246,0.0203525709953411,0.0079759364333879,0.695400459456878,0.1317580644112244,0.555191446742444,0.1313699191826973,0.469002338268981,0.1196488469791293,0.6537000000000001,0.13109999656677246,-0.04170045945687795,-0.0006580678444519372,0.09850855325755603,-0.0002699226159248447,0.18469766173101904,0.011451149587643164
2024-03-04,63113.97,68499.0,62300.0,68245.71,84835.16005,71.71,78.68,70.73,74.81,5130.990234375,5149.669921875,5127.18017578125,5130.9501953125,4758440000,13.489999771118164,13.579999923706056,13.31999969482422,13.489999771118164,0.0897432286306717,-0.001193974574963,0.7298710735120896,0.0654074246387575,0.611497896375154,0.1314642828231914,0.5176413505037002,0.1163337841636792,0.7481,0.13489999771118164,0.018228926487910413,0.06949257307242414,0.13660210362484604,0.0034357148879902433,0.2304586494962998,0.01856621354750243
2024-03-05,68245.71,69000.0,59005.0,63724.01,132696.7813,74.81,77.17,73.14,73.19,5110.52001953125,5114.5400390625,5056.81982421875,5078.64990234375,4418410000,13.75,15.100000381469728,13.75,14.460000038146973,-0.0685531603092363,-0.0102454062759179,0.9505915824811916,0.0954003440833549,0.7173152078999775,0.1241607762689869,0.5390161443977003,0.1215731042753952,0.7319,0.14460000038146972,-0.21869158248119158,0.04919965629811482,0.014584792100022503,0.02043922411248282,0.1928838556022997,0.02302689610607453
2024-03-06,63724.01,67641.1,62779.14,66074.04,78738.85491,73.19,77.52,70.88,74.85,5108.02978515625,5127.97021484375,5092.22021484375,5104.759765625,4559050000,14.270000457763672,14.93000030517578,13.890000343322754,14.5,0.0362145168030425,0.0051279328530016,0.913728639436268,0.0966294704127248,0.714397796070523,0.1201746334869359,0.541667348467589,0.1219601284029697,0.7484999999999999,0.145,-0.1652286394362681,0.048370529587275196,0.03410220392947694,0.024825366513064093,0.20683265153241093,0.02303987159703029
2024-03-07,66074.04,67980.0,65551.0,66823.17,53059.8869,74.85,75.08,69.68,69.68,5132.3798828125,5165.6201171875,5128.2099609375,5157.35986328125,4137980000,14.979999542236328,14.979999542236328,14.25,14.4399995803833,0.0112739452488642,0.0102514022849836,0.908120277767028,0.1117161689249196,0.7114418054142857,0.1246788054595543,0.5407205508207896,0.1244685508246866,0.6968000000000001,0.144399995803833,-0.2113202777670279,0.0326838268789134,-0.014641805414285614,0.019721190344278702,0.15607944917921046,0.01993144497914641
2024-03-08,66823.18,69990.0,66082.66,68124.19,74261.932842,69.68,76.0,68.52,71.87,5164.4599609375,5189.259765625,5117.5,5123.68994140625,4208870000,14.220000267028809,15.529999732971191,13.970000267028809,14.739999771118164,0.0192824863151763,-0.0065499229920503,0.7759045149874639,0.122193122896581,0.7088086053433635,0.1266618673804257,0.537361231025046,0.1264102054734342,0.7187,0.14739999771118165,-0.05720451498746393,0.02520687481460064,0.009891394656636465,0.020738130330755944,0.18133876897495405,0.02098979223774744
2024-03-11,68955.88,72800.0,67024.96,72078.1,75292.825726,80.12,85.28,77.26,83.02,5111.9599609375,5124.66015625,5091.14013671875,5117.93994140625,3896430000,15.510000228881836,16.040000915527344,15.130000114440918,15.220000267028809,0.0564178903477524,-0.0011228682680281,0.7745599144245089,0.1200226827493024,0.7211497450906497,0.1225340423028767,0.5431325995185589,0.1264881028362388,0.8301999999999999,0.15220000267028808,0.05564008557549105,0.03217731992098567,0.10905025490935027,0.02966596036741137,0.2870674004814411,0.025711899834049284
2024-03-12,72078.1,73000.0,68620.82,71452.01,68783.546691,83.02,83.03,76.37,78.08,5134.2998046875,5179.8701171875,5114.47998046875,5175.27001953125,4080510000,14.970000267028809,15.199999809265137,13.8100004196167,13.84000015258789,-0.0087242178114949,0.011139512586668,0.7988415454774747,0.1293220328295543,0.7218702752111646,0.1283826359759379,0.5461864851370957,0.1283992180553456,0.7807999999999999,0.13840000152587892,-0.01804154547747472,0.009077968696324629,0.05892972478883529,0.01001736554994101,0.23461351486290427,0.01000078347053332
2024-03-13,71452.0,73650.25,71333.31,73072.41,52659.711647,78.08,81.86,77.19,77.5,5173.490234375,5179.14013671875,5151.8798828125,5165.31005859375,4282890000,13.890000343322754,14.039999961853027,13.670000076293944,13.75,0.0224248317904923,-0.0019263840021219,0.6351385531631412,0.1299309517546523,0.7052946878713122,0.0988501691096769,0.5411696555346821,0.1286567779673207,0.775,0.1375,0.13986144683685886,0.007569048245347709,0.0697053121286878,0.03864983089032312,0.23383034446531792,0.008843222032679315
2024-03-14,73072.4,73777.0,68555.0,71388.94,71757.628746,77.5,77.9,73.09,74.58,5175.14013671875,5176.85009765625,5123.2998046875,5150.47998046875,4687970000,13.619999885559082,15.329999923706056,13.420000076293944,14.399999618530272,-0.023307911945009,-0.0028752210514951,0.4236175648364318,0.109107224564462,0.7196761566325703,0.1002555653966846,0.5490711346897568,0.1179532843027168,0.7458,0.1439999961853027,0.3221824351635682,0.034892771620840715,0.026123843367429678,0.0437444307886181,0.19672886531024325,0.026046711882585907
2024-03-15,71388.94,72419.71,65600.0,69499.85,103334.03546,74.58,78.25,73.22,76.7,5123.31005859375,5136.85986328125,5104.35009765625,5117.08984375,7753670000,14.329999923706056,15.529999732971191,14.140000343322754,14.40999984741211,-0.0268183610911704,-0.0065040228597376,0.4654570150240442,0.1171546981065589,0.7165408730655077,0.103307400898927,0.5635989232308729,0.1162150778385512,0.767,0.14409999847412108,0.30154298497595583,0.02694530036756218,0.05045912693449228,0.04079259757519409,0.2034010767691271,0.027884920635569882
2024-03-18,68393.47,68956.0,66565.2,67609.99,55691.08088,75.93,77.81,73.26,74.08,5154.77001953125,5175.60009765625,5145.47021484375,5149.419921875,4036220000,14.75,14.850000381469728,14.260000228881836,14.329999923706056,-0.0275688410995748,0.0062981842384804,0.5076834802363855,0.1048717690171815,0.7275669485977908,0.10600479916599,0.5764612521304016,0.11388274926586,0.7408,0.14329999923706058,0.23311651976361447,0.03842823021987908,0.013233051402209206,0.03729520007107058,0.16433874786959846,0.02941724997120057
2024-03-19,67610.0,68124.11,61555.0,61937.4,101005.32487,74.08,76.61,71.35,76.61,5139.08984375,5180.31005859375,5131.58984375,5178.509765625,4031760000,14.5,14.859999656677246,13.800000190734863,13.81999969482422,-0.0876315556373349,0.0056332530443431,0.7149063392462488,0.0993161920817091,0.7482271041073194,0.1069756473973356,0.6449732072163086,0.113758255413971,0.7661,0.1381999969482422,0.0511936607537512,0.0388838048665331,0.017872895892680596,0.031224349550906597,0.12112679278369143,0.0244417415342712
2024-03-20,61937.41,68100.0,60775.0,67840.51,90420.58592,76.61,79.78,75.28,77.73,5181.68994140625,5226.18994140625,5171.5498046875,5224.6201171875,4064850000,13.829999923706056,14.170000076293944,13.010000228881836,13.039999961853027,0.0910353115859427,0.0088647655163601,0.8705389687872092,0.106005894776793,0.8348444724937397,0.1104848633491184,0.6838834870723448,0.1157070788484333,0.7773,0.13039999961853027,-0.09323896878720916,0.024394104841737277,-0.05754447249373973,0.019915136269411868,0.09341651292765518,0.01469292077009697
2024-03-21,67840.51,68240.47,64529.01,65501.27,53357.48002,77.73,78.12,74.29,75.26,5253.43017578125,5261.10009765625,5240.66015625,5241.52978515625,4207730000,12.979999542236328,13.079999923706056,12.399999618530272,12.920000076293944,-0.0350899773778561,0.0032313090945288,0.8848814017128606,0.089702757691909,0.8511973845816855,0.1071064041020987,0.6977467460134411,0.1141906100266799,0.7526,0.12920000076293944,-0.1322814017128605,0.03949724307103045,-0.09859738458168543,0.022093596660840736,0.054853253986558936,0.015009390736259537
2024-03-22,65501.28,66649.62,62260.0,63796.64,51482.37821,75.26,75.55,71.72,72.46,5242.47998046875,5246.08984375,5229.8701171875,5234.18017578125,3374700000,12.920000076293944,13.149999618530272,12.579999923706056,13.0600004196167,-0.0263690073790988,-0.0014031718343267,0.8519963171543209,0.0888363698291146,0.7608455125667444,0.1072096728861536,0.7064839814822947,0.1144889325807239,0.7245999999999999,0.130600004196167,-0.12739631715432098,0.041763634367052396,-0.036245512566744464,0.02339033131001339,0.018116018517705168,0.01611107161544309
2024-03-25,67210.0,71150.0,66385.06,69880.01,53431.14486,72.62,77.0,72.45,76.25,5219.52001953125,5229.08984375,5216.08984375,5218.18994140625,3331360000,13.670000076293944,13.670000076293944,13.109999656677246,13.1899995803833,0.0910791039811927,-0.0030596403820319,1.0767164777276874,0.0892579267958515,0.8019401186136997,0.0957744161729201,0.7392202453958873,0.1145290112343033,0.7625,0.13189999580383302,-0.31421647772768746,0.04264206900798152,-0.03944011861369978,0.036125579630912924,0.02327975460411269,0.01737098456952972
2024-03-26,69880.0,71561.1,69280.0,69988.0,38934.38417,76.25,76.63,75.13,75.39,5228.85009765625,5235.16015625,5203.419921875,5203.580078125,3871790000,13.119999885559082,13.43000030517578,12.84000015258789,13.239999771118164,0.0015441704140665,-0.0028037219828057,1.0637929824193149,0.0765398050749081,0.7905194226929112,0.0965589541467337,0.7277893550041115,0.1149632776101918,0.7539,0.13239999771118163,-0.30989298241931484,0.05586019263627354,-0.036619422692911185,0.035841043564447936,0.026110644995888554,0.01743672010098983
2024-03-27,69987.99,71769.54,68359.18,69469.99,49119.35685,75.39,76.52,74.11,75.78,5226.31005859375,5249.259765625,5213.919921875,5248.490234375,3850500000,13.130000114440918,13.34000015258789,12.65999984741211,12.779999732971191,-0.0074289380246216,0.008593595582706,1.0478198684577666,0.0824665032334351,0.7912162633572757,0.093820290780953,0.728414067358636,0.1077290836760564,0.7578,0.12779999732971192,-0.2900198684577666,0.04533349409627682,-0.033416263357275655,0.033979706548758926,0.02938593264136402,0.020070913653655528
2024-03-28,69469.99,71552.06,68903.62,70780.6,35439.03239,75.78,77.25,75.57,76.53,5248.02978515625,5264.85009765625,5245.81982421875,5254.35009765625,3998270000,12.93000030517578,13.100000381469728,12.84000015258789,13.010000228881836,0.018690091094532,0.0011158627007616,0.8292263167926068,0.0801922230893035,0.790980632726558,0.0868421587867018,0.7232143654923561,0.1053013990572425,0.7653,0.13010000228881835,-0.06392631679260685,0.04990777919951485,-0.025680632726558072,0.04325784350211655,0.04208563450764391,0.024798603231575844
2024-04-01,71280.0,71288.23,68062.86,69649.8,41445.32039,76.64,76.83,73.49,73.81,5257.97021484375,5263.9501953125,5229.2001953125,5243.77001953125,3325930000,13.609999656677246,14.149999618530272,13.550000190734863,13.649999618530272,-0.0161051231309507,-0.0020156145269577,0.6731657613379428,0.0669990838645592,0.7545709440387739,0.0875044242254856,0.7269030976945002,0.105059191048307,0.7381,0.13649999618530273,0.06493423866205716,0.06950091232074353,-0.016470944038773916,0.04899557195981713,0.011196902305499745,0.031440805136995736
2024-04-02,69649.81,69674.23,64550.0,65463.99,71799.82793,73.81,75.34,73.58,74.37,5204.2900390625,5208.33984375,5184.0498046875,5205.81005859375,3886590000,13.739999771118164,15.43000030517578,13.68000030517578,14.609999656677246,-0.0619796082519771,-0.0072653882036724,0.7529499960837079,0.0778916142462565,0.7958557173369926,0.0839270692225629,0.7560865523291426,0.106546122042466,0.7437,0.14609999656677247,-0.009249996083707912,0.06820838232051597,-0.052155717336992535,0.062172927344209566,-0.012386552329142542,0.039553874524306476
2024-04-03,65463.99,66903.63,64493.07,65963.28,39887.21778,74.38,74.72,72.15,72.45,5194.3701171875,5228.75,5194.3701171875,5211.490234375,3703250000,15.0,15.18000030517578,14.25,14.329999923706056,0.0075980030930285,0.0010905275233378,0.730386348221785,0.0787507001897164,0.7879462464792886,0.0832653099524807,0.755937209926731,0.1042632555272175,0.7245,0.14329999923706058,-0.0058863482217850205,0.06454929904734417,-0.06344624647928854,0.060034689284579876,-0.031437209926730936,0.03903674370984307
2024-04-04,65963.27,69309.91,65064.52,68487.79,41510.48453,72.45,72.73,69.99,72.31,5244.0498046875,5256.58984375,5146.06005859375,5147.2099609375,4075680000,14.289999961853027,16.920000076293945,13.739999771118164,16.350000381469727,0.0375572576425187,-0.0124110356192622,0.4985607619530873,0.1061400498227155,0.8060976692502154,0.0993372129615261,0.7592330269340856,0.1118408333072918,0.7231000000000001,0.16350000381469726,0.22453923804691278,0.057359953991981766,-0.08299766925021534,0.06416279085317116,-0.03613302693408549,0.051659170507405455
2024-04-05,68487.8,68756.67,65952.56,67820.62,37915.23073,72.31,73.54,71.68,71.96,5158.9501953125,5222.18017578125,5157.2099609375,5204.33984375,3386780000,16.450000762939453,16.75,15.529999732971191,16.030000686645508,-0.0097892027031338,0.0110380501356995,0.4989788741086606,0.1310652160762245,0.799539921153975,0.1049496699537636,0.758988340300395,0.0996434017860809,0.7195999999999999,0.16030000686645507,0.2206211258913393,0.029234790790230558,-0.07993992115397508,0.055350336912691464,-0.039388340300395064,0.06065660508037417
2024-04-08,69360.38,72797.99,69043.24,71620.0,45723.87624,77.43,79.77,74.72,76.25,5211.3701171875,5219.56982421875,5197.35009765625,5202.39013671875,3278180000,16.239999771118164,16.5,15.109999656677246,15.1899995803833,0.0545080860685175,-0.0003747011900415,0.6097646653460275,0.1166851432254374,0.823624139047585,0.1024645767882255,0.7675365671229554,0.0996913650517527,0.7625,0.151899995803833,0.1527353346539725,0.035214852578395614,-0.06112413904758507,0.04943541901560751,-0.005036567122955415,0.05220863075208031
2024-04-09,71620.0,71758.19,68210.0,69146.0,39293.90242,76.25,76.3,73.68,73.69,5217.02978515625,5224.81005859375,5160.77978515625,5209.91015625,3400680000,15.34000015258789,16.6299991607666,14.9399995803833,14.979999542236328,-0.0351541533965402,0.0014444494736345,0.641361264192565,0.1169824580087424,0.7357079050259877,0.1000935073617714,0.7576298126191331,0.0987748863563009,0.7369,0.14979999542236327,0.095538735807435,0.03281753741362088,0.0011920949740122921,0.04970648806059187,-0.020729812619133092,0.05102510906606238
2024-04-10,69146.0,71172.08,67518.0,70631.08,42006.02377,73.69,74.1,72.12,72.32,5167.8798828125,5178.43017578125,5138.7001953125,5160.64013671875,3845930000,15.239999771118164,16.6200008392334,14.59000015258789,15.800000190734863,0.0212500630830319,-0.0095019818322125,0.6492436602921782,0.1273068139777833,0.6355344994747234,0.1004289359410381,0.7502155502364708,0.1032315018579613,0.7232,0.15800000190734864,0.07395633970782178,0.030693187929565352,0.08766550052527655,0.057571065966310536,-0.027015550236470842,0.05476850004938734
2024-04-11,70631.08,71305.89,69567.21,70006.23,31917.25595,72.32,72.36,68.23,68.42,5172.9501953125,5211.77978515625,5138.77001953125,5199.06005859375,3509380000,16.020000457763672,17.610000610351562,14.90999984741211,14.90999984741211,-0.0088860361676844,0.0074172219833424,0.4875086716098885,0.1335018100561618,0.6145652573115099,0.105207337941905,0.7085027000727436,0.1048919064890149,0.6842,0.1490999984741211,0.19669132839011155,0.015598188417959291,0.06963474268849013,0.04389266053221609,-0.0243027000727436,0.04420809198510618
2024-04-12,70006.22,71227.46,65086.86,67116.52,56072.86229,68.42,68.76,65.71,66.94,5171.509765625,5175.02978515625,5107.93994140625,5123.41015625,3963220000,14.90999984741211,19.200000762939453,14.90999984741211,17.309999465942383,-0.0421540247116934,-0.0146575878022485,0.5788537470049436,0.1583131660022528,0.6334193649642924,0.121050580359383,0.7175187963482326,0.1131742700554924,0.6694,0.17309999465942383,0.09054625299505636,0.014786828657171042,0.03598063503570759,0.05204941430004083,-0.04811879634823257,0.05992572460393143
2024-04-15,65661.85,66867.07,62274.4,63419.99,52389.53069,71.99,72.97,68.4,70.48,5149.669921875,5168.43017578125,5052.47021484375,5061.81982421875,3950210000,16.940000534057617,19.459999084472656,16.260000228881836,19.229999542236328,-0.0566511019461772,-0.0120941957874591,0.6139737614700136,0.1574838628080565,0.541446378102138,0.12906970201232,0.7359152924201966,0.1160677754333572,0.7048000000000001,0.19229999542236328,0.0908262385299865,0.03481613261430677,0.16335362189786207,0.0632302934100433,-0.031115292420196505,0.07623221998900609
2024-04-16,63419.99,64365.0,61600.0,63793.39,53435.29331,70.48,73.61,70.38,70.88,5064.58984375,5079.83984375,5039.830078125,5051.41015625,4006200000,19.489999771118164,19.559999465942383,17.639999389648438,18.399999618530273,0.0058704685364765,-0.0020586245275039,0.6223836086756992,0.1272938045751786,0.5430673988030605,0.1290378497402376,0.6860358857570653,0.1161402501249784,0.7088,0.18399999618530274,0.08641639132430079,0.056706191610124135,0.16573260119693944,0.05496214644506514,0.022764114242934674,0.06785974606032434
2024-04-17,63793.4,64499.0,59678.16,61277.37,50610.54509,70.88,71.79,67.83,70.72,5068.97021484375,5077.9599609375,5007.25,5022.2099609375,3596130000,18.239999771118164,19.11000061035156,17.540000915527344,18.209999084472656,-0.0402389732109262,-0.0057973750760041,0.455099908461737,0.1244675966770622,0.5615413444071924,0.1200049481657993,0.6668975609338778,0.1135913811276037,0.7071999999999999,0.18209999084472656,0.25210009153826296,0.05763239416766436,0.14565865559280755,0.06209504267892725,0.040302439066122187,0.06850860971712286
2024-04-18,61277.38,64117.09,60803.35,63470.08,43601.60918,70.72,71.22,67.89,69.98,5031.52001953125,5056.66015625,5001.89013671875,5011.1201171875,3619760000,17.90999984741211,18.3700008392334,17.209999084472656,18.0,0.0351580069988131,-0.0022106017004853,0.5559301147287369,0.1182524286165057,0.5812618321322753,0.1185347720752196,0.666387890928833,0.1124893624651594,0.6998000000000001,0.18,0.1438698852712632,0.06174757138349429,0.11853816786772475,0.06146522792478039,0.033412109071167095,0.06751063753484059
2024-04-19,63470.09,65450.0,59600.01,63818.01,69774.30271,69.98,73.06,68.88,70.4,5005.43994140625,5019.02001953125,4953.56005859375,4967.22998046875,3878750000,21.329999923706055,21.36000061035156,18.170000076293945,18.709999084472656,0.0054668251605374,-0.0087971296540569,0.5230973104740796,0.1173370550554902,0.5824816060684262,0.120491218297177,0.6656448153538722,0.1100169812775294,0.7040000000000001,0.18709999084472656,0.18090268952592048,0.06976293578923635,0.12151839393157382,0.06660877254754956,0.03835518464612786,0.07708300956719716
2024-04-22,64941.15,67232.35,64500.0,66819.32,31397.99371,72.05,72.06,69.1,69.37,4987.330078125,5038.83984375,4969.39990234375,5010.60009765625,3820250000,18.59000015258789,18.719999313354492,16.690000534057617,16.940000534057617,0.0459568213668705,0.008693351156839,0.638536548688557,0.1233152470764679,0.561930870938943,0.1303900772926238,0.6772812137148297,0.1124813188246873,0.6937000000000001,0.16940000534057617,0.05516345131144307,0.046084758264108266,0.1317691290610571,0.039009928047952364,0.01641878628517035,0.05691868651588887
2024-04-23,66819.32,67183.01,65765.81,66414.0,22599.90004,69.37,69.42,64.11,64.16,5028.85009765625,5076.1201171875,5027.9599609375,5070.5498046875,3751400000,16.719999313354492,16.760000228881836,15.6899995803833,15.6899995803833,-0.0060843826514526,0.011893566567722,0.5890771710302709,0.1402087229864748,0.5620338742356445,0.1438832770825415,0.6553935674913648,0.1182773277027249,0.6416,0.15689999580383301,0.05252282896972904,0.016691272817358216,0.0795661257643554,0.01301671872129151,-0.013793567491364844,0.03862266810110812
2024-04-24,66414.0,67070.43,63606.06,64289.59,33595.69637,64.16,66.04,62.39,62.44,5084.85986328125,5089.47998046875,5047.02001953125,5071.6298828125,3656740000,15.760000228881836,16.3799991607666,15.579999923706056,15.970000267028809,-0.0325101568509029,0.0002129873779329,0.5061235771689764,0.1189114107524335,0.5509542263045205,0.1358498519705532,0.6608872119389565,0.113217337250565,0.6244,0.15970000267028808,0.11827642283102358,0.04078859191785458,0.07344577369547944,0.023850150699734896,-0.03648721193895654,0.04648266541972308
2024-04-25,64289.58,65297.94,62794.0,64498.34,31341.46338,62.44,62.44,57.82,59.29,5019.8798828125,5057.75,4990.580078125,5048.419921875,3958050000,16.25,17.549999237060547,15.270000457763672,15.369999885559082,0.0032417662557915,-0.0045869342701194,0.5055127746612667,0.1219261981112853,0.5513114030153453,0.1245918848403594,0.6566681056926562,0.1137344239334005,0.5929,0.15369999885559082,0.08738722533873333,0.031773800744305525,0.04158859698465467,0.02910811401523143,-0.06376810569265623,0.03996557492219033
2024-04-26,64498.33,64820.01,63297.48,63770.01,27085.19346,59.29,59.43,54.23,55.12,5084.64990234375,5114.6201171875,5073.14013671875,5099.9599609375,3604140000,15.489999771118164,16.059999465942383,14.920000076293944,15.029999732971191,-0.0113564698957138,0.0101573813323253,0.4291157718551079,0.1279596811897586,0.4834069889024754,0.1351071299077786,0.6545500281060844,0.1178296824265108,0.5512,0.15029999732971192,0.12208422814489212,0.022340316139953326,0.06779301109752461,0.01519286742193332,-0.1033500281060844,0.03247031490320111
2024-04-29,63118.62,64228.35,61765.53,63866.0,28150.22947,56.79,56.92,55.09,55.33,5114.1298828125,5123.490234375,5088.64990234375,5116.169921875,3447450000,15.369999885559082,15.420000076293944,14.630000114440918,14.670000076293944,0.0015041212600919,0.0031734080766393,0.3763331115593079,0.124197111521834,0.4687160504885205,0.1360138790566968,0.6510184216621386,0.1167556671393714,0.5533,0.14670000076293943,0.17696688844069214,0.022502889241105425,0.08458394951147952,0.01068612170624264,-0.09771842166213862,0.029944333623568034
2024-04-30,63866.0,64734.0,59191.6,60672.0,54947.65535,55.33,62.84,52.22,59.81,5103.77978515625,5110.830078125,5035.31005859375,5035.68994140625,4082470000,14.81999969482422,15.899999618530272,14.670000076293944,15.649999618530272,-0.051304831768252,-0.0158555511189281,0.4856145576839581,0.1555366022790139,0.4885862515672239,0.145765216346994,0.6623953910884293,0.1238034400518199,0.5981000000000001,0.15649999618530272,0.11248544231604196,0.0009633939062888286,0.10951374843277617,0.010734779838308728,-0.06429539108842919,0.032696556133482824
2024-05-01,60672.01,60841.63,56552.82,58364.97,81166.46823,59.81,63.57,58.29,61.22,5029.02978515625,5096.1201171875,5013.4501953125,5018.39013671875,4544170000,15.75,16.219999313354492,14.350000381469728,15.390000343322754,-0.0387664255347442,-0.0034413534856316,0.3402512109088097,0.1504148805916164,0.5024989458909296,0.1396794421070776,0.6224707016912441,0.1225283182652357,0.6122,0.15390000343322754,0.27194878909119025,0.003485122841611149,0.10970105410907038,0.014220561326149933,-0.01027070169124411,0.03137168516799184
2024-05-02,58364.97,59625.0,56911.84,59060.61,47583.81961,61.22,62.23,55.84,56.77,5049.31982421875,5073.2099609375,5011.0498046875,5064.2001953125,4381660000,15.140000343322754,16.09000015258789,14.600000381469728,14.68000030517578,0.0118483236441381,0.0090870247250848,0.3837878349729779,0.1419739899983695,0.4939031717202192,0.1359827682392773,0.5586887933509166,0.1226861434010984,0.5677,0.1468000030517578,0.18391216502702207,0.004826013053388312,0.07379682827978079,0.010817234812480508,0.009011206649083392,0.024113859650659403
2024-05-03,59060.6,63333.0,58811.32,62882.01,43628.40143,56.77,57.08,54.3,55.88,5122.77978515625,5139.1201171875,5101.22021484375,5127.7900390625,3924990000,14.510000228881836,14.579999923706056,13.479999542236328,13.489999771118164,0.0626959085169651,0.012478557659508,0.5896374180972034,0.1611722021470577,0.5295871605410268,0.1364892949612461,0.5836712499827378,0.1282831131086633,0.5588000000000001,0.13489999771118164,-0.030837418097203306,-0.02627220443587608,0.02921283945897324,-0.0015892972500644587,-0.02487124998273771,0.00661688460251833
2024-05-06,64012.0,65500.0,62700.0,63165.19,34674.91949,58.65,59.08,55.56,55.57,5142.419921875,5181.0,5142.419921875,5180.740234375,3683250000,13.979999542236328,14.020000457763672,13.4399995803833,13.489999771118164,0.004493245013495,0.0102731736912478,0.5902558030794113,0.1619774499337167,0.5292927022397489,0.1412099014643305,0.5790156898415174,0.1321568951041752,0.5557,0.13489999771118164,-0.03455580307941131,-0.027077452222535076,0.02640729776025108,-0.006309903753148854,-0.02331568984151744,0.0027431026070064424
2024-05-07,63165.18,64422.41,62261.0,62312.08,25598.79472,55.57,56.04,53.72,53.76,5187.2001953125,5200.22998046875,5178.9599609375,5187.7001953125,3987890000,13.520000457763672,13.640000343322754,13.15999984741211,13.229999542236328,-0.0135980507937309,0.0013425282288256,0.5917426195752624,0.1557231718606656,0.502091036269178,0.1369424478289461,0.5108862021783628,0.1319860504200575,0.5376,0.1322999954223633,-0.05414261957526245,-0.0234231764383023,0.03550896373082202,-0.004642452406582814,0.026713797821637186,0.0003139450023057766
2024-05-08,62312.07,63020.22,60888.0,61193.03,26121.19004,53.76,55.49,52.28,55.43,5168.97998046875,5191.9501953125,5165.85986328125,5187.669921875,3842100000,13.239999771118164,13.510000228881836,12.9399995803833,13.0,-0.0181220133351202,-5.835635193424912e-06,0.5967406604125941,0.1562589860616432,0.4827426000197667,0.1358448862141312,0.5122692815687805,0.1317544706024811,0.5543,0.13,-0.04244066041259409,-0.026258986061643202,0.0715573999802333,-0.005844886214131206,0.04203071843121953,-0.0017544706024811008
2024-05-09,61193.03,63429.03,60630.0,63074.01,30660.8061,55.43,55.48,52.15,52.17,5189.02978515625,5215.2998046875,5180.41015625,5214.080078125,3727370000,13.079999923706056,13.289999961853027,12.68000030517578,12.6899995803833,0.0302755046599091,0.0050780326391067,0.5347592370792105,0.0939443535938645,0.5018834183103902,0.1259227529592331,0.5219451151983239,0.1301221315295207,0.5217,0.12689999580383302,-0.013059237079210417,0.03295564220996852,0.01981658168960987,0.000977242844599907,-0.0002451151983238198,-0.0032221357256876915
2024-05-10,63074.0,63469.13,60187.12,60799.99,36529.34025,52.17,55.02,50.76,54.27,5225.490234375,5239.66015625,5209.68017578125,5222.68017578125,3617900000,12.770000457763672,12.960000038146973,12.5,12.550000190734863,-0.036719174305045,0.0016480400801667,0.527728952921664,0.0784903160588192,0.4742712618830699,0.1237809676328138,0.5264198446856811,0.1301787097843623,0.5427000000000001,0.12550000190734864,0.014971047078336075,0.04700968584852944,0.06842873811693018,0.0017190342745348475,0.016280155314318923,-0.00467870787701366
2024-05-13,61484.0,63450.0,60749.21,62940.08,32733.41839,54.52,57.73,54.4,56.13,5233.080078125,5237.259765625,5211.16015625,5221.419921875,4255710000,13.260000228881836,13.65999984741211,13.25,13.600000381469728,0.0345935381888247,-0.0002413331738652,0.5555208897614066,0.0814834068736889,0.5057236928070833,0.1173454085114858,0.5375710387221578,0.1300653731180768,0.5613,0.1360000038146973,0.0057791102385934545,0.0545165969410084,0.05557630719291673,0.018654595303211494,0.023728961277842187,0.00593463069662048
2024-05-14,62940.09,63118.36,61142.77,61577.49,29088.72041,56.13,57.09,55.61,56.23,5221.10009765625,5250.3701171875,5217.97998046875,5246.68017578125,4763580000,13.710000038146973,14.029999732971191,13.270000457763672,13.420000076293944,-0.0218867810086137,0.004826148527454,0.4304387291744487,0.0594469227042765,0.4959624295701764,0.1175437710500631,0.5115186268346055,0.1290282051553124,0.5623,0.13420000076293945,0.13186127082555132,0.07475307805866295,0.06633757042982363,0.01665622971287635,0.05078137316539455,0.005171795607627039
2024-05-15,61577.49,66444.16,61319.47,66206.5,43559.74719,56.23,60.82,55.67,58.61,5263.259765625,5311.759765625,5263.259765625,5308.14990234375,4360810000,13.729999542236328,13.9399995803833,12.380000114440918,12.449999809265137,0.0724822637554475,0.0116478277872996,0.6280546576368605,0.0664087391627159,0.5909667883238989,0.118945904790485,0.5548724254736704,0.1331794785405247,0.5861,0.12449999809265137,-0.04195465763686057,0.05809125892993547,-0.004866788323898974,0.005554093302166371,0.031227574526329516,-0.008679480447873325
2024-05-16,66206.51,66752.01,64602.77,65235.21,31106.3671,58.61,58.72,57.24,57.49,5310.06982421875,5325.490234375,5296.18994140625,5297.10009765625,3817470000,12.520000457763672,12.670000076293944,12.329999923706056,12.420000076293944,-0.0147792915907175,-0.002083837474088,0.6296973234682736,0.0737922763766545,0.5926275350153485,0.1171558790027428,0.5448325284349436,0.1276525297592215,0.5749,0.12420000076293944,-0.054797323468273595,0.050407724386284936,-0.017727535015348517,0.007044121760196642,0.030067471565056403,-0.003452528996282067
2024-05-17,65235.21,67451.2,65106.38,67024.0,26292.23409,57.49,57.67,54.81,55.26,5303.10009765625,5305.4501953125,5283.58984375,5303.27001953125,3578120000,12.279999732971191,12.479999542236328,11.90999984741211,11.989999771118164,0.0270514103613143,0.0011640956878937,0.6134861855387008,0.0721180768847047,0.6023603608012053,0.1173115488950919,0.5504670474589569,0.1240329080677848,0.5526,0.11989999771118164,-0.06088618553870084,0.047781920826476934,-0.04976036080120527,0.0025884488160897307,0.002132952541043065,-0.004132910356603167
2024-05-20,66274.0,71515.56,66060.31,71446.62,50816.7011,57.32,61.94,56.76,61.94,5305.35009765625,5325.31982421875,5302.39990234375,5308.1298828125,3420100000,12.270000457763672,12.59000015258789,12.06999969482422,12.149999618530272,0.0638998332439847,0.0009159703084911,0.6825345239824858,0.0717636402309781,0.5976544995790548,0.0827488310743125,0.5592102470347275,0.1239986718634993,0.6194,0.12149999618530272,-0.06313452398248587,0.049736355954324615,0.02174550042094514,0.03875116511099022,0.0601897529652724,-0.002498675678196588
2024-05-21,71446.62,71979.0,69162.94,70148.34,49607.4336,61.94,62.13,58.18,58.59,5298.68994140625,5324.31982421875,5297.8701171875,5321.41015625,3662240000,12.300000190734863,12.5600004196167,11.84000015258789,11.859999656677246,-0.0183384547582277,0.0024987497668926,0.6275589603843689,0.0714936715644174,0.5698709218564627,0.0763103286904189,0.5521243756682107,0.1240934518759351,0.5859000000000001,0.11859999656677246,-0.04165896038436878,0.047106325002355065,0.01602907814353738,0.04228966787635356,0.03377562433178938,-0.005493455309162634
2024-05-22,70148.34,70666.0,68842.19,69166.62,27673.18026,58.59,59.7,55.95,56.8,5319.27978515625,5323.18017578125,5286.009765625,5307.009765625,3847130000,12.050000190734863,12.8100004196167,11.779999732971191,12.289999961853027,-0.0140937663868154,-0.0027097912093521,0.6490368211782781,0.0770420927537184,0.5815163411794247,0.0780227820214422,0.5500693463872511,0.1207548722951196,0.568,0.12289999961853028,-0.08103682117827815,0.04585790686481188,-0.013516341179424796,0.044877217597088084,0.017930653612748815,0.002145127323410684
2024-05-23,69166.62,70096.12,66312.16,67969.65,40513.17374,56.8,56.86,53.16,53.18,5340.259765625,5341.8798828125,5256.93017578125,5267.83984375,3869520000,11.529999732971191,13.369999885559082,11.520000457763672,12.770000457763672,-0.0174570942889185,-0.0074081622834719,0.6393721556519623,0.0935478191177644,0.5422513278622034,0.0785139763910699,0.55173634881017,0.1214788481266518,0.5318,0.12770000457763672,-0.10757215565196221,0.03415218545987232,-0.010451327862203375,0.049186028186566824,-0.019936348810169924,0.0062211564509849215
2024-05-24,67969.66,69250.0,66600.12,68549.99,28095.83664,53.18,53.29,51.0,52.29,5281.4501953125,5311.64990234375,5278.39013671875,5304.72021484375,3005510000,12.859999656677246,12.890000343322754,11.890000343322754,11.93000030517578,0.0085019781146903,0.0069766490766732,0.4923874320002719,0.0720552409908412,0.542365561516668,0.0727535844100958,0.5382592650196708,0.1140739011509866,0.5229,0.1193000030517578,0.030512567999728124,0.0472447620609166,-0.019465561516668006,0.046546418641661993,-0.015359265019670776,0.005226101900771191
2024-05-28,69436.43,69591.81,67277.91,68398.39,32622.97042,53.91,55.85,52.89,54.76,5315.91015625,5315.91015625,5280.89013671875,5306.0400390625,3751540000,12.510000228881836,13.4399995803833,12.359999656677246,12.920000076293944,-0.0022139737896068,0.0002487709068859,0.4767441874895547,0.0706938628347662,0.5365748392423825,0.0730021828847167,0.5102476775897022,0.1070026347739898,0.5476,0.12920000076293944,0.07085581251044526,0.058506137928173246,0.011025160757617503,0.05619781787822274,0.037352322410297734,0.02219736598894964
2024-05-29,68398.4,68935.68,67124.65,67652.42,23159.83149,54.76,55.13,52.85,53.24,5278.72998046875,5282.27001953125,5262.7001953125,5266.9501953125,3552750000,13.75,14.31999969482422,13.6899995803833,14.279999732971191,-0.0109661600050804,-0.0073943172157425,0.4631745127770816,0.0834913193142856,0.5309990437654386,0.0823109676122387,0.5116182069365512,0.1096597208150862,0.5324,0.1427999973297119,0.06922548722291838,0.0593086780154263,0.001400956234561379,0.060489029717473206,0.02078179306344874,0.03314027651462571
2024-05-30,67652.41,69500.0,67128.0,68352.17,28478.2184,53.24,53.57,52.13,53.27,5259.77001953125,5260.2099609375,5222.10009765625,5235.47998046875,3818750000,14.81999969482422,14.880000114440918,13.670000076293944,14.470000267028809,0.0102901846853451,-0.0059929575357541,0.1903777443332877,0.0871083615571754,0.5208121027802995,0.0852450800321741,0.4961294673910025,0.1097725636698046,0.5327000000000001,0.1447000026702881,0.34232225566671237,0.0575916411131127,0.011887897219700516,0.059454922638114,0.036570532608997564,0.03492743900048349
2024-05-31,68352.17,69044.1,66670.0,67540.01,26690.32184,53.27,53.27,50.23,51.99,5243.2099609375,5280.330078125,5191.68017578125,5277.509765625,5437160000,14.5,14.869999885559082,12.84000015258789,12.920000076293944,-0.0119531480022309,0.0079958242319288,0.176827746622225,0.1036271337228789,0.4914445585823193,0.0912447471342451,0.4888598649236589,0.1108469020302394,0.5199,0.12920000076293944,0.343072253377775,0.025572867040060537,0.02845544141768075,0.03795525362869434,0.031040135076341124,0.018353098732700038
2024-06-03,67765.62,70288.0,67612.48,68809.9,29633.374,51.11,53.78,50.9,52.77,5297.14990234375,5302.10986328125,5234.31982421875,5283.39990234375,4046920000,13.079999923706056,14.3100004196167,13.0,13.109999656677246,0.0186274669183731,0.0011154602235352,0.2143666776049687,0.103802222059504,0.4788959302055687,0.0911416792350159,0.4911368516716856,0.1062989563019493,0.5277000000000001,0.13109999656677246,0.31333332239503137,0.02729777450726846,0.04880406979443136,0.03995831733175656,0.036563148328314476,0.02480104026482316
2024-06-04,68809.89,71063.45,68567.32,70537.84,29619.78489,51.71,54.77,51.52,53.95,5278.240234375,5298.7998046875,5257.6298828125,5291.33984375,3707900000,13.510000228881836,14.079999923706056,13.109999656677246,13.15999984741211,0.0248016734785851,0.0015016810037827,0.2256014728959776,0.0925474160413898,0.4662971437160213,0.0893999580938226,0.4785406511454834,0.1044243929045222,0.5395,0.1315999984741211,0.3138985271040224,0.0390525824327313,0.07320285628397866,0.042200040380298495,0.06095934885451659,0.0271756055695989
2024-06-05,70537.83,71758.0,70383.66,71108.0,28703.18082,53.95,57.13,53.94,55.62,5314.47998046875,5354.16015625,5297.64013671875,5354.02978515625,3591460000,13.140000343322754,13.25,12.600000381469728,12.630000114440918,0.0080505446456613,0.0117780158499572,0.2253483434004258,0.1093264174379483,0.3678864050092741,0.0897128296502797,0.478269083657389,0.1043279957651135,0.5562,0.12630000114440917,0.3308516565995742,0.016973583706460876,0.18831359499072592,0.036587171494129475,0.07793091634261101,0.02197200537929568
2024-06-06,71108.0,71700.0,70117.64,70799.06,21842.00449,55.62,55.72,51.81,51.87,5357.7998046875,5362.35009765625,5335.35986328125,5352.9599609375,3609990000,12.75,12.979999542236328,12.539999961853027,12.579999923706056,-0.0043541242850611,-0.0001998366016368,0.2286606007182934,0.1095442596922773,0.3595293895968598,0.0889672729061793,0.4673096711651832,0.1043898661528122,0.5186999999999999,0.12579999923706056,0.2900393992817065,0.016255739544783265,0.15917061040314012,0.03683272633088126,0.051390328834816756,0.021410133084248356
2024-06-07,70799.06,71997.02,68420.0,69355.6,35598.45045,51.87,54.27,50.02,50.02,5343.81005859375,5375.080078125,5331.330078125,5346.990234375,3692760000,12.6899995803833,13.079999923706056,12.109999656677246,12.220000267028809,-0.0205988304548735,-0.001115842050279,0.2616997714533959,0.0941065151363772,0.361880392443157,0.0892864886266809,0.4723786119945756,0.1030203070158315,0.5002,0.12220000267028809,0.23850022854660408,0.028093487533910888,0.13831960755684297,0.03291351404360719,0.027821388005424386,0.019179695654456597
2024-06-10,69648.15,70195.94,69172.29,69540.0,17122.66941,51.79,52.16,50.79,50.88,5341.22021484375,5365.7900390625,5331.52001953125,5360.7900390625,3622280000,13.09000015258789,13.279999732971191,12.619999885559082,12.739999771118164,0.0026552332592109,0.0025775299782409,0.2574176345071711,0.0750649127040012,0.2292360481499802,0.0896827649706645,0.4705697472316272,0.1000502157755469,0.5088,0.12739999771118163,0.25138236549282894,0.052335085007180426,0.2795639518500198,0.03771723274051712,0.03823025276837283,0.027349781935634726
2024-06-11,69540.0,69590.01,66051.0,67314.24,41436.01588,50.88,53.05,50.44,52.49,5353.0,5375.9501953125,5327.25,5375.31982421875,3568030000,12.850000381469728,13.470000267028809,12.779999732971191,12.850000381469728,-0.0325303224150299,0.0027067148552095,0.3262238732155765,0.0677542049212296,0.2553457860499951,0.0897676900222689,0.4816472951121495,0.0999981076214465,0.5249,0.12850000381469728,0.19867612678442353,0.06074579889346768,0.26955421395000495,0.03873231379242838,0.043252704887850546,0.02850189619325079
2024-06-12,67314.23,69999.0,66905.0,68263.99,37175.32356,52.49,53.9,50.51,50.56,5409.1298828125,5447.25,5409.1298828125,5421.02978515625,3962840000,13.100000381469728,13.149999618530272,11.9399995803833,12.039999961853027,0.0140105905794903,0.0084677202418873,0.3158794198751583,0.0748689318285602,0.2593687376969461,0.0939192747278412,0.455622308415308,0.0870086586077021,0.5056,0.12039999961853028,0.18972058012484178,0.04553106778997007,0.24623126230305398,0.026480724890689075,0.04997769158469206,0.03339134101082818
2024-06-13,68263.98,68449.3,66251.78,66773.01,29079.55571,50.56,50.65,48.57,49.23,5441.93017578125,5441.93017578125,5402.509765625,5433.740234375,3530380000,12.050000190734863,12.68000030517578,11.880000114440918,11.9399995803833,-0.0220834377646717,0.0023419114371167,0.2770495150424927,0.0740099449342008,0.2657446276745922,0.084603335732294,0.4444662430754582,0.0851970142556386,0.49229999999999996,0.11939999580383301,0.21525048495750726,0.045390050869632215,0.22655537232540773,0.034796660071539004,0.04783375692454178,0.034202981548194414
2024-06-14,66773.01,67370.24,65078.0,66043.99,28408.18797,49.23,49.87,47.45,48.56,5424.080078125,5432.39013671875,5403.75,5431.60009765625,3438650000,12.220000267028809,13.449999809265137,12.119999885559082,12.65999984741211,-0.010977921824138,-0.0003939382809974,0.2537693239311933,0.051455160940272,0.2647103268228093,0.0823096537012182,0.4461012559323972,0.0833849649096977,0.48560000000000003,0.1265999984741211,0.23183067606880675,0.0751448375338491,0.22088967317719072,0.04429034477290289,0.03949874406760284,0.0432150335644234
2024-06-17,66676.86,67298.81,65130.0,66504.33,27386.16851,47.9,49.55,47.9,48.81,5431.10986328125,5488.5,5420.39990234375,5473.22998046875,3447840000,13.06999969482422,13.289999961853027,12.5,12.75,0.0069460231686521,0.0076351643723205,0.2736438173793803,0.0580830913922756,0.2678438143445212,0.0857012030752737,0.4098506756728881,0.0793488260860687,0.48810000000000003,0.1275,0.21445618262061972,0.0694169086077244,0.22025618565547883,0.04179879692472631,0.07824932432711196,0.0481511739139313
2024-06-18,66504.33,66588.23,64060.0,65175.32,42350.10244,48.81,50.52,48.33,50.06,5476.14990234375,5490.3798828125,5471.31982421875,5487.02978515625,3544330000,12.699999809265137,12.739999771118164,12.239999771118164,12.300000190734863,-0.0201861886584316,0.0025181541815171,0.2729156365551692,0.0503935045272795,0.2765381613103543,0.0736214196586189,0.4146894395054945,0.07556267203864,0.5006,0.12300000190734864,0.22768436344483084,0.07260649738006913,0.22406183868964574,0.049378582248729735,0.08591056049450557,0.04743732986870863
2024-06-20,64974.37,66482.94,64559.15,64869.99,24265.29031,48.6,49.39,48.28,48.28,5499.990234375,5505.52978515625,5455.56005859375,5473.169921875,3847060000,12.5,13.550000190734863,12.18000030517578,13.279999732971191,-0.0046957565950971,-0.0025291273954115,0.2632583047911441,0.0629042202640088,0.2701651547701801,0.0666230058010805,0.4127561555466595,0.0766428496811736,0.4828,0.13279999732971193,0.2195416952088559,0.06989577706570313,0.2126348452298199,0.06617699152863142,0.0700438444533405,0.056157147648538325
2024-06-21,64869.99,65066.66,63379.35,64143.56,25993.56442,48.28,48.4,46.25,47.11,5466.77001953125,5478.31005859375,5452.02978515625,5464.6201171875,6773800000,13.220000267028809,13.779999732971191,12.989999771118164,13.199999809265137,-0.0112614167598417,-0.0015633517188252,0.2126368902108408,0.0685970735670676,0.2697729172545025,0.06553991825139,0.4104173383270658,0.0770908211669452,0.4711,0.13199999809265137,0.2584631097891592,0.06340292452558377,0.20132708274549754,0.06646007984126137,0.060682661672934235,0.05490917692570617
2024-06-24,63210.01,63369.8,58402.0,60293.3,52161.35414,49.32,53.06,49.13,50.96,5459.580078125,5490.66015625,5447.58984375,5447.8701171875,3696750000,13.850000381469728,13.880000114440918,13.149999618530272,13.329999923706056,-0.0619027098619157,-0.0030698791558664,0.3455179386982386,0.0597693529182145,0.3461883252228205,0.0695240630216085,0.4402603250563665,0.0776342606800828,0.5096,0.13329999923706057,0.16408206130176145,0.07353064631884607,0.16341167477717955,0.06377593621545206,0.06933967494363358,0.05566573855697776
2024-06-25,60293.3,62420.0,60257.06,61806.01,31189.24361,50.96,50.97,47.82,48.14,5460.72998046875,5472.8798828125,5446.56005859375,5469.2998046875,3591960000,13.479999542236328,13.520000457763672,12.84000015258789,12.84000015258789,0.0247796224774557,0.0039258736791813,0.4258350992451185,0.0622930027330004,0.346146058898872,0.0698191894462758,0.4335429050950808,0.0779616837912891,0.4814,0.1284000015258789,0.05556490075488152,0.06610699879287851,0.13525394110112798,0.05858081207960311,0.047857094904919184,0.050438317734589816
2024-06-26,61806.01,62487.81,60712.0,60864.99,22485.66463,48.14,48.14,46.66,47.05,5460.7099609375,5483.14013671875,5451.8701171875,5477.89990234375,3563920000,12.8100004196167,13.239999771118164,12.369999885559082,12.550000190734863,-0.0153424763626781,0.0015711962247204,0.4266117527947283,0.0616489497710032,0.3373504684457143,0.0549931037286949,0.4235072118809214,0.0777789853415475,0.4705,0.12550000190734864,0.04388824720527168,0.06385105213634544,0.13314953155428566,0.07050689817865374,0.04699278811907859,0.04772101656580115
2024-06-27,60864.98,62389.22,60606.63,61706.47,18344.28631,47.05,48.07,46.58,47.94,5473.58984375,5490.81005859375,5467.5400390625,5482.8701171875,3589530000,12.6899995803833,12.770000457763672,12.210000038146973,12.239999771118164,0.0137306550868014,0.000906909856799,0.4407515699564547,0.0424313045404016,0.3527453163238651,0.054475821067776,0.4209017633994161,0.0771929099904635,0.4794,0.12239999771118164,0.03864843004354529,0.07996869317078004,0.12665468367613492,0.06792417664340564,0.0584982366005839,0.04520708772071813
2024-06-28,61706.46,62225.31,60063.0,60427.84,24821.19255,47.94,47.98,44.38,45.4,5488.47998046875,5523.64013671875,5451.1201171875,5460.47998046875,7199220000,12.239999771118164,12.760000228881836,11.869999885559082,12.4399995803833,-0.0209388617515131,-0.0040920134623695,0.441454751018557,0.0459867866781301,0.3529496504258156,0.0587658927316192,0.3645555782254955,0.072491749191193,0.45399999999999996,0.12439999580383301,0.012545248981442936,0.0784132091257029,0.10105034957418435,0.06563410307221382,0.08944442177450446,0.05190824661264001
2024-07-01,62772.01,63861.76,62497.2,62899.99,24547.10538,45.44,45.45,43.76,44.71,5471.080078125,5479.5498046875,5446.52978515625,5475.08984375,3488760000,12.979999542236328,13.260000228881836,12.100000381469728,12.220000267028809,0.0400960788250724,0.0026719909814295,0.5386031364610061,0.0478164451453845,0.4098139623088531,0.0588008173430827,0.3834111602554288,0.0720753608904306,0.4471,0.12220000267028809,-0.09150313646100611,0.07438355752490358,0.03728603769114691,0.0633991853272054,0.06368883974457118,0.050124641779857496
2024-07-02,62900.0,63288.83,61806.28,62135.47,18573.11875,44.71,44.81,42.29,42.33,5461.83984375,5509.68994140625,5458.43017578125,5509.009765625,3329950000,12.670000076293944,12.880000114440918,11.850000381469728,12.029999732971191,-0.0122290033197398,0.006176205771185,0.5391514312341088,0.0582571470542809,0.3942137294526678,0.061932126119018,0.3750577258560131,0.0735616513808173,0.4233,0.12029999732971192,-0.11585143123410879,0.062042850275431015,0.029086270547332205,0.058367871210693915,0.04824227414398691,0.046738345948894616
2024-07-03,62135.46,62285.94,59400.0,60208.58,32160.11127,41.41,45.88,41.23,45.36,5507.43994140625,5539.27001953125,5507.419921875,5537.02001953125,2179470000,12.130000114440918,12.229999542236328,11.949999809265137,12.09000015258789,-0.0315021343281225,0.0050715622695336,0.4212847432960312,0.0537610872953167,0.3973392643215536,0.0562079032253558,0.3270907578894981,0.0743700236572623,0.4536,0.1209000015258789,0.03231525670396879,0.0671389142305622,0.056260735678446416,0.06469209830052311,0.1265092421105019,0.04652997786861661
2024-07-05,57050.02,57546.0,53485.93,56628.79,81348.24756,47.53,54.86,47.53,48.98,5537.91015625,5570.330078125,5531.6298828125,5567.18994140625,3253080000,12.369999885559082,12.609999656677246,11.84000015258789,12.479999542236328,-0.0612973539452982,0.0054339743609695,0.5134131415422841,0.0563534764123761,0.4533158720008686,0.0585737841228605,0.3632116866073722,0.0752260050767133,0.48979999999999996,0.12479999542236328,-0.023613141542284166,0.06844651900998719,0.036484127999131366,0.06622621129950278,0.12658831339262777,0.04957399034564998
2024-07-08,55857.81,58236.73,54260.16,56714.62,48090.2049,50.99,53.54,50.4,51.03,5572.75,5583.10986328125,5562.509765625,5572.85009765625,3185670000,12.90999984741211,12.90999984741211,12.3100004196167,12.369999885559082,0.0015145126903458,0.0010161824764044,0.519417380852815,0.0568480689076753,0.456823868975504,0.0578826319161034,0.3634307146909283,0.0741797501269072,0.5103,0.12369999885559083,-0.009117380852814994,0.06685192994791553,0.053476131024496,0.06581736693948742,0.14686928530907167,0.04952024872868363
2024-07-09,56714.61,58296.0,56289.45,58050.0,27732.20788,51.03,52.16,50.04,50.05,5584.240234375,5590.75,5574.56982421875,5576.97998046875,3232920000,12.479999542236328,12.609999656677246,12.350000381469728,12.510000228881836,0.0232726823228449,0.0007407974780654,0.5405226697197569,0.0570464469229501,0.4740971380650892,0.0515299032603298,0.371944875334291,0.0691413846985473,0.5005,0.12510000228881835,-0.04002266971975699,0.06805355536586824,0.02640286193491076,0.07357009902848854,0.12855512466570895,0.05595861759027104
2024-07-10,58050.0,59470.0,57157.79,57725.85,24951.73799,50.05,50.21,48.45,48.69,5591.259765625,5635.39013671875,5586.43994140625,5633.91015625,3336100000,12.510000228881836,12.920000076293944,12.390000343322754,12.850000381469728,-0.0055996280225802,0.0101563148781058,0.5337597170182394,0.0524920020867796,0.4718839178966968,0.0636707841045281,0.3696498293962602,0.071735244160326,0.4869,0.12850000381469728,-0.04685971701823943,0.07600800172791769,0.015016082103303185,0.06482921971016918,0.11725017060373982,0.05676475965437128
2024-07-11,57725.85,59650.0,57050.0,57339.89,29761.05735,48.69,49.2,48.14,48.54,5635.2099609375,5642.4501953125,5576.52978515625,5584.5400390625,4020950000,12.880000114440918,13.329999923706056,12.229999542236328,12.920000076293944,-0.0067085380495201,-0.0088016499692667,0.4247699830441753,0.0960434422280396,0.4716325397789928,0.0763941391387541,0.3695079826288726,0.0781698463874858,0.4854,0.12920000076293944,0.060630016955824706,0.03315655853489985,0.013767460221007222,0.05280586162418534,0.11589201737112742,0.05103015437545365
2024-07-12,57339.89,58526.68,56542.47,57889.1,23652.4569,48.54,48.54,46.14,46.32,5590.759765625,5655.56005859375,5590.43994140625,5615.35009765625,3700280000,12.869999885559082,12.890000343322754,12.109999656677246,12.460000038146973,0.009532569171711,0.0055018640249651,0.4464212149713853,0.0951369226070459,0.4777518350302315,0.0768910217072484,0.3718242685643353,0.0739465637316364,0.4632,0.12460000038146973,0.016778785028614684,0.029463077774423835,-0.014551835030231497,0.04770897867422133,0.09137573143566469,0.050653436649833336
2024-07-15,60797.91,64900.0,60632.3,64724.14,38690.9782,49.3,54.56,48.89,54.52,5638.16015625,5666.93994140625,5614.75,5631.22021484375,3620470000,12.779999732971191,13.260000228881836,12.75,13.119999885559082,0.1116051273224259,0.0028222164233526,0.8242792873975779,0.0937603095184965,0.6348434777082324,0.0734296246504631,0.5017401847690683,0.0698255437538382,0.5452,0.13119999885559083,-0.2790792873975779,0.03743968933709434,-0.08964347770823233,0.057770374205127734,0.043459815230931675,0.06137445510175263
2024-07-16,64724.06,65388.97,62373.24,65043.99,42530.52915,54.52,56.54,54.13,56.49,5644.08984375,5669.669921875,5639.02001953125,5667.2001953125,4041760000,13.380000114440918,13.470000267028809,12.949999809265137,13.1899995803833,0.0049295716554446,0.0063690499714532,0.6624633628783484,0.0951840236262061,0.6284481327633796,0.0751482390785897,0.5011623192054019,0.0688509083969447,0.5649000000000001,0.13189999580383302,-0.09756336287834833,0.03671597217762693,-0.06354813276337956,0.056751756725243324,0.06373768079459818,0.06304908740688832
2024-07-17,65044.0,66128.63,63854.0,64087.99,29567.52954,56.49,62.85,56.49,58.28,5610.06982421875,5622.490234375,5584.81005859375,5588.27001953125,4246450000,13.600000381469728,14.880000114440918,13.539999961853027,14.479999542236328,-0.0148068273440296,-0.0140254415236455,0.6881179820958836,0.1383286830393908,0.6281384112196335,0.1030096643832493,0.4989994980510065,0.0836509095847949,0.5828,0.14479999542236327,-0.10531798209588361,0.006471312382972466,-0.045338411219633556,0.041790331039113976,0.08380050194899347,0.06114908583756837
2024-07-18,64087.99,65133.3,63238.48,63987.92,22568.7225,58.28,58.3,55.87,57.1,5608.56005859375,5614.0498046875,5522.81005859375,5544.58984375,4007510000,14.270000457763672,16.43000030517578,14.079999923706056,15.93000030517578,-0.0015626673332034,-0.00784711214535,0.6954036238846483,0.1467660043201778,0.6267471646715325,0.1103003477511509,0.4923305816283796,0.0882693417112459,0.5710000000000001,0.1593000030517578,-0.1244036238846482,0.012533998731579982,-0.0557471646715324,0.04899965530060689,0.07866941837162045,0.07103066134051189
2024-07-19,63987.92,67386.0,63300.67,66660.0,35634.72739,57.1,62.25,55.99,60.8,5543.3701171875,5557.5,5497.0400390625,5505.0,3760570000,16.440000534057617,17.190000534057617,10.619999885559082,16.520000457763672,0.0409107573354448,-0.007165879226406,0.6965840969535799,0.1278808052495459,0.6365862080684552,0.1136625664141498,0.5078507796269595,0.0862633313704781,0.608,0.16520000457763673,-0.08858409695357994,0.03731919932809083,-0.028586208068455243,0.05153743816348692,0.10014922037304053,0.07893667320715862
2024-07-22,68165.35,68474.55,66559.97,67532.01,21451.04303,66.0,68.27,61.61,67.63,5544.5400390625,5570.35986328125,5529.0400390625,5564.41015625,3375180000,16.790000915527344,16.889999389648438,14.75,14.90999984741211,0.0129966348132907,0.0107342172462202,0.67385227441328,0.1451744917012058,0.6194359743351787,0.1214209787359759,0.5096837610821843,0.0907276184920957,0.6762999999999999,0.1490999984741211,0.0024477255867199066,0.003925506772915283,0.05686402566482118,0.027679019738145183,0.16661623891781563,0.058372379982025394
2024-07-23,67532.0,67750.98,65441.08,65936.01,31406.15316,67.63,68.62,63.9,63.91,5565.2998046875,5585.33984375,5550.89990234375,5555.740234375,3500210000,15.210000038146973,15.350000381469728,13.899999618530272,14.720000267028809,-0.0239169814342164,-0.0015593176939461,0.7302343963466751,0.138928936704026,0.6276950698699668,0.1196434132535001,0.5108493745159624,0.0908389011028611,0.6391,0.1472000026702881,-0.09113439634667508,0.008271065966262092,0.011404930130033186,0.027556589416788,0.12825062548403765,0.056361101567427005
2024-07-24,65936.0,67102.01,65111.0,65376.0,23082.56277,63.91,63.97,61.14,61.39,5505.83984375,5508.0400390625,5419.97998046875,5427.1298828125,3945550000,15.350000381469728,18.459999084472656,15.18000030517578,18.040000915527344,-0.0085295076234562,-0.0234212422228928,0.3379329466260667,0.1857761421710061,0.609644898698164,0.1548930944795171,0.5110520164195124,0.1155065110892772,0.6139,0.18040000915527343,0.2759670533739333,-0.00537613301573267,0.0042551013018360395,0.02550691467575633,0.10284798358048763,0.06489349806599623
2024-07-25,65376.01,66175.49,63456.7,65799.95,35126.42934,61.39,62.34,59.83,61.81,5428.7001953125,5491.58984375,5390.9501953125,5399.22021484375,4592120000,18.40999984741211,19.36000061035156,16.420000076293945,18.459999084472656,0.0064638598173518,-0.0051558890197172,0.3387244384697603,0.1674012676589246,0.5270989324472006,0.152288023183392,0.5032852660854431,0.1163924569737743,0.6181,0.18459999084472656,0.2793755615302397,0.017198723185801956,0.09100106755279935,0.03231196766133457,0.11481473391455688,0.06820753387095226
2024-07-26,65799.95,68200.0,65722.63,67907.99,24244.36023,61.81,62.69,59.66,60.1,5433.669921875,5488.31982421875,5430.7001953125,5459.10009765625,3638770000,17.969999313354492,18.049999237060547,16.3700008392334,16.389999389648438,0.031534622237758,0.0110294204095709,0.3577446044786517,0.1888599272673709,0.5322962996777714,0.1619888885856339,0.5102681796328433,0.1182063088925527,0.601,0.16389999389648438,0.24325539552134828,-0.024959933370886506,0.06870370032222861,0.0019111053108504805,0.09073182036715666,0.045693685003931686
2024-07-29,68249.88,70079.99,66428.0,66784.69,36467.29633,52.65,56.35,51.73,51.73,5476.5498046875,5487.740234375,5444.43994140625,5463.5400390625,3379970000,16.59000015258789,17.209999084472656,16.229999542236328,16.600000381469727,-0.0166798380329,0.0008129795718284,0.385610420718857,0.1873229445379568,0.5440142981997593,0.1620082995677029,0.5084893110040412,0.1180522650094319,0.5173,0.16600000381469726,0.131689579281143,-0.021322940723259548,-0.026714298199759345,0.003991704246994354,0.008810688995958826,0.04794773880526536
2024-07-30,66784.68,67000.0,65302.67,66188.0,23132.25441,51.73,51.73,49.49,50.62,5478.72998046875,5489.4599609375,5401.7001953125,5436.43994140625,3777740000,16.639999389648438,18.31999969482422,16.260000228881836,17.690000534057617,-0.0089746850278234,-0.0049725143613676,0.3040738035825968,0.185284650861745,0.5460763331228671,0.1534554485109754,0.5081463276533457,0.1189885827408024,0.5062,0.17690000534057618,0.2021261964174032,-0.008384645521168826,-0.03987633312286709,0.023444556829600782,-0.0019463276533456808,0.057911422599773776
2024-07-31,66188.0,66849.24,64530.0,64628.0,22625.43905,50.62,50.65,48.54,48.73,5505.58984375,5551.509765625,5493.75,5522.2998046875,4546910000,16.65999984741211,16.770000457763672,15.710000038146973,16.360000610351562,-0.0238514242150137,0.0156699807019177,0.3130035344762526,0.2009979014606531,0.5607510616280486,0.1685094500895037,0.5123485416074164,0.1255491842583578,0.48729999999999996,0.16360000610351563,0.17429646552374733,-0.03739789535713747,-0.0734510616280486,-0.0049094439859880545,-0.02504854160741643,0.038050821845157845
2024-08-01,64628.01,65659.78,62302.0,65354.02,35542.26854,48.73,50.43,47.23,49.81,5537.83984375,5566.16015625,5410.419921875,5446.68017578125,4703620000,16.200000762939453,19.479999542236328,15.949999809265137,18.59000015258789,0.0111711996833452,-0.0137881237919901,0.3005125571966933,0.2151063127475164,0.5608500045268159,0.1742985689755119,0.5101761014783098,0.1317831639197102,0.49810000000000004,0.1859000015258789,0.19758744280330676,-0.0292063112216375,-0.06275000452681584,0.011601432550366997,-0.012076101478309786,0.0541168376061687
2024-08-02,65354.02,65596.14,61230.01,61498.33,38820.42937,49.81,51.49,46.91,51.4,5376.6298828125,5383.89013671875,5302.02978515625,5346.56005859375,5156450000,20.520000457763672,29.65999984741211,20.010000228881836,23.38999938964844,-0.060808933125691,-0.0185529066085532,0.4696763761535532,0.1967339908413899,0.4019118443628547,0.1856343652440485,0.5398119915013704,0.141983808343287,0.514,0.23389999389648441,0.044323623846446836,0.037166003055094515,0.1120881556371453,0.048265628652435916,-0.025811991501370368,0.09191618555319742
2024-08-05,58161.0,58305.59,49000.0,54018.81,162065.59186,56.13,92.71,56.02,63.08,5151.14013671875,5250.89013671875,5119.259765625,5186.330078125,5333250000,23.38999938964844,65.7300033569336,23.38999938964844,38.56999969482422,-0.1296777007286013,-0.0304270413923931,0.8450005624523237,0.2609674352275598,0.6655033397722189,0.2108548754846104,0.6547516203894181,0.165983205114835,0.6308,0.3856999969482422,-0.21420056245232366,0.12473256172068242,-0.034703339772218844,0.1748451214636318,-0.023951620389418116,0.2197167918334072
2024-08-06,54018.82,57040.99,53950.0,56022.01,55884.77676,63.08,63.21,59.24,61.54,5206.419921875,5312.33984375,5193.56005859375,5240.02978515625,4690190000,33.709999084472656,34.77000045776367,24.020000457763672,27.709999084472656,0.036412329987494,0.0103008494935995,0.859855074979289,0.2590297325595366,0.6978949291847957,0.218762982205959,0.6433562371050318,0.1695395100085851,0.6154,0.2770999908447266,-0.2444550749792891,0.01807025828518999,-0.08249492918479573,0.05833700863876759,-0.02795623710503181,0.10756048083614148
2024-08-07,56022.0,57736.05,54558.62,55134.16,44269.37684,61.54,61.54,58.44,60.88,5293.1298828125,5330.64013671875,5195.5400390625,5199.5,4558260000,24.770000457763672,29.760000228881836,21.969999313354492,27.850000381469727,-0.0159751614680071,-0.0077647153887694,0.8602373703843412,0.2548403793392754,0.697352750052621,0.2187395225409512,0.6391974158491959,0.1697957674209094,0.6088,0.27850000381469725,-0.2514373703843412,0.02365962447542186,-0.08855275005262098,0.05976048127374606,-0.030397415849195863,0.10870423639378785
2024-08-08,55133.76,62745.14,54730.0,61685.99,48349.52949,60.73,60.99,55.56,56.81,5252.56982421875,5328.02978515625,5233.85009765625,5319.31005859375,4016830000,28.34000015258789,29.469999313354492,23.36000061035156,23.790000915527344,0.1122873509141612,0.0227811395908988,1.207025673045859,0.3123745568013629,0.8489105331277172,0.246980100332632,0.7209844502944225,0.1838754730454639,0.5681,0.23790000915527343,-0.638925673045859,-0.07447454764608946,-0.2808105331277172,-0.009080091177358585,-0.15288445029442244,0.054024536109809534
2024-08-09,61686.0,61744.37,59535.0,60837.99,30972.48017,56.8,56.86,54.44,55.02,5314.66015625,5358.669921875,5300.83984375,5344.16015625,3516400000,23.780000686645508,24.520000457763672,20.260000228881836,20.3700008392334,-0.0138424093072877,0.0046607984343816,1.203712969197518,0.2908135531153151,0.8451793165292791,0.241988687454762,0.7209987233265351,0.1845307948752678,0.5502,0.203700008392334,-0.6535129691975179,-0.0871135447229811,-0.2949793165292791,-0.03828867906242803,-0.17079872332653512,0.019169213517066186
2024-08-12,58712.59,60711.09,57642.21,59346.64,37009.91743,57.11,58.41,56.9,57.48,5351.8798828125,5371.2001953125,5324.3701171875,5344.39013671875,3360160000,20.790000915527344,21.190000534057617,18.88999938964844,20.709999084472656,-0.0248189232277821,4.30330517200971e-05,1.1981998338408926,0.2843982411523245,0.8455284221862686,0.2422541622026095,0.7220427448389273,0.1842893253965053,0.5748,0.20709999084472655,-0.6233998338408926,-0.07729825030759793,-0.2707284221862686,-0.03515417135788296,-0.1472427448389273,0.022810665448221246
2024-08-13,59346.64,61578.1,58392.88,60587.15,27858.95851,57.48,57.8,56.68,56.92,5376.97998046875,5436.5,5376.97998046875,5434.43017578125,3648980000,20.059999465942383,20.790000915527344,17.950000762939453,18.1200008392334,0.020687318243458,0.0167072334190499,1.1630996649686092,0.2805553188913041,0.8538974106256572,0.2356791856306319,0.7146902570274645,0.1909024319686687,0.5692,0.181200008392334,-0.5938996649686091,-0.09935531049897009,-0.2846974106256571,-0.0544791772382979,-0.14549025702746443,-0.009702423576334718
2024-08-14,60587.16,61800.0,58433.18,58683.39,28422.76326,56.92,57.4,55.3,55.31,5442.35986328125,5463.22021484375,5415.91015625,5455.2099609375,3380050000,18.40999984741211,18.489999771118164,16.1200008392334,16.190000534057617,-0.0319261018184248,0.0038164365611984,0.8059176156455278,0.1634165512140055,0.8590466837529862,0.2348762425346882,0.7195831666030998,0.1903339978150185,0.5531,0.16190000534057616,-0.25281761564552774,-0.0015165458734293369,-0.30594668375298617,-0.07297623719411203,-0.1664831666030998,-0.028433992474442338
2024-08-15,58683.39,59849.38,56078.54,57541.06,37686.17622,55.31,55.91,53.43,55.64,5501.1298828125,5546.22998046875,5501.1298828125,5543.22021484375,3723310000,16.270000457763672,16.68000030517578,14.770000457763672,15.229999542236328,-0.0196579426462018,0.0160044899313041,0.8043084135428783,0.1713237570947894,0.8404285377461637,0.2399949808537452,0.7161606021650098,0.1955936111881975,0.5564,0.15229999542236328,-0.2479084135428783,-0.019023761672426115,-0.28402853774616366,-0.08769498543138193,-0.15976060216500976,-0.04329361576583424
2024-08-16,57541.05,59817.76,57098.62,58874.6,27610.84344,55.64,55.65,53.12,53.12,5530.5,5561.97998046875,5525.169921875,5554.25,3357690000,15.289999961853027,15.760000228881836,14.649999618530272,14.800000190734863,0.0229109783372539,0.0019878023683961,0.7979239027326804,0.140826628518623,0.852697896044302,0.2400202370914164,0.6963862400817965,0.1950215428046717,0.5312,0.14800000190734863,-0.26672390273268043,0.007173373388725646,-0.321497896044302,-0.09202023518406777,-0.1651862400817965,-0.04702154089732308
2024-08-19,58427.35,59617.63,57787.3,59438.5,22809.31251,54.4,54.44,53.67,53.68,5557.22998046875,5608.2998046875,5550.740234375,5608.25,3222050000,15.9399995803833,16.06999969482422,14.460000038146973,14.649999618530272,0.0095324063011534,0.0096753274361777,0.3585121615495712,0.1063768974882535,0.8563179168170358,0.2407904248086687,0.696795662185812,0.1970478094677694,0.5367999999999999,0.1464999961853027,0.17828783845042873,0.040123098697049206,-0.3195179168170359,-0.09429042862336598,-0.15999566218581207,-0.050547813282466686
2024-08-20,59438.5,61400.0,58548.23,59013.8,31477.44548,53.68,54.44,52.91,54.06,5602.8798828125,5620.509765625,5585.5,5597.1201171875,2994420000,14.890000343322754,15.93000030517578,14.779999732971191,15.880000114440918,-0.0071708496985934,-0.0019865272376097,0.3540441131282882,0.1205140335662623,0.8531309893812529,0.2332087946971775,0.6941350150249777,0.1971426194410555,0.5406,0.15880000114440918,0.18655588687171176,0.03828596757814688,-0.3125309893812529,-0.07440879355276833,-0.15353501502497768,-0.038342618296646314
2024-08-21,59013.8,61820.93,58783.47,61156.03,27983.6422,54.06,55.77,53.88,54.68,5603.08984375,5632.68017578125,5591.56982421875,5620.85009765625,3119670000,16.25,17.170000076293945,15.920000076293944,16.270000457763672,0.0356571523861472,0.0042307147210067,0.391184241281347,0.1133403620581915,0.8691326238166511,0.2234434489060489,0.7012222683428616,0.1952603584837702,0.5468,0.16270000457763673,0.15561575871865296,0.04935964251944523,-0.3223326238166512,-0.060743444328412166,-0.15442226834286166,-0.03256035390613349
2024-08-22,61156.03,61400.0,59724.87,60375.84,21241.20588,54.68,55.49,53.84,53.99,5637.77001953125,5643.22021484375,5560.9501953125,5570.64013671875,2981530000,16.270000457763672,18.059999465942383,15.760000228881836,17.549999237060547,-0.0128394423275779,-0.0089729422566572,0.383813706566572,0.1268446213667976,0.8321906104619747,0.2094115441988423,0.7021027170856792,0.1953274833784872,0.5399,0.17549999237060546,0.15608629343342806,0.048655371003807846,-0.2922906104619747,-0.03391155182823685,-0.16220271708567913,-0.019827491007881753
2024-08-23,60375.83,64955.0,60342.14,64037.24,38118.07089,53.99,55.85,52.27,55.43,5602.490234375,5641.81982421875,5585.16015625,5634.60986328125,3291940000,17.1200008392334,17.209999084472656,15.609999656677246,15.859999656677246,0.058875764216626,0.0114179374016644,0.4521364339324233,0.1354566506588792,0.6278133729817345,0.1457804679571007,0.7211796044790778,0.1975374719474536,0.5543,0.15859999656677246,0.1021635660675767,0.023143345907893242,-0.07351337298173444,0.012819528609671754,-0.1668796044790778,-0.03893747538068115
2024-08-26,64219.99,64481.0,62800.0,62834.0,19470.05276,54.2,54.34,50.77,51.58,5639.66015625,5651.6201171875,5602.33984375,5616.83984375,2938570000,16.270000457763672,16.670000076293945,15.8100004196167,16.149999618530273,-0.0189684608928106,-0.0031587101696058,0.4500928596792809,0.1150950515964416,0.6302921941595441,0.1490893147407252,0.6462873822334321,0.1975855338153684,0.5158,0.16149999618530272,0.06570714032071912,0.04640494458886113,-0.11449219415954404,0.01241068144457752,-0.13048738223343204,-0.03608553763006567
2024-08-27,62834.0,63212.0,58034.01,59415.0,35135.94178,51.58,55.13,49.13,52.69,5602.89013671875,5631.18017578125,5593.47998046875,5625.7998046875,2798990000,16.209999084472656,16.809999465942383,15.369999885559082,15.43000030517578,-0.0559496085012552,0.0015939251127232,0.5983082909811158,0.1151045091333987,0.6808026611389183,0.138517912808122,0.6652511885877058,0.1967128569131688,0.5268999999999999,0.15430000305175778,-0.0714082909811159,0.03919549391835908,-0.15390266113891837,0.015782090243635777,-0.1383511885877059,-0.042412853861411026
2024-08-28,59415.0,60234.98,57860.0,59034.9,36868.54275,52.69,54.86,50.98,52.91,5624.509765625,5627.02978515625,5560.9501953125,5592.18017578125,3053450000,15.510000228881836,17.889999389648438,15.460000038146973,17.110000610351562,-0.0064179252947433,-0.0059939007947352,0.5967484806619094,0.1084429190545122,0.4742901868417851,0.1222953380284249,0.6644030697198259,0.1931688425291565,0.5291,0.1711000061035156,-0.06764848066190943,0.06265708704900341,0.054809813158214926,0.04880466807509071,-0.13530306971982586,-0.022068836425640892
2024-08-29,59034.9,61166.99,58713.09,59359.01,27020.90743,52.91,53.58,51.7,52.98,5607.2998046875,5646.9501953125,5583.7099609375,5591.9599609375,3065640000,16.540000915527344,16.56999969482422,15.1899995803833,15.649999618530272,0.0054751263752269,-3.937984343658622e-05,0.5960557979552229,0.1078818218087007,0.4729177186542722,0.1231081875067844,0.664824190839398,0.1917245668016724,0.5297999999999999,0.15649999618530272,-0.06625579795522296,0.048618174376602014,0.05688228134572776,0.03339180867851832,-0.1350241908393981,-0.03522457061636969
2024-08-30,59359.0,59944.07,57701.1,59123.99,28519.32195,52.98,53.22,50.5,51.96,5612.740234375,5651.3701171875,5581.7900390625,5648.39990234375,4185850000,15.670000076293944,16.040000915527344,14.779999732971191,15.0,-0.0039671566087142,0.0100424570791441,0.5439634170675802,0.1224097185452983,0.4613402246924142,0.1253674893298716,0.6519575019811201,0.1924002976811626,0.5196000000000001,0.15,-0.024363417067580162,0.0275902814547017,0.05825977530758586,0.024632510670128394,-0.13235750198112006,-0.0424002976811626
2024-09-03,59132.12,59809.65,57415.0,57487.73,22828.18447,52.78,55.73,52.57,55.29,5623.89013671875,5623.89013671875,5504.330078125,5528.93017578125,3866350000,15.760000228881836,21.989999771118164,15.710000038146973,20.719999313354492,-0.0280652304859658,-0.0213779633723976,0.5607932191981377,0.1749337573983831,0.464767542676439,0.1516305490828664,0.6535159733304703,0.2004186604664273,0.5529,0.20719999313354492,-0.00789321919813779,0.032266235735161825,0.08813245732356095,0.05556944405067851,-0.10061597333047034,0.006781332667117612
2024-09-04,57487.74,58519.0,55606.0,57970.9,35560.82146,55.29,58.72,55.08,55.73,5506.68017578125,5552.990234375,5503.66015625,5520.06982421875,3478140000,23.200000762939453,23.309999465942383,19.34000015258789,21.31999969482422,0.0083696267750248,-0.0016038290273809,0.3561331171176942,0.15179770710321,0.4485753854799075,0.1515830896948578,0.6522508172320156,0.200421299800481,0.5573,0.21319999694824218,0.20116688288230583,0.06140228984503218,0.10872461452009252,0.061616907253384395,-0.0949508172320156,0.01277869714776117
2024-09-05,57970.9,58327.07,55643.65,56180.0,27806.91413,55.73,57.3,55.51,56.79,5520.080078125,5546.2998046875,5480.5400390625,5503.41015625,3521650000,20.75,21.530000686645508,19.209999084472656,19.899999618530273,-0.0313803388267203,-0.0030225810146741,0.3705805443155973,0.1517914374981191,0.4606850424873186,0.1353173331929533,0.6568868569027675,0.1882469786692229,0.5679,0.19899999618530273,0.19731945568440268,0.04720855868718363,0.10721495751268134,0.06368266299234943,-0.08898685690276753,0.010753017516079821
2024-09-06,56180.0,57008.0,52550.0,53962.97,54447.76826,56.79,60.77,56.06,59.46,5507.330078125,5522.47021484375,5402.6201171875,5408.419921875,3822800000,21.979999542236328,23.760000228881836,18.829999923706055,22.3799991607666,-0.0402627510802886,-0.0174109445074244,0.3058351664274749,0.169841291735146,0.4730391141075677,0.1523227391811639,0.6636927112423684,0.1946681936311649,0.5946,0.223799991607666,0.28876483357252514,0.05395869987252,0.1215608858924323,0.0714772524265021,-0.06909271124236838,0.029131797976501117
2024-09-09,54869.95,58088.0,54591.96,57042.0,32384.51737,59.32,59.35,58.01,58.82,5442.06982421875,5484.2001953125,5434.490234375,5471.0498046875,3825940000,21.31999969482422,21.40999984741211,19.290000915527344,19.450000762939453,0.0554897680091393,0.0115135344358182,0.5192638915152291,0.1983543865906362,0.5383809241100949,0.1552030844405357,0.6791090903132765,0.1949102193630795,0.5882000000000001,0.19450000762939454,0.06893610848477094,-0.0038543789612416612,0.049819075889905196,0.03929692318885883,-0.09090909031327643,-0.00041021173368496755
2024-09-10,57042.01,58044.36,56386.4,57635.99,23626.78126,58.82,58.83,56.61,57.18,5490.509765625,5497.91015625,5441.72021484375,5495.52001953125,3848180000,19.86000061035156,20.739999771118164,18.899999618530273,19.079999923706055,0.0103593603630522,0.0044626999777935,0.5241687304245968,0.2030820546457143,0.5408418148678842,0.1574239936330245,0.6798702808205245,0.1953172531243981,0.5718,0.19079999923706054,0.0476312695754032,-0.012282055408653764,0.03095818513211579,0.03337600560403603,-0.1080702808205245,-0.004517253887337563
2024-09-11,57635.99,57981.71,55545.19,57338.0,33026.56757,57.18,57.2,54.09,54.84,5496.419921875,5560.41015625,5406.9599609375,5554.1298828125,3839450000,19.40999984741211,21.40999984741211,17.549999237060547,17.690000534057617,-0.0051836187862416,0.0106085556498433,0.524196060122818,0.2045716939046213,0.5132281921801408,0.163963853217735,0.6797621476140495,0.1969490209940672,0.5484,0.17690000534057618,0.024203939877181946,-0.027671688564045116,0.03517180781985918,0.012936152122841188,-0.13136214761404952,-0.020049015653491015
2024-09-12,57338.0,58588.0,57324.0,58132.32,31074.40631,54.84,55.56,53.81,53.96,5557.47998046875,5600.7099609375,5535.5,5595.759765625,3655070000,17.6200008392334,18.59000015258789,16.889999389648438,17.06999969482422,0.0137582112804251,0.0074673521568026,0.5045286080313593,0.1607180652265665,0.5173446812863732,0.1630145271700274,0.6793346428786609,0.1929300838480565,0.5396,0.1706999969482422,0.03507139196864062,0.009981931721675691,0.022255318713626737,0.0076854697782147985,-0.1397346428786609,-0.02223008689981429
2024-09-13,58132.31,60625.0,57632.62,60498.0,29825.23333,53.96,54.26,52.4,52.51,5603.33984375,5636.27001953125,5601.64990234375,5626.02001953125,3500790000,17.030000686645508,17.18000030517578,16.229999542236328,16.559999465942383,0.0398885151769493,0.005393142234356,0.5552071282173754,0.1601290773601866,0.4783346629817367,0.1569560547843427,0.6897539532034558,0.1885983632861165,0.5251,0.16559999465942382,-0.03010712821737538,0.00547091729923721,0.0467653370182633,0.008643939875081108,-0.16465395320345577,-0.02299836862669269
2024-09-16,59132.0,59210.7,57493.3,58213.99,26477.5642,53.21,54.18,52.81,53.29,5615.2099609375,5636.0498046875,5604.52978515625,5633.08984375,3437070000,17.15999984741211,17.690000534057617,16.90999984741211,17.139999389648438,-0.0384846027810325,0.0012558408673102,0.5765726006095947,0.1556853751659978,0.4969298035750233,0.1564098250636329,0.6762785302926171,0.1791830464231991,0.5329,0.1713999938964844,-0.04367260060959466,0.015714618730486574,0.03597019642497673,0.01499016883285148,-0.14337853029261705,-0.007783052526714712
2024-09-17,58213.99,61320.0,57610.01,60313.99,33116.25878,53.29,55.12,53.12,53.12,5655.509765625,5670.81005859375,5614.0498046875,5634.580078125,3443600000,17.15999984741211,18.079999923706055,16.670000076293945,17.610000610351562,0.035438379599161,0.0002645150938964,0.5004053750145777,0.0685160284145267,0.4672971513246534,0.1562828508290616,0.565235186037069,0.1511992176826028,0.5312,0.17610000610351562,0.030794624985422292,0.10758397768898892,0.06390284867534662,0.019817155274454018,-0.03403518603706901,0.02490078842091281
2024-09-18,60313.99,61786.24,59174.8,61759.99,36087.02469,53.12,55.24,51.38,51.59,5641.68017578125,5689.75,5615.080078125,5618.259765625,3691390000,17.579999923706055,19.38999938964844,17.110000610351562,18.229999542236328,0.0236916603421471,-0.0029006587083132,0.425496160723592,0.0729347017914704,0.4753327623272135,0.1544810451913898,0.560011140612127,0.150318893634828,0.5159,0.18229999542236328,0.09040383927640805,0.10936529363089288,0.04056723767278653,0.02781895023097347,-0.04411114061212695,0.03198110178753527
2024-09-19,61759.98,63850.0,61555.0,62947.99,34332.52608,51.59,52.67,50.38,51.95,5702.6298828125,5733.56982421875,5686.419921875,5713.64013671875,4024530000,17.209999084472656,17.270000457763672,16.209999084472656,16.329999923706055,0.0190530860779139,0.0168343568927251,0.4278347679902798,0.1073566653701423,0.4800469579803954,0.1695471489065601,0.5587622293954866,0.1528594565929964,0.5195000000000001,0.16329999923706054,0.09166523200972027,0.05594333386691824,0.0394530420196047,-0.006247149669499574,-0.039262229395486514,0.010440542644064132
2024-09-20,62948.0,64133.32,62350.0,63201.05,25466.37794,51.95,52.89,49.91,50.15,5709.64013671875,5715.14013671875,5674.490234375,5702.5498046875,7867260000,16.350000381469727,16.68000030517578,15.8100004196167,16.149999618530273,0.0040120850615298,-0.0019429136300157,0.4151556992999757,0.1089703097513702,0.4786091413189245,0.1654691051206333,0.4557518788163173,0.1416423577510799,0.5015,0.16149999618530272,0.08634430070002425,0.05252968643393252,0.022890858681075432,-0.003969108935330562,0.045748121183682655,0.019857638434222835
2024-09-23,63578.76,64745.88,62538.75,63339.99,24078.05287,51.13,51.58,50.38,50.45,5711.89990234375,5725.35986328125,5704.22021484375,5718.56982421875,3529550000,16.709999084472656,16.950000762939453,15.75,15.890000343322754,0.0021959682935103,0.0028053344257131,0.4210850217934022,0.1058679438358256,0.4550117153075889,0.1312430871666705,0.4536371721794024,0.1414777761093283,0.5045000000000001,0.15890000343322755,0.08341497820659788,0.053032059597401954,0.04948828469241118,0.027656916266557058,0.050862827820597645,0.017422227323899253
2024-09-24,63339.99,64688.0,62700.0,64262.7,23185.04759,50.45,51.6,50.06,51.52,5727.66015625,5735.31982421875,5698.990234375,5732.93017578125,3872710000,15.869999885559082,16.670000076293945,15.270000457763672,15.390000343322754,0.0144624863793905,0.0025080311033453,0.3762575901338279,0.1046531040174289,0.4561197163320187,0.1299592222216215,0.4482047790693149,0.1413228533466421,0.5152,0.15390000343322754,0.13894240986617207,0.04924689941579864,0.05908028366798129,0.023940781211606033,0.0669952209306851,0.012577150086585442
2024-09-25,64262.7,64817.99,62947.08,63152.01,17813.11168,51.52,51.67,49.52,49.75,5733.64990234375,5741.02978515625,5712.06005859375,5722.259765625,3624910000,15.81999969482422,15.81999969482422,15.170000076293944,15.40999984741211,-0.0174346923431625,-0.0018629832062121,0.2724407878024305,0.1080646270356517,0.4365781662389858,0.1290589731480204,0.4484937585957676,0.1350253513030658,0.4975,0.1540999984741211,0.22505921219756952,0.04603537143846939,0.06092183376101418,0.025041025326100697,0.049006241404232376,0.01907464717105528
2024-09-26,63152.01,65839.0,62670.0,65173.99,28373.30593,49.75,52.52,49.6,52.38,5762.22021484375,5767.3701171875,5721.009765625,5745.3701171875,4391180000,15.0600004196167,15.829999923706056,14.899999618530272,15.369999885559082,0.0315157856913509,0.0040305421581992,0.2587151274915948,0.1075288438268243,0.3847637962426947,0.0902378029166527,0.4452311706330586,0.1350556562529614,0.5238,0.15369999885559082,0.26508487250840523,0.04617115502876652,0.13903620375730535,0.06346219593893812,0.07856882936694143,0.018644342602629427
2024-09-27,65173.99,66498.0,64819.9,65769.95,22048.80487,52.38,53.39,51.29,51.91,5755.35986328125,5763.77978515625,5727.33984375,5738.169921875,3898530000,15.640000343322754,16.969999313354492,15.199999809265137,16.959999084472656,0.0091025841280016,-0.0012540029000721,0.2431651550378571,0.104278907105834,0.3335121052040587,0.0866880783568467,0.4400061214878067,0.1282955532116647,0.5191,0.16959999084472657,0.27593484496214293,0.06532108373889257,0.1855878947959413,0.08291191248787987,0.0790938785121933,0.04130443763306188
2024-09-30,65602.01,65618.8,62856.3,63327.59,30011.08752,54.02,55.56,53.63,54.21,5726.52001953125,5765.14013671875,5703.52978515625,5762.47998046875,4425730000,17.010000228881836,17.790000915527344,16.469999313354492,16.729999542236328,-0.0378419519181555,0.0042276036584415,0.3571471648637691,0.0443097486511546,0.3907638914614926,0.0866381974755175,0.4529050344564284,0.1285862271296035,0.5421,0.1672999954223633,0.18495283513623095,0.12299024677120869,0.15133610853850743,0.08066179794684579,0.08919496554357165,0.0387137682927598
2024-10-01,63327.6,64130.63,60164.0,60805.78,43671.48108,54.21,57.23,54.19,56.64,5757.72998046875,5757.72998046875,5681.27978515625,5708.75,4025180000,16.959999084472656,20.729999542236328,16.610000610351562,19.260000228881836,-0.0406362449266593,-0.0093678486944544,0.4330048805281688,0.0769297355143021,0.4378250943224486,0.0953794849051781,0.4691190062885496,0.1295550833324652,0.5664,0.19260000228881835,0.1333951194718312,0.11567026677451625,0.12857490567755142,0.09722051738364025,0.09728099371145044,0.06304491895635314
2024-10-02,60804.92,62390.31,60000.0,60649.28,31534.70118,56.64,57.34,56.06,56.35,5698.14013671875,5719.6298828125,5674.0,5709.5400390625,3829050000,19.649999618530273,20.36000061035156,18.579999923706055,18.899999618530273,-0.0025770863167755,0.0001383813269864,0.4303719226186842,0.074703106898095,0.4363910235821749,0.0921933582507787,0.4686329972866488,0.1293337633840863,0.5635,0.18899999618530272,0.13312807738131582,0.11429688928720771,0.1271089764178251,0.09680663793452401,0.09486700271335119,0.05966623280121641
2024-10-03,60649.27,61477.19,59828.11,60752.71,26221.43472,56.35,57.78,55.97,57.45,5698.18994140625,5718.77978515625,5677.3701171875,5699.93994140625,3597450000,19.6299991607666,20.75,19.15999984741211,20.489999771118164,0.0017039263528479,-0.0016828286544586,0.4110162116237934,0.0724600083722931,0.4026335634709576,0.0911909961712875,0.4569437356775603,0.1290515078748831,0.5745,0.20489999771118164,0.16348378837620658,0.13243998933888854,0.17186643652904243,0.11370900153989415,0.11755626432243971,0.07584848983629855
2024-10-04,60752.72,62484.85,60459.9,62086.0,21294.65994,57.45,57.98,55.29,55.53,5737.47998046875,5753.2099609375,5702.830078125,5751.06982421875,3479400000,20.479999542236328,20.479999542236328,18.479999542236328,19.209999084472656,0.0217088304100372,0.0089302556991863,0.4394895293996834,0.0922099113457813,0.3698948991082288,0.097325104607863,0.4596161237432258,0.1281010969652018,0.5553,0.19209999084472656,0.11581047060031663,0.09989007949894527,0.1854051008917712,0.09477488623686356,0.09568387625677421,0.06399889387952476
2024-10-07,62819.91,64478.19,62128.0,62224.0,25966.1852,57.17,57.45,55.48,56.6,5737.7998046875,5739.33984375,5686.85009765625,5695.93994140625,3637790000,20.760000228881836,23.030000686645508,20.649999618530273,22.63999938964844,0.0022202567241526,-0.0096322638293887,0.3748435134186958,0.1068667686173674,0.3420070381447794,0.10817481938024,0.4256235150946915,0.1278421766646759,0.5660000000000001,0.2263999938964844,0.19115648658130424,0.11953322527911701,0.22399296185522066,0.11822517451624441,0.14037648490530857,0.09855781723180851
2024-10-08,62224.01,63200.0,61860.31,62160.49,19702.22371,55.72,56.01,54.35,55.63,5719.14013671875,5757.60009765625,5714.56005859375,5751.1298828125,3393400000,22.920000076293945,23.13999938964844,21.13999938964844,21.420000076293945,-0.0010211885021863,0.0096427068046943,0.3617034122640395,0.1252083414597923,0.3277140854147969,0.112902786529374,0.4221886120262403,0.1301428069170879,0.5563,0.21420000076293946,0.1945965877359605,0.08899165930314717,0.2285859145852031,0.10129721423356547,0.1341113879737597,0.08405719384585156
2024-10-09,62160.5,62543.75,60301.0,60636.02,20011.15684,55.63,56.85,55.52,56.11,5751.7998046875,5796.7998046875,5745.02001953125,5792.0400390625,3650340000,21.979999542236328,22.010000228881836,20.709999084472656,20.86000061035156,-0.0248304829764271,0.0070882310169945,0.3230745697978782,0.1300390046875336,0.332310428043728,0.0934173617316523,0.3953642567523122,0.1314067001494969,0.5611,0.2086000061035156,0.23802543020212186,0.07856100141598199,0.22878957195627203,0.11518264437186329,0.16573574324768786,0.07719330595401869
2024-10-10,60636.01,61321.68,58946.0,60326.39,23967.92481,56.12,56.64,54.47,54.97,5778.35986328125,5795.02978515625,5764.759765625,5780.0498046875,3208790000,20.90999984741211,21.38999938964844,20.63999938964844,20.93000030517578,-0.0051194528325319,-0.0020722685059824,0.2169453533095455,0.1124163145756669,0.3310053413422974,0.0934972201364578,0.3951796120572953,0.1300854753901426,0.5497,0.2093000030517578,0.33275464669045446,0.0968836884760909,0.21869465865770255,0.11580278291530001,0.15452038794270467,0.07921452766161521
2024-10-11,60326.4,63417.56,60087.64,62540.0,23641.35209,54.97,57.63,54.66,57.51,5775.08984375,5822.1298828125,5775.08984375,5815.02978515625,3208720000,20.8700008392334,21.15999984741211,20.13999938964844,20.459999084472656,0.0360366989274491,0.0060336087072987,0.3099207397829218,0.1143635152777119,0.3707041409690727,0.0957065991547704,0.4080900848397083,0.1308114148377335,0.5751,0.20459999084472658,0.26517926021707816,0.09023647556701468,0.20439585903092722,0.10889339168995618,0.16700991516029162,0.07378857600699307
2024-10-14,62870.02,66500.0,62457.81,66083.99,37669.95222,57.14,59.53,57.05,57.85,5829.81005859375,5871.41015625,5829.56982421875,5859.85009765625,3005250000,20.86000061035156,20.86000061035156,19.690000534057617,19.700000762939453,0.0551201567160789,0.0076781145745943,0.4321310655127492,0.113374844513797,0.4374976685116124,0.0995194132548736,0.4358942331857545,0.1296129199461625,0.5785,0.19700000762939454,0.1463689344872508,0.08362516311559755,0.1410023314883876,0.09748059437452095,0.14260576681424553,0.06738708768323204
2024-10-15,66084.0,67950.0,64800.01,67074.14,43683.95423,57.85,59.48,56.4,58.15,5866.740234375,5870.35986328125,5804.47998046875,5815.259765625,3882120000,19.61000061035156,20.88999938964844,19.440000534057617,20.63999938964844,0.0148720660152124,-0.0076385660375134,0.4276139605995296,0.125733909605337,0.4311077680112858,0.1061692922579172,0.4263555347826675,0.113964942840398,0.5815,0.20639999389648442,0.1538860394004704,0.08066608429114741,0.1503922319887142,0.10023070163856722,0.1551444652173325,0.09243505105608642
2024-10-16,67074.14,68424.0,66750.49,67620.01,29938.25544,58.15,60.16,57.18,57.44,5816.580078125,5846.52001953125,5808.33984375,5842.47021484375,3467230000,20.770000457763672,21.010000228881836,19.450000762939453,19.579999923706055,0.0081053704039833,0.0046682327827797,0.4239583055926174,0.0984669442446235,0.4135469830964475,0.106538326639178,0.4263388328554647,0.1138427505118819,0.5744,0.19579999923706054,0.15044169440738264,0.09733305499243704,0.16085301690355253,0.08926167259788254,0.14806116714453532,0.08195724872517864
2024-10-17,67620.0,67939.4,66666.0,67421.78,25328.22861,57.44,58.17,55.91,56.4,5875.6201171875,5878.4599609375,5840.25,5841.47021484375,3480010000,19.549999237060547,19.649999618530273,18.8799991607666,19.11000061035156,-0.0029358340463448,-0.0001711751285381,0.4265531502090884,0.0905822218102037,0.4130491828321962,0.1061537666937205,0.4129302424672353,0.113070414169976,0.564,0.1911000061035156,0.13744684979091154,0.1005177842933119,0.15095081716780373,0.08494623940979511,0.15106975753276464,0.0780295919335396
2024-10-18,67421.78,69000.0,67192.36,68428.0,28725.635,56.4,56.53,54.44,55.18,5859.43017578125,5872.169921875,5846.10986328125,5864.669921875,3374490000,19.299999237060547,19.31999969482422,17.989999771118164,18.030000686645508,0.0148139864714204,0.0039636869427743,0.3423254103399989,0.0853264673643774,0.3736958629162958,0.1060172609312327,0.3894008536003137,0.0970398525938208,0.5518,0.1803000068664551,0.20947458966000104,0.09497353950207768,0.17810413708370415,0.07428274593522238,0.16239914639968628,0.08326015427263429
2024-10-21,69032.0,69519.52,66840.67,67377.5,31374.42184,56.66,57.2,54.29,55.69,5857.81982421875,5866.919921875,5824.7900390625,5853.97998046875,3407010000,18.780000686645508,19.34000015258789,18.36000061035156,18.3700008392334,-0.015470963297894,-0.001824432756419,0.3748504033733911,0.0848682218488518,0.3255816559437218,0.0956925556414211,0.3677777618845634,0.0941700733823105,0.5569,0.183700008392334,0.18204959662660886,0.0988317865434822,0.23131834405627816,0.0880074527509129,0.18912223811543655,0.0895299350100235
2024-10-22,67377.5,67836.01,66571.42,67426.0,24598.96268,55.7,55.92,54.61,55.77,5832.7001953125,5863.0400390625,5821.169921875,5851.2001953125,3342080000,18.790000915527344,19.440000534057617,18.049999237060547,18.200000762939453,0.0007195659176902,-0.0004749666671957,0.3540562615860813,0.0801347671123849,0.3239332774938659,0.0959333903673177,0.3677437438082516,0.094251541324929,0.5577000000000001,0.18200000762939453,0.2036437384139188,0.10186524051700963,0.23376672250613417,0.08606661726207683,0.1899562561917485,0.08774846630446553
2024-10-23,67426.01,67472.83,65260.0,66668.65,25530.2407,55.77,56.55,54.53,56.29,5834.5,5834.85009765625,5762.41015625,5797.419921875,3532650000,18.209999084472656,20.469999313354492,18.18000030517578,19.239999771118164,-0.011295872772437,-0.0092338242676795,0.1913004589541017,0.0840770556806067,0.333060167885365,0.1059936467824465,0.3696693505175411,0.0961933479952595,0.5629,0.19239999771118163,0.37159954104589826,0.10832294203057494,0.22983983211463493,0.08640635092873514,0.19323064948245888,0.09620664971592213
2024-10-24,66668.65,68850.0,66510.0,68198.28,22589.83877,56.29,57.31,54.37,57.3,5817.7998046875,5817.7998046875,5784.919921875,5809.85986328125,3543030000,18.8700008392334,20.239999771118164,18.6299991607666,19.079999923706055,0.0226845171526348,0.0021434731305568,0.218465240493989,0.0741248738029975,0.3339405836134111,0.1001634948136804,0.3723968736736717,0.0945121699405987,0.573,0.19079999923706054,0.354534759506011,0.11667512543406304,0.23905941638658884,0.09063650442338013,0.20060312632632826,0.09628782929646183
2024-10-25,68198.27,68771.49,65596.29,66698.33,34479.71125,57.3,58.09,54.62,58.08,5826.75,5862.81982421875,5799.97998046875,5808.1201171875,3501280000,19.219999313354492,20.510000228881836,18.229999542236328,20.329999923706055,-0.0222394294631636,-0.0002994920131862,0.2574258443995326,0.0661780412920615,0.3557246758589353,0.0886143055050206,0.36576072770645,0.093781765678021,0.5808,0.20329999923706055,0.3233741556004674,0.13712195794499904,0.22507532414106468,0.11468569373203995,0.21503927229354997,0.10951823355903954
2024-10-28,68021.69,70270.0,67618.0,69962.21,29046.75459,57.18,57.81,55.42,57.78,5833.93017578125,5842.919921875,5823.080078125,5823.52001953125,3691280000,19.11000061035156,19.8799991607666,18.90999984741211,19.799999237060547,0.0477753240042912,0.0026479346267329,0.3933091620431216,0.0694592400845619,0.3975986959903055,0.0805979682553186,0.3656692641184583,0.0938935148997226,0.5778,0.19799999237060548,0.18449083795687837,0.12854075228604356,0.18020130400969447,0.11740202411528687,0.2121307358815417,0.10410647747088288
2024-10-29,69962.21,73620.12,69760.0,72736.42,50128.60594,57.78,60.71,57.13,59.83,5819.68017578125,5847.18994140625,5802.169921875,5832.919921875,3879100000,19.75,20.530000686645508,19.059999465942383,19.34000015258789,0.0388869828293775,0.0016128259449012,0.44139049158606,0.0644515520289169,0.3859566547900547,0.0756350873161867,0.3681991717988391,0.0938695499932129,0.5982999999999999,0.1934000015258789,0.15690950841393997,0.128948449496962,0.21234334520994524,0.1177649142096922,0.23010082820116085,0.09953045153266601
2024-10-30,72736.41,72961.0,71436.0,72344.74,26885.99056,58.81,59.24,57.48,59.11,5832.64990234375,5850.93994140625,5811.27978515625,5813.669921875,3851120000,19.329999923706055,20.440000534057617,19.299999237060547,20.350000381469727,-0.0053994736683439,-0.0033056916724881,0.4219112600680283,0.0660568371163383,0.38621318296654,0.0766235382987146,0.3658654666152603,0.0940287516350188,0.5911,0.20350000381469727,0.16918873993197164,0.137443166698359,0.20488681703345996,0.12687646551598267,0.22523453338473964,0.10947125217967847
2024-10-31,72344.75,72700.0,69685.76,70292.01,29352.10297,59.11,60.11,57.97,58.23,5775.33984375,5775.33984375,5702.85986328125,5705.4501953125,4425660000,21.440000534057617,23.420000076293945,21.1200008392334,23.15999984741211,-0.028784611695911,-0.0187901349287453,0.482439432135045,0.1251064620041312,0.4084623508646029,0.1074944384906936,0.3763294089799349,0.0989183759212051,0.5822999999999999,0.2315999984741211,0.09986056786495495,0.10649353646998991,0.173837649135397,0.12410555998342751,0.20597059102006504,0.132681622552916
2024-11-01,70292.01,71632.95,68820.14,69496.01,38301.86755,58.23,59.95,57.92,59.77,5723.22021484375,5772.52001953125,5723.22021484375,5728.7998046875,3796450000,22.959999084472656,23.09000015258789,21.15999984741211,21.8799991607666,-0.0113887957455068,0.0040841580045254,0.4825792209988634,0.1254522249928923,0.3547642217665242,0.1026079224274901,0.3788493881278298,0.0994558964594494,0.5977,0.21879999160766603,0.1151207790011366,0.09334776661477373,0.24293577823347579,0.11619206918017592,0.2188506118721702,0.11934409514821663
2024-11-04,68775.99,69500.0,66835.0,67850.01,29800.39187,62.49,64.97,61.77,64.97,5725.14990234375,5741.43017578125,5696.509765625,5712.68994140625,3602060000,22.5,23.06999969482422,21.729999542236328,21.979999542236328,-0.0239698071859802,-0.0028160448131902,0.495575046570033,0.1225648601770243,0.3688274434818377,0.0991005264476207,0.3869347969780372,0.0994876951584452,0.6496999999999999,0.21979999542236328,0.15412495342996696,0.09723513524533899,0.28087255651816223,0.12069946897474258,0.26276520302196277,0.12031230026391808
2024-11-05,67850.01,70577.91,67476.63,69372.01,33355.06888,64.97,65.56,61.74,63.71,5722.43017578125,5783.43994140625,5722.10009765625,5782.759765625,3768310000,21.979999542236328,22.059999465942383,20.200000762939453,20.489999771118164,0.0221839383739041,0.012191031029563,0.48618900625774,0.1511702329819874,0.378915612750931,0.1121240612385255,0.3896825002255571,0.1054192648667549,0.6371,0.20489999771118164,0.15091099374226002,0.053729764729194246,0.258184387249069,0.09277593647265614,0.24741749977444288,0.09948073284442674
2024-11-06,69372.01,76400.0,69298.0,75571.99,104126.994787,63.71,63.95,54.52,55.97,5864.89013671875,5936.14013671875,5864.89013671875,5929.0400390625,6329530000,16.059999465942383,16.81999969482422,15.4399995803833,16.270000457763672,0.0856022398482151,0.0249812809571866,0.6495034314424729,0.2166765705310189,0.5180056142185181,0.1565504219649946,0.4530396452676503,0.1271324232801119,0.5597,0.16270000457763673,-0.08980343144247294,-0.05397656595338218,0.04169438578148188,0.006149582612642118,0.1066603547323497,0.035567581297524825
2024-11-07,75571.99,76849.99,74416.0,75857.89,44869.422345,55.97,55.97,53.25,53.55,5947.2099609375,5983.83984375,5947.2099609375,5973.10009765625,4925740000,15.859999656677246,15.859999656677246,15.130000114440918,15.199999809265137,0.0037760095920657,0.0074037541739956,0.6197112961746288,0.2183864664072285,0.5173699581775075,0.1584548190796746,0.4465424843717806,0.128160644806419,0.5355,0.15199999809265136,-0.08421129617462886,-0.06638646831457715,0.01813004182249245,-0.006454820987023241,0.08895751562821935,0.02383935328623235
2024-11-08,75857.89,77199.99,75555.0,76509.78,36521.099583,53.55,53.89,49.53,49.85,5976.759765625,6012.4501953125,5976.759765625,5995.5400390625,4666740000,15.130000114440918,15.329999923706056,14.65999984741211,14.9399995803833,0.0085568543195202,0.003749794035718,0.6145623723699174,0.2133422051729623,0.5067475996669786,0.1580827598923748,0.4465023526560006,0.1281161159264884,0.4985,0.149399995803833,-0.1160623723699174,-0.06394220936912928,-0.008247599666978578,-0.008682764088541794,0.05199764734399942,0.02128387987734462
2024-11-11,80370.01,89530.54,80216.01,88647.99,82323.665776,53.28,61.76,51.36,61.52,6008.85986328125,6017.31005859375,5986.68994140625,6001.35009765625,4333000000,15.329999923706056,15.5600004196167,14.890000343322754,14.970000267028809,0.147254783029807,0.0009685941909569,0.974385864909262,0.1451868245426502,0.7718862450301549,0.1578149828457421,0.5909349930989116,0.1278528221508686,0.6152000000000001,0.14970000267028807,-0.35918586490926196,0.004513178127637879,-0.15668624503015482,-0.008114980175454034,0.02426500690108846,0.021847180519419473
2024-11-12,88648.0,89940.0,85072.0,87952.01,97299.887911,61.52,62.28,57.65,57.69,6003.60009765625,6009.919921875,5960.080078125,5983.990234375,4243400000,15.09000015258789,15.369999885559082,14.6899995803833,14.710000038146973,-0.0078820340116355,-0.0028968514769364,0.9678596383154938,0.1570809316985227,0.7693738913650676,0.1513776669282577,0.5733251867340352,0.1244680772874508,0.5769,0.14710000038146973,-0.39095963831549385,-0.009980931317052966,-0.19247389136506765,-0.0042776665467879615,0.0035748132659647602,0.02263192309401893
2024-11-13,87952.0,93265.64,86127.99,90375.2,86763.854127,57.69,62.34,56.01,58.54,5985.75,6008.18994140625,5965.91015625,5985.3798828125,4220180000,15.09000015258789,15.260000228881836,13.770000457763672,14.020000457763672,0.0271785686611841,0.0002322007641401,0.8850930466842865,0.1506442855398355,0.7699377115536081,0.1516237749471861,0.5731002157076168,0.1244589996767495,0.5854,0.1402000045776367,-0.2996930466842864,-0.010444280962198793,-0.1845377115536081,-0.01142377036954939,0.012299784292383209,0.0157410049008872
2024-11-14,90375.21,91790.0,86668.21,87325.59,56729.51086,58.54,61.79,57.03,59.46,5989.68017578125,5993.8798828125,5942.27978515625,5949.169921875,4184570000,14.170000076293944,14.31999969482422,13.59000015258789,14.3100004196167,-0.0343263464379091,-0.006068108582244,0.9937033214744808,0.1619098341995004,0.7843972715228156,0.1553421787425718,0.5887333357150233,0.1260939936996372,0.5946,0.143100004196167,-0.3991033214744808,-0.01880983000333339,-0.18979727152281556,-0.012242174546404805,0.00586666428497673,0.017006010496529805
2024-11-15,87325.59,91850.0,87073.38,91032.07,47927.95068,59.46,61.71,56.29,56.29,5912.7900390625,5915.31982421875,5853.009765625,5870.6201171875,4590960000,15.020000457763672,17.549999237060547,14.5600004196167,16.139999389648438,0.0415683149748234,-0.0132914308667937,0.9285678250330516,0.1080044605975096,0.7804534439964715,0.1677114972165776,0.5943385056237773,0.1309569576378734,0.5629,0.16139999389648438,-0.3656678250330516,0.053395533298974784,-0.21755344399647158,-0.006311503320093226,-0.03143850562377737,0.030443036258610973
2024-11-18,89855.98,92594.0,89376.9,90464.08,46545.03448,57.23,59.76,57.13,58.3,5874.169921875,5908.1201171875,5865.9501953125,5893.6201171875,3983860000,16.600000381469727,17.0,15.350000381469728,15.579999923706056,-0.0062589961743105,0.0039101597462065,0.9407942529990656,0.0975525802418272,0.7814370002468112,0.1682692673186963,0.5961500152002522,0.1275218408951063,0.583,0.15579999923706056,-0.35779425299906564,0.05824741899523336,-0.1984370002468112,-0.012469268081635732,-0.013150015200252274,0.028278158341954268
2024-11-19,90464.07,93905.51,90357.0,92310.79,43660.04682,58.3,60.25,57.62,58.25,5870.0498046875,5923.509765625,5855.2900390625,5916.97998046875,4036940000,15.4399995803833,17.93000030517578,15.369999885559082,16.350000381469727,0.020208170244353,0.0039557505205964,0.9347380922878163,0.098061270257471,0.7756415351424653,0.1677046851381399,0.5951484066971127,0.1252710897263931,0.5825,0.16350000381469726,-0.35223809228781633,0.06543873355722626,-0.19314153514246524,-0.0042046813234426494,-0.012648406697112646,0.03822891408830417
2024-11-20,92310.8,94831.97,91500.0,94286.56,42203.198712,58.25,62.64,57.71,60.18,5914.33984375,5920.669921875,5860.56005859375,5917.10986328125,3772620000,16.190000534057617,18.790000915527344,16.040000915527344,17.15999984741211,0.0211776195370802,2.19506213354446e-05,0.4129320709516753,0.0970640079818629,0.7463752408229808,0.1409721370637912,0.5844556577788536,0.1239280919707868,0.6018,0.1715999984741211,0.18886792904832472,0.0745359904922582,-0.1445752408229808,0.030627861410329915,0.017344342221146447,0.047671906503334305
2024-11-21,94286.56,98988.0,94040.0,98317.12,69228.360477,60.18,66.84,60.12,61.29,5940.580078125,5963.31982421875,5887.259765625,5948.7099609375,4230120000,17.100000381469727,17.989999771118164,15.729999542236328,16.8700008392334,0.0418595170994526,0.0053262518442884,0.4357103711420971,0.1060645174417552,0.7357286836869646,0.1413233639149151,0.5864583084615599,0.1243380562945052,0.6129,0.16870000839233398,0.1771896288579029,0.06263549095057878,-0.12282868368696465,0.027376644477418888,0.026441691538440115,0.04436195209782878
2024-11-22,98317.12,99588.01,97122.11,98892.0,46189.309243,61.29,64.09,60.47,60.78,5944.35986328125,5972.89990234375,5944.35986328125,5969.33984375,4141420000,16.670000076293945,17.559999465942383,15.239999771118164,15.239999771118164,0.005830172847894,0.0034619595915364,0.4313381258399195,0.1091667793197811,0.707784519642645,0.1390735541476922,0.5841460841727182,0.1236474458707216,0.6078,0.15239999771118165,0.17646187416008052,0.043233218391400555,-0.09998451964264499,0.013326443563489443,0.023653915827281824,0.02875255184046005
2024-11-25,97900.05,98871.8,92600.19,93010.01,50847.45096,64.09,64.34,60.46,60.65,5992.27978515625,6020.75,5963.91015625,5987.3701171875,5633150000,15.229999542236328,15.720000267028809,14.539999961853027,14.600000381469728,-0.061321223799556,0.0030159278201245,0.5650640731921532,0.1027146088499283,0.8011071432608019,0.1328037426656765,0.6119505482931175,0.1221469847900045,0.6065,0.14600000381469727,0.0414359268078468,0.04328539496476898,-0.19460714326080186,0.013196261149020783,-0.005450548293117419,0.023853019024692765
2024-11-26,93010.01,94973.37,90791.1,91965.16,57858.73138,60.65,62.18,57.73,61.23,6000.02978515625,6025.419921875,5992.27001953125,6021.6298828125,3835170000,14.949999809265137,15.029999732971191,13.880000114440918,14.100000381469728,-0.0112973120961308,0.0057056971552638,0.5247123894778075,0.0295522577427205,0.7535802222509205,0.0866731671297753,0.6153484032542327,0.1203235386424148,0.6123,0.1410000038146973,0.08758761052219244,0.1114477460719768,-0.14128022225092052,0.054326836684922,-0.0030484032542327233,0.0206764651722825
2024-11-27,91965.16,97208.21,91792.14,95863.11,41153.42734,61.23,61.34,58.51,59.73,6014.10986328125,6020.16015625,5984.8701171875,5998.740234375,3363340000,14.279999732971191,15.130000114440918,13.960000038146973,14.100000381469728,0.0415114266779128,-0.0038084810835777,0.571414102122524,0.0532478862979094,0.7606071072162172,0.0838921120263392,0.6217923052562683,0.1206849552701522,0.5972999999999999,0.1410000038146973,0.025885897877475972,0.0877521175167879,-0.16330710721621722,0.057107891788358095,-0.024492305256268332,0.020315048544545092
2024-11-29,95643.99,98619.99,95364.99,97460.0,27701.78231,57.57,58.82,55.19,56.11,6003.97998046875,6044.169921875,6003.97998046875,6032.3798828125,2444420000,14.0,14.149999618530272,13.489999771118164,13.510000228881836,0.0165208010638874,0.0055921203968016,0.5686029438220208,0.0559313783341112,0.7597004952287472,0.0857027386735403,0.6203861095574393,0.1214026168764539,0.5611,0.13510000228881835,-0.007502943822020769,0.07916862395470715,-0.19860049522874712,0.04939726361527806,-0.05928610955743929,0.013697385412364455
2024-12-02,97185.17,98130.0,94395.0,95840.62,37958.66981,57.2,58.24,55.85,55.94,6040.10986328125,6053.580078125,6035.330078125,6047.14990234375,4412470000,14.079999923706056,14.100000381469728,13.300000190734863,13.34000015258789,-0.0167554339539536,0.0024454638805813,0.5764884767876461,0.0527493732184977,0.4846947550642516,0.0861082219923293,0.625988554988062,0.1211678897235424,0.5594,0.13340000152587891,-0.017088476787646134,0.0806506283073812,0.07470524493574843,0.04729177953354961,-0.06658855498806204,0.01223211180233652
2024-12-03,95840.61,96305.52,93578.17,95849.69,35827.32283,56.77,56.98,55.21,56.5,6042.97021484375,6052.06982421875,6033.39013671875,6049.8798828125,4095000000,13.380000114440918,13.770000457763672,13.1899995803833,13.300000190734863,9.463180488125696e-05,0.0004513472420221,0.5064321700925749,0.0522366827298201,0.4815740130731375,0.0846752086122247,0.6218309427317824,0.1208826171974127,0.565,0.13300000190734862,0.05856782990742504,0.08076331917752852,0.08342598692686243,0.048324793295123916,-0.05683094273178246,0.012117384709935924
2024-12-04,95849.69,99000.0,94587.83,98587.32,43850.53728,56.5,57.76,54.85,57.17,6069.39013671875,6089.83984375,6061.06005859375,6086.490234375,4003390000,13.15999984741211,13.609999656677246,12.890000343322754,13.449999809265137,0.0281614176668814,0.0060331816281361,0.5405309134638001,0.0565160390634495,0.4824235653946245,0.0874752595910426,0.6226870970961113,0.1216164947118614,0.5717,0.13449999809265137,0.031169086536199875,0.07798395902920187,0.08927643460537549,0.047024738501608765,-0.05098709709611127,0.012883503380789973
2024-12-05,98587.32,104088.0,90500.0,96945.63,109921.729662,57.17,64.09,56.14,60.96,6089.02978515625,6094.5498046875,6072.89990234375,6075.10986328125,4212020000,13.460000038146973,13.699999809265137,13.260000228881836,13.539999961853027,-0.0167923470412215,-0.0018715258393823,0.3685601313761258,0.0628942889316444,0.4590305676712201,0.082383105219015,0.6247253274945435,0.1178823501739814,0.6096,0.13539999961853028,0.24103986862387422,0.07250571068688588,0.15056943232877995,0.05301689439951528,-0.015125327494543428,0.01751764944454888
2024-12-06,96945.63,101898.99,95981.72,99740.84,45049.5331,60.96,61.45,56.88,58.44,6081.3798828125,6099.97021484375,6079.97998046875,6090.27001953125,3924830000,13.619999885559082,13.739999771118164,12.699999809265137,12.770000457763672,0.0284249160874968,0.0024923453675383,0.367681122060613,0.0578644117646719,0.4432163782935476,0.047141117408002,0.6257607585030055,0.1179017012609668,0.5844,0.12770000457763672,0.21671887793938704,0.06983559281296482,0.14118362170645243,0.08055888716963472,-0.04136075850300547,0.00979830331666992
2024-12-09,101109.6,101215.93,94150.05,97276.47,53949.11595,58.15,59.8,58.12,59.74,6083.009765625,6088.509765625,6048.6298828125,6052.85009765625,4556460000,13.359999656677246,14.229999542236328,13.350000381469728,14.1899995803833,-0.0250180914265559,-0.0061631672852274,0.3568539798198432,0.0679812923232667,0.4605140687037174,0.0595515025850839,0.6271581077771178,0.1199177282650015,0.5974,0.141899995803833,0.24054602018015686,0.0739187034805663,0.13688593129628263,0.0823484932187491,-0.029758107777117737,0.021982267538831507
2024-12-10,97276.48,98270.0,94256.54,96593.0,51708.68933,59.74,60.23,57.56,59.18,6057.58984375,6065.39990234375,6029.89013671875,6034.91015625,4048410000,14.300000190734863,14.539999961853027,13.859999656677246,14.18000030517578,-0.0070508557281579,-0.0029682843142792,0.3446383547066956,0.0645046656953683,0.4577910075636628,0.0621178341980756,0.6205164444633084,0.1205032783723892,0.5918,0.1418000030517578,0.24716164529330437,0.0772953373563895,0.13400899243633718,0.0796821688536822,-0.028716444463308455,0.021296724679368606
2024-12-11,96593.0,101888.0,95658.24,101125.0,37753.78291,59.18,61.53,59.18,59.94,6060.14990234375,6092.58984375,6060.14990234375,6084.18994140625,4269950000,14.420000076293944,14.43000030517578,13.520000457763672,13.579999923706056,0.0458511005539251,0.0081326264113682,0.4224661927481423,0.0804043575323302,0.4875349111643802,0.0678702645170214,0.6235810340504132,0.1221727537721538,0.5993999999999999,0.13579999923706057,0.17693380725185764,0.05539564170473037,0.11186508883561974,0.06792973472003917,-0.024181034050413275,0.013627245464906776
2024-12-12,101125.0,102540.0,99311.64,100004.29,29232.08745,59.94,61.66,59.12,60.14,6074.2900390625,6079.68017578125,6051.25,6051.25,3678010000,13.729999542236328,13.949999809265137,13.390000343322754,13.920000076293944,-0.0111442903107431,-0.0054287314614632,0.4360894929432642,0.088980458874998,0.4609978954849998,0.0727798196990748,0.6251129945920414,0.123036113100881,0.6014,0.13920000076293942,0.16531050705673583,0.05021954188794142,0.14040210451500024,0.06642018106386463,-0.023712994592041348,0.016163887662058424
2024-12-13,100004.29,101895.26,99205.0,101424.25,21904.03923,60.14,60.32,58.3,59.0,6068.169921875,6078.580078125,6035.77001953125,6051.08984375,3584960000,13.56999969482422,14.25,13.239999771118164,13.8100004196167,0.0140991293706865,-2.646698937187397e-05,0.4137487947645227,0.0786443369908279,0.4639280610438306,0.0721999780487098,0.6137733136159655,0.1073894206421537,0.59,0.138100004196167,0.17625120523547727,0.0594556672053391,0.12607193895616936,0.0659000261474572,-0.023773313615965574,0.030710583554013293
2024-12-16,104463.99,107793.07,103333.0,106058.66,41302.40274,60.65,61.74,58.52,58.54,6063.7900390625,6085.18994140625,6059.14013671875,6074.080078125,4391100000,14.369999885559082,14.6899995803833,13.989999771118164,14.6899995803833,0.04468012283266,0.0037921550087844,0.4467542869149872,0.0827392640776521,0.3975617853661754,0.072699412263524,0.6165369964086705,0.1073425683967628,0.5854,0.146899995803833,0.13864571308501283,0.0641607317261809,0.1878382146338246,0.074200583540309,-0.031136996408670514,0.0395574274070702
2024-12-17,106058.65,108353.0,105321.49,106133.74,29064.936466,58.54,59.72,57.7,59.51,6052.5498046875,6057.68017578125,6035.18994140625,6050.60986328125,4544500000,14.979999542236328,15.9399995803833,14.779999732971191,15.869999885559082,0.0007076596818099,-0.0038714794806554,0.4369760376256273,0.0834174219039646,0.3886218861896475,0.0721041913579046,0.6073795844908094,0.1077924920505934,0.5951,0.15869999885559083,0.15812396237437265,0.07528257695162623,0.20647811381035247,0.08659580749768622,-0.012279584490809459,0.050907506804997435
2024-12-18,106133.74,106524.98,100000.0,100204.01,50307.99755,59.51,60.52,58.67,60.49,6047.64990234375,6070.669921875,5867.7900390625,5872.16015625,5246960000,15.56999969482422,28.31999969482422,14.81999969482422,27.6200008392334,-0.0574917891430019,-0.0299365053045181,0.5668903807677237,0.1942895029315249,0.4554216139022229,0.1472833107803241,0.6420026233971762,0.1378544238462077,0.6049,0.276200008392334,0.038009619232276304,0.08191050546080911,0.14947838609777708,0.12891669761200988,-0.03710262339717618,0.1383455845461263
2024-12-19,100204.01,102800.11,95700.0,97461.86,55147.398,60.56,60.82,58.43,59.6,5912.7099609375,5935.52001953125,5866.06982421875,5867.080078125,4896880000,21.61000061035156,24.1200008392334,20.15999984741211,24.09000015258789,-0.0277470858240993,-0.0008654867505367,0.5969979120530001,0.1953152253302785,0.4687835276784729,0.1437413708464671,0.6128677709355947,0.1167204116337993,0.596,0.2409000015258789,-0.0009979120530001495,0.04558477619560039,0.12721647232152705,0.0971586306794118,-0.016867770935594772,0.1241795898920796
2024-12-20,97461.86,98233.0,92232.54,97805.44,62884.1357,59.6,64.45,58.66,58.87,5842.0,5982.06005859375,5832.2998046875,5930.85009765625,8223220000,24.13999938964844,26.510000228881836,17.81999969482422,18.36000061035156,0.0035190772297435,0.0108104794023972,0.5122752850341797,0.2028345386808629,0.4625858859798781,0.1528325888294772,0.6128853565501894,0.1190807552644438,0.5887,0.1836000061035156,0.07642471496582026,-0.019234532577347307,0.1261141140201219,0.030767417274038394,-0.024185356550189385,0.0645192508390718
2024-12-23,95186.28,96538.92,92520.0,94881.47,32810.76703,61.43,64.59,59.28,60.21,5940.25,5978.25,5902.56982421875,5974.06982421875,3593280000,18.09000015258789,20.020000457763672,16.739999771118164,16.780000686645508,-0.0303517708316776,0.0072608495856163,0.534784785958683,0.2122242298271472,0.4819447252039703,0.1570916887302412,0.6231265896808826,0.120528117368636,0.6021,0.16780000686645508,0.06731521404131702,-0.04442422296069212,0.12015527479602967,0.010708318136213868,-0.021026589680882668,0.047271889497819075
2024-12-24,94881.47,99487.99,93569.02,98663.58,23674.22488,60.21,61.79,59.92,60.83,5984.6298828125,6040.10009765625,5981.43994140625,6040.0400390625,1757720000,16.969999313354492,17.040000915527344,14.270000457763672,14.270000457763672,0.0390874529987855,0.0109822331651268,0.5948412618490484,0.2259940138141085,0.4966444647041266,0.162631755206463,0.4724758026968391,0.1247344997616084,0.6083,0.1427000045776367,0.013458738150951555,-0.08329400923647179,0.11165553529587335,-0.019931750628826295,0.13582419730316087,0.017965504816028308
2024-12-26,99429.61,99963.7,95199.14,95791.6,21192.36727,60.73,61.75,59.44,61.67,6024.97021484375,6049.75,6007.3701171875,6037.58984375,2904530000,14.989999771118164,15.93000030517578,14.550000190734863,14.729999542236328,-0.0295408829225883,-0.0004057410882578,0.4990105868283264,0.2242285071880458,0.5078465400502893,0.1625192418432953,0.4811277151994799,0.1244031080407612,0.6167,0.14729999542236327,0.11768941317167364,-0.07692851176568252,0.10885345994971074,-0.015219246420932031,0.13557228480052014,0.022896887381602074
2024-12-27,95791.6,97544.58,93500.01,94299.03,26501.26429,61.67,62.34,59.53,60.61,6006.169921875,6006.169921875,5932.9501953125,5970.83984375,3159610000,15.380000114440918,18.450000762939453,15.289999961853027,15.949999809265137,-0.015704095193978,-0.0111173049649122,0.4875247949497505,0.2323810204349252,0.4928150083435828,0.1679225261418309,0.478326834735738,0.1287283085054264,0.6061,0.15949999809265136,0.11857520505024949,-0.07288102234227384,0.11328499165641714,-0.008422528049179534,0.12777316526426197,0.030771689587224954
2024-12-30,93738.19,95024.5,91530.45,92792.05,27619.4225,60.48,61.28,59.53,61.03,5920.669921875,5940.7900390625,5869.16015625,5906.93994140625,3433250000,17.209999084472656,19.219999313354492,16.440000534057617,17.399999618530273,-0.0161099352472676,-0.0107596739417297,0.3977355451247849,0.1485620865966588,0.4868662471191191,0.1715356527825761,0.469327341600255,0.1313165179841075,0.6103000000000001,0.17399999618530274,0.2125644548752152,0.025437909588643948,0.12343375288088099,0.0024643434027266375,0.14097265839974504,0.042683478201195224
2024-12-31,92792.05,96250.0,92033.73,93576.0,19612.03389,61.03,61.68,59.78,60.03,5919.740234375,5929.740234375,5868.85986328125,5881.6298828125,3128350000,17.389999389648438,17.809999465942383,16.68000030517578,17.350000381469727,0.0084129723294208,-0.0042940064589823,0.3928494888248025,0.1516116104818498,0.489016385254192,0.1718112177806865,0.4546602276205195,0.1260269877487949,0.6003000000000001,0.17350000381469727,0.20745051117519758,0.021888393332847478,0.11128361474580806,0.001688786034010764,0.14563977237948056,0.047473016065902374
2025-01-02,94591.78,97839.5,94392.0,96984.79,21970.48948,61.1,61.67,59.73,59.85,5903.259765625,5935.08984375,5829.52978515625,5868.5498046875,3621680000,17.209999084472656,19.5,16.959999084472656,17.93000030517578,0.0357802217362136,-0.0022263631494489,0.4659256464295409,0.1328668349494957,0.471355012543426,0.1656698180003284,0.4650989851914599,0.1256533629274283,0.5985,0.1793000030517578,0.13257435357045916,0.04643316810226211,0.12714498745657404,0.013630185051429405,0.1334010148085401,0.053646640124329514
2025-01-03,96984.79,98976.91,96100.01,98174.18,15253.82936,59.85,60.53,58.44,58.74,5891.06982421875,5949.33984375,5888.66015625,5942.47021484375,3667340000,17.65999984741211,17.940000534057617,16.110000610351562,16.1299991607666,0.0121890859126901,0.012517356707826,0.4219931417262391,0.1500680362230698,0.4739149760781299,0.1768046842124894,0.462994853674918,0.130438625989699,0.5874,0.161299991607666,0.16540685827376095,0.011231955384596204,0.11348502392187015,-0.0155046926048234,0.12440514632508204,0.030861365617967013
2025-01-06,98363.61,102480.0,97920.0,102235.6,25263.43375,59.55,60.09,58.52,58.84,5982.81005859375,6021.0400390625,5960.009765625,5975.3798828125,4940120000,16.770000457763672,16.8700008392334,15.710000038146973,16.040000915527344,0.0405367057120998,0.0055227664968181,0.4269882081546903,0.1349428496303924,0.5029709123531053,0.1791291510717315,0.4732302367827224,0.1313651794151545,0.5884,0.16040000915527344,0.16141179184530974,0.025457159524881035,0.08542908764689472,-0.018729141916458053,0.11516976321727762,0.02903482974011895
2025-01-07,102235.6,102724.38,96181.81,96954.61,32059.87537,58.84,59.35,58.04,58.6,5993.259765625,6000.68017578125,5890.68017578125,5909.02978515625,4517330000,16.479999542236328,18.899999618530273,15.789999961853027,17.81999969482422,-0.0530370228675763,-0.011166021516637,0.5201201252480685,0.1461327056658571,0.5076852789968971,0.1827403171120565,0.48477344796779,0.134568056730994,0.586,0.17819999694824218,0.06587987475193147,0.032067291282385085,0.07831472100310288,-0.00454032016381431,0.10122655203220998,0.04363194021724817
2025-01-08,96954.6,97268.65,92500.9,95060.61,33704.67894,57.86,59.72,57.76,58.47,5910.66015625,5927.89013671875,5874.77978515625,5918.25,4441740000,17.90999984741211,19.5,17.3700008392334,17.700000762939453,-0.019728242676769,0.0015591440938312,0.5263070470965219,0.1362930847501769,0.5095310301322302,0.183095784441156,0.4875409051304427,0.1342278384062792,0.5847,0.17700000762939452,0.058392952903478124,0.04070692287921762,0.07516896986776977,-0.0060957768117614886,0.09715909486955732,0.04277216922311533
2025-01-10,92552.49,95836.0,92206.02,94726.11,31482.86424,59.47,59.76,57.04,57.19,5890.35009765625,5890.35009765625,5807.77978515625,5827.0400390625,4751930000,18.290000915527344,20.309999465942383,18.049999237060547,19.540000915527344,-0.0035250131976232,-0.0155316376502333,0.5142525458934493,0.1523218490907603,0.4563166539174528,0.146365526686407,0.4533033130445096,0.1408626694554862,0.5719,0.19540000915527345,0.0576474541065507,0.04307816006451315,0.11558334608254717,0.049034482468866436,0.11859668695549036,0.054537339699787246
2025-01-13,94545.07,95940.0,89256.69,94536.1,42619.56423,59.57,61.31,59.36,61.25,5782.02001953125,5838.60986328125,5773.31005859375,5836.22021484375,4421200000,21.18000030517578,22.040000915527344,19.149999618530273,19.190000534057617,-0.0020079028331983,0.0015742043780551,0.513400811488549,0.1525909822307903,0.4432478146665443,0.1466296537094125,0.4519806315493075,0.1396818711861408,0.6125,0.19190000534057616,0.09909918851145105,0.03930902310978587,0.16925218533345576,0.04527035163116366,0.16051936845069253,0.05221813415443535
2025-01-14,94536.11,97371.0,94346.22,96560.86,27846.61753,61.25,62.87,60.78,60.87,5859.27001953125,5871.919921875,5805.419921875,5842.91015625,4142280000,18.790000915527344,19.65999984741211,18.239999771118164,18.709999084472656,0.021191710994825,0.0011456233341642,0.4787303549156377,0.1528932472118434,0.4538647149266172,0.1378034914829058,0.4397952712062488,0.1395673259975707,0.6087,0.18709999084472656,0.12996964508436232,0.034206743632883146,0.15483528507338284,0.04929649936182076,0.16890472879375124,0.04753266484715585
2025-01-15,96560.85,100681.94,96500.0,100497.35,30509.99179,60.87,61.93,60.85,61.23,5905.2099609375,5960.60986328125,5905.2099609375,5949.91015625,4544570000,19.079999923706055,19.13999938964844,15.960000038146973,16.1200008392334,0.0399578758632127,0.0181471325045163,0.5355691454626461,0.1753072136843657,0.4633943534410381,0.1569643674249637,0.4523988955369982,0.1490460948782204,0.6123,0.16120000839233398,0.07673085453735384,-0.014107205292031716,0.14890564655896188,0.00423564096737028,0.15990110446300176,0.012153913514113573
2025-01-16,100497.35,100866.66,97335.13,99987.3,27832.85317,61.23,63.15,60.01,62.56,5963.60986328125,5964.68994140625,5930.72021484375,5937.33984375,4285810000,15.869999885559082,16.600000381469727,15.640000343322754,16.600000381469727,-0.0050881810693719,-0.0021149243408667,0.4682108713178454,0.1714762717460455,0.4358350944589793,0.1483309377330129,0.44967021430058,0.148859829859975,0.6256,0.16600000381469726,0.15738912868215466,-0.005476267931348228,0.18976490554102077,0.017669066081684365,0.17592978569942003,0.017140173954722254
2025-01-17,99987.3,105865.22,99950.77,104077.48,39171.85292,62.56,63.75,61.13,63.19,5995.39990234375,6014.9599609375,5978.43994140625,5996.66015625,4366830000,16.190000534057617,16.229999542236328,15.529999732971191,15.970000267028809,0.0400924438437183,0.009941478308394,0.3760341876888179,0.1651151351873195,0.4414875440277134,0.1557493790132329,0.4633855444425322,0.1519571222070051,0.6319,0.15970000267028808,0.2558658123111821,-0.005415132517031407,0.19041245597228662,0.0039506236570551745,0.1685144555574678,0.007742880463282975
2025-01-21,102260.0,107240.81,100119.04,106143.82,45941.02002,63.07,64.18,61.19,61.92,6014.1201171875,6051.509765625,6006.8798828125,6049.240234375,4702920000,16.290000915527344,16.290000915527344,14.93000030517578,15.0600004196167,0.0196593451871109,0.008730009440596,0.3138023854003317,0.1696660843506562,0.4333206027279281,0.1522098528565836,0.4599759195273001,0.153129463212648,0.6192,0.15060000419616698,0.3053976145996683,-0.019066080154489212,0.18587939727207187,-0.0016098486604166073,0.15922408047269987,-0.0025294590164810227
2025-01-22,106143.82,106394.46,103339.12,103706.66,22248.69254,61.92,62.44,60.69,61.04,6081.39013671875,6100.81005859375,6076.1298828125,6086.3701171875,4323040000,14.890000343322754,15.289999961853027,14.59000015258789,15.100000381469728,-0.0232286300582351,0.0061191810869941,0.3799442259480151,0.1082923588603737,0.442105858367714,0.1436847195159605,0.4626873133420089,0.1541216971441375,0.6103999999999999,0.15100000381469728,0.23045577405198486,0.04270764495432358,0.16829414163228595,0.007315284298736763,0.14771268665799103,-0.003121693329440234
2025-01-23,103706.66,106850.0,101262.28,103910.34,53953.12031,61.04,63.2,59.49,60.08,6076.31982421875,6118.72998046875,6074.669921875,6118.7099609375,4432250000,15.279999732971191,15.390000343322754,14.59000015258789,15.020000457763672,0.0019620750260613,0.0052994194595293,0.3740860343437474,0.1037927785613696,0.4428195628018936,0.1411023278541753,0.4559853419215733,0.1547199550592848,0.6008,0.15020000457763671,0.22671396565625263,0.04640722601626711,0.1579804371981064,0.009097676723461401,0.1448146580784267,-0.004519950481648077
2025-01-24,103910.35,107120.0,102750.0,104870.5,23609.24017,60.08,60.08,57.33,57.37,6121.43017578125,6128.18017578125,6088.740234375,6101.240234375,4214250000,15.020000457763672,15.15999984741211,14.579999923706056,14.850000381469728,0.009197843721146,-0.0028592159844677,0.370643351702166,0.1150501864117854,0.4238458655790805,0.1415660802687684,0.4495197596674756,0.1538413177802383,0.5737,0.14850000381469727,0.20305664829783399,0.03344981740291188,0.1498541344209195,0.006933923545928866,0.1241802403325244,-0.0053413139655410224
2025-01-27,102620.01,103260.0,97777.77,102082.83,50758.1341,56.74,60.23,56.46,59.05,5969.0400390625,6017.169921875,5962.919921875,6012.27978515625,5198750000,18.829999923706055,22.510000228881836,17.56999969482422,17.899999618530273,-0.0269417130762831,-0.0146880590321123,0.374464328397884,0.1379997561587732,0.4440568207512406,0.1519552354452706,0.4568315014420773,0.1596231963129289,0.5905,0.17899999618530274,0.216035671602116,0.04100024002652955,0.14644317924875944,0.027044760740032148,0.13366849855792273,0.01937679987237384
2025-01-28,102082.83,103800.0,100272.68,101335.52,22022.05765,59.05,59.15,56.17,56.2,6026.97021484375,6074.5400390625,5994.6298828125,6067.7001953125,4473640000,18.290000915527344,18.38999938964844,16.25,16.40999984741211,-0.0073475511137683,0.0091756441777168,0.3765599174179775,0.1421775308087985,0.4103436129229628,0.1549017918629377,0.4379263888537884,0.1601199321139791,0.562,0.1640999984741211,0.18544008258202255,0.021922467665322604,0.15165638707703727,0.009198206611183396,0.12407361114621168,0.003980066360142004
2025-01-29,101335.52,104782.68,101328.01,103733.24,23155.35802,56.2,57.05,55.6,56.15,6057.7001953125,6062.830078125,6012.9599609375,6039.31005859375,4115310000,16.420000076293945,18.079999923706055,16.170000076293945,16.559999465942383,0.0233856124401332,-0.0046898760569196,0.3134743348213231,0.1396998146139335,0.3438608823508397,0.1472108004429605,0.4416623226115049,0.1599200759121365,0.5615,0.16559999465942382,0.2480256651786769,0.02590018004549033,0.21763911764916027,0.018389194216463317,0.1198376773884951,0.005679918747287321
2025-01-30,103733.25,106457.44,103278.54,104722.94,19374.07472,56.15,56.88,53.94,54.64,6050.75,6086.64013671875,6027.4599609375,6071.169921875,4634620000,15.93000030517578,16.420000076293945,15.31999969482422,15.84000015258789,0.0094955921810713,0.0052615481521802,0.2911987028454444,0.1330436303878766,0.3252568525735619,0.1480471683516062,0.4406963110257622,0.1606640559196623,0.5464,0.1584000015258789,0.2552012971545556,0.02535637113800232,0.2211431474264381,0.010352833174272713,0.10570368897423782,-0.0022640543937833824
2025-01-31,104722.94,106012.0,101560.0,102429.56,21983.18193,54.64,54.73,51.9,53.32,6096.7900390625,6120.91015625,6030.93017578125,6040.52978515625,4843770000,15.449999809265137,17.09000015258789,14.899999618530272,16.43000030517578,-0.0221428532511645,-0.0050596039902671,0.2879169072398123,0.1301489894123021,0.3457839086343984,0.1297936189900433,0.4255257271105039,0.1609494402650361,0.5332,0.16430000305175782,0.24528309276018773,0.03415101363945572,0.1874160913656016,0.03450638406171452,0.1076742728894961,0.003350562786721717
2025-02-03,97700.59,102500.01,91231.0,101328.52,75164.7385,57.04,61.94,55.87,56.94,5969.64990234375,6022.1298828125,5923.93017578125,5994.56982421875,4797210000,20.36000061035156,20.420000076293945,17.65999984741211,18.6200008392334,-0.0108074312127471,-0.0076376907294952,0.2911408527260708,0.1266151235625672,0.3514975141978569,0.1368559374768541,0.4263942827735444,0.1620653899078348,0.5694,0.18620000839233397,0.2782591472739292,0.05958488482976676,0.2179024858021431,0.049344070915479876,0.1430057172264556,0.02413461848449916
2025-02-04,101328.51,101732.31,96150.0,97763.13,40267.98697,55.61,57.12,54.01,54.03,5998.14013671875,6042.47998046875,5990.8701171875,6037.8798828125,4410160000,18.780000686645508,19.11000061035156,16.780000686645508,17.209999084472656,-0.0358203995142624,0.0071989074030291,0.3306780814943916,0.1404693050638912,0.3823240082220185,0.1385972915362567,0.4058145635949543,0.1368526166653769,0.5403,0.17209999084472657,0.2096219185056084,0.03163068578083539,0.1579759917779815,0.033502699308469885,0.13448543640504568,0.03524737417934967
2025-02-05,97763.14,99149.0,96155.0,96612.43,26233.30444,54.03,54.92,53.02,54.53,6020.4501953125,6062.85986328125,6007.06005859375,6061.47998046875,4756250000,17.540000915527344,17.75,15.770000457763672,15.770000457763672,-0.0118401042068875,0.0039010539156136,0.3099989292951784,0.1075410107290246,0.3405862839958985,0.1188882505483585,0.3992085069016184,0.1370070856869787,0.5453,0.15770000457763672,0.2353010707048216,0.050158993848612124,0.2047137160041015,0.03881175402927822,0.1460914930983816,0.020692918890658024
2025-02-06,96612.44,99120.0,95676.64,96554.35,23515.20405,54.53,54.89,53.21,53.91,6072.22021484375,6084.02978515625,6046.830078125,6083.56982421875,4847120000,15.880000114440918,16.149999618530273,14.989999771118164,15.5,-0.0006013456532248,0.0036376743552662,0.313101841296854,0.0945640325033864,0.3405380128092342,0.1181628117286599,0.3990452976376367,0.1341303337242921,0.5390999999999999,0.155,0.22599815870314593,0.060435967496613605,0.19856198719076573,0.036837188271340096,0.14005470236236323,0.02086966627570791
2025-02-07,96554.35,100137.99,95620.34,96506.8,31794.22065,53.9,54.41,52.26,54.17,6083.1298828125,6101.27978515625,6019.9599609375,6025.990234375,4766900000,15.380000114440918,16.65999984741211,14.789999961853027,16.540000915527344,-0.0004925900520273,-0.0095098456936602,0.2404246778225387,0.1087594365812373,0.2803653175653339,0.1207741330913434,0.3888425547886064,0.135956739950678,0.5417000000000001,0.16540000915527345,0.30127532217746134,0.05664057257403615,0.2613346824346662,0.04462587606393005,0.15285744521139366,0.029443269204595446
2025-02-10,96462.75,98345.0,95256.0,97430.82,20572.87537,54.21,54.44,52.4,52.4,6046.39990234375,6073.3798828125,6044.83984375,6066.43994140625,4458760000,16.579999923706055,16.610000610351562,15.699999809265137,15.8100004196167,0.0095291155171651,0.0066901122954551,0.2405407526080221,0.1121218833840481,0.2657296475511744,0.118315001525103,0.3724903400221542,0.1335712885155622,0.524,0.158100004196167,0.2834592473919779,0.04597812081211888,0.2582703524488256,0.03978500267106398,0.15150965997784582,0.0245287156806048
2025-02-11,97430.82,98478.42,94876.88,95778.2,18647.76379,52.4,54.67,52.08,54.23,6049.31982421875,6076.27978515625,6042.33984375,6068.5,4324880000,16.1299991607666,16.420000076293945,15.75,16.020000457763672,-0.0171074860302891,0.0003395251436738,0.2318793173632162,0.10666099759302,0.2592800121009737,0.1152129325281138,0.3657251136804921,0.1335620322827657,0.5423,0.16020000457763672,0.3104206826367838,0.05353900698461672,0.2830199878990263,0.044987072049522916,0.1765748863195079,0.026637972294871026
2025-02-12,95778.21,98119.99,94088.23,97869.99,29151.16625,54.23,54.32,51.19,51.49,6025.080078125,6063.0,6003.0,6051.97021484375,4627960000,15.90999984741211,17.18000030517578,15.640000343322754,15.890000343322754,0.0216048635909414,-0.0027275831896475,0.2971151792563445,0.0939262424438403,0.282827781745171,0.1127797206034058,0.3677876225709167,0.1295540984125571,0.5149,0.15890000343322755,0.21778482074365552,0.06497376098938724,0.23207221825482904,0.04612028282982175,0.14711237742908334,0.029345905020670443
2025-02-13,97870.0,98083.91,95217.36,96608.14,19921.77616,51.49,53.4,51.27,51.76,6060.58984375,6116.91015625,6050.9501953125,6115.06982421875,4763800000,15.970000267028809,16.329999923706055,14.979999542236328,15.100000381469728,-0.0129769625826388,0.0103723132142357,0.2187436500541052,0.1036376235165963,0.277952484499033,0.121678817976568,0.3666136342986781,0.1281349431347881,0.5176,0.15100000381469728,0.2988563499458947,0.04736238029810097,0.23964751550096697,0.029321185838129274,0.15098636570132185,0.022865060679909177
2025-02-14,96608.13,98826.0,96252.82,97500.48,18173.02646,51.77,52.4,50.1,51.6,6115.52001953125,6127.47021484375,6107.6201171875,6114.6298828125,4335190000,15.079999923706056,15.420000076293944,14.739999771118164,14.770000457763672,0.0091942983898785,-7.19463955744955e-05,0.2141412778351337,0.1030181581578489,0.2668890489950553,0.1011749893715783,0.3667515260531669,0.1271555129581152,0.516,0.1477000045776367,0.3018587221648663,0.04468184641978781,0.24911095100494474,0.04652501520605841,0.1492484739468331,0.020544491619521515
2025-02-18,95780.01,96753.91,93388.09,95671.74,23368.19471,51.73,53.2,50.96,51.69,6121.60009765625,6129.6298828125,6099.509765625,6129.580078125,4684980000,15.56999969482422,16.030000686645508,15.350000381469728,15.350000381469728,-0.0189343440243225,0.0024420036555518,0.246769203576727,0.1020985547653219,0.274724023117383,0.0947202344461012,0.3562756922908811,0.1267512978232278,0.5169,0.15350000381469728,0.27013079642327303,0.05140144904937538,0.24217597688261705,0.05877976936859608,0.16062430770911895,0.026748705991469474
2025-02-19,95671.74,96899.99,95029.99,96644.37,16438.50954,51.69,51.69,49.02,49.15,6117.759765625,6147.43017578125,6111.14990234375,6144.14990234375,4562330000,15.140000343322754,15.960000038146973,15.050000190734863,15.270000457763672,0.010114995490717,0.0023741488668242,0.2562729053652351,0.0702895704554945,0.2539644622677542,0.0915818906760158,0.3556863154899595,0.1223897758560041,0.4915,0.15270000457763672,0.23522709463476488,0.08241043412214222,0.23753553773224578,0.06111811390162092,0.1358136845100405,0.030310228721632623
2025-02-20,96644.37,98711.36,96415.09,98305.0,17057.39177,49.15,50.66,48.1,49.06,6134.5,6134.5,6084.58984375,6117.52001953125,4813690000,15.609999656677246,16.6299991607666,15.119999885559082,15.65999984741211,0.0170369380244533,-0.0043436048842902,0.2712679407921439,0.0754577063706273,0.2641517301389571,0.092446573066713,0.3382043327711724,0.122640648975419,0.49060000000000004,0.1565999984741211,0.21933205920785614,0.08114229210349379,0.22644826986104294,0.0641534254074081,0.15239566722882764,0.03395934949870209
2025-02-21,98305.01,99475.0,94871.95,96181.98,32249.2814,49.06,49.43,47.02,48.71,6114.10009765625,6114.81982421875,6008.56005859375,6013.1298828125,5434560000,15.630000114440918,19.030000686645508,15.279999732971191,18.209999084472656,-0.0218328685213355,-0.0172113966725391,0.2858096600131162,0.1343447414037316,0.2637537592427793,0.1176603121805915,0.3074209135143426,0.1288534214457421,0.48710000000000003,0.18209999084472656,0.20129033998688384,0.04775524944099496,0.22334624075722076,0.06443967866413505,0.17967908648565745,0.05324656939898445
2025-02-24,96258.0,96500.0,91349.26,91552.88,31550.10299,48.47,48.47,46.17,47.07,6026.68994140625,6043.64990234375,5977.830078125,5983.25,4990120000,18.079999923706055,20.239999771118164,17.309999465942383,18.979999542236328,-0.049325293192846,-0.0049814935662523,0.3710288596730733,0.136014296497524,0.3251112994375992,0.1149689846073794,0.3344793772533781,0.1298133128388565,0.4707,0.18979999542236328,0.0996711403269267,0.05378569892483928,0.1455887005624008,0.07483101081498389,0.1362206227466219,0.059986682583506784
2025-02-25,91552.88,92540.69,86050.99,88680.4,78333.11111,47.07,52.75,46.94,48.59,5982.72998046875,5992.64990234375,5908.490234375,5955.25,5374690000,19.09000015258789,21.479999542236328,18.850000381469727,19.43000030517578,-0.0318778335074248,-0.0046907151383955,0.3949592481542126,0.1071440144054395,0.3187626392407972,0.1112736427012827,0.346046926729753,0.1218352589674153,0.48590000000000005,0.19430000305175782,0.09094075184578743,0.08715598864631832,0.16713736075920288,0.08302636035047511,0.13985307327024704,0.07246474408434252
2025-02-26,88680.39,89414.15,82256.01,84250.09,56893.54409,48.59,51.63,47.69,51.3,5970.8701171875,6009.81982421875,5932.68994140625,5956.06005859375,4869580000,18.959999084472656,20.059999465942383,17.829999923706055,19.100000381469727,-0.051249257856689,0.0001360150295834,0.4227636634218121,0.1074533817725667,0.3701536511124583,0.1091965376899805,0.374103006229032,0.1218195010428568,0.513,0.19100000381469726,0.09023633657818791,0.08354662204213055,0.14284634888754172,0.08180346612471676,0.13889699377096804,0.06918050277184046
2025-02-27,84250.09,87078.46,82716.49,84708.58,42505.45439,51.3,52.82,49.06,51.68,5981.8798828125,5993.68994140625,5858.77978515625,5861.56982421875,5057680000,18.25,21.469999313354492,17.670000076293945,21.1299991607666,0.0054272577477817,-0.0159917426785246,0.4517180730243612,0.11910367143794,0.3739159744975548,0.1230345316596313,0.3676718795594981,0.1310250570002676,0.5168,0.21129999160766602,0.06508192697563886,0.09219632016972602,0.14288402550244522,0.08826545994803472,0.14912812044050194,0.08027493460739843
2025-02-28,84708.57,85120.0,78258.52,84349.94,83648.03969,51.68,59.36,50.53,50.76,5856.740234375,5959.39990234375,5837.66015625,5954.5,6441140000,21.209999084472656,22.399999618530273,19.049999237060547,19.6299991607666,-0.0042427975590892,0.0157297804206633,0.4222583084754684,0.1744590832748433,0.3725300244354914,0.1410562923351675,0.3428493762411632,0.1282915473211497,0.5075999999999999,0.196299991607666,0.08534169152453153,0.021840908332822706,0.13506997556450856,0.0552436992724985,0.16475062375883676,0.06800844428651631
2025-03-03,94269.99,94416.46,85117.11,86220.61,59171.10218,55.47,59.8,53.07,59.48,5968.330078125,5986.08984375,5810.91015625,5849.72021484375,5613850000,19.829999923706055,24.309999465942383,19.25,22.780000686645508,0.0219351465487215,-0.0177534026483088,0.4406509692141236,0.1917212835309248,0.3882754049229107,0.1533096198451675,0.3521821986572333,0.1381840608032164,0.5948,0.22780000686645507,0.15414903078587638,0.03607872333553028,0.2065245950770893,0.07449038702128757,0.24261780134276667,0.08961594606323867
2025-03-04,86221.16,88967.52,81500.0,87281.98,55609.10706,59.48,62.67,58.26,62.07,5811.97998046875,5865.080078125,5732.58984375,5778.14990234375,6138110000,22.959999084472656,26.350000381469727,21.709999084472656,23.510000228881836,0.0122347826584605,-0.0123102882315054,0.4765483975783722,0.1821226109737496,0.395886694001165,0.1579345258098264,0.3297724388120887,0.1386282712983967,0.6207,0.23510000228881836,0.14415160242162783,0.05297739131506876,0.22481330599883503,0.07716547647899197,0.29092756118791135,0.09647173099042167
2025-03-05,87281.98,91000.0,86334.53,90606.01,38264.01163,62.07,62.27,57.13,57.6,5781.35986328125,5860.58984375,5742.35009765625,5842.6298828125,5285970000,23.030000686645508,24.84000015258789,21.3700008392334,21.93000030517578,0.0373765195126344,0.0110974725287356,0.4893943618185515,0.2084200467713914,0.4224584460841772,0.1697019953691489,0.3453205653413526,0.140267538981306,0.5760000000000001,0.2193000030517578,0.08660563818144856,0.01087995628036642,0.15354155391582286,0.04959800768260891,0.2306794346586475,0.07903246407045181
2025-03-06,90606.0,92810.64,87836.0,89931.89,34342.44902,57.83,60.35,56.4,60.15,5785.8701171875,5812.080078125,5711.64013671875,5738.52001953125,5165080000,22.600000381469727,25.920000076293945,22.38999938964844,24.8700008392334,-0.007467940338037,-0.0179796771074555,0.445689491448943,0.2263623432515501,0.4212152828975337,0.1705955010285508,0.3411970001921826,0.1466469269951354,0.6015,0.24870000839233397,0.15581050855105705,0.022337665140783863,0.18028471710246635,0.07810450736378316,0.26030299980781746,0.10205308139719857
2025-03-07,89931.88,91283.02,84667.03,86801.75,57980.35713,60.15,60.78,53.2,54.32,5726.009765625,5783.009765625,5666.2900390625,5770.2001953125,5705140000,24.850000381469727,26.559999465942383,23.09000015258789,23.3700008392334,-0.0354258232982397,0.0055054350454544,0.3699635143615092,0.2339397639825812,0.4341727531445544,0.1750108723475247,0.3518461773776032,0.1467367555611503,0.5432,0.23370000839233399,0.1732364856384908,-0.00023975559024722037,0.10902724685544563,0.0586891360448093,0.1913538226223968,0.0869632528311837
2025-03-10,80734.48,84123.46,77459.91,78595.86,47633.38405,59.1,61.95,55.32,59.57,5705.3701171875,5705.3701171875,5564.02001953125,5614.56005859375,6409370000,24.700000762939453,29.559999465942383,24.68000030517578,27.86000061035156,-0.0993077564611609,-0.0273435417884281,0.7221665695392196,0.2651363485933161,0.5813036247893089,0.1974738705292117,0.4404993217454592,0.1641711500675483,0.5957,0.2786000061035156,-0.12646656953921964,0.013463657510199512,0.014396375210691148,0.0811261355743039,0.1552006782545408,0.11442885603596731
2025-03-11,78595.86,83617.4,76606.0,82932.99,48770.06853,59.57,62.68,59.0,59.9,5603.64990234375,5636.2998046875,5528.41015625,5572.06982421875,6221240000,27.940000534057617,29.56999969482422,26.18000030517578,26.920000076293945,0.0537139060247328,-0.0075966469185365,0.820903368124041,0.2168244085804936,0.6426226543244594,0.1935056008767337,0.4737033741049638,0.1609530295480789,0.599,0.26920000076293943,-0.221903368124041,0.052375592182445835,-0.04362265432445944,0.07569439988620572,0.12529662589503615,0.10824697121486052
2025-03-12,82932.99,84539.85,80607.65,83680.12,31933.986,59.9,60.83,56.89,56.89,5624.83984375,5642.18994140625,5546.08984375,5599.2998046875,5219830000,26.8799991607666,26.90999984741211,23.88999938964844,24.229999542236328,0.0089685020330386,0.0048749679404907,0.8083361908791321,0.2229933645842108,0.6367006744492052,0.1997916094445688,0.4759320084667782,0.1587009380272489,0.5689,0.24229999542236327,-0.23943619087913215,0.019306630838152483,-0.06780067444920523,0.042508385977794466,0.09296799153322177,0.08359905739511436
2025-03-13,83680.12,84336.33,79939.9,81115.78,27546.27412,56.89,57.23,55.42,55.42,5594.4501953125,5597.77978515625,5504.64990234375,5521.52001953125,5018980000,24.920000076293945,26.1299991607666,23.459999084472656,24.65999984741211,-0.0311239175565561,-0.0139883668064641,0.8129973685088149,0.2251257840181222,0.6408288798878801,0.1968325594294276,0.4725154848103451,0.161979628631031,0.5542,0.2465999984741211,-0.25879736850881485,0.021474214455998897,-0.08662887988788004,0.049767439044693496,0.08168451518965492,0.0846203698430901
2025-03-14,81115.78,85309.71,80818.84,83983.2,26858.52755,55.42,55.5,52.81,53.27,5563.85009765625,5645.27001953125,5563.85009765625,5638.93994140625,4863180000,24.350000381469727,24.36000061035156,21.479999542236328,21.770000457763672,0.0347392620472014,0.0210429059531969,0.8066079763640183,0.2625554105791439,0.6455755929144484,0.2281548795302451,0.4861957298139238,0.174905676597722,0.5327000000000001,0.21770000457763672,-0.2739079763640182,-0.04485540600150717,-0.11287559291444837,-0.010454874952608384,0.04650427018607628,0.042794327979914726
2025-03-17,82574.52,84756.83,82456.0,84010.03,17214.74358,55.27,55.32,52.85,52.86,5635.60009765625,5703.52001953125,5631.1201171875,5675.1201171875,5031770000,22.88999938964844,22.950000762939453,20.31999969482422,20.510000228881836,0.0003194176363905,0.006395634974606,0.8093253901625077,0.2527658337008475,0.6350830763071486,0.2325304838158594,0.4846156652972944,0.176570357828462,0.5286,0.20510000228881836,-0.28072539016250775,-0.047665831412029125,-0.1064830763071486,-0.02743048152704103,0.043984334702705574,0.028529644460356357
2025-03-18,84010.02,84021.74,81134.66,82715.03,17610.89883,52.86,54.35,51.84,52.0,5654.52978515625,5654.52978515625,5597.759765625,5614.66015625,4666270000,20.829999923706055,22.56999969482422,20.40999984741211,21.700000762939453,-0.0155348697269551,-0.0107106670743197,0.7914031250421625,0.252380862661882,0.6005663547937694,0.2338454911529793,0.4851650213440558,0.1776322865266414,0.52,0.21700000762939453,-0.27140312504216246,-0.035380855032487446,-0.08056635479376939,-0.01684548352358478,0.034834978655944204,0.039367721102753134
2025-03-19,82715.03,87000.0,82547.16,86845.94,28151.05374,52.0,54.02,51.23,54.02,5632.3701171875,5715.330078125,5622.2001953125,5675.2900390625,4660090000,21.84000015258789,22.100000381469727,19.420000076293945,19.899999618530273,0.0487344175789443,0.0107406081729537,0.5157900301791866,0.2022988930907599,0.6369903284241963,0.2352506342490298,0.5027373233224006,0.1795439751729515,0.5402,0.19899999618530273,0.02440996982081345,-0.003298896905457177,-0.09679032842419633,-0.03625063806372708,0.037462676677599394,0.01945602101235122
2025-03-20,86845.93,87453.67,83655.23,84223.39,22090.30463,54.02,54.16,48.97,49.01,5646.919921875,5711.14990234375,5632.330078125,5662.89013671875,4678420000,19.520000457763672,21.170000076293945,19.299999237060547,19.799999237060547,-0.0306630706836421,-0.0021872835137829,0.4926469255923748,0.1944944119906915,0.6515291725373198,0.2204369503089401,0.5082352051129297,0.1786510573517375,0.4901,0.19799999237060548,-0.0025469255923747935,0.0035055803799139695,-0.1614291725373198,-0.022436957938334612,-0.018135205112929764,0.019348935018867974
2025-03-21,84223.38,84850.33,83175.25,84088.79,11956.97443,49.01,49.7,47.56,47.56,5630.72998046875,5670.83984375,5603.10009765625,5667.56005859375,9367460000,20.020000457763672,21.13999938964844,19.149999618530273,19.280000686645508,-0.0015994092488549,0.0008243136078323,0.4906303190926365,0.193767662642314,0.6436988226309895,0.2111901716428821,0.5081756334155995,0.1780279918681538,0.4756,0.19280000686645507,-0.015030319092636468,-0.0009676557758589166,-0.16809882263098952,-0.01839016477642702,-0.032575633415599436,0.014772014998301275
2025-03-24,86082.5,88765.43,85519.09,87498.16,30115.62111,47.66,48.42,47.06,47.32,5718.080078125,5775.14013671875,5718.080078125,5767.56982421875,4517990000,19.1299991607666,19.13999938964844,17.459999084472656,17.479999542236328,0.0397445001745075,0.0174921171286391,0.481767520369279,0.1779183195542847,0.6655271039559272,0.2213050391788692,0.5241373676778106,0.1856440803409668,0.4732,0.17479999542236327,-0.008567520369278991,-0.003118324131921424,-0.19232710395592717,-0.04650504375650594,-0.0509373676778106,-0.01084408491860353
2025-03-25,87498.16,88539.63,86310.0,87392.87,22643.25248,47.32,47.94,46.54,46.99,5775.9599609375,5786.9501953125,5760.419921875,5776.64990234375,4467340000,17.579999923706055,17.770000457763672,17.020000457763672,17.149999618530273,-0.0012040641846587,0.0015730954906538,0.4543030808844971,0.1451644214989922,0.6434884489571857,0.215551982044636,0.5227818205969217,0.1842790975418974,0.46990000000000004,0.17149999618530273,0.015596919115502927,0.026335574686310537,-0.17358844895718567,-0.04405198585933326,-0.05288182059692165,-0.012779101356594658
2025-03-26,87392.88,88275.0,85860.0,86909.17,18408.78485,46.99,47.63,46.23,47.27,5771.66015625,5783.6201171875,5694.41015625,5712.2001953125,4183140000,17.229999542236328,19.06999969482422,16.969999313354492,18.329999923706055,-0.0055501500919203,-0.011219640357598,0.4585598727313838,0.1669734693270864,0.6432574073773865,0.2068470194930642,0.5212625281088934,0.1862395389553609,0.4727,0.18329999923706056,0.014140127268616187,0.016326529909974158,-0.17055740737738645,-0.023547020256003637,-0.04856252810889339,-0.0029395397183003547
2025-03-27,86909.17,87756.39,85800.0,87232.01,17098.03897,47.27,47.28,45.42,46.61,5695.64013671875,5732.27978515625,5670.93994140625,5693.31005859375,4403460000,18.36000061035156,19.280000686645508,17.950000762939453,18.690000534057617,0.0037078004164337,-0.0033124610071321,0.4366493967550557,0.1503869457315091,0.6255427423450339,0.2054042966215558,0.5164085273398866,0.1862666455120974,0.4661,0.18690000534057616,0.029450603244944307,0.03651305960906706,-0.15944274234503392,-0.018504291280979634,-0.05030852733988661,0.0006333598284787578
2025-03-28,87232.01,87515.67,83585.0,84424.38,27182.73169,46.61,52.25,46.18,49.93,5679.2001953125,5685.89013671875,5572.419921875,5580.93994140625,4513330000,19.079999923706055,22.18000030517578,18.920000076293945,21.649999618530273,-0.0327151282624945,-0.0199346011268535,0.3847421668696803,0.1842177139496133,0.4624143148450162,0.1886798725899901,0.5225764761330459,0.1894067166009677,0.4993,0.21649999618530275,0.1145578331303197,0.032282282235689436,0.036885685154983805,0.027820123595312635,-0.023276476133045898,0.02709327958433505
2025-03-31,82390.0,83943.08,81278.52,82550.01,20569.13885,53.73,54.42,50.97,51.02,5527.91015625,5627.56005859375,5488.72998046875,5611.85009765625,5257250000,24.11000061035156,24.799999237060547,21.670000076293945,22.280000686645508,-0.0224519309435633,0.0055232403576457,0.3634430160512004,0.1902916950768868,0.4180031098755536,0.1872235356800451,0.5234218734740681,0.1908589416041273,0.5102,0.22280000686645507,0.1467569839487996,0.032508311789568256,0.09219689012444637,0.03557647118640997,-0.013221873474068113,0.03194106526232776
2025-04-01,82550.0,85579.46,82432.74,85158.34,20190.39697,49.67,50.52,48.95,49.55,5597.52978515625,5650.56982421875,5558.52001953125,5633.06982421875,4434500000,22.059999465942383,23.520000457763672,21.579999923706055,21.770000457763672,0.031108055610873,0.003774104555212,0.4172352020150944,0.1924809389754531,0.437642801901853,0.186783542199264,0.5323197630499685,0.1912192221369714,0.4955,0.21770000457763672,0.0782647979849056,0.02521906560218362,0.05785719809814699,0.030916462378372728,-0.036819763049968535,0.026480782440665318
2025-04-02,85158.35,88500.0,82320.0,82516.29,39931.457,49.55,52.78,48.62,52.61,5580.759765625,5695.31005859375,5571.47998046875,5670.97021484375,4243830000,22.299999237060547,23.65999984741211,20.68000030517578,21.510000228881836,-0.0315166187211996,0.0067056614294841,0.3602758053247669,0.1568386873480603,0.4382087329993508,0.1761508708520425,0.5364672400807492,0.1926475500371386,0.5261,0.21510000228881837,0.16582419467523313,0.05826131494075806,0.0878912670006492,0.03894913143677586,-0.010367240080749185,0.022452452251679772
2025-04-03,82516.28,83998.02,81211.24,83213.09,27337.84135,52.61,53.55,50.15,52.64,5492.740234375,5499.52978515625,5390.830078125,5396.52001953125,7210470000,26.3799991607666,30.020000457763672,24.93000030517578,30.020000457763672,0.0084089387880866,-0.0496059118289966,0.3727137545665415,0.3189932869000686,0.4126646943619473,0.2616490804898891,0.5339267820069353,0.2358758380974376,0.5264,0.30020000457763674,0.1536862454334585,-0.01879328232243188,0.11373530563805268,0.03855092408774763,-0.007526782006935351,0.06432416648019915
2025-04-04,83213.09,84720.0,81659.0,83889.87,32915.53976,52.64,56.03,51.19,55.33,5292.14013671875,5292.14013671875,5069.89990234375,5074.080078125,8853500000,30.1200008392334,45.61000061035156,29.989999771118164,45.310001373291016,0.00810020002606,-0.0616090618982309,0.3837804283242495,0.4466472161643455,0.4143389018517782,0.3557619497884079,0.5330445143944472,0.2867927225989565,0.5533,0.45310001373291015,0.1695195716757505,0.00645279756856465,0.13896109814822183,0.09733806394450223,0.020255485605552792,0.16630729113395365
2025-04-07,78430.0,81243.58,74508.0,79163.24,78387.53089,59.59,63.21,52.49,52.79,4953.7900390625,5246.56982421875,4835.0400390625,5062.25,8691980000,60.130001068115234,60.130001068115234,38.58000183105469,46.97999954223633,-0.0579928175493819,-0.0023341946059635,0.4888163160131132,0.4479359355229593,0.4790907911875714,0.3562976443024432,0.5399176554900672,0.2869497371588106,0.5279,0.4697999954223633,0.03908368398688683,0.021864059899403987,0.04880920881242862,0.11350235111992008,-0.01201765549006717,0.18285025826355267
2025-04-08,79163.24,80867.99,76239.9,76322.42,35317.32063,52.79,56.9,52.25,56.84,5193.56982421875,5267.47021484375,4910.419921875,4982.77001953125,7408140000,44.040000915527344,57.52000045776367,36.47999954223633,52.33000183105469,-0.0365453144265594,-0.0158250832770548,0.4955139583213949,0.4473998574546048,0.4346761335789356,0.3478072487353343,0.5421132377997661,0.2884632477688386,0.5684,0.5233000183105468,0.07288604167860513,0.07590016085594203,0.13372386642106443,0.17549276957521254,0.02628676220023396,0.23483677054170826
2025-04-09,76322.42,83588.0,74620.0,82615.22,75488.28772,56.84,62.66,52.86,53.04,4965.27978515625,5481.33984375,4948.43017578125,5456.89990234375,9489600000,50.97999954223633,57.959999084472656,31.899999618530273,33.619998931884766,0.0792271898213657,0.0908948798330364,0.7409875346535779,0.7863196972281284,0.5612315535638195,0.5500712166562927,0.5762120265468983,0.4024819640188411,0.5304,0.33619998931884765,-0.21058753465357793,-0.4501197079092808,-0.030831553563819503,-0.213871227337445,-0.04581202654689831,-0.06628197469999347
2025-04-10,82615.22,82753.21,78464.36,79607.3,33284.80718,53.04,55.57,50.61,53.56,5353.14990234375,5353.14990234375,5115.27001953125,5268.0498046875,6677140000,34.439998626708984,54.869998931884766,34.439998626708984,40.720001220703125,-0.0370881278659981,-0.0352206070241116,0.7341204057905042,0.8047207520509693,0.5813405835782585,0.5666693133930473,0.5854152510652763,0.4116634492462853,0.5356000000000001,0.4072000122070312,-0.19852040579050412,-0.39752073984393804,-0.04574058357825839,-0.15946930118601604,-0.04981525106527618,-0.004463437039254059
2025-04-11,79607.3,84300.0,78969.58,83423.84,34435.43797,53.56,56.78,52.6,56.15,5255.56005859375,5381.4599609375,5220.77001953125,5363.35986328125,5602550000,40.79999923706055,46.119998931884766,36.849998474121094,37.560001373291016,0.0468283226478621,0.017930380835778,0.7847672957899776,0.8169809077270676,0.5923256603157676,0.5670127824095957,0.6022393123240453,0.4126077497594492,0.5615,0.37560001373291013,-0.22326729578997762,-0.4413808939941574,-0.03082566031576761,-0.1914127686766856,-0.04073931232404526,-0.03700773602653906
2025-04-14,83760.0,85799.99,83678.0,84591.58,28659.09348,56.29,56.4,52.34,53.31,5441.9599609375,5459.4599609375,5358.02001953125,5405.97021484375,5031440000,34.7599983215332,35.16999816894531,29.75,30.88999938964844,0.0139006146363156,0.0079133193263429,0.7874665855889296,0.7651010640953968,0.596863337230823,0.5691128864682128,0.6001001158509618,0.4115996907352231,0.5331,0.3088999938964844,-0.25436658558892955,-0.4562010701989124,-0.06376333723082295,-0.26021289257172836,-0.06700011585096177,-0.1026996968387387
2025-04-15,84591.58,86496.42,83600.0,83643.99,20910.99528,52.02,52.4,49.97,50.39,5411.990234375,5450.41015625,5386.43994140625,5396.6298828125,4317110000,30.010000228881836,31.450000762939453,28.290000915527344,30.1200008392334,-0.0112651566020126,-0.0017292752253009,0.7900922807386376,0.6350717096396636,0.5979530694089713,0.5684413348638985,0.5995852801963846,0.4105783411668454,0.5039,0.30120000839233396,-0.28619228073863756,-0.3338717012473297,-0.09405306940897129,-0.2672413264715645,-0.09568528019638456,-0.10937833277451142
2025-04-16,83643.99,85500.0,83111.64,84030.38,20867.24519,50.39,50.56,49.0,49.58,5335.75,5367.240234375,5220.7900390625,5275.7001953125,4607750000,33.2400016784668,34.959999084472656,29.479999542236328,32.63999938964844,0.0046088222541115,-0.0226632539649025,0.6801295393360894,0.661221750956735,0.5981534549472268,0.5738514181562875,0.5885816993100981,0.4126760119079475,0.49579999999999996,0.3263999938964844,-0.18432953933608948,-0.3348217570602506,-0.10235345494722686,-0.2474514242598031,-0.09278169931009811,-0.08627601801146312
2025-04-17,84030.38,85470.01,83736.26,84947.91,13728.84772,49.58,49.63,48.28,48.41,5305.4501953125,5328.31005859375,5255.580078125,5282.7001953125,4714880000,30.790000915527344,32.54999923706055,29.56999969482422,29.649999618530273,0.0108598449834582,0.0013259586237727,0.6033328954209721,0.6453718075491768,0.5841317005823679,0.5705222179409681,0.589636553083215,0.4105377687185785,0.4841,0.29649999618530276,-0.11923289542097215,-0.348871811363874,-0.10003170058236788,-0.2740222217556654,-0.10553655308321508,-0.11403777253327574
2025-04-21,85179.24,88465.99,85144.76,87516.23,31773.37262,48.2,50.71,48.2,49.16,5232.93994140625,5232.93994140625,5101.6298828125,5158.2001953125,4226340000,32.75,35.75,31.790000915527344,33.81999969482422,0.0297860167696917,-0.023849648334018,0.4318562071117428,0.3080285498333075,0.5864842735562368,0.5746899459353494,0.5877052527021522,0.4142022957590274,0.4916,0.3381999969482422,0.05974379288825721,0.03017144711493469,-0.0948842735562368,-0.23648994898710718,-0.09610525270215226,-0.07600229881078518
2025-04-22,87516.22,93888.0,87076.03,93442.99,43872.74705,49.16,52.71,49.0,52.69,5207.669921875,5309.60986328125,5207.669921875,5287.759765625,4666950000,32.61000061035156,32.68000030517578,30.079999923706055,30.56999969482422,0.0655272558342847,0.0248069521254506,0.4182384935393595,0.2959002257826493,0.6334276267569473,0.5884033549627735,0.5369904692176926,0.4159489548922647,0.5268999999999999,0.3056999969482422,0.10866150646064043,0.009799771165592885,-0.10652762675694738,-0.28270335801453134,-0.010090469217692632,-0.11024895794402251
2025-04-23,93442.99,94696.05,91935.41,93691.08,27404.16808,52.69,52.86,49.4,49.42,5395.919921875,5469.68994140625,5356.169921875,5375.85986328125,5371390000,28.75,30.290000915527344,27.11000061035156,28.450000762939453,0.0026514695623879,0.0165238643668794,0.3954206718868633,0.292528229292232,0.6096813041052664,0.5934863872058453,0.517408772816203,0.4189917702933156,0.49420000000000003,0.28450000762939454,0.09877932811313672,-0.008028221662837454,-0.11548130410526641,-0.3089863795764508,-0.023208772816202983,-0.13449176266392104
2025-04-24,93691.07,94005.0,91660.01,93980.47,19497.06071,49.42,49.42,46.66,46.96,5381.3798828125,5489.39990234375,5371.9599609375,5484.77001953125,4697710000,28.690000534057617,29.65999984741211,26.36000061035156,26.469999313354492,0.0030840074520417,0.0200566280825831,0.4037388990073788,0.314028638163226,0.6102118930388299,0.5620617844272161,0.5172052804123102,0.4231922536026913,0.4696,0.2646999931335449,0.06586110099262121,-0.049328645029681095,-0.14061189303882993,-0.2973617912936712,-0.04760528041231016,-0.15849226046914638
2025-04-25,93980.47,95758.04,92855.96,94638.68,27500.66648,46.96,48.71,46.44,46.45,5489.72998046875,5528.10986328125,5455.85986328125,5525.2099609375,4236580000,26.219999313354492,27.200000762939453,24.84000015258789,24.84000015258789,0.0069792772557713,0.0073460847957005,0.3669885597524916,0.3141413145913274,0.6102514819782502,0.4834261133708244,0.5064819483533329,0.4218813336417997,0.4645,0.2484000015258789,0.09751144024750841,-0.06574131306544848,-0.14575148197825016,-0.2350261118449455,-0.04198194835333291,-0.1734813321159208
2025-04-28,93749.29,95630.0,92800.01,95011.18,22157.53351,48.12,48.61,46.38,47.05,5529.22021484375,5553.66015625,5468.64013671875,5528.75,4257880000,25.75,26.93000030517578,24.700000762939453,25.149999618530273,0.0039282969048316,0.0006405015390019,0.3680249004884744,0.2593968960864907,0.530594245805173,0.482585995761661,0.4986465670575535,0.4171653582532062,0.4705,0.2514999961853027,0.10247509951152556,-0.00789689990118797,-0.06009424580517303,-0.23108599957635828,-0.02814656705755353,-0.1656653620679035
2025-04-29,95011.18,95461.53,93742.54,94256.82,16955.3402,47.05,47.24,46.04,46.17,5508.8701171875,5571.9501953125,5505.7001953125,5560.830078125,4747150000,24.760000228881836,25.989999771118164,23.760000228881836,24.170000076293945,-0.00797138443391,0.0057856415455563,0.3984764390970532,0.2568895001881579,0.4912257679122371,0.4719761971528661,0.4997722937929493,0.4170794723353263,0.4617,0.24170000076293946,0.06322356090294678,-0.015189499425218467,-0.0295257679122371,-0.23027619638992664,-0.0380722937929493,-0.1753794715723868
2025-04-30,94256.82,95228.45,92910.0,94172.0,17661.2751,46.17,46.79,45.02,45.07,5499.43994140625,5581.83984375,5433.240234375,5569.06005859375,5449490000,24.350000381469727,28.170000076293945,24.229999542236328,24.700000762939453,-0.0009002869702098,0.0014788972519335,0.3926778509132053,0.1508301158196386,0.396968608512192,0.2806397786913102,0.4966332209292229,0.4160265043014571,0.4507,0.24700000762939453,0.058022149086794705,0.09616989180975594,0.05373139148780798,-0.03363977106191565,-0.04593322092922292,-0.16902649667206257
2025-05-01,94172.0,97424.02,94130.43,96489.91,21380.45343,45.07,46.97,44.74,46.11,5625.14013671875,5658.91015625,5597.35009765625,5604.14013671875,4935270000,23.940000534057617,25.18000030517578,23.299999237060547,24.600000381469727,0.0243155458100097,0.0062793457164519,0.1573100098032844,0.1163578303282806,0.3389648768911315,0.2252859816517748,0.4825000604346622,0.4152004358939089,0.4611,0.24600000381469728,0.3037899901967156,0.12964217348641666,0.12213512310886854,0.02071402216292248,-0.021400060434662194,-0.16920043207921165
2025-05-02,96489.9,97895.68,96350.0,96887.14,14905.74811,46.11,48.1,44.38,44.54,5645.8798828125,5700.7001953125,5642.27978515625,5686.669921875,4854380000,23.6299991607666,24.31999969482422,22.34000015258789,22.68000030517578,0.0041083526584195,0.0146191911091127,0.1568004104295172,0.1111496211583476,0.3048644332539005,0.221847806966173,0.4714990863287286,0.4174302396148732,0.4454,0.22680000305175782,0.2885995895704828,0.11565038189341022,0.14053556674609952,0.004952196085584809,-0.026099086328728593,-0.19063023656311537
2025-05-05,94277.61,95199.0,93514.1,94733.68,17251.18189,46.35,46.87,44.89,45.0,5655.31982421875,5683.3798828125,5634.47998046875,5650.3798828125,4358260000,24.25,24.6299991607666,22.809999465942383,23.63999938964844,-0.0224772095681458,-0.0064020470293184,0.2275415177788562,0.1040468536660289,0.3350070535458248,0.2254634586293145,0.4777523337132456,0.4178524535833275,0.45,0.23639999389648442,0.2224584822211438,0.13235314023045552,0.11499294645417524,0.010936535267169922,-0.02775233371324559,-0.1814524596868431
2025-05-06,94733.68,96920.65,93377.0,96834.02,16122.64513,45.0,46.66,44.86,46.66,5605.8701171875,5649.580078125,5586.0400390625,5606.91015625,4717260000,23.969999313354492,25.11000061035156,23.899999618530273,24.760000228881836,0.0219287924377574,-0.0077229852783917,0.2591389050494297,0.122804942563776,0.3273482857561675,0.2293821928871005,0.4688686089173277,0.4150080037439253,0.46659999999999996,0.24760000228881837,0.20746109495057025,0.12479505972504237,0.13925171424383248,0.018217809401717883,-0.002268608917327719,-0.16740800145510695
2025-05-07,96834.02,97732.0,95784.61,97030.5,16644.83854,46.66,47.26,44.59,44.8,5614.18017578125,5654.72998046875,5578.64013671875,5631.27978515625,4987440000,24.559999465942383,25.6200008392334,23.290000915527344,23.549999237060547,0.0020269832486365,0.0043369381067101,0.2591889962035836,0.1229663430187803,0.3284242456933741,0.1978810943176123,0.4686876265071489,0.4152307842954559,0.44799999999999995,0.23549999237060548,0.18881100379641635,0.11253364935182518,0.11957575430662587,0.03761889805299318,-0.02068762650714895,-0.17973079192485042
2025-05-08,97030.5,104145.76,96876.29,103261.6,34962.02847,44.8,47.17,44.55,45.88,5663.60009765625,5720.10009765625,5635.3798828125,5663.93994140625,5627400000,22.84000015258789,23.61000061035156,21.8799991607666,22.479999542236328,0.062240212129403,0.0057830211474656,0.4241630614777275,0.122963515167466,0.3956600481076321,0.1973285939592288,0.4976177135980236,0.4144643122594832,0.45880000000000004,0.22479999542236329,0.034636938522272565,0.10183648025489729,0.06313995189236793,0.02747140146313448,-0.03881771359802355,-0.18966431683711993
2025-05-09,103261.61,104361.3,102315.14,102971.99,27617.39907,45.88,46.36,45.21,45.78,5679.64990234375,5691.68994140625,5644.14990234375,5659.91015625,4645090000,22.399999618530273,22.81999969482422,21.829999923706055,21.899999618530273,-0.002808564699583,-0.0007117341348763,0.4269415641777369,0.1245135081357921,0.394527801495694,0.1507189326275576,0.4982077752410304,0.4143676453498323,0.4578,0.21899999618530275,0.03085843582226311,0.09448648804951065,0.06327219850430599,0.06828106355774516,-0.0404077752410304,-0.19536764916452953
2025-05-12,104118.0,105819.45,100718.37,102791.32,31272.77792,47.13,48.45,45.29,45.44,5807.2001953125,5845.3701171875,5786.080078125,5844.18994140625,6014580000,19.84000015258789,20.440000534057617,18.13999938964844,18.38999938964844,-0.0017560958407042,0.0320399766770208,0.4259659142374514,0.2190415281098368,0.310663664078908,0.1695731385503196,0.4854736452510551,0.420193439907762,0.45439999999999997,0.1838999938964844,0.028434085762548578,-0.03514153421335239,0.14373633592109197,0.01432685534616479,-0.031073645251055104,-0.23629344601127758
2025-05-13,102791.32,104976.25,101429.7,104103.72,21253.42409,44.83,45.96,44.65,45.71,5854.14990234375,5906.64013671875,5845.02001953125,5886.5498046875,5516290000,18.690000534057617,18.850000381469727,17.649999618530273,18.219999313354492,0.0126867961942682,0.0072220590202459,0.424905049967735,0.2111594045342876,0.3109766315767028,0.1641061624028292,0.4778475480297279,0.4203623188012853,0.4571,0.18219999313354493,0.032194950032265024,-0.02895941140074268,0.1461233684232972,0.018093830730715743,-0.02074754802972789,-0.23816232566774034
2025-05-14,104103.72,104356.95,102602.05,103507.82,16452.9081,45.71,45.76,44.65,44.79,5896.740234375,5906.5498046875,5872.10986328125,5892.580078125,5233450000,18.100000381469727,18.81999969482422,18.059999465942383,18.6200008392334,-0.0057405444459628,0.001023891242276,0.3802626615102424,0.1987502657427457,0.3156396363074933,0.1530846847842702,0.4741037431559639,0.4203138868157923,0.44789999999999996,0.18620000839233397,0.06763733848975756,-0.012550257350411737,0.13226036369250666,0.03311532360806377,-0.02620374315596391,-0.23411387842345832
2025-05-15,103507.83,104192.7,101383.07,103763.71,17998.98604,44.79,44.85,43.07,43.57,5869.81982421875,5924.2099609375,5865.16015625,5916.93017578125,4991290000,19.190000534057617,19.3799991607666,17.770000457763672,17.829999923706055,0.002469129551993,0.0041238174387576,0.3782477159615882,0.1757898620991907,0.3161964046520653,0.1527876553901269,0.460455745207423,0.4201026476642823,0.4357,0.17829999923706055,0.057452284038411794,0.00251013713786985,0.1195035953479347,0.025512343846933655,-0.02475574520742302,-0.24180264842722174
2025-05-16,103763.71,104550.33,103100.49,103463.9,15683.88024,43.57,43.61,41.56,42.62,5929.08984375,5958.6201171875,5907.35986328125,5958.3798828125,4850850000,17.959999084472656,17.959999084472656,17.149999618530273,17.239999771118164,-0.0028935353660749,0.0069808493681001,0.3836486683539615,0.1743829988007139,0.3186186316975165,0.1517315252818627,0.4614553032550543,0.3914171119886477,0.42619999999999997,0.17239999771118164,0.04255133164603847,-0.0019830010895322547,0.1075813683024835,0.020668472429318935,-0.03525530325505433,-0.21901711427746606
2025-05-19,106454.27,107108.62,102000.0,105573.74,30260.03524,44.93,45.24,43.77,44.02,5902.8798828125,5968.60986328125,5895.68994140625,5963.60009765625,4144010000,19.84000015258789,19.920000076293945,17.920000076293945,18.13999938964844,0.0201869065124503,0.0008757295660482,0.1529247949374663,0.1794921447773377,0.3169256306272922,0.1528810048494072,0.4629735463928258,0.3398746392096164,0.44020000000000004,0.18139999389648442,0.28727520506253373,0.0019078491191467373,0.12327436937270786,0.028518989047077226,-0.02277354639282575,-0.158474645313132
2025-05-20,105573.73,107320.0,104184.72,106849.99,23705.48275,44.02,47.38,44.01,47.3,5944.66015625,5953.06005859375,5909.259765625,5940.4599609375,4416850000,18.459999084472656,18.68000030517578,17.700000762939453,18.09000015258789,0.012016222070838,-0.0038877770695725,0.1544701757713118,0.1863741610353202,0.3145447167037398,0.1569157244783069,0.4190829548161711,0.3402108841536526,0.473,0.1809000015258789,0.31852982422868814,-0.005474159509441301,0.15845528329626019,0.023984277047572,0.05391704518382889,-0.15931088262777368
2025-05-21,106850.0,110797.38,106100.01,109643.99,45531.040345,47.3,49.24,46.31,49.13,5910.18017578125,5938.3701171875,5830.91015625,5844.60986328125,5254250000,18.770000457763672,21.049999237060547,17.770000457763672,20.8700008392334,0.02581277442421,-0.0162667192677588,0.1868837763221789,0.1295227140608856,0.3160165903270971,0.1797623346267258,0.3973087615985874,0.3404518697198115,0.4913,0.208700008392334,0.3044162236778211,0.07917729433144838,0.1752834096729029,0.028937673765608185,0.0939912384014126,-0.13175186132747752
2025-05-22,109643.99,111980.0,109177.37,111696.21,31630.77313,49.13,49.84,47.71,49.0,5841.259765625,5878.080078125,5825.81982421875,5842.009765625,5157050000,20.6200008392334,22.06999969482422,19.63999938964844,20.280000686645508,0.0185441127291967,-0.0004449700224211,0.1945931962594325,0.1193638060231554,0.3175025753631813,0.1720869021280493,0.3434629063760471,0.2239225892516677,0.49,0.20280000686645508,0.2954068037405675,0.08343620084329968,0.17249742463681866,0.030713104738405772,0.1465370936239529,-0.021122582385212613
2025-05-23,111696.22,111800.0,106800.0,107318.3,31737.72309,49.0,49.0,45.6,47.68,5781.89013671875,5829.509765625,5767.41015625,5802.81982421875,4662820000,20.13999938964844,25.530000686645508,19.829999923706055,22.290000915527344,-0.0399835903745315,-0.0067308995914731,0.3542856271884292,0.1226331471765346,0.3584346192265522,0.1724007338994052,0.3470005541800248,0.1959463386016526,0.4768,0.22290000915527344,0.1225143728115708,0.10026686197873884,0.11836538077344783,0.05049927525586825,0.1297994458199752,0.026953670553620857
2025-05-27,109434.78,110718.0,107516.57,108938.17,21276.65635,47.13,47.43,45.3,46.16,5854.06982421875,5924.330078125,5854.06982421875,5921.5400390625,5366380000,20.6299991607666,21.010000228881836,18.950000762939453,18.959999084472656,0.0149812886219906,0.0202525808021843,0.358219603303044,0.1815537048291472,0.3547356664571225,0.1826766194902353,0.3294254382710923,0.1975698304344635,0.46159999999999995,0.18959999084472656,0.10338039669695598,0.008046286015579357,0.10686433354287744,0.006923371354491253,0.13217456172890768,-0.007969839589736932
2025-05-28,108938.17,109284.7,106769.43,107781.78,15633.78829,46.16,46.46,43.47,45.24,5925.5400390625,5939.919921875,5881.8798828125,5888.5498046875,4665050000,19.209999084472656,19.43000030517578,18.68000030517578,19.309999465942383,-0.0106718460844975,-0.0055868025764447,0.3700435572900941,0.1771882846322129,0.3631584633537736,0.1870165873807869,0.3338493321314583,0.1987018420877699,0.4524,0.19309999465942382,0.08235644270990594,0.015911710027210924,0.08924153664622642,0.006083407278636932,0.11855066786854174,-0.005601847428346074
2025-05-29,107781.78,108891.91,105322.86,105589.75,19834.70116,45.24,45.24,43.54,44.61,5939.9599609375,5943.1298828125,5873.7998046875,5912.169921875,4569750000,18.25,20.200000762939453,18.11000061035156,19.18000030517578,-0.0205473253252083,0.0040031708706317,0.3841596537905053,0.1800563421790052,0.2820929771841257,0.1866905525315298,0.3395572811184973,0.198247874961727,0.4461,0.19180000305175782,0.06194034620949468,0.01174366087275261,0.16400702281587431,0.005109450520228015,0.10654271888150268,-0.006447871909969177
2025-05-30,105589.75,106313.12,103621.0,103985.48,23706.49799,44.61,47.41,43.64,43.71,5903.669921875,5922.14013671875,5843.66015625,5911.68994140625,6378540000,19.61000061035156,20.549999237060547,18.56999969482422,18.56999969482422,-0.0153100281575464,-8.118845699520562e-05,0.3833123127981749,0.1791492279354622,0.2907278881342849,0.1864623908237734,0.346013020416913,0.1830239848673079,0.4371,0.18569999694824219,0.053787687201825085,0.006550769012779983,0.14637211186571508,-0.0007623938755312032,0.09108697958308698,0.0026760120809342924
2025-06-02,105642.93,105935.63,103659.88,105857.99,13453.98813,45.13,45.22,42.38,42.97,5896.68017578125,5937.39990234375,5861.43017578125,5935.93994140625,4832240000,19.809999465942383,20.450000762939453,18.36000061035156,18.36000061035156,0.0178472048981853,0.004093651490626,0.3596435384935075,0.1427715225328132,0.2992884572514351,0.1322138785985273,0.3472627374563525,0.1828753928141827,0.42969999999999997,0.1836000061035156,0.07005646150649247,0.0408284835707024,0.13041154274856487,0.051386127504988305,0.08243726254364747,0.0007246132893329038
2025-06-03,105858.0,106794.67,104872.5,105376.89,13259.52634,42.97,43.72,42.47,42.83,5938.56005859375,5981.35009765625,5929.0,5970.3701171875,5026680000,18.829999923706055,19.209999084472656,17.639999389648438,17.690000534057617,-0.0045551268035746,0.0057835335353689,0.3206708904656676,0.1427885821178281,0.2963912386382236,0.1310611853417682,0.3421966018708658,0.1628973553392309,0.42829999999999996,0.17690000534057618,0.10762910953433236,0.03411142322274807,0.13190876136177637,0.045838819998807984,0.08610339812913415,0.01400265000134529
2025-06-04,105376.9,106000.0,104179.0,104696.86,14034.89482,42.83,43.08,41.83,42.18,5978.93994140625,5990.47998046875,5966.10986328125,5970.81005859375,4767050000,17.68000030517578,18.06999969482422,17.40999984741211,17.610000610351562,-0.0064742251263659,7.368474471916267e-05,0.2326519455018909,0.1281931699704705,0.2967245151802713,0.1311212097617392,0.2939317143672386,0.1520066224758426,0.4218,0.17610000610351562,0.18914805449810912,0.04790683613304511,0.1250754848197287,0.04497879634177643,0.12786828563276142,0.02409338362767302
2025-06-05,104696.86,105909.71,100372.26,101508.68,22321.50154,42.18,43.45,41.44,42.76,5985.669921875,5999.7001953125,5921.2001953125,5939.2998046875,5091850000,17.68000030517578,18.799999237060547,17.079999923706055,18.479999542236328,-0.0309248149110365,-0.0052913579786981,0.2420735333553181,0.0722171779984826,0.3255423355706895,0.1327666532709874,0.3106934932021663,0.1495800577686301,0.4276,0.18479999542236328,0.1855264666446819,0.11258281742388068,0.10205766442931047,0.052033342151375866,0.11690650679783365,0.035219937653733185
2025-06-06,101508.69,105333.0,101095.8,104288.44,15839.07385,42.76,42.89,40.52,40.53,5987.06005859375,6016.8701171875,5978.6298828125,6000.35986328125,4355710000,18.15999984741211,18.350000381469727,16.649999618530273,16.770000457763672,0.0270162096650293,0.0102281962153767,0.3284728290031025,0.0789256346483592,0.3471960213467721,0.1366079582228133,0.3186113187678566,0.1425735780840525,0.4053,0.16770000457763673,0.07682717099689751,0.08877436992927754,0.05810397865322792,0.031092046354823433,0.0866886812321434,0.025126426493584236
2025-06-09,105734.01,110530.17,105318.37,110263.02,19975.37451,42.52,42.85,41.46,42.61,6004.6298828125,6021.31005859375,5994.18017578125,6005.8798828125,4642360000,17.690000534057617,17.719999313354492,16.81999969482422,17.15999984741211,0.0557080808604971,0.0009195251863913,0.4645051506794121,0.0789346432799334,0.4126448885168575,0.1366104103206214,0.3527486369095403,0.142085046445579,0.4261,0.1715999984741211,-0.03840515067941214,0.09266535519418771,0.01345511148314249,0.0349895881534997,0.0733513630904597,0.029514952028542096
2025-06-10,110263.02,110400.0,108331.03,110274.39,17071.82839,41.89,42.8,41.65,42.51,6009.91015625,6043.009765625,6000.27978515625,6038.81005859375,4882880000,17.5,17.989999771118164,16.68000030517578,16.950000762939453,0.0001031117578652,0.0054680125416468,0.4432667391981199,0.0790835017198647,0.4107484420429987,0.1365458307039852,0.3530325278265827,0.1421420779706873,0.4251,0.16950000762939454,-0.018166739198119897,0.09041650590952985,0.01435155795700127,0.032954176925409334,0.0720674721734173,0.02735792965870723
2025-06-11,110274.39,110392.01,108064.0,108645.12,13115.91638,42.51,42.69,40.86,40.95,6049.3798828125,6059.39990234375,6002.31982421875,6022.240234375,5111550000,17.040000915527344,18.09000015258789,16.229999542236328,17.260000228881836,-0.0148849235207292,-0.0027476603182873,0.457218978275783,0.0856343128461871,0.4016903214803522,0.1131106773533391,0.3557919460585283,0.1428084096135157,0.40950000000000003,0.17260000228881836,-0.047718978275782975,0.08696568944263126,0.007809678519647811,0.05948932493547926,0.05370805394147171,0.029791592675302653
2025-06-12,108645.13,108813.55,105671.72,105671.73,17778.67218,40.95,41.4,39.57,39.77,6009.89990234375,6045.43017578125,6003.8798828125,6045.259765625,4669500000,17.8700008392334,18.8700008392334,17.43000030517578,18.020000457763672,-0.0277493887872792,0.0038151330716763,0.4944941280288648,0.0828093005013713,0.4067863834719908,0.1126676707656593,0.367794773783483,0.1428014457226779,0.39770000000000005,0.1802000045776367,-0.09679412802886472,0.09739070407626542,-0.009086383471990755,0.06753233381197742,0.029905226216517033,0.037398558854958824
2025-06-13,105671.74,106179.53,102664.31,106066.59,26180.81734,39.77,43.96,39.77,40.72,6000.56005859375,6026.16015625,5963.2099609375,5976.97021484375,5258910000,21.760000228881836,22.0,18.8799991607666,20.81999969482422,0.0037297023772628,-0.0113606685901028,0.4923224473564487,0.1149079221790729,0.3725867171461851,0.1213525674724199,0.3626394969965871,0.1480522489721699,0.4072,0.20819999694824218,-0.0851224473564487,0.09329207476916927,0.03461328285381493,0.08684742947582227,0.04456050300341291,0.06014774797607228
2025-06-16,105594.02,108952.38,104980.37,106794.53,14922.6654,42.32,42.32,40.28,41.73,6004.0,6050.830078125,6004.0,6033.10986328125,5111710000,19.780000686645508,20.219999313354492,18.670000076293945,19.11000061035156,0.0068396035665066,0.0093488231481891,0.4355829009794763,0.1192960445390069,0.3674516535950906,0.0959061100943886,0.3627883037334477,0.1449496218756676,0.41729999999999995,0.1911000061035156,-0.018282900979476324,0.0718039615645087,0.04984834640490937,0.095193896009127,0.05451169626655222,0.04615038422784801
2025-06-17,106794.53,107771.34,103371.02,104551.17,17866.33025,41.73,42.19,40.72,41.62,6012.14990234375,6023.25,5974.7998046875,5982.72021484375,4955700000,20.530000686645508,21.790000915527344,19.549999237060547,21.600000381469727,-0.0212300913561666,-0.0083872597236431,0.4398076106923422,0.119221452905309,0.3752526917248251,0.1004513478947056,0.3620371612780997,0.1460561212919269,0.41619999999999996,0.21600000381469728,-0.02360761069234224,0.09677855090938828,0.04094730827517484,0.11554865591999168,0.05416283872190025,0.06994388252277037
2025-06-18,104551.17,105550.27,103500.0,104886.78,13968.64167,41.62,41.7,39.6,39.69,5987.93017578125,6018.25,5971.89013671875,5980.8701171875,5106470000,20.899999618530273,21.579999923706055,19.59000015258789,20.13999938964844,0.0032048660451346,-0.0003092880347205,0.2203756869371364,0.1188687831074009,0.3661286186376201,0.0997266351025815,0.3577004134343524,0.1433650958421654,0.3969,0.2013999938964844,0.17652431306286356,0.08253121078908351,0.03077138136237989,0.10167335879390291,0.03919958656564759,0.05803489805431902
2025-06-20,104658.59,106524.65,102345.0,103297.99,16419.06283,40.21,41.53,39.03,40.67,5999.669921875,6018.2001953125,5952.56005859375,5967.83984375,7451500000,20.739999771118164,21.06999969482422,19.11000061035156,20.6200008392334,-0.0152635646283069,-0.0021810352155877,0.2184389311969627,0.111084384099602,0.3660921809126416,0.1004915951851423,0.3614580583050603,0.1437460768716155,0.4067,0.206200008392334,0.1882610688030373,0.09511562429273199,0.04060781908735839,0.1057084132071917,0.045241941694939725,0.062453931520718486
2025-06-23,100963.87,106074.2,99613.33,105333.93,27666.50609,41.75,42.15,39.54,39.86,5969.669921875,6028.77001953125,5943.22998046875,6025.169921875,5597000000,21.149999618530273,22.510000228881836,19.81999969482422,19.829999923706055,0.0195176714130769,0.0095606550712594,0.2725588315905268,0.1292240126029472,0.3677774213769565,0.1065883933239508,0.3183084202700404,0.1450360078404358,0.3986,0.19829999923706054,0.12604116840947321,0.06907598663411335,0.030822578623043495,0.09171160591310974,0.0802915797299596,0.053263991396624744
2025-06-24,105333.94,106290.0,104622.02,106083.0,14651.69335,39.87,41.2,39.0,39.05,6061.2099609375,6101.759765625,6059.25,6092.18017578125,5443690000,18.190000534057617,18.719999313354492,17.329999923706055,17.479999542236328,0.0070862171209309,0.0110603286169586,0.2229651404915297,0.1444582272986772,0.3685156064844044,0.1132582983863939,0.3186625103130493,0.147079165798798,0.39049999999999996,0.17479999542236327,0.16753485950847025,0.03034176812368608,0.021984393515595557,0.06154169703596937,0.07183748968695064,0.027720829623565257
2025-06-25,106083.0,108135.3,105808.03,107340.58,16701.15551,39.04,39.28,37.9,38.4,6104.22998046875,6108.509765625,6080.08984375,6092.16015625,5171110000,17.280000686645508,17.510000228881836,16.68000030517578,16.760000228881836,0.0117849635445264,-3.286108349665331e-06,0.2328037554935349,0.1167038777749702,0.3699785903249373,0.1132768022256369,0.3200613427770938,0.1173908743705905,0.384,0.16760000228881836,0.1511962445064651,0.05089612451384816,0.014021409675062713,0.05432320006318146,0.0639386572229062,0.05020912791822786
2025-06-26,107340.59,108272.45,106562.5,106947.06,10573.27279,38.4,39.32,37.71,38.25,6112.08984375,6146.52001953125,6107.27001953125,6141.02001953125,5308140000,16.670000076293945,16.780000686645508,16.110000610351562,16.59000015258789,-0.0036728244556723,0.0079881310325167,0.231608500830441,0.1137083348151351,0.3401426181406105,0.1119900214700169,0.3185761161076206,0.1177423391108701,0.3825,0.16590000152587892,0.15089149916955902,0.05219166671074381,0.04235738185938953,0.05390998005586202,0.06392388389237941,0.04815766241500881
2025-06-27,106947.06,107735.34,106356.76,107047.59,12232.44042,38.25,38.34,36.27,38.1,6150.7001953125,6187.68017578125,6132.35009765625,6173.06982421875,7889350000,16.309999465942383,17.290000915527344,16.1200008392334,16.31999969482422,0.0009395562683027,0.00520539925615,0.1772591695160228,0.0843376399453871,0.3230989941941,0.1070920442552154,0.3179541659736783,0.1182456042286375,0.381,0.1631999969482422,0.2037408304839772,0.0788623570028551,0.05790100580590002,0.05610795269302679,0.06304583402632169,0.04495439271960469
2025-06-30,108356.93,108789.99,106733.33,107146.5,9754.12491,39.34,39.34,37.69,37.74,6193.35986328125,6215.080078125,6174.97021484375,6204.9501953125,5782900000,17.190000534057617,17.43000030517578,16.549999237060547,16.729999542236328,0.0009235549592471,0.0051511375061288,0.1778763727959498,0.0774083579230213,0.2098985139025146,0.1077466908006414,0.3179287690210268,0.1184771708924133,0.3774,0.1672999954223633,0.1995236272040502,0.089891637499342,0.1675014860974854,0.059553304621721884,0.05947123097897322,0.04882282452994999
2025-07-01,107146.51,107540.0,105250.85,105681.14,10505.62437,37.14,38.23,36.99,37.61,6187.25,6210.77978515625,6177.97021484375,6198.009765625,6275310000,16.979999542236328,17.479999542236328,16.510000228881836,16.829999923706055,-0.0137706094588064,-0.0011191571098791,0.1715348066576963,0.0732762991176642,0.2153253819475378,0.1076512358575699,0.32065813918592,0.1175937156815482,0.3761,0.16829999923706054,0.2045651933423037,0.09502370011939634,0.16077461805246218,0.06064876337949064,0.05544186081407998,0.05070628355551235
2025-07-02,105681.13,109730.0,105100.19,108849.6,17691.89592,37.61,40.44,37.48,39.6,6193.8798828125,6227.60009765625,6188.2900390625,6227.419921875,5645710000,16.75,17.3700008392334,16.540000915527344,16.639999389648438,0.0295406654537451,0.0047338743064907,0.216171205174067,0.0672584870277948,0.2479668227565205,0.1061142318557887,0.3266853321148382,0.1179996184599846,0.396,0.16639999389648438,0.17982879482593303,0.09914150686868958,0.14803317724347953,0.06028576204069569,0.06931466788516183,0.048400375436499776
2025-07-03,108849.59,110529.18,108530.4,109584.78,13047.08225,39.6,40.93,38.66,39.08,6246.4599609375,6284.64990234375,6246.4599609375,6279.35009765625,3378110000,16.649999618530273,16.829999923706055,16.139999389648438,16.3799991607666,0.0067313833656431,0.0083043782106639,0.2160164515784217,0.0576937512521058,0.2135730293422668,0.1089518001894197,0.3254962603901766,0.1185032884374416,0.3908,0.163799991607666,0.17478354842157828,0.10610624035556021,0.17722697065773318,0.0548481914182463,0.06530373960982339,0.04529670317022441
2025-07-07,109203.85,109700.0,107513.2,108262.94,9405.37601,38.98,39.51,38.46,38.71,6259.0400390625,6262.06982421875,6201.0,6229.97998046875,5236740000,17.829999923706055,18.5,17.510000228881836,17.790000915527344,-0.0121355984129131,-0.007893368104244,0.2300098818472794,0.0918529301866039,0.2223681763069837,0.1009700483200754,0.3187100835341092,0.1095247710057229,0.3871,0.17790000915527343,0.1570901181527206,0.08604707896866953,0.1647318236930163,0.07692996083519803,0.06838991646589082,0.06837523814955053
2025-07-08,108262.94,109216.56,107429.57,108922.98,9216.0208,38.71,39.04,37.67,37.77,6234.02978515625,6242.7001953125,6217.75,6225.52001953125,5739030000,17.40999984741211,17.440000534057617,16.540000915527344,16.809999465942383,0.0060781291164992,-0.0007161432504695,0.22873120232125,0.087524289737958,0.2220345585710192,0.0976010465142799,0.3142806988975764,0.1095829418523409,0.37770000000000004,0.16809999465942382,0.14896879767875004,0.08057570492146582,0.15566544142898084,0.07049894814514393,0.06341930110242361,0.05851705280708293
2025-07-09,108922.99,111999.79,108324.53,111233.99,17282.2865,37.77,40.09,37.08,38.77,6243.330078125,6269.16015625,6231.43017578125,6263.259765625,4813340000,16.760000228881836,16.760000228881836,15.760000228881836,15.9399995803833,0.0209949736167124,0.0060438027767796,0.252932458980945,0.0889657723533275,0.2105484179596905,0.085600462164707,0.2975259886604914,0.1068379049510777,0.38770000000000004,0.15939999580383302,0.13476754101905503,0.07043422345050551,0.17715158204030954,0.07379953363912602,0.09017401133950864,0.05256209085275532
2025-07-10,111234.0,116868.0,110500.0,116010.0,24883.450665,38.77,40.21,37.98,38.62,6266.7998046875,6290.22021484375,6251.43994140625,6280.4599609375,5367350000,16.229999542236328,16.239999771118164,15.699999809265137,15.779999732971191,0.042040393709379,0.0027424410729257,0.3302996815979238,0.0866070773082994,0.2638941690850639,0.0840905055865511,0.3180497106682924,0.0927427702872438,0.3862,0.15779999732971192,0.05590031840207621,0.07119292002141252,0.12230583091493608,0.07370949174316083,0.06815028933170758,0.06505722704246812
2025-07-11,116010.01,118869.98,115222.22,117527.66,25873.521148,38.62,40.24,37.51,37.94,6255.68017578125,6269.43994140625,6237.60009765625,6259.75,4656210000,16.40999984741211,17.239999771118164,15.979999542236328,16.399999618530273,0.0129973158489833,-0.0033029717732258,0.2799989420622182,0.0905248625117086,0.2437303024925495,0.0856772702427246,0.3171895723256335,0.0913533246743807,0.37939999999999996,0.16399999618530273,0.09940105793778176,0.07347513367359412,0.13566969750745045,0.07832272594257812,0.062210427674366464,0.07264667151092202
2025-07-14,119086.65,123218.0,118905.18,119841.18,27269.348877,39.24,40.64,38.79,39.64,6255.14990234375,6273.31005859375,6239.22021484375,6268.56005859375,4722250000,17.729999542236328,17.850000381469727,16.90999984741211,17.200000762939453,0.0194936560460837,0.0014064243309367,0.2644090240272167,0.0875555560549827,0.2437106509824151,0.0811994973869612,0.3126823199466925,0.0911776842524272,0.39640000000000003,0.17200000762939452,0.1319909759727833,0.08444445157441181,0.15268934901758494,0.09080051024243332,0.08371768005330754,0.08082232337696732
2025-07-15,119841.17,119940.83,115736.92,117758.09,32018.46083,39.64,41.81,39.44,39.93,6295.2900390625,6302.0400390625,6241.68017578125,6243.759765625,5133670000,16.889999389648438,17.389999389648438,16.559999465942383,17.3799991607666,-0.0175349307627005,-0.0039641450656725,0.3246581745602512,0.0741339549089916,0.2689609590818002,0.0765619504234891,0.3139538111895453,0.0926129941494811,0.3993,0.17379999160766602,0.07464182543974879,0.09966603669867441,0.1303390409181998,0.09723804118417692,0.08534618881045469,0.08118699745818492
2025-07-16,117758.08,120063.84,117017.29,118630.43,17039.90851,39.93,40.96,37.98,39.07,6254.5,6268.1201171875,6201.58984375,6263.7001953125,5177460000,17.65999984741211,19.479999542236328,16.690000534057617,17.15999984741211,0.0073805949622627,0.0031885685253844,0.2870079052485666,0.0576632513530206,0.2682355436150836,0.0763379136807069,0.3114401050803302,0.0924570737772852,0.3907,0.1715999984741211,0.10369209475143337,0.11393674712110051,0.12246445638491638,0.0952620847934142,0.07925989491966978,0.07914292469683591
2025-07-17,118630.44,120998.71,117453.57,119177.56,15728.57651,39.07,40.89,38.28,39.47,6263.39990234375,6304.68994140625,6262.27001953125,6297.35986328125,5512290000,17.15999984741211,17.3700008392334,16.479999542236328,16.520000457763672,0.0046014514935447,0.005359380240011,0.2886496320499477,0.0624087833926539,0.2640321486741102,0.0730746098030758,0.3104353067172169,0.0923059837370214,0.3947,0.16520000457763673,0.1060503679500523,0.10279122118498282,0.13066785132588982,0.09212539477456093,0.08426469328278308,0.07289402084061533
2025-07-18,119177.56,120820.71,116812.76,117924.84,19924.66266,39.47,40.7,37.63,38.6,6312.9501953125,6315.60986328125,6285.27001953125,6296.7900390625,5184700000,16.43000030517578,16.809999465942383,16.280000686645508,16.40999984741211,-0.0105670095006571,-9.049030280841674e-05,0.3124023076787542,0.0545879786701826,0.2740936796255104,0.0717262912523984,0.3118703222960097,0.0923335373754658,0.386,0.1640999984741211,0.0735976923212458,0.1095120198039385,0.11190632037448961,0.0923737072217227,0.07412967770399032,0.0717664610986553
2025-07-21,117265.11,119676.73,116515.0,117380.36,17107.33128,39.23,40.42,38.49,39.28,6304.740234375,6336.080078125,6303.7900390625,6305.60009765625,5010840000,16.8700008392334,16.989999771118164,16.299999237060547,16.649999618530273,-0.004627870287343,0.0013981570056732,0.2095426654833055,0.0531164368868253,0.2774365275244089,0.0696773300184206,0.2951712598416092,0.0898899825647625,0.39280000000000004,0.16649999618530273,0.18325733451669454,0.11338355929847743,0.11536347247559114,0.09682266616688213,0.09762874015839085,0.07661001362054023
2025-07-22,117380.36,120247.8,116128.0,119954.42,20959.12973,39.28,39.88,38.04,39.88,6306.60009765625,6316.1201171875,6281.7099609375,6309.6201171875,5662040000,16.75,17.479999542236328,16.43000030517578,16.5,0.021692235206271,0.0006373284966667,0.2343019497162145,0.045805692346039,0.2677999549808498,0.0689636535718291,0.2920830397565799,0.0864900714411422,0.39880000000000004,0.165,0.16449805028378553,0.11919430765396101,0.13100004501915025,0.09603634642817091,0.10671696024342014,0.07850992855885781
2025-07-23,119954.43,120090.0,117301.0,118755.99,14558.75083,39.88,40.17,38.99,39.58,6326.89990234375,6360.64013671875,6317.490234375,6358.91015625,5642510000,16.229999542236328,16.31999969482422,15.31999969482422,15.369999885559082,-0.0100409535459066,0.0077815321457028,0.2125596176648195,0.0608881890155251,0.2616714887427247,0.0730197320680656,0.2515942502116813,0.0882380011723161,0.3958,0.15369999885559082,0.18324038233518047,0.09281180984006573,0.13412851125727526,0.08068026678752523,0.14420574978831868,0.06546199768327472
2025-07-24,118756.0,119450.0,117103.1,118340.99,15806.89043,39.58,40.85,38.61,40.22,6368.60009765625,6381.31005859375,6360.56982421875,6363.35009765625,5282720000,15.390000343322754,15.539999961853027,14.949999809265137,15.390000343322754,-0.0035006808084234,0.0006979799969332,0.1820235656137962,0.046225697655019,0.2648665583837017,0.0660645661870092,0.2521055639261906,0.0876447955553603,0.4022,0.15390000343322754,0.2201764343862038,0.10767430577820855,0.1373334416162983,0.08783543724621834,0.1500944360738094,0.06625520787786725
2025-07-25,118340.98,118451.57,114723.16,117614.31,38406.34873,40.22,43.01,39.21,40.06,6370.009765625,6395.81982421875,6368.52978515625,6388.64013671875,4470720000,15.329999923706056,15.390000343322754,14.920000076293944,14.93000030517578,-0.0061594912042918,0.0039664510016805,0.1792775688879553,0.0467957960085407,0.2582891611639412,0.053202955222087,0.2481586144864858,0.086810429318339,0.4006,0.1493000030517578,0.22132243111204472,0.10250420704321711,0.14231083883605883,0.09609704782967081,0.15244138551351422,0.062489573733418805
2025-07-28,119415.56,119800.0,117427.5,118062.32,13961.74754,39.37,41.05,38.21,38.27,6397.68994140625,6401.06982421875,6375.7900390625,6389.77001953125,4565620000,15.149999618530272,15.539999961853027,15.0,15.029999732971191,0.0038019089092289,0.0001768424712665,0.1782466958644829,0.0452981914331295,0.2584422462305454,0.0525159601335027,0.2308219889060039,0.0867784151694636,0.38270000000000004,0.15029999732971192,0.20445330413551713,0.10500180589658242,0.12425775376945464,0.0977840371962092,0.15187801109399615,0.06352158216024832
2025-07-29,118062.32,119273.36,116950.75,117950.76,15137.93445,38.27,38.78,34.86,35.18,6405.6201171875,6409.259765625,6363.919921875,6370.85986328125,5076120000,14.949999809265137,16.1200008392334,14.699999809265137,15.979999542236328,-0.0009453714032179,-0.0029638301974668,0.1662820204043817,0.0536030298863291,0.2499880602343795,0.0525106581903039,0.2312133913822452,0.0787100520814473,0.3518,0.15979999542236328,0.1855179795956183,0.1061969655360342,0.1018119397656205,0.10728933723205938,0.1205866086177548,0.08108994334091599
2025-07-30,117950.75,118792.0,115796.23,117840.3,15586.73631,35.18,37.3,35.16,36.13,6381.22998046875,6396.5400390625,6336.3798828125,6362.89990234375,5375070000,15.869999885559082,17.270000457763672,15.4399995803833,15.479999542236328,-0.0009369312651676,-0.0012502139385094,0.1633878377174734,0.0564482143747915,0.1807519651479237,0.0529918700803369,0.231347519230917,0.0762148404267583,0.3613,0.15479999542236328,0.19791216228252662,0.09835178104757178,0.18054803485207632,0.10180812534202638,0.129952480769083,0.07858515499560498
2025-07-31,117840.29,118922.45,115500.0,115764.08,17010.0073,36.13,37.02,35.79,36.73,6427.02001953125,6427.02001953125,6327.64013671875,6339.39013671875,6077080000,14.989999771118164,17.170000076293945,14.739999771118164,16.719999313354492,-0.017775990938679,-0.0037016620463745,0.1127364425917977,0.0640537856735377,0.1885329312477867,0.0536325586825926,0.2283648578326285,0.0718725378214155,0.36729999999999996,0.16719999313354492,0.25456355740820225,0.10314620746000722,0.17876706875221327,0.11356743445095233,0.13893514216737146,0.09532745531212941
2025-08-01,115764.07,116052.0,112722.58,113297.93,24487.10206,36.73,38.74,35.61,38.42,6287.27978515625,6287.27978515625,6212.68994140625,6238.009765625,5827150000,17.399999618530273,21.899999618530273,17.389999389648438,20.3799991607666,-0.0215334292496769,-0.0161213871855698,0.1491769632644642,0.1019682313998448,0.1819849056127546,0.0898020341454921,0.2395272633716033,0.0887765767677791,0.38420000000000004,0.20379999160766601,0.23502303673553585,0.10183176020782121,0.20221509438724544,0.11399795746217392,0.14467273662839675,0.11502341483988691
2025-08-04,114208.81,115720.0,114107.6,115055.03,9667.67916,38.03,38.1,36.78,36.89,6271.7099609375,6330.68994140625,6271.7099609375,6329.93994140625,4842580000,19.559999465942383,19.579999923706055,17.479999542236328,17.520000457763672,0.0153896378597389,0.0146295644914144,0.2005262878973106,0.1463238783842676,0.1880626219149861,0.1080806198140071,0.2361459423994053,0.0959580098839168,0.3689,0.1752000045776367,0.1683737121026894,0.0288761261933691,0.1808373780850139,0.06711938476362961,0.1327540576005947,0.07924199469371991
2025-08-05,115055.03,115127.81,112650.0,114129.75,12042.79078,36.32,36.58,35.45,36.01,6336.6298828125,6346.0,6289.3701171875,6299.18994140625,5517410000,17.209999084472656,18.940000534057617,17.110000610351562,17.850000381469727,-0.0080745765687901,-0.004869703780462,0.2017090625883535,0.143941787638386,0.1850698690144523,0.1102724603334119,0.2335031322826794,0.0951411252890135,0.3601,0.17850000381469727,0.15839093741164648,0.034558216176311274,0.17503013098554768,0.06822754348128537,0.12659686771732057,0.08335887852568377
2025-08-06,114129.75,115716.0,113355.13,114992.27,9761.15318,36.01,36.11,34.87,34.88,6309.2998046875,6352.830078125,6301.10986328125,6345.06005859375,5408560000,17.219999313354492,17.8799991607666,16.559999465942383,16.770000457763672,0.0075289496341813,0.0072555222198526,0.2090979743141593,0.1543567736766473,0.1877256586906045,0.1122009064449335,0.2335793518755483,0.0924126857547822,0.3488,0.16770000457763673,0.1397020256858407,0.013343230900989433,0.1610743413093955,0.055499098132703234,0.11522064812445171,0.07528731882285453
2025-08-07,114992.27,117621.0,114259.0,117472.01,13468.56263,34.88,35.68,33.98,35.66,6374.31982421875,6389.7099609375,6310.31982421875,6340.0,5306090000,16.40999984741211,17.639999389648438,15.979999542236328,16.56999969482422,0.0213351837283328,-0.0007977981718278,0.2585891915768823,0.1537470861250228,0.2089238511010404,0.1123178990612378,0.2384015784241503,0.0925428104010863,0.3566,0.1656999969482422,0.09801080842311766,0.011952910823219393,0.14767614889895958,0.05338209788700439,0.11819842157584967,0.07315718654715589
2025-08-08,117472.02,117630.0,115878.71,116674.74,10045.31278,35.66,35.73,33.53,34.4,6355.22021484375,6395.16015625,6355.22021484375,6389.4501953125,4769910000,16.479999542236328,16.520000457763672,15.149999618530272,15.149999618530272,-0.0068100290199484,0.0077694548163894,0.2613153499810189,0.1616949528960236,0.2100075227184009,0.1164933079397699,0.2393369088380842,0.0924081520458788,0.344,0.15149999618530272,0.08268465001898107,-0.010194956710720876,0.13399247728159908,0.03500668824553281,0.10466309116191577,0.05909184413942392
2025-08-11,119294.27,122335.16,118050.11,118686.0,26494.33429,35.43,37.93,35.04,36.56,6389.669921875,6407.25,6364.06005859375,6373.4501953125,4652400000,15.8100004196167,16.360000610351562,15.520000457763672,16.25,0.0170912868408537,-0.0025072683938851,0.2532740154918174,0.1605165066675858,0.2013405482294563,0.1174138811475586,0.2427399868439905,0.0922951608865663,0.36560000000000004,0.1625,0.11232598450818265,0.00198349333241421,0.16425945177054374,0.045086118852441404,0.12286001315600953,0.07020483911343371
2025-08-12,118686.0,120324.43,118207.47,120134.08,16720.10893,36.56,37.09,35.33,36.94,6395.169921875,6446.5498046875,6385.759765625,6445.759765625,5135300000,16.09000015258789,16.559999465942383,14.65999984741211,14.729999542236328,0.0121271021010796,0.0112815590751707,0.1843440636490199,0.1180157656496703,0.2034861969418829,0.1223309713220319,0.2438996453282213,0.0962779944848794,0.36939999999999995,0.14729999542236327,0.18505593635098005,0.029284229772692974,0.16591380305811704,0.024969024100331375,0.12550035467177864,0.051022000937483866
2025-08-13,120134.09,123667.79,118920.92,123306.43,23210.07102,37.41,39.89,37.07,39.0,6462.669921875,6480.27978515625,6445.02001953125,6466.580078125,5195950000,14.619999885559082,14.8100004196167,14.300000190734863,14.489999771118164,0.0260641056770228,0.0032248733840464,0.2106637984751419,0.0952821632632807,0.2284358031236704,0.1226916978711322,0.24625712303219,0.0961647308761144,0.39,0.14489999771118164,0.1793362015248581,0.04961783444790094,0.1615641968763296,0.022208299840049447,0.14374287696781002,0.04873526683506725
2025-08-14,123306.44,124474.0,117180.0,118295.09,27980.947586,39.0,39.63,36.25,36.95,6453.4599609375,6473.919921875,6441.06982421875,6468.5400390625,4462050000,14.65999984741211,15.390000343322754,14.56999969482422,14.829999923706056,-0.0414902925662938,0.0003030448785544,0.3674441061852516,0.0812425063614144,0.2951441435429965,0.1220439762757884,0.2700072891473399,0.0956917867980305,0.36950000000000005,0.14829999923706055,0.0020558938147484662,0.06705749287564615,0.07435585645700354,0.02625602296127215,0.09949271085266015,0.05260821243903005
2025-08-15,118295.09,119216.82,116803.99,117342.05,13623.33874,36.95,37.03,35.14,35.37,6477.3798828125,6481.33984375,6441.85009765625,6449.7998046875,4575060000,14.43000030517578,15.18000030517578,14.399999618530272,15.09000015258789,-0.0080890915304361,-0.0029013399163647,0.3750163334897015,0.0857752582615829,0.2968038810073261,0.1230858600123145,0.2715319929478088,0.0940267868740246,0.35369999999999996,0.1509000015258789,-0.021316333489701522,0.065124743264296,0.05689611899267388,0.0278141415135644,0.08216800705219118,0.0568732146518543
2025-08-18,117405.01,117543.75,114640.14,116227.05,17745.93954,35.83,38.1,35.62,35.99,6445.02001953125,6455.35009765625,6437.7001953125,6449.14990234375,4162290000,15.729999542236328,15.949999809265137,14.949999809265137,14.989999771118164,-0.0095475683205051,-0.0001007682577357,0.3565414561731714,0.0848011107301763,0.2993225880505526,0.1220432631939542,0.2704394686027175,0.0903394645103753,0.3599,0.14989999771118165,0.003358543826828597,0.06509888698100535,0.06057741194944738,0.02785673451722745,0.0894605313972825,0.05956053320080634
2025-08-19,116227.05,116725.69,112732.58,112872.94,18065.47424,35.99,38.54,35.6,37.87,6446.240234375,6456.47998046875,6400.22021484375,6411.3701171875,4377440000,15.229999542236328,15.90999984741211,14.760000228881836,15.56999969482422,-0.0292828443291047,-0.0058753291122071,0.3940621342533585,0.0882246284915295,0.3223831418431334,0.1251408108995851,0.2852360813447132,0.0924789287422229,0.3787,0.15569999694824221,-0.015362134253358528,0.06747536845671272,0.0563168581568666,0.030559186048657122,0.0934639186552868,0.06322106820601932
2025-08-20,112872.95,114615.38,112380.0,114271.24,15636.34194,37.87,38.01,35.91,36.02,6406.6201171875,6408.39990234375,6343.85986328125,6395.77978515625,4470390000,15.949999809265137,17.190000534057617,15.56999969482422,15.6899995803833,0.0123121592980693,-0.0024346306322649,0.383856915604378,0.0881220263369573,0.3210592950186521,0.1244213006453765,0.2810763566866572,0.0917066366971589,0.3602,0.15689999580383301,-0.023656915604377993,0.06877796946687571,0.03914070498134792,0.032478695158456514,0.07912364331334282,0.06519335910667412
2025-08-21,114271.23,114821.76,112015.67,112500.0,10839.69235,36.02,37.25,35.73,37.25,6380.830078125,6393.64990234375,6352.7099609375,6370.169921875,4013560000,15.720000267028809,17.239999771118164,15.649999618530272,16.600000381469727,-0.0156216989473507,-0.0040122197289511,0.3663012924432532,0.048317478421969,0.314619315565114,0.1012653759378686,0.2563264797912492,0.0924843326899443,0.3725,0.16600000381469726,0.006198707556746785,0.11768252539272826,0.057880684434885976,0.06473462787682865,0.11617352020875082,0.07351567112475296
2025-08-22,112500.0,117429.05,111684.79,116935.99,23128.09037,37.25,37.97,33.63,34.53,6384.58984375,6478.89013671875,6384.58984375,6466.91015625,5046860000,16.809999465942383,16.829999923706055,14.210000038146973,14.220000267028809,0.0386734694256492,0.0150722851587791,0.4212382856847037,0.1107880674026004,0.3508442052112242,0.1023894643200073,0.2783844857606563,0.1009149828347839,0.3453,0.1422000026702881,-0.07593828568470368,0.03141193526768769,-0.005544205211224229,0.0398105383502808,0.06691551423934372,0.0412850198355042
2025-08-25,113493.59,113667.28,109274.1,110111.98,25182.79379,35.07,38.87,34.8,37.93,6457.669921875,6466.89013671875,6438.06005859375,6439.31982421875,4059070000,15.050000190734863,15.1899995803833,14.239999771118164,14.789999961853027,-0.0601288430883168,-0.0042755125396463,0.4929932510887754,0.1136438487136429,0.4364609876980753,0.1016983386107933,0.3217824522533696,0.1020946112686479,0.37929999999999997,0.1478999996185303,-0.11369325108877543,0.034256150904887386,-0.057160987698075316,0.04620166100773698,0.05751754774663037,0.04580538834988239
2025-08-26,110111.98,112371.0,108666.66,111763.22,18452.43877,37.93,40.17,36.92,36.92,6435.490234375,6468.3701171875,6429.2099609375,6465.93994140625,4867680000,15.75,15.75,14.619999885559082,14.619999885559082,0.0148846782912907,0.0041254737101163,0.5159408561466431,0.1155928616502621,0.4408505443037205,0.0991420982134178,0.322619083461344,0.1014383654510876,0.36920000000000003,0.14619999885559082,-0.14674085614664306,0.03060713720532872,-0.07165054430372048,0.04705790064217302,0.046580916538656036,0.04476163340450322
2025-08-27,111763.22,112625.0,110345.42,111262.01,13392.60875,36.92,38.52,36.69,37.91,6462.259765625,6487.06005859375,6457.83984375,6481.39990234375,4143680000,14.65999984741211,15.229999542236328,14.65999984741211,14.850000381469728,-0.0044946559972962,0.002388130453303,0.5157666814535826,0.1161421649939066,0.4277335922716169,0.0987259809714171,0.3215353310366936,0.1013261133373013,0.3791,0.14850000381469727,-0.13666668145358263,0.03235783882079067,-0.0486335922716169,0.04977402284328017,0.05756466896330642,0.04717389047739598
2025-08-28,111262.01,113485.9,110862.42,112566.9,11104.27744,37.91,38.12,36.21,36.95,6483.83984375,6508.22998046875,6466.9599609375,6501.85986328125,4283760000,14.420000076293944,14.6899995803833,14.119999885559082,14.43000030517578,0.0116598412911834,0.0031517474414667,0.4970941950903449,0.1068976921405802,0.4324326464583278,0.0949830216447471,0.3234658125054894,0.1007273055851118,0.36950000000000005,0.1443000030517578,-0.12759419509034486,0.0374023109111776,-0.06293264645832775,0.0493169814070107,0.04603418749451066,0.04357269746664601
2025-08-29,112566.9,112638.64,107463.9,108377.4,22580.31045,36.95,41.7,36.91,38.98,6489.27978515625,6491.759765625,6444.56982421875,6460.259765625,4234840000,14.3100004196167,15.970000267028809,14.3100004196167,15.359999656677246,-0.0379281313827635,-0.0064187404027925,0.5332666522557163,0.1161180268571699,0.4467311340126401,0.0993291905441029,0.3391738313966081,0.1030023926670005,0.3898,0.15359999656677245,-0.14346665225571636,0.03748196970960255,-0.056931134012640106,0.05427080602266955,0.05062616860339186,0.050597603899771956
2025-09-02,109237.43,111771.52,108393.39,111240.01,18510.28756,39.33,40.28,38.69,38.8,6401.509765625,6416.5400390625,6360.580078125,6415.5400390625,4784000000,16.649999618530273,19.3799991607666,16.549999237060547,17.170000076293945,0.0260705390772595,-0.0069463500610303,0.5645657430920128,0.1230260012153238,0.4616625270909134,0.0925057779733098,0.3492669364920523,0.1054301812203682,0.38799999999999996,0.17170000076293945,-0.17656574309201284,0.04867399954761566,-0.07366252709091342,0.07919422278962965,0.03873306350794764,0.06626981954257126
2025-09-03,111240.01,112575.27,110528.71,111705.71,11773.72084,38.8,38.88,37.97,38.85,6445.81982421875,6453.669921875,6416.169921875,6448.259765625,4465360000,17.399999618530273,17.56999969482422,16.34000015258789,16.350000381469727,0.0041777045760736,0.0050871123029413,0.4948218372534474,0.0832656192551047,0.4415617275665215,0.0942167931923766,0.3426603261351456,0.1062383064544213,0.3885,0.16350000381469726,-0.1063218372534474,0.08023438455959256,-0.0530617275665215,0.06928321062232067,0.045839673864854436,0.05726169736027596
2025-09-04,111705.72,112180.0,109329.12,110730.87,12203.13536,38.85,39.17,38.37,38.48,6456.60009765625,6502.5400390625,6445.97998046875,6502.080078125,4670770000,16.219999313354492,16.350000381469727,15.279999732971191,15.300000190734863,-0.0087651612090672,0.0083118471028735,0.3295453265895395,0.0924805251943,0.412998422855907,0.1009373878418215,0.3424321748763662,0.1065550626383073,0.3848,0.15300000190734864,0.055254673410460475,0.06051947671304864,-0.028198422855907013,0.05206261406552713,0.042367825123633795,0.046444939269041335
2025-09-05,110730.87,113384.62,110206.96,110659.99,21587.40888,38.48,38.74,36.23,37.49,6529.080078125,6532.64990234375,6443.97998046875,6481.5,5066120000,15.229999542236328,16.920000076293945,14.739999771118164,15.18000030517578,-0.0006403155254173,-0.0031701726699367,0.3144997824951613,0.0937534702434298,0.4130296217186285,0.1011125427889052,0.3424477152912742,0.1071570718256771,0.3749,0.15180000305175778,0.060400217504838705,0.058046532808327986,-0.03812962171862849,0.05068746026285258,0.0324522847087258,0.04464293122608068
2025-09-08,111137.35,112924.37,110621.78,112065.23,11582.40211,37.9,38.17,36.46,37.08,6498.08984375,6508.669921875,6483.2900390625,6495.14990234375,5211500000,15.579999923706056,15.649999618530272,14.989999771118164,15.109999656677246,0.0126187653710129,0.0021037644508885,0.3240824453904482,0.0935081898209587,0.4181288907979547,0.101354239445017,0.3448946644348625,0.106785914865217,0.37079999999999996,0.15109999656677245,0.04671755460955174,0.05759180674581375,-0.047328890797954715,0.049745757121755454,0.025905335565137466,0.044314081701555444
2025-09-09,112065.23,113293.29,110766.66,111546.39,15379.28248,37.08,37.9,36.73,37.36,6503.330078125,6518.22998046875,6483.080078125,6512.60986328125,4798350000,15.020000457763672,15.81999969482422,14.970000267028809,15.039999961853027,-0.0046405542886385,0.0026845470300734,0.3162858293554284,0.0929506903679582,0.4003432805505612,0.0973309148568783,0.3446111408586748,0.1069567336127496,0.3736,0.15039999961853026,0.05731417064457156,0.05744930925057207,-0.026743280550561188,0.053069084761651966,0.028988859141325207,0.04344326600578066
2025-09-10,111546.38,114313.13,110917.45,113960.0,17517.41823,37.36,37.86,36.74,36.95,6550.2900390625,6555.97021484375,6516.33984375,6532.0400390625,5253010000,14.979999542236328,15.630000114440918,14.630000114440918,15.350000381469728,0.021406951444263,0.0029790282293981,0.2102981302030737,0.0810305143978996,0.4079247597522332,0.0962027981468973,0.3511717396143445,0.1066055381996047,0.36950000000000005,0.15350000381469728,0.15920186979692635,0.07246948941679768,-0.03842475975223314,0.05729720566779997,0.018328260385655548,0.046894465615092584
2025-09-11,113960.0,115488.09,113430.0,115482.69,13676.73119,36.95,37.03,35.26,35.26,6554.41015625,6592.89013671875,6545.7998046875,6587.47021484375,5426460000,15.1899995803833,15.239999771118164,14.649999618530272,14.710000038146973,0.0132731389706203,0.0084500876230935,0.1726535276806238,0.06383187801561,0.405153491258495,0.0968736162269942,0.3536519884280417,0.1086461095803349,0.35259999999999997,0.14710000038146973,0.17994647231937616,0.08326812236585973,-0.05255349125849501,0.05022638415447553,-0.0010519884280417169,0.03845389080113483
2025-09-12,115482.69,116665.63,114740.99,116029.42,15324.10719,35.26,35.56,34.02,34.66,6590.66015625,6600.2099609375,6579.490234375,6584.2900390625,4641640000,14.619999885559082,14.970000267028809,14.40999984741211,14.760000228881836,0.0047231310394015,-0.0004828778814283,0.1725293251008259,0.0676676365627734,0.3693963352501999,0.0780718817645228,0.3501921689155014,0.1077926596883751,0.34659999999999996,0.14760000228881837,0.17407067489917408,0.07993236572604497,-0.022796335250199917,0.06952812052429556,-0.003592168915501459,0.03980734260044326
2025-09-15,115268.01,116757.99,114384.0,115349.71,13212.51149,34.41,35.98,34.26,35.56,6603.490234375,6619.6201171875,6602.06982421875,6615.27978515625,5045020000,15.140000343322754,15.84000015258789,14.920000076293944,15.6899995803833,-0.0058753091106867,0.0046955777265597,0.1631635757739638,0.0585727104985947,0.2532428032286865,0.0748996376169355,0.3446932515399246,0.0947089977293112,0.3556,0.15689999580383301,0.19243642422603624,0.09832728530523832,0.10235719677131355,0.08200035818689752,0.010906748460075444,0.06219099807452182
2025-09-16,115349.71,116964.27,114737.11,116788.96,10926.9094,35.56,36.7,35.12,36.52,6624.1298828125,6626.990234375,6600.10986328125,6606.759765625,5359510000,15.600000381469728,16.3799991607666,15.4399995803833,16.360000610351562,0.0124000748497902,-0.0012887604333313,0.1601497627635162,0.0516478966950725,0.2512548314816932,0.0753382511392849,0.3436859079005034,0.0871351701412461,0.3652,0.16360000610351563,0.20505023723648383,0.11195210940844313,0.11394516851830683,0.08826175496423073,0.021514092099496618,0.07646483596226954
2025-09-17,116788.96,117286.73,114720.81,116447.59,16754.2454,36.52,37.45,34.99,35.55,6604.8701171875,6624.39013671875,6551.14990234375,6600.35009765625,5805340000,16.420000076293945,16.75,15.260000228881836,15.720000267028809,-0.0029272448401405,-0.0009706390782443,0.1671115901986497,0.0563085975787014,0.2504179741640057,0.0759495561474455,0.342893030196357,0.0854024207281627,0.3555,0.15720000267028808,0.18838840980135027,0.10089140509158667,0.1050820258359943,0.08125044652284258,0.012606969803643009,0.07179758194212538
2025-09-18,116447.6,117900.0,116092.76,117073.53,11657.23365,35.55,35.58,32.87,33.81,6626.85009765625,6656.7998046875,6611.89013671875,6631.9599609375,5292400000,14.93000030517578,15.800000190734863,14.329999923706056,15.699999809265137,0.0053608983982732,0.0047776878367082,0.1517392712782469,0.0582822879051281,0.2477307960699038,0.0770240950832599,0.342573613456651,0.0842599482924824,0.3381,0.15699999809265136,0.1863607287217531,0.09871771018752326,0.0903692039300962,0.07997590300939146,-0.004473613456650982,0.07274004980016896
2025-09-19,117073.53,117459.99,115100.0,115632.38,8992.09065,33.81,35.6,33.4,34.78,6647.10986328125,6671.81982421875,6630.31005859375,6664.35986328125,9125960000,15.760000228881836,16.1299991607666,15.289999961853027,15.449999809265137,-0.0123861781142075,0.0048735239374811,0.1515953835600191,0.0598937211887565,0.1810498183211415,0.069270248798177,0.3387556818984958,0.0845339358526499,0.3478,0.15449999809265136,0.1962046164399809,0.09460627690389486,0.1667501816788585,0.08522974929447436,0.00904431810150419,0.06996606224000146
2025-09-22,115232.29,115379.25,111800.0,112650.99,20781.71356,34.51,38.09,34.51,35.17,6654.27978515625,6698.8798828125,6648.06982421875,6693.75,5642620000,16.139999389648438,16.350000381469727,15.779999732971191,16.100000381469727,-0.0261215657008313,0.0044003507147622,0.2044878704116115,0.0477255517554867,0.1960206759587481,0.0555225625196053,0.3464059432687769,0.0829686333952894,0.3517,0.16100000381469726,0.1472121295883885,0.11327445205921055,0.15567932404125193,0.10547744129509196,0.005294056731223129,0.07803137041940786
2025-09-23,112650.99,113290.5,111458.73,111998.8,12301.3203,35.17,37.17,35.09,37.14,6692.43994140625,6699.52001953125,6645.580078125,6656.919921875,5633620000,16.100000381469727,17.06999969482422,15.949999809265137,16.639999389648438,-0.0058062981699451,-0.0055173518287397,0.1961943516913053,0.0660401507280807,0.197356942775253,0.0652848925199326,0.3422488522992797,0.0846888255240679,0.3714,0.16639999389648438,0.1752056483086947,0.10035984316840368,0.174043057224747,0.10111510137655179,0.029151147700720303,0.08171116837241649
2025-09-24,111998.8,113940.0,111042.66,113307.0,12369.25967,37.14,37.25,35.28,36.17,6669.7900390625,6672.66015625,6621.759765625,6637.97021484375,5459180000,16.56999969482422,17.209999084472656,16.18000030517578,16.18000030517578,0.0116127920508121,-0.0028506771652953,0.2197522165152521,0.0665456397085684,0.1983728436897592,0.0623885136181105,0.3420684488574816,0.0802200842640207,0.3617,0.16180000305175782,0.14194778348474793,0.09525436334318942,0.16332715631024083,0.09941148943364732,0.01963155114251841,0.08157991878773711
2025-09-25,113307.01,113510.23,108631.51,108994.49,21231.14957,36.17,37.98,35.68,37.69,6608.18994140625,6619.0,6569.22021484375,6604.72021484375,5874670000,16.549999237060547,17.739999771118164,16.31999969482422,16.739999771118164,-0.0388036185100834,-0.0050216487425263,0.2799353609236626,0.0740773417508002,0.2625748994266396,0.0654800477759288,0.3475260633683804,0.0817599808325945,0.37689999999999996,0.16739999771118164,0.09696463907633734,0.09332265596038143,0.11432510057336037,0.10191994993525283,0.02937393663161958,0.08564001687858713
2025-09-26,108994.49,110300.0,108620.07,109643.46,14243.01591,37.69,38.11,35.82,36.55,6615.3798828125,6648.97021484375,6604.43017578125,6643.7001953125,5103110000,16.889999389648438,17.049999237060547,15.289999961853027,15.289999961853027,0.0059364982695478,0.0058844891304135,0.2938697690763363,0.0815209635531105,0.257292837164778,0.06823573569845,0.3299394483285008,0.0831109303383464,0.3655,0.15289999961853026,0.07163023092366372,0.07137903606541976,0.10820716283522197,0.08466426392008027,0.035560551671499185,0.06978906928018386
2025-09-29,112163.96,114400.0,111560.65,114311.96,15541.12005,35.86,36.96,35.21,36.39,6661.580078125,6677.31005859375,6644.490234375,6661.2099609375,5358760000,15.84000015258789,16.290000915527344,15.739999771118164,16.1200008392334,0.0416973734848308,0.0026320772599126,0.420127676580703,0.078223151965478,0.315144459778032,0.06822015816824,0.3533729214884676,0.0824618848121223,0.3639,0.16120000839233398,-0.05622767658070299,0.08297685642685598,0.048755540221967986,0.09297985022409398,0.010527078511532395,0.07873812358021168
2025-09-30,114311.97,114792.0,112656.27,114048.93,15044.15633,36.39,37.06,35.64,36.61,6656.18994140625,6691.25,6641.0,6688.4599609375,6057210000,16.489999771118164,16.700000762939453,16.020000457763672,16.280000686645508,-0.0023036354107678,0.0040825036135079,0.4154092373981402,0.0765462967808603,0.3022670856060286,0.0688070658128148,0.3524500098065516,0.0828340167924588,0.3661,0.16280000686645507,-0.04930923739814019,0.08625371008559476,0.06383291439397137,0.09399294105364027,0.01364999019344837,0.07996599007399627
2025-10-01,114048.94,118649.1,113966.67,118594.99,20036.39516,36.61,37.7,35.9,37.12,6664.919921875,6718.47998046875,6656.2001953125,6711.2001953125,6037950000,17.280000686645508,17.280000686645508,15.979999542236328,16.290000915527344,0.0390866760019979,0.0033941541712235,0.4397155237471898,0.0746153370973586,0.3414485296823231,0.0622054758769109,0.3597789157968796,0.0802563186551828,0.3712,0.16290000915527345,-0.06851552374718983,0.08828467205791485,0.029751470317676887,0.10069453327836254,0.01142108420312038,0.08264369050009064
2025-10-02,118594.99,121022.07,118279.31,120529.35,19670.83503,37.12,37.9,36.74,37.39,6731.31005859375,6731.93994140625,6693.22998046875,6715.35009765625,5416130000,16.1200008392334,16.920000076293945,15.93000030517578,16.6299991607666,0.0161790488991379,0.0006181636213842,0.4318123022832908,0.0623491150770219,0.3467036831495788,0.0617575287946158,0.3609475296631719,0.0794314851461808,0.3739,0.166299991607666,-0.057912302283290806,0.10395087653064411,0.02719631685042123,0.10454246281305021,0.012952470336828115,0.08686850646148521
2025-10-03,120529.35,123894.99,119248.3,122232.0,23936.328,37.39,38.96,36.81,38.03,6722.14013671875,6750.8701171875,6705.669921875,6715.7900390625,5713110000,16.350000381469727,17.059999465942383,16.200000762939453,16.649999618530273,0.0140275865129558,6.55106568658717e-05,0.432319626559567,0.0564751574467077,0.3474234690288935,0.0600807893444335,0.3587505748460378,0.0777786463255282,0.3803,0.16649999618530273,-0.05201962655956699,0.11002483873859503,0.03287653097110654,0.10641920684086922,0.021549425153962243,0.08872134985977453
2025-10-06,123482.32,126199.63,123084.0,124658.54,19494.628793,37.95,39.42,37.67,39.26,6733.85986328125,6749.52001953125,6717.77978515625,6740.27978515625,5604460000,16.739999771118164,17.09000015258789,16.290000915527344,16.3700008392334,0.019657441205458,0.0036399592827626,0.2572801611766416,0.0320191009929381,0.3521013254917613,0.0599573810483413,0.3462260257916665,0.067101801516271,0.3926,0.16370000839233398,0.1353198388233584,0.13168090739939586,0.040498674508238686,0.10374262734399267,0.0463739742083335,0.09659820687606298
2025-10-07,124658.54,125126.0,120574.94,121332.95,21633.99385,39.07,39.39,38.54,39.28,6746.14013671875,6754.490234375,6699.9599609375,6714.58984375,5546150000,16.579999923706055,17.549999237060547,16.190000534057617,17.239999771118164,-0.0270398998328903,-0.003818687706853,0.3768740634922333,0.0445430871256828,0.3762069438949701,0.0632919355723368,0.3053943187620914,0.0667795114130535,0.39280000000000004,0.17239999771118164,0.015925936507766747,0.12785691058549883,0.016593056105029924,0.10910806213884484,0.08740568123790865,0.10562048629812815
2025-10-08,121332.96,124197.25,121066.14,123306.0,17012.618,39.28,40.03,38.54,39.44,6723.8701171875,6755.64013671875,6718.08984375,6753.72021484375,5383130000,17.170000076293945,17.200000762939453,16.229999542236328,16.299999237060547,0.0161306511638574,0.0058107484941873,0.327256113899448,0.051437016913718,0.3803053065897297,0.0645549284342238,0.3058283851711512,0.0675523754189895,0.3944,0.16299999237060547,0.067143886100552,0.11156297545688748,0.014094693410270254,0.09844506393638168,0.08857161482884879,0.09544761695161598
2025-10-09,123306.01,123762.94,119651.47,121662.4,21559.36007,39.44,40.44,39.33,39.73,6760.5,6764.580078125,6716.169921875,6735.10986328125,5385020000,16.309999465942383,17.270000457763672,16.260000228881836,16.43000030517578,-0.0134190749805211,-0.0027593739802789,0.351848952929918,0.0558307529377668,0.3811767124363944,0.0644857407725792,0.3088774608360327,0.0685719027121929,0.3973,0.16430000305175782,0.04545104707008196,0.10846925011399103,0.016123287563605593,0.09981426227917863,0.0884225391639673,0.09572810033956491
2025-10-10,121662.41,122550.0,102000.0,112774.5,64171.93927,39.73,64.88,39.45,44.11,6740.490234375,6762.39990234375,6550.77978515625,6552.509765625,6596610000,16.360000610351562,22.440000534057617,16.229999542236328,21.65999984741211,-0.075859746128425,-0.0274859754398998,0.5578442338709194,0.1766845122269183,0.4971899444781,0.1339866200062466,0.3828085195669414,0.1076580534727112,0.4411,0.2165999984741211,-0.11674423387091942,0.039915486247202786,-0.05608994447810001,0.0826133784678745,0.058291480433058596,0.1089419450014099
2025-10-13,114958.81,115963.81,113616.5,115166.0,22557.24033,46.24,46.51,42.87,43.38,6622.52978515625,6668.68017578125,6620.7099609375,6654.72021484375,5303960000,19.450000762939453,20.770000457763672,18.61000061035156,19.030000686645508,0.0209843161329565,0.015478263036934,0.5669689976893516,0.210251789978242,0.5039891769369341,0.1504526522759152,0.3698650458003762,0.1143536627047518,0.4338,0.19030000686645507,-0.1331689976893516,-0.01995178311178694,-0.0701891769369341,0.03984735459053987,0.0639349541996238,0.07594634416170327
2025-10-14,115166.0,115409.96,109866.0,113028.14,31870.32974,43.38,47.71,43.18,45.01,6602.490234375,6680.7001953125,6555.06982421875,6644.31005859375,5666920000,21.459999084472656,22.940000534057617,19.18000030517578,20.809999465942383,-0.0187377515517996,-0.0015655514969425,0.5509964328777015,0.2100359412390815,0.5091809943047255,0.1500828916483511,0.3673424865871524,0.1121513948905345,0.4501,0.20809999465942383,-0.1008964328777015,-0.001935946579657677,-0.05908099430472552,0.05801710301107274,0.0827575134128476,0.09594859976888934
2025-10-15,113028.13,113612.35,110164.0,110763.28,22986.48811,45.01,45.73,44.07,45.25,6688.27001953125,6724.1201171875,6612.10986328125,6671.06005859375,5633060000,20.020000457763672,22.440000534057617,19.11000061035156,20.63999938964844,-0.0202415028158518,0.0040179185034279,0.5074867893249566,0.2104384366293631,0.4875133759024021,0.149036750740915,0.3720242169118223,0.1118691747160594,0.4525,0.20639999389648442,-0.0549867893249566,-0.004038442732878678,-0.03501337590240211,0.05736324315556943,0.08047578308817771,0.09453081918042502
2025-10-16,110763.28,111982.45,107427.0,108194.28,29857.17252,45.25,48.52,44.67,47.78,6689.02001953125,6709.33984375,6593.990234375,6629.06982421875,6048180000,20.489999771118164,25.43000030517578,19.850000381469727,25.309999465942383,-0.0234668114929177,-0.0063142802751419,0.5049297495462073,0.212131845368592,0.4977697981782681,0.1498170773102592,0.3773393183950093,0.1117438260827888,0.4778,0.25309999465942384,-0.027129749546207282,0.04096814929083184,-0.019969798178268106,0.10328291734916464,0.10046068160499072,0.14135616857663505
2025-10-17,108194.27,109240.0,103528.23,106431.68,37920.66838,47.78,51.0,45.75,50.0,6613.27001953125,6678.8798828125,6603.759765625,6664.009765625,5358120000,28.40999984741211,28.989999771118164,20.729999542236328,20.780000686645508,-0.0164252229988888,0.0052568739445263,0.4519101798816908,0.2113182897805679,0.4609576167065007,0.1511722087917767,0.3800548359688505,0.1119128724520773,0.5,0.20780000686645508,0.0480898201183092,-0.0035182829141128247,0.039042383293499294,0.05662779807467838,0.11994516403114952,0.09588713441437778
2025-10-20,108642.77,111705.56,107402.52,110532.09,19193.4416,47.68,49.62,45.09,45.95,6690.0498046875,6744.35009765625,6690.0498046875,6735.1298828125,4672170000,20.530000686645508,21.020000457763672,18.229999542236328,18.229999542236328,0.0378026090862155,0.0106157241361441,0.5756686210943102,0.2239232884127643,0.4957683487017932,0.1569961029767202,0.3947917356997029,0.1153576237025996,0.4595,0.18229999542236328,-0.11616862109431014,-0.04162329299040102,-0.036268348701793185,0.025303892445643072,0.06470826430029714,0.06694237171976368
2025-10-21,110532.09,114000.0,107473.72,108297.67,37228.01659,45.95,49.64,45.53,49.27,6736.75,6752.16015625,6722.02978515625,6735.35009765625,5245020000,18.649999618530273,18.88999938964844,17.399999618530273,17.8700008392334,-0.0204222465741934,3.269591641698797e-05,0.3906413940249284,0.1177579180573383,0.4628075016075562,0.1564402848700766,0.3988727635615897,0.1153189759023203,0.4927,0.178700008392334,0.1020586059750716,0.06094209033499569,0.029892498392443845,0.022259723522257385,0.09382723643841034,0.06338103249001369
2025-10-22,108297.66,109163.88,106666.69,107567.44,28610.78451,49.27,51.24,47.08,50.7,6741.33984375,6741.75,6655.68994140625,6699.39990234375,5710010000,17.84000015258789,21.010000228881836,17.729999542236328,18.600000381469727,-0.0067656397595052,-0.005351834774743,0.3433945510327079,0.0963517678366062,0.4511138472107023,0.1582131697224305,0.3934499381610607,0.1166723507163223,0.507,0.18600000381469728,0.16360544896729212,0.08964823597809107,0.055886152789297705,0.027786834092266788,0.11355006183893929,0.06932765309837498
2025-10-23,107567.45,111293.61,107500.0,110078.18,17573.09294,50.7,50.7,45.12,45.13,6703.64990234375,6749.52978515625,6700.14013671875,6738.43994140625,5565750000,18.36000061035156,19.350000381469727,17.079999923706055,17.299999237060547,0.0230728409142147,0.0058104798620133,0.386380440683819,0.0983869602082707,0.4612433748469859,0.1602432972606982,0.3977409343041197,0.1154209949636942,0.45130000000000003,0.17299999237060548,0.06491955931618104,0.07461303216233478,-0.009943374846985875,0.01275669510990729,0.053559065695880315,0.057578997406911275
2025-10-24,110078.19,112104.98,109700.01,111004.89,15005.16913,45.13,45.18,42.69,42.84,6772.06982421875,6807.10986328125,6772.06982421875,6791.68994140625,5058220000,17.020000457763672,17.219999313354492,16.020000457763672,16.3700008392334,0.0083834137779145,0.0078713619752448,0.3730969703888391,0.1042334522226939,0.4507456327055071,0.1629658734171466,0.3983873453599437,0.1171686715534349,0.42840000000000006,0.16370000839233398,0.05530302961116096,0.059466556169640084,-0.022345632705507046,0.0007341349751873727,0.03001265464005637,0.04653133683889908
2025-10-27,114559.41,116400.0,113830.01,114107.65,21450.23241,43.91,43.91,42.04,42.82,6845.4599609375,6877.27978515625,6843.93994140625,6875.16015625,5290650000,15.729999542236328,16.06999969482422,15.619999885559082,15.789999961853027,0.0275680466749622,0.0122151413273793,0.3619812625457232,0.0970156830180805,0.4659872349822316,0.1687431025075863,0.4068787833400926,0.1211693349979889,0.4282,0.15789999961853027,0.06621873745427681,0.06088431660044977,-0.03778723498223158,-0.010843102889056044,0.021321216659907438,0.036730664620541364
2025-10-28,114107.65,116086.0,112211.0,112898.45,15523.42257,42.82,43.07,40.44,42.39,6897.740234375,6911.2998046875,6870.72998046875,6890.89013671875,5695930000,15.949999809265137,16.549999237060547,15.65999984741211,16.420000076293945,-0.0106535589733105,0.0022853305022299,0.3472474781581435,0.0985775212840984,0.456895197463102,0.1677333086931271,0.406081197891103,0.1209523715485886,0.4239,0.16420000076293945,0.0766525218418565,0.06562247947884105,-0.03299519746310198,-0.0035333079301876624,0.017818802108897025,0.04324762921435085
2025-10-29,112898.44,113643.73,109200.0,110021.29,21079.71376,42.39,45.53,42.39,45.07,6910.9501953125,6920.33984375,6851.91015625,6890.58984375,6280130000,16.34000015258789,17.579999923706055,16.260000228881836,16.920000076293945,-0.025814849578232,-4.357920473317536e-05,0.3306014157645601,0.0926557753062337,0.4636172319459352,0.1668096935108348,0.4123316324844097,0.1208240171249293,0.4507,0.16920000076293945,0.1200985842354399,0.07654422545670575,-0.012917231945935193,0.002390307252104651,0.03836836751559031,0.048375983638010156
2025-10-30,110021.3,111592.0,106304.34,108322.88,25988.82838,45.07,47.15,43.79,44.85,6860.5,6880.75,6820.68994140625,6822.33984375,6052700000,16.260000228881836,17.40999984741211,15.729999542236328,16.90999984741211,-0.0155574958212031,-0.0099541914245345,0.3194907496617477,0.121995860512107,0.3461796727972404,0.116481517304174,0.4135893850416472,0.1247618368855837,0.4485,0.1690999984741211,0.12900925033825233,0.04710413796201411,0.10232032720275963,0.05261848116994711,0.03491061495835279,0.0443381615885374
2025-10-31,108322.87,111190.0,108275.28,109608.01,21518.20439,44.85,44.85,42.74,43.31,6879.169921875,6879.169921875,6814.259765625,6840.2001953125,6398280000,16.43000030517578,18.540000915527344,15.960000038146973,17.440000534057617,0.0117940590867665,0.0026145009178832,0.3222970920965434,0.111173671147443,0.3359449337050511,0.1013151507113047,0.4145486941886304,0.1243144607661263,0.43310000000000004,0.17440000534057618,0.11080290790345665,0.06322633419313317,0.09715506629494897,0.07308485462927147,0.018551305811369656,0.05008554457444987
2025-11-03,110540.69,110750.0,105306.56,106583.04,28681.18779,44.12,46.83,43.6,45.73,6882.31982421875,6882.31982421875,6820.6201171875,6851.97021484375,6065720000,18.059999465942383,18.829999923706055,17.0,17.170000076293945,-0.0279860561480819,0.0017192339969181,0.3320901616463163,0.1094825793539225,0.3461938233854256,0.100047699589002,0.4155339460218326,0.1238946291873229,0.4573,0.17170000076293945,0.1252098383536837,0.062217421409016954,0.11110617661457439,0.07165230117393745,0.041766053978167406,0.047805371575616554
2025-11-04,106583.05,107299.0,98944.36,101497.22,50534.87376,45.73,50.56,44.93,47.79,6788.52001953125,6820.2099609375,6766.7099609375,6771.5498046875,5739510000,19.729999542236328,20.479999542236328,17.899999618530273,19.0,-0.0488929906927473,-0.0118062503923267,0.4072754473708709,0.1298477811913569,0.3904513948371521,0.1157603754671315,0.4372968521790292,0.1279462487837792,0.4779,0.19,0.07062455262912909,0.060152218808643104,0.08744860516284791,0.0742396245328685,0.0406031478209708,0.06205375121622081
2025-11-05,101497.23,104534.74,98966.8,103885.16,33778.77571,47.79,50.48,46.26,46.55,6769.77001953125,6829.77978515625,6763.10986328125,6796.2900390625,5939600000,19.3700008392334,20.020000457763672,17.309999465942383,18.010000228881836,0.023254649315978,0.0036468976756877,0.3897687454139316,0.1020117255374369,0.4006757193322086,0.1110657256270121,0.4420187961549136,0.1278229429278977,0.46549999999999997,0.18010000228881837,0.07573125458606839,0.07808827675138147,0.06482428066779139,0.06903427666180627,0.023481203845086396,0.05227705936092067
2025-11-06,103885.16,104200.0,100300.95,101346.04,25814.62139,46.55,48.13,44.11,46.94,6787.58984375,6796.68017578125,6707.509765625,6720.31982421875,6051900000,18.36000061035156,20.309999465942383,17.639999389648438,19.5,-0.0247452586464772,-0.0112411345147227,0.3947251326562194,0.1119091886085691,0.4076135212448447,0.1225181762417893,0.4338975988063137,0.1314965810044331,0.4694,0.195,0.0746748673437806,0.0830908113914309,0.061786478755155305,0.0724818237582107,0.035502401193686306,0.06350341899556691
2025-11-07,101346.04,104096.36,99260.86,103339.08,32059.50942,46.93,47.78,44.27,44.61,6696.18017578125,6730.10986328125,6631.43994140625,6728.7998046875,5926070000,19.520000457763672,22.719999313354492,19.079999923706055,19.079999923706055,0.0194748205542768,0.0012610463474931,0.4360141476304768,0.1138971564190148,0.3779540754429514,0.1138148343210097,0.4379202332321045,0.1305547880388473,0.4461,0.19079999923706054,0.010085852369523196,0.07690284281804574,0.0681459245570486,0.07698516491605084,0.008179766767895502,0.060245211198213244
2025-11-10,104722.95,106670.11,104265.02,106011.13,22682.25673,45.11,45.14,44.28,44.3,6785.35986328125,6841.31982421875,6770.56005859375,6832.43017578125,5366050000,18.579999923706055,18.81999969482422,17.600000381469727,17.600000381469727,0.025528468431985,0.0152836267035018,0.4775756690379019,0.1483097854340735,0.3911988918099994,0.1311468514013157,0.4262608823812819,0.137384554447,0.44299999999999995,0.17600000381469727,-0.034575669037901935,0.02769021838062377,0.051801108190000555,0.04485315241338156,0.016739117618718047,0.03861544936769726
2025-11-11,106011.13,107500.0,102476.09,103058.99,24196.50718,44.3,47.44,43.56,46.61,6815.64013671875,6855.1298828125,6806.8701171875,6846.60986328125,4983490000,17.899999618530273,18.010000228881836,17.25,17.280000686645508,-0.0282425458643332,0.0020731999523923,0.4855466026396878,0.1479765563183593,0.4070668397486203,0.1278945371900167,0.4327305732437079,0.1370963477693251,0.4661,0.17280000686645508,-0.019446602639687782,0.024823450548095788,0.059033160251379724,0.04490546967643838,0.03336942675629212,0.03570365909712997
2025-11-12,103059.0,105333.33,100813.59,101654.37,20457.63906,46.61,46.95,44.75,46.07,6867.77001953125,6869.91015625,6829.6201171875,6850.919921875,5293610000,17.209999084472656,18.059999465942383,17.100000381469727,17.510000228881836,-0.0137230129311303,0.0006293191259445,0.4691417027874531,0.1476301981240872,0.3908924583250456,0.1264314955364101,0.4143775080888853,0.136872057681396,0.4607,0.17510000228881836,-0.008441702787453098,0.02746980416473116,0.0698075416749544,0.048668506752408275,0.046322491911114705,0.038227944607422376
2025-11-13,101654.37,104085.01,98000.4,99692.02,36198.50771,46.08,46.96,43.93,46.52,6826.47021484375,6828.0498046875,6724.72021484375,6737.490234375,5473720000,17.610000610351562,21.309999465942383,17.510000228881836,20.0,-0.0194928961604392,-0.0166954516309277,0.3836251502782684,0.1658161004409929,0.3893307674143246,0.1431002555691711,0.411317539901195,0.1458513588087604,0.46520000000000006,0.2,0.08157484972173168,0.03418389955900711,0.07586923258567546,0.0568997444308289,0.05388246009880504,0.054148641191239605
2025-11-14,99692.03,99866.02,94012.45,94594.0,47288.14481,46.52,50.58,45.87,49.71,6672.14013671875,6774.31005859375,6646.8701171875,6734.10986328125,5042660000,21.329999923706055,23.030000686645508,19.559999465942383,19.829999923706055,-0.0524915845448105,-0.0005018514712717,0.4352517551304757,0.1630725283241356,0.3969288908397644,0.1307061841166408,0.4275739248157761,0.1458621222898689,0.4971,0.19829999923706054,0.06184824486952428,0.03522747091292494,0.10017110916023558,0.06759381512041973,0.06952607518422388,0.05243787694719165
2025-11-17,94261.45,96043.0,91220.0,92215.14,39218.59806,49.64,51.71,47.9,50.62,6713.60986328125,6754.5,6638.89990234375,6672.41015625,5204220000,19.579999923706055,23.440000534057617,19.540000915527344,22.3799991607666,-0.0254697237744392,-0.0092044978943051,0.4360668988571567,0.1582513800647406,0.3999105125999568,0.1333522706466504,0.4216725707917056,0.1478827966101339,0.5062,0.223799991607666,0.07013310114284327,0.0655486115429254,0.10628948740004318,0.09044772096101561,0.08452742920829437,0.0759171949975321
2025-11-18,92215.14,93836.01,89253.78,92960.83,39835.14769,50.62,52.78,50.13,50.52,6641.18994140625,6666.6298828125,6574.31982421875,6617.31982421875,5159390000,23.540000915527344,25.84000015258789,22.90999984741211,24.690000534057617,0.0080538963103698,-0.0082907098441693,0.4040134800216632,0.1627763207491203,0.4070126853739369,0.135222807234495,0.4216512851527259,0.1493582450760543,0.5052,0.24690000534057618,0.10118651997833678,0.08412368459145589,0.09818731462606306,0.11167719810608118,0.08354871484727411,0.09754176026452188
2025-11-19,92960.83,92980.22,88608.0,91554.96,32286.6376,50.52,53.61,50.47,51.04,6625.83984375,6689.75,6603.5,6642.16015625,5021610000,24.520000457763672,24.790000915527344,21.93000030517578,23.65999984741211,-0.0152387739374434,0.0037468077372653,0.2895866597247621,0.1190107276701899,0.4069614643749191,0.1338357971438811,0.4152363079203264,0.1487205092218352,0.5104,0.23659999847412108,0.22081334027523786,0.11758927080393118,0.10343853562508087,0.10276420133023997,0.09516369207967357,0.08787948925228589
2025-11-20,91554.96,93160.0,86100.0,86637.23,39733.19073,51.04,54.72,50.07,54.65,6737.93017578125,6770.35009765625,6534.0498046875,6538.759765625,5596080000,20.780000686645508,28.270000457763672,19.280000686645508,26.420000076293945,-0.055209816891895,-0.0156897261163152,0.3557737631857867,0.128096672734646,0.4296354160633566,0.1439818553414949,0.4354649546229877,0.1549759364195685,0.5465,0.2642000007629395,0.1907262368142133,0.13610332802829347,0.1168645839366434,0.12021814542144457,0.11103504537701231,0.10922406434337098
2025-11-21,86637.22,87498.94,80600.0,85129.43,72256.12679,54.65,62.18,54.01,57.38,6555.77001953125,6660.0498046875,6521.919921875,6602.990234375,5929930000,25.969999313354492,27.84000015258789,22.540000915527344,23.43000030517578,-0.0175568265742415,0.009775103041592,0.3514799547766113,0.1579639381504034,0.4266391706185024,0.1531055436047168,0.3908768819933856,0.1360863862509406,0.5738,0.2343000030517578,0.22232004522338866,0.07633606490135439,0.1471608293814976,0.08119445944704101,0.18292311800661437,0.0982136168008172
2025-11-24,86830.0,89228.0,85272.0,88300.01,24663.12795,56.5,57.36,52.25,53.31,6636.5400390625,6715.75,6630.7001953125,6705.1201171875,6039740000,22.690000534057617,23.68000030517578,20.40999984741211,20.520000457763672,0.0365674166286005,0.0153488188990818,0.514032271775804,0.1765025864116956,0.4524150004900937,0.1645249048273483,0.4037898684037739,0.1359610241751469,0.5331,0.2052000045776367,0.019067728224196,0.028697418165941097,0.08068499950990632,0.04067509975028841,0.12931013159622612,0.0692389804024898
2025-11-25,88300.01,88519.99,86116.0,87369.96,19567.0411,53.77,53.92,52.34,52.56,6697.02978515625,6776.39990234375,6659.97998046875,6765.8798828125,5003330000,20.549999237060547,21.770000457763672,18.38999938964844,18.559999465942383,-0.0105887043733438,0.0090208860008329,0.4513251739463294,0.1859210651637236,0.4262976455992832,0.168804049964603,0.4027460236416066,0.1381756132940669,0.5256000000000001,0.18559999465942384,0.07427482605367064,-0.0003210705042997475,0.09930235440071689,0.016795944694820847,0.12285397635839346,0.04742438136535693
2025-11-26,87369.97,90656.08,86306.77,90484.02,21675.82239,52.56,52.69,49.41,49.92,6793.5498046875,6831.43994140625,6783.8701171875,6812.60986328125,4485000000,18.25,18.700000762939453,16.93000030517578,17.190000534057617,0.0350217440422705,0.0068829694361496,0.5134924653210069,0.1747472008487644,0.4662026315687907,0.1635050919767781,0.4203103286675438,0.1390374789106218,0.49920000000000003,0.17190000534057617,-0.014292465321006864,-0.0028471955081882383,0.03299736843120932,0.008394913363798079,0.07888967133245622,0.03286252642995438
2025-11-28,91333.94,93092.0,90180.63,90890.7,18830.86012,49.31,49.59,47.01,48.7,6822.52001953125,6850.85986328125,6819.75,6849.08984375,2558540000,17.40999984741211,18.520000457763672,15.779999732971191,16.350000381469727,0.0044844251892436,0.0053404873411373,0.5107901765322954,0.1559849495900786,0.4531727104637444,0.1645564539466149,0.4184475763174921,0.1380278636901715,0.48700000000000004,0.16350000381469726,-0.02379017653229537,0.00751505422461865,0.033827289536255634,-0.00105645013191763,0.06855242368250797,0.025472140124525755
2025-12-01,90360.01,90417.0,83822.76,86286.01,34509.01227,48.78,54.76,48.78,53.13,6812.2998046875,6843.64990234375,6799.93994140625,6812.6298828125,4549370000,18.049999237060547,18.329999923706055,16.579999923706055,17.239999771118164,-0.0519902096924145,-0.0053375487460559,0.5887636556122431,0.1679162671497913,0.4574430915451574,0.1533822030782456,0.4385032321654204,0.1386614678974329,0.5313,0.17239999771118164,-0.05746365561224309,0.004483730561390342,0.0738569084548426,0.01901779463293604,0.09279676783457957,0.03373852981374875
2025-12-02,86286.01,92307.65,86184.39,91277.88,28210.22732,53.13,53.14,48.95,49.24,6830.9599609375,6851.5498046875,6806.7099609375,6829.3701171875,4582290000,17.280000686645508,17.309999465942383,16.389999389648438,16.59000015258789,0.0562410040171468,0.0024542211959366,0.5968356284998002,0.103039643082892,0.5416547111273441,0.1535004909529546,0.4577072852240311,0.1355915391962038,0.4924,0.16590000152587892,-0.1044356284998002,0.06286035844298692,-0.049254711127344086,0.012399510572924322,0.034692714775968914,0.03030846232967513
2025-12-03,91277.88,94150.0,90990.23,93429.95,25712.52585,49.24,49.28,47.27,47.44,6815.2900390625,6862.419921875,6810.43017578125,6849.72021484375,4736780000,16.43000030517578,17.280000686645508,15.93000030517578,16.079999923706055,0.0233034776016145,0.0029753605210852,0.5748677004867323,0.1012254467195303,0.5575077768544671,0.1540619671336901,0.463557067998067,0.1357784515288106,0.4744,0.16079999923706054,-0.10046770048673231,0.059574552517530244,-0.08310777685446707,0.006738032103370428,0.010842932001932981,0.025021547708249936
2025-12-04,93429.95,94080.0,90889.0,92078.06,19803.94059,47.44,48.43,46.44,48.03,6866.47021484375,6866.47021484375,6827.1201171875,6857.1201171875,4872440000,16.229999542236328,16.6299991607666,15.68000030517578,15.779999732971191,-0.0145752620889966,0.0010797387119744,0.5697716268589414,0.0738976449447185,0.5555922514345749,0.1338865160183061,0.4643787782636667,0.1346191306004417,0.4803,0.15779999732971192,-0.08947162685894144,0.08390235238499343,-0.07529225143457491,0.023913481311405832,0.015921221736333313,0.023180866729270222
2025-12-05,92078.06,92692.36,88056.0,89330.04,19792.97218,48.03,50.78,47.15,48.94,6866.31982421875,6895.77978515625,6858.2900390625,6870.39990234375,4944560000,15.579999923706056,16.18000030517578,15.279999732971191,15.40999984741211,-0.030298870064162,0.0019347688846794,0.6050339138341918,0.0616856052144495,0.5265617272044554,0.1336648866961839,0.4619161862680767,0.1338258424363682,0.4894,0.1540999984741211,-0.1156339138341918,0.0924143932596716,-0.037161727204455375,0.020435111777937193,0.027483813731923323,0.0202741560377529
2025-12-08,90395.32,92287.15,89612.0,90634.34,15793.63887,49.64,49.73,48.41,49.01,6875.2001953125,6878.27001953125,6827.18994140625,6846.509765625,4757130000,16.149999618530273,17.09000015258789,16.100000381469727,16.65999984741211,0.0144953444417246,-0.0034833153316476,0.5712388134886965,0.0598930820668246,0.5223892142026866,0.1268716619579893,0.4640154454299376,0.1325391304150382,0.4901,0.1665999984741211,-0.08113881348869656,0.1067069164072965,-0.0322892142026866,0.03972833651613181,0.026084554570062368,0.0340608680590829
2025-12-09,90634.35,94588.99,89500.0,92678.8,21240.43014,49.01,49.1,46.39,46.44,6840.60986328125,6864.919921875,6837.43017578125,6840.509765625,4508050000,16.65999984741211,17.200000762939453,16.450000762939453,16.93000030517578,0.0223065817697799,-0.0008767431610132,0.5866062532415321,0.0505963909766535,0.5307351171072275,0.119054434888138,0.4608731628306348,0.1276246264253752,0.4644,0.16930000305175782,-0.12220625324153217,0.11870361207510433,-0.06633511710722756,0.05024556816361983,0.0035268371693651934,0.041675376626382626
2025-12-10,92678.81,94476.0,91563.15,92015.37,18998.68083,46.44,47.7,44.78,44.92,6833.490234375,6900.669921875,6824.68994140625,6886.68017578125,5526570000,16.940000534057617,17.65999984741211,15.5600004196167,15.770000457763672,-0.0071841233904618,0.0067268806591399,0.4585071984351572,0.0507163745333341,0.5274056120663219,0.1203866711613753,0.4607394836521717,0.1290083835277967,0.44920000000000004,0.15770000457763672,-0.009307198435157149,0.10698363004430261,-0.07820561206632182,0.03731333341626142,-0.011539483652171667,0.02869162104984002
2025-12-11,92015.38,93555.0,89260.63,92513.38,19972.58758,44.92,47.19,43.55,44.46,6861.2998046875,6903.4599609375,6833.4501953125,6901.0,5021060000,16.84000015258789,16.8799991607666,14.850000381469728,14.850000381469728,0.0053976543938289,0.002077191983717,0.3198712361805041,0.0504822160465613,0.4622843052666426,0.0871146164732504,0.4584313727903666,0.1291514152377861,0.4446,0.14850000381469727,0.12472876381949588,0.09801778776813597,-0.017684305266642608,0.06138538734144687,-0.013831372790366614,0.019348588576911185
2025-12-12,92513.38,92754.0,89480.0,90268.42,16679.19169,44.46,44.85,43.04,44.22,6886.85009765625,6899.85009765625,6801.7900390625,6827.41015625,4910160000,14.989999771118164,17.850000381469727,14.850000381469728,15.739999771118164,-0.024565606595954,-0.0107209134585545,0.3143716103193989,0.0871399413042089,0.4697183268153465,0.1021930060876694,0.4608384513018384,0.1296855321094811,0.4422,0.15739999771118163,0.12782838968060106,0.07026005640697272,-0.027518326815346494,0.055206991623512225,-0.018638451301838443,0.027714465601700516
2025-12-15,88172.16,90052.64,85146.64,86432.08,19778.6919,46.74,46.88,43.7,46.68,6860.18994140625,6861.58984375,6801.490234375,6816.509765625,4975600000,16.510000228881836,17.350000381469727,15.989999771118164,16.5,-0.0434287729175729,-0.0015978388918367,0.3901374943307635,0.0866244411247219,0.4851796735912675,0.0842437622159523,0.4699322472498559,0.1295291352678968,0.4668,0.165,0.07666250566923649,0.07837555887527811,-0.01837967359126752,0.08075623778404771,-0.0031322472498558906,0.0354708647321032
2025-12-16,86432.08,88175.98,85266.0,87863.42,18456.05017,46.39,46.9,45.69,45.69,6800.1201171875,6819.27001953125,6759.740234375,6800.259765625,4983180000,17.280000686645508,17.610000610351562,16.190000534057617,16.479999542236328,0.0164246601605556,-0.0023867640084396,0.3838761391235155,0.0846507043260905,0.4889216183690421,0.077267657225556,0.4710784994637734,0.1295703602857623,0.4569,0.1647999954223633,0.07302386087648449,0.08014929109627279,-0.032021618369042104,0.0875323381968073,-0.01417849946377342,0.03522963513660099
2025-12-17,87863.43,90365.85,85314.0,86243.22,19834.11729,45.69,47.99,44.86,47.0,6802.8798828125,6812.259765625,6720.43017578125,6721.43017578125,5122120000,16.450000762939453,18.0,15.81999969482422,17.6200008392334,-0.0186121192274582,-0.0116598566113712,0.3740746723669924,0.1046811921178608,0.4678004373652576,0.0864378651629811,0.4552744201843685,0.1294575722194267,0.47,0.176200008392334,0.0959253276330076,0.0715188162744732,0.002199562634742358,0.08976214322935289,0.014725579815631495,0.0467424361729073
2025-12-18,86243.23,89477.61,84450.01,85516.41,25405.41763,47.0,47.55,44.77,47.48,6778.06005859375,6816.1298828125,6758.5,6774.759765625,5101190000,17.610000610351562,17.68000030517578,15.93000030517578,16.8700008392334,-0.0084631567748879,0.0079029515204791,0.3130878470638735,0.1225932826632571,0.4667789974285243,0.0906413845381186,0.4471176046583489,0.1311468203695014,0.47479999999999994,0.16870000839233398,0.16171215293612645,0.04610672572907688,0.008021002571475644,0.07805862385421539,0.027682395341651067,0.037553188022832584
2025-12-19,85516.41,89399.97,85110.24,88136.94,21256.65004,47.48,47.54,45.03,45.06,6792.6201171875,6840.02001953125,6792.6201171875,6834.5,8554470000,16.309999465942383,16.530000686645508,14.90999984741211,14.90999984741211,0.0301834539651766,0.0087794074218288,0.4022541008496976,0.1287573725422978,0.4332048335985838,0.0964799058814131,0.4558810631308305,0.1291972065140568,0.4506,0.1490999984741211,0.04834589915030241,0.02034262593182329,0.017395166401416196,0.05262009259270799,-0.005281063130830488,0.01990279196006428
2025-12-22,88658.87,90588.23,87900.0,88620.79,14673.2197,45.07,45.5,44.62,45.09,6865.2099609375,6882.02978515625,6855.740234375,6878.490234375,4465030000,15.15999984741211,15.260000228881836,14.029999732971191,14.079999923706056,0.0054747388815897,0.0064158705755619,0.4023473133882193,0.1356803260807901,0.3554549932647658,0.0996627220017371,0.4512237819069691,0.1302988394063607,0.4509,0.14079999923706057,0.04855268661178075,0.005119673156270488,0.0954450067352342,0.04113727723532347,-0.0003237819069690784,0.01050115983069988
2025-12-23,88620.79,88940.0,86601.9,87486.0,13910.32904,45.09,45.1,43.34,43.4,6872.41015625,6910.8798828125,6868.81005859375,6909.7900390625,3820560000,14.09000015258789,14.449999809265137,13.640000343322754,14.0,-0.0128876996356668,0.0045400670467882,0.3856413730595875,0.1168263705797664,0.3380336088522424,0.1006288560427857,0.442194755053636,0.1234123051837012,0.434,0.14,0.048358626940412486,0.023173629420233613,0.09596639114775762,0.03937114395721432,-0.008194755053635983,0.01658769481629882
2025-12-24,87486.0,88049.89,86420.0,87669.45,9140.8432,43.4,43.77,42.55,42.81,6904.91015625,6937.31982421875,6904.91015625,6932.0498046875,1798270000,14.09000015258789,14.15999984741211,13.380000114440918,13.470000267028809,0.0020947114928907,0.0032163043447007,0.2726871137431804,0.1146460136570342,0.3359812727803387,0.1012230816213293,0.4378949703884108,0.1235933026484903,0.42810000000000004,0.1347000026702881,0.15541288625681965,0.020053989013253892,0.09211872721966136,0.03347692104895879,-0.009794970388410762,0.011106700021797783
2025-12-26,87225.27,89567.75,86655.08,87369.56,18344.61505,42.55,43.04,41.02,41.04,6936.02001953125,6945.77001953125,6921.60009765625,6929.93994140625,2586550000,14.119999885559082,14.289999961853027,13.520000457763672,13.600000381469728,-0.0034265538113371,-0.0003044098771082,0.2540527031336319,0.1116347715197663,0.3129963754172534,0.1011720986737916,0.4372088308972416,0.123608754230808,0.4104,0.1360000038146973,0.1563472968663681,0.024365232294930997,0.0974036245827466,0.034827905140905696,-0.02680883089724162,0.012391249583889291
2025-12-29,87952.71,90406.08,86806.5,87237.13,19894.98575,42.11,43.0,41.46,42.25,6903.60009765625,6920.2099609375,6888.759765625,6905.740234375,3541750000,14.6899995803833,15.079999923706056,13.989999771118164,14.199999809265137,-0.0015168952047957,-0.0034981629239373,0.2224701953652169,0.0708271314674308,0.3043014173333634,0.1011837803437175,0.4351471987223662,0.1132483805167661,0.4225,0.14199999809265137,0.2000298046347831,0.07117286662522057,0.11819858266663658,0.040816217748933875,-0.012647198722366193,0.028751617575885277
2025-12-30,87237.13,89400.0,86845.66,88485.49,13105.91001,42.25,43.03,41.88,42.79,6900.43994140625,6913.25,6893.47021484375,6896.240234375,3309930000,14.43000030517578,14.619999885559082,14.039999961853027,14.329999923706056,0.0142085407306048,-0.0013766142506534,0.2208219677851957,0.0704883480151576,0.2931207673361337,0.1013487543700626,0.4135604859653951,0.1133655699634504,0.4279,0.14329999923706058,0.2070780322148043,0.07281165122190297,0.13477923266386632,0.04195124486699797,0.014339514034604928,0.029934429273610175
2025-12-31,88485.5,89200.0,87250.0,87648.22,11558.62047,42.79,43.57,42.12,43.01,6898.81982421875,6901.419921875,6844.5498046875,6845.5,3261830000,14.770000457763672,15.170000076293944,14.380000114440918,14.949999809265137,-0.0095072806518879,-0.0073848674342488,0.1452538746117299,0.0768212180821371,0.2938811186297186,0.1024349424596644,0.4083187216890078,0.1120865935020615,0.4301,0.14949999809265135,0.2848461253882701,0.07267878001051425,0.13621888137028137,0.04706505563298695,0.02178127831099219,0.03741340459058985
