date,btc_open,btc_high,btc_low,btc_close,btc_volume,dvol_open,dvol_high,dvol_low,dvol_close,spx_open,spx_high,spx_low,spx_close,spx_volume,vix_open,vix_high,vix_low,vix_close
2021-03-24,54342.8,57200.0,51700.0,52303.65,83537.465021,84.8,95.94,80.52,95.04,3919.929931640625,3942.080078125,3889.070068359375,3889.139892578125,4783020000,20.63999938964844,21.489999771118164,19.299999237060547,21.200000762939453
2021-03-25,52303.66,53287.0,50427.56,51293.78,87400.534538,95.03,97.43,87.25,89.74,3879.340087890625,3919.5400390625,3853.5,3909.52001953125,4948340000,20.799999237060547,23.549999237060547,19.809999465942383,19.809999465942383
2021-03-26,51293.78,55073.46,51214.6,55025.59,63813.774692,89.74,89.74,80.22,84.52,3917.1201171875,3978.18994140625,3917.1201171875,3974.5400390625,5483160000,19.31999969482422,21.489999771118164,18.68000030517578,18.86000061035156
2021-03-29,55777.65,58405.82,54800.01,57635.47,67857.937398,79.07,83.74,78.88,83.71,3969.31005859375,3981.830078125,3943.25,3971.090087890625,4628180000,20.399999618530273,21.600000381469727,19.420000076293945,20.739999771118164
2021-03-30,57635.46,59368.0,57071.35,58746.57,55122.443122,83.71,86.36,82.0,85.08,3963.340087890625,3968.010009765625,3944.35009765625,3958.550048828125,4121510000,20.760000228881836,21.75,19.469999313354492,19.61000061035156
2021-03-31,58746.57,59800.0,56769.0,58740.55,60975.542666,85.08,86.82,83.74,86.45,3967.25,3994.409912109375,3966.97998046875,3972.889892578125,4578050000,19.799999237060547,20.11000061035156,18.850000381469727,19.399999618530273
2021-04-01,58739.46,59490.0,57935.45,58720.44,47415.61722,86.45,86.63,81.2,82.38,3992.780029296875,4020.6298828125,3992.780029296875,4019.8701171875,4162130000,18.600000381469727,18.63999938964844,17.290000915527344,17.329999923706055
2021-04-05,58202.01,59272.0,56777.77,59129.99,54258.01579,82.42,82.6,78.73,80.22,4034.43994140625,4083.419921875,4034.43994140625,4077.909912109375,4005030000,18.15999984741211,18.399999618530273,17.350000381469727,17.90999984741211
2021-04-06,59129.99,59495.24,57413.02,57991.15,54201.000727,80.22,81.3,79.67,81.01,4075.570068359375,4086.22998046875,4068.139892578125,4073.93994140625,4081270000,18.06999969482422,18.299999237060547,17.3700008392334,18.1200008392334
2021-04-07,57990.03,58655.0,55473.0,55953.45,71228.405659,81.01,81.14,78.36,78.78,4074.2900390625,4083.1298828125,4068.31005859375,4079.949951171875,4120810000,17.989999771118164,18.170000076293945,16.8700008392334,17.15999984741211
2021-04-08,55953.44,58153.31,55700.0,58077.52,44283.147019,78.78,79.0,72.79,74.31,4089.949951171875,4098.18994140625,4082.5400390625,4097.169921875,3907100000,16.920000076293945,17.360000610351562,16.549999237060547,16.950000762939453
2021-04-09,58077.52,58894.9,57654.0,58142.54,40831.884911,74.32,77.54,72.19,77.07,4096.10986328125,4129.47998046875,4095.510009765625,4128.7998046875,3640390000,17.049999237060547,17.34000015258789,16.200000762939453,16.690000534057617
2021-04-12,59998.8,61300.0,59350.59,59860.0,56375.037117,82.61,84.81,78.98,84.5,4124.7099609375,4131.759765625,4114.81982421875,4127.990234375,3588900000,17.43000030517578,17.90999984741211,16.809999465942383,16.90999984741211
2021-04-13,59860.01,63777.77,59805.15,63575.0,82848.688746,84.5,89.14,84.46,88.64,4130.10009765625,4148.0,4124.43017578125,4141.58984375,3734720000,16.989999771118164,17.860000610351562,16.43000030517578,16.649999618530273
2021-04-14,63575.01,64854.0,61301.0,62959.53,82616.343993,88.64,88.67,83.41,83.85,4141.580078125,4151.68994140625,4120.8701171875,4124.66015625,3985350000,16.709999084472656,17.690000534057617,15.380000114440918,16.989999771118164
2021-04-15,62959.53,63800.0,62020.0,63159.98,51649.70034,83.85,84.25,76.12,77.08,4139.759765625,4173.490234375,4139.759765625,4170.419921875,4033420000,16.780000686645508,16.920000076293945,15.9399995803833,16.56999969482422
2021-04-16,63158.74,63520.61,60000.0,61334.8,91764.139884,77.08,79.26,74.98,77.67,4174.14013671875,4191.31005859375,4170.75,4185.47021484375,4163820000,16.649999618530273,16.8799991607666,16.049999237060547,16.25
2021-04-19,56150.01,57526.81,54221.58,55633.14,78229.042267,88.4,89.25,82.29,83.2,4179.7998046875,4180.81005859375,4150.47021484375,4163.259765625,3810290000,17.040000915527344,18.61000061035156,16.780000686645508,17.290000915527344
2021-04-20,55633.14,57076.24,53329.96,56425.0,72744.482151,83.2,84.97,80.79,82.96,4159.18017578125,4159.18017578125,4118.3798828125,4134.93994140625,4342650000,17.360000610351562,19.700000762939453,17.239999771118164,18.68000030517578
2021-04-21,56425.0,56757.91,53536.02,53787.63,66984.756909,82.96,83.55,80.11,83.0,4128.419921875,4175.02001953125,4126.35009765625,4173.419921875,3887250000,18.479999542236328,19.290000915527344,16.90999984741211,17.5
2021-04-22,53787.62,55521.48,50500.0,51690.96,104656.631337,83.0,95.93,76.69,87.39,4170.4599609375,4179.56982421875,4123.68994140625,4134.97998046875,4245140000,17.280000686645508,19.899999618530273,16.989999771118164,18.709999084472656
2021-04-23,51690.95,52131.85,47500.0,51125.14,132230.780719,87.39,96.28,87.39,89.31,4138.77978515625,4194.169921875,4138.77978515625,4180.169921875,3569880000,18.559999465942383,18.780000686645508,16.799999237060547,17.329999923706055
2021-04-26,49066.76,54356.62,48753.44,54001.39,86310.802124,93.46,93.57,80.3,82.66,4185.02978515625,4194.18994140625,4182.35986328125,4187.6201171875,3748320000,17.940000534057617,18.170000076293945,16.8700008392334,17.639999389648438
2021-04-27,54001.38,55460.0,53222.0,55011.97,54064.034675,82.66,82.66,74.21,77.53,4188.25,4193.35009765625,4176.22021484375,4186.72021484375,3710700000,17.6200008392334,18.15999984741211,16.969999313354492,17.559999465942383
2021-04-28,55011.97,56428.0,53813.16,54846.22,55130.459015,77.53,79.2,75.52,76.96,4185.14013671875,4201.52978515625,4181.77978515625,4183.18017578125,3787360000,17.469999313354492,17.84000015258789,16.670000076293945,17.280000686645508
2021-04-29,54846.23,55195.84,52330.94,53555.0,52486.019455,76.96,80.62,75.8,80.2,4206.14013671875,4218.77978515625,4176.81005859375,4211.47021484375,4298680000,16.8799991607666,18.8700008392334,16.770000457763672,17.610000610351562
2021-04-30,53555.0,57963.0,53013.01,57694.27,68578.910045,80.2,80.65,73.95,75.09,4198.10009765625,4198.10009765625,4174.85009765625,4181.169921875,4300880000,17.670000076293945,19.25,17.639999389648438,18.61000061035156
2021-05-03,56578.21,58981.44,56435.0,57169.39,57649.931286,79.09,82.3,75.18,81.79,4191.97998046875,4209.39013671875,4188.02978515625,4192.66015625,4070220000,18.649999618530273,19.1200008392334,17.799999237060547,18.309999465942383
2021-05-04,57169.39,57200.0,53046.69,53200.01,85324.625903,81.79,88.18,81.79,87.96,4179.0400390625,4179.0400390625,4128.58984375,4164.66015625,4452460000,18.15999984741211,21.850000381469727,18.11000061035156,19.479999542236328
2021-05-05,53205.05,58069.82,52900.0,57436.11,77263.923439,87.96,88.2,83.51,84.39,4177.06005859375,4187.72021484375,4160.93994140625,4167.58984375,4230920000,18.84000015258789,19.579999923706055,17.889999389648438,19.149999618530273
2021-05-06,57436.11,58360.0,55200.0,56393.68,70181.671908,84.39,85.36,80.31,82.14,4169.14013671875,4202.7001953125,4147.330078125,4201.6201171875,4511000000,18.40999984741211,20.600000381469727,18.209999084472656,18.38999938964844
2021-05-07,56393.68,58650.0,55241.63,57314.75,74542.747829,82.14,83.05,78.3,80.56,4210.33984375,4238.0400390625,4201.64013671875,4232.60009765625,4016080000,18.450000762939453,18.56999969482422,16.68000030517578,16.690000534057617
2021-05-10,58240.83,59500.0,53400.0,55816.14,89586.34925,86.05,91.57,85.67,90.26,4228.2900390625,4236.39013671875,4188.1298828125,4188.43017578125,4560700000,17.34000015258789,19.75,17.06999969482422,19.65999984741211
2021-05-11,55816.14,56862.43,54370.0,56670.02,64329.54055,90.26,90.54,84.91,86.27,4150.33984375,4162.0400390625,4111.52978515625,4152.10009765625,4870710000,21.170000076293945,23.729999542236328,20.709999084472656,21.84000015258789
2021-05-12,56670.02,58000.01,48600.0,49631.32,99842.789836,86.27,94.13,82.91,93.86,4130.5498046875,4134.72998046875,4056.8798828125,4063.0400390625,4733070000,22.420000076293945,28.3799991607666,21.65999984741211,27.59000015258789
2021-05-13,49537.15,51367.19,46000.0,49670.97,147332.002121,93.87,103.81,89.19,92.9,4074.989990234375,4131.580078125,4074.989990234375,4112.5,4779540000,26.030000686645508,28.93000030517578,22.229999542236328,23.1299991607666
2021-05-14,49671.92,51483.0,48799.75,49841.45,80082.204306,90.72,101.15,90.37,98.46,4129.580078125,4183.1298828125,4129.580078125,4173.85009765625,4008880000,21.770000457763672,22.100000381469727,18.65999984741211,18.809999465942383
2021-05-17,46426.83,46686.0,42001.0,43538.04,166657.172736,105.28,158.72,104.94,123.02,4169.919921875,4171.919921875,4142.68994140625,4163.2900390625,4125050000,19.88999938964844,21.579999923706055,19.670000076293945,19.719999313354492
2021-05-18,43538.02,45799.29,42250.02,42849.78,116979.860784,123.01,123.01,112.83,117.01,4165.93994140625,4169.14990234375,4125.990234375,4127.830078125,4398150000,18.88999938964844,21.450000762939453,18.809999465942383,21.34000015258789
2021-05-19,42849.78,43584.9,30000.0,36690.09,354347.243161,117.01,144.63,115.28,124.83,4098.4501953125,4116.93017578125,4061.409912109375,4115.68017578125,4247450000,22.459999084472656,25.959999084472656,21.8799991607666,22.18000030517578
2021-05-20,36671.23,42451.67,34850.0,40526.64,203017.596923,124.84,132.06,112.56,119.77,4121.97021484375,4172.7998046875,4121.97021484375,4159.1201171875,3978880000,22.329999923706055,23.5,20.190000534057617,20.670000076293945
2021-05-21,40525.39,42200.0,33488.0,37252.01,202100.888258,119.77,145.01,112.2,139.98,4168.60986328125,4188.72021484375,4151.72021484375,4155.85986328125,3995250000,20.420000076293945,20.88999938964844,19.530000686645508,20.149999618530273
2021-05-24,34681.44,39920.0,34031.0,38796.29,161630.893971,156.2,156.2,121.77,125.12,4170.16015625,4209.52001953125,4170.16015625,4197.0498046875,3684800000,20.5,20.510000228881836,18.3799991607666,18.399999618530273
2021-05-25,38810.99,39791.77,36419.62,38324.72,111996.228404,125.12,131.69,124.43,129.11,4205.93994140625,4213.419921875,4182.52001953125,4188.1298828125,4182250000,18.350000381469727,19.290000915527344,16.8700008392334,18.84000015258789
2021-05-26,38324.72,40841.0,37800.44,39241.91,104780.773396,122.03,124.4,116.69,117.02,4191.58984375,4202.60986328125,4184.10986328125,4195.990234375,4420890000,18.3700008392334,18.920000076293945,17.350000381469727,17.360000610351562
2021-05-27,39241.92,40411.14,37134.27,38529.98,86547.158794,117.02,119.91,106.59,107.26,4201.93994140625,4213.3798828125,4197.77978515625,4200.8798828125,6406310000,18.030000686645508,18.170000076293945,16.520000457763672,16.739999771118164
2021-05-28,38529.99,38877.83,34684.0,35663.49,135377.62972,107.26,123.33,107.25,122.55,4210.77001953125,4218.35986328125,4203.56982421875,4204.10986328125,4649250000,16.799999237060547,16.860000610351562,15.899999618530272,16.760000228881836
2021-06-01,37253.82,37894.81,35666.0,36693.09,81234.66377,106.47,108.65,105.36,108.23,4216.52001953125,4234.1201171875,4197.58984375,4202.0400390625,5074670000,17.239999771118164,18.530000686645508,15.68000030517578,17.899999618530273
2021-06-02,36694.85,38225.0,35920.0,37568.68,67587.372495,108.23,108.63,101.89,103.17,4206.81982421875,4217.3701171875,4198.27001953125,4208.1201171875,5833670000,17.860000610351562,18.309999465942383,16.739999771118164,17.479999542236328
2021-06-03,37568.68,39476.0,37170.0,39246.79,75889.106011,103.17,103.19,97.28,99.19,4191.43017578125,4204.39013671875,4167.93017578125,4192.85009765625,5587970000,17.729999542236328,19.270000457763672,17.450000762939453,18.040000915527344
2021-06-04,39246.78,39289.07,35555.15,36829.0,91317.799245,99.19,107.61,99.07,102.91,4206.0498046875,4233.4501953125,4206.0498046875,4229.89013671875,4139790000,18.09000015258789,18.420000076293945,16.18000030517578,16.420000076293945
2021-06-07,35796.31,36900.0,33300.0,33552.79,77574.952573,105.93,108.4,99.89,108.32,4229.33984375,4232.33984375,4215.66015625,4226.52001953125,4476920000,17.34000015258789,17.350000381469727,15.779999732971191,16.420000076293945
2021-06-08,33556.96,34068.01,31000.0,33380.81,123251.189037,108.32,117.07,107.37,111.04,4233.81005859375,4236.740234375,4208.41015625,4227.259765625,4659620000,16.579999923706055,17.75,15.149999618530272,17.06999969482422
2021-06-09,33380.8,37534.79,32396.82,37388.05,136607.597517,111.04,111.9,105.08,105.82,4232.990234375,4237.08984375,4218.740234375,4219.5498046875,4713260000,17.18000030517578,17.959999084472656,15.550000190734863,17.889999389648438
2021-06-10,37388.05,38491.0,35782.0,36675.72,109527.284943,105.82,105.9,98.95,99.46,4228.56005859375,4249.740234375,4220.33984375,4239.18017578125,4408210000,18.18000030517578,18.290000915527344,16.010000228881836,16.100000381469727
2021-06-11,36677.83,37680.4,35936.77,37331.98,78466.0053,99.46,99.72,95.96,97.22,4242.89990234375,4248.3798828125,4232.25,4247.43994140625,3815010000,16.18000030517578,16.200000762939453,15.149999618530272,15.649999618530272
2021-06-14,39020.56,41064.05,38730.0,40516.29,108522.391949,102.86,103.04,96.73,98.88,4248.31005859375,4255.58984375,4234.06982421875,4255.14990234375,4151200000,16.040000915527344,17.040000915527344,15.039999961853027,16.389999389648438
2021-06-15,40516.28,41330.0,39506.4,40144.04,80679.622838,98.88,99.31,95.83,96.77,4255.27978515625,4257.16015625,4238.35009765625,4246.58984375,4048940000,16.270000457763672,17.350000381469727,16.139999389648438,17.020000457763672
2021-06-16,40143.8,40527.14,38116.01,38349.01,87771.976937,96.77,97.16,92.97,95.25,4248.8701171875,4251.89013671875,4202.4501953125,4223.7001953125,4538350000,16.989999771118164,19.11000061035156,16.420000076293945,18.149999618530273
2021-06-17,38349.0,39559.88,37365.0,38092.97,79541.307119,95.25,95.66,92.08,95.28,4220.3701171875,4232.2900390625,4196.0498046875,4221.85986328125,5312680000,18.489999771118164,19.219999313354492,16.709999084472656,17.75
2021-06-18,38092.97,38202.84,35129.29,35819.84,95228.042935,95.28,99.86,94.1,94.73,4204.77978515625,4204.77978515625,4164.39990234375,4166.4501953125,6817010000,16.959999084472656,21.040000915527344,16.920000076293945,20.700000762939453
2021-06-21,35600.17,35750.0,31251.23,31608.93,168778.873159,95.63,106.3,94.1,106.23,4173.39990234375,4226.240234375,4173.39990234375,4224.7900390625,4128950000,21.739999771118164,21.81999969482422,17.809999465942383,17.889999389648438
2021-06-22,31614.12,33298.78,28805.0,32509.56,204208.179762,106.23,117.76,105.11,107.01,4224.60986328125,4255.83984375,4217.27001953125,4246.43994140625,3828390000,17.90999984741211,18.31999969482422,15.760000228881836,16.65999984741211
2021-06-23,32509.56,34881.0,31683.0,33678.07,126966.100563,107.01,107.59,99.01,102.21,4249.27001953125,4256.60009765625,4241.43017578125,4241.83984375,3730350000,16.25,16.84000015258789,14.859999656677246,16.31999969482422
2021-06-24,33675.07,35298.0,32286.57,34663.09,86625.80426,102.21,103.01,99.21,100.99,4256.97021484375,4271.27978515625,4256.97021484375,4266.490234375,3816660000,15.989999771118164,16.049999237060547,14.1899995803833,15.970000267028809
2021-06-25,34663.08,35500.0,31275.0,31584.45,116061.130356,97.58,105.37,97.11,105.3,4274.4501953125,4286.1201171875,4271.16015625,4280.7001953125,7341450000,16.040000915527344,16.170000076293945,15.210000038146973,15.619999885559082
2021-06-28,34702.49,35297.71,33862.72,34494.89,82222.267819,106.41,107.23,103.85,104.3,4284.89990234375,4292.14013671875,4274.669921875,4290.60986328125,4147890000,16.06999969482422,16.459999084472656,15.390000343322754,15.760000228881836
2021-06-29,34494.89,36600.0,34225.43,35911.73,90788.79622,104.3,105.03,98.06,98.86,4293.2099609375,4300.52001953125,4287.0400390625,4291.7998046875,3707150000,15.6899995803833,16.309999465942383,14.100000381469728,16.020000457763672
2021-06-30,35911.72,36100.0,34017.55,35045.0,77152.197634,98.86,106.36,98.79,104.51,4290.64990234375,4302.43017578125,4287.9599609375,4297.5,4266040000,16.18000030517578,17.309999465942383,15.579999923706056,15.829999923706056
2021-07-01,35045.0,35057.57,32711.0,33504.69,71708.266112,103.8,105.94,101.96,102.38,4300.72998046875,4320.66015625,4300.72998046875,4319.93994140625,3788230000,15.619999885559082,16.010000228881836,15.3100004196167,15.479999542236328
2021-07-02,33502.33,33977.04,32699.0,33786.55,56172.181378,102.38,103.34,98.72,99.23,4326.60009765625,4355.43017578125,4326.60009765625,4352.33984375,3225840000,15.529999732971191,15.539999961853027,14.25,15.06999969482422
2021-07-06,33690.15,35118.88,33532.0,34220.01,58210.596349,96.39,96.57,94.45,95.74,4356.4599609375,4356.4599609375,4314.3701171875,4343.5400390625,4309570000,15.770000457763672,17.940000534057617,15.729999542236328,16.440000534057617
2021-07-07,34220.02,35059.09,33777.77,33862.12,53807.521675,95.74,95.82,93.77,94.93,4351.009765625,4361.8798828125,4329.7900390625,4358.1298828125,4037380000,16.43000030517578,17.639999389648438,16.079999923706055,16.200000762939453
2021-07-08,33862.11,33929.64,32077.0,32875.71,70136.48032,95.19,95.84,93.22,94.43,4321.06982421875,4330.8798828125,4289.3701171875,4320.81982421875,4347500000,17.739999771118164,21.290000915527344,17.739999771118164,19.0
2021-07-09,32875.71,34100.0,32261.07,33815.81,47153.939899,94.43,95.11,90.64,90.89,4329.3798828125,4371.60009765625,4329.3798828125,4369.5498046875,3531120000,17.8799991607666,18.1299991607666,16.079999923706055,16.18000030517578
2021-07-12,34259.0,34678.43,32658.34,33086.63,48181.403762,88.71,91.18,88.19,90.51,4372.41015625,4386.68017578125,4364.02978515625,4384.6298828125,3384460000,16.850000381469727,17.520000457763672,16.139999389648438,16.170000076293945
2021-07-13,33086.94,33340.0,32202.25,32729.77,41126.361008,90.51,91.37,89.34,90.81,4381.06982421875,4392.3701171875,4366.919921875,4369.2099609375,3695430000,16.389999389648438,17.229999542236328,15.9399995803833,17.1200008392334
2021-07-14,32729.12,33114.03,31550.0,32820.02,46777.823484,90.81,91.28,86.64,86.97,4380.10986328125,4393.68017578125,4362.35986328125,4374.2998046875,4006370000,17.34000015258789,17.510000228881836,15.949999809265137,16.329999923706055
2021-07-15,32820.03,33185.25,31133.0,31880.0,51639.576353,86.97,87.05,84.27,85.55,4369.02001953125,4369.02001953125,4340.7001953125,4360.02978515625,3905230000,16.700000762939453,18.09000015258789,16.559999465942383,17.010000228881836
2021-07-16,31874.49,32249.18,31020.0,31383.87,48499.864154,85.55,86.32,82.37,82.59,4367.43017578125,4375.08984375,4322.52978515625,4327.16015625,3985700000,16.799999237060547,18.700000762939453,16.030000686645508,18.450000762939453
2021-07-19,31778.57,31899.0,30407.44,30839.65,47340.468499,83.52,88.52,83.3,88.46,4296.39990234375,4296.39990234375,4233.1298828125,4258.490234375,5157660000,19.61000061035156,25.09000015258789,19.270000457763672,22.5
2021-07-20,30839.65,31063.07,29278.0,29790.35,61034.049017,88.46,92.68,88.1,91.49,4265.10986328125,4336.83984375,4262.0498046875,4323.06005859375,4438270000,20.88999938964844,22.969999313354492,19.3700008392334,19.729999542236328
2021-07-21,29790.34,32858.0,29482.61,32144.51,82796.265128,91.49,91.49,86.96,87.86,4331.1298828125,4359.7001953125,4331.1298828125,4358.68994140625,3810280000,19.729999542236328,19.81999969482422,17.809999465942383,17.90999984741211
2021-07-22,32144.51,32591.35,31708.0,32287.83,46148.092433,87.86,87.86,84.31,84.64,4361.27001953125,4369.8701171875,4350.06005859375,4367.47998046875,3358300000,17.59000015258789,18.450000762939453,17.399999618530273,17.690000534057617
2021-07-23,32287.58,33650.0,31924.32,33634.09,50112.863626,84.64,84.74,79.9,81.75,4381.2001953125,4415.18017578125,4381.2001953125,4411.7900390625,4540070000,16.979999542236328,17.479999542236328,16.329999923706055,17.200000762939453
2021-07-26,35381.02,40550.0,35205.78,37237.6,152452.512724,83.9,91.63,83.9,87.68,4409.580078125,4422.72998046875,4405.4501953125,4422.2998046875,4275630000,18.670000076293945,19.38999938964844,17.530000686645508,17.579999923706055
2021-07-27,37241.33,39542.61,36383.0,39457.87,88397.267015,87.68,91.84,84.94,91.84,4416.3798828125,4416.3798828125,4372.509765625,4401.4599609375,4241950000,18.6200008392334,20.440000534057617,18.25,19.36000061035156
2021-07-28,39456.61,40900.0,38772.0,40019.56,101344.528441,91.84,96.55,91.84,95.68,4402.9501953125,4415.47021484375,4387.009765625,4400.64013671875,4215290000,19.40999984741211,19.6200008392334,17.520000457763672,18.309999465942383
2021-07-29,40019.57,40640.0,39200.0,40016.48,53998.439283,95.68,95.76,91.62,93.24,4403.58984375,4429.97021484375,4403.58984375,4419.14990234375,4044600000,17.90999984741211,18.010000228881836,17.190000534057617,17.700000762939453
2021-07-30,40018.49,42316.71,38313.23,42206.37,73602.784805,93.24,94.19,86.32,93.49,4395.1201171875,4412.25,4389.64990234375,4395.259765625,3956740000,19.690000534057617,19.719999313354492,17.530000686645508,18.239999771118164
2021-08-02,39850.27,40480.01,38690.0,39147.82,50837.351954,89.3,91.09,88.07,88.52,4406.85986328125,4422.18017578125,4384.81005859375,4387.16015625,3724090000,18.15999984741211,19.8700008392334,17.989999771118164,19.459999084472656
2021-08-03,39146.86,39780.0,37642.03,38207.05,57117.435853,88.52,91.4,88.35,89.04,4392.740234375,4423.7900390625,4373.0,4423.14990234375,3965190000,19.170000076293945,20.440000534057617,17.700000762939453,18.040000915527344
2021-08-04,38207.04,39969.66,37508.56,39723.18,52329.35243,89.04,92.15,88.9,91.94,4415.9501953125,4416.169921875,4400.22998046875,4402.66015625,4260760000,18.229999542236328,18.899999618530273,17.670000076293945,17.969999313354492
2021-08-05,39723.17,41350.0,37332.7,40862.46,84343.755621,91.94,96.61,91.45,96.09,4408.85986328125,4429.759765625,4408.85986328125,4429.10009765625,3769410000,17.729999542236328,17.84000015258789,17.229999542236328,17.280000686645508
2021-08-06,40862.46,43392.43,39853.86,42836.87,75753.941347,96.09,96.09,90.97,93.62,4429.06982421875,4440.81982421875,4429.06982421875,4436.52001953125,3451870000,17.459999084472656,17.5,16.139999389648438,16.149999618530273
2021-08-09,43794.36,46454.15,42779.0,46253.4,74587.884845,95.99,107.37,95.78,106.97,4437.77001953125,4439.39013671875,4424.740234375,4432.35009765625,3449280000,17.1200008392334,17.389999389648438,16.59000015258789,16.719999313354492
2021-08-10,46248.87,46700.0,44589.46,45584.99,53814.643421,106.97,108.01,103.35,103.35,4435.7900390625,4445.2099609375,4430.02978515625,4436.75,3886610000,16.81999969482422,17.049999237060547,16.34000015258789,16.790000915527344
2021-08-11,45585.0,46743.47,45341.14,45511.0,52734.901977,103.35,103.64,100.33,100.53,4442.18017578125,4449.43994140625,4436.419921875,4442.41015625,3532560000,16.809999465942383,17.09000015258789,16.06999969482422,16.170000076293945
2021-08-12,45510.67,46218.12,43770.0,44399.0,55266.108781,100.52,101.79,97.55,98.06,4446.080078125,4461.77001953125,4435.9599609375,4460.830078125,3375310000,16.329999923706055,16.420000076293945,15.489999771118164,15.59000015258789
2021-08-13,44400.06,47886.0,44217.39,47800.0,48239.370431,98.06,100.95,93.79,100.3,4464.83984375,4468.3701171875,4460.81982421875,4468.0,3016470000,15.68000030517578,15.720000267028809,15.1899995803833,15.449999809265137
2021-08-16,46973.82,48053.83,45660.0,45901.29,52480.574014,98.69,99.38,97.61,98.3,4461.64990234375,4480.259765625,4437.66015625,4479.7099609375,3370640000,17.049999237060547,17.709999084472656,16.020000457763672,16.1200008392334
2021-08-17,45901.3,47160.0,44376.0,44695.95,57039.341629,98.3,98.54,95.22,96.68,4462.1201171875,4462.1201171875,4417.830078125,4448.080078125,3836960000,17.309999465942383,19.559999465942383,16.709999084472656,17.90999984741211
2021-08-18,44695.95,46000.0,44203.28,44705.29,54099.415985,96.67,97.81,94.16,95.81,4440.93994140625,4454.31982421875,4397.58984375,4400.27001953125,3755590000,17.559999465942383,21.63999938964844,17.309999465942383,21.56999969482422
2021-08-19,44699.37,47033.0,43927.7,46760.62,53411.75392,95.81,96.27,93.15,94.5,4382.43994140625,4418.60986328125,4367.72998046875,4405.7998046875,4398410000,23.1200008392334,24.739999771118164,20.3700008392334,21.670000076293945
2021-08-20,46760.62,49382.99,46622.99,49322.47,56850.352228,94.5,95.39,91.5,93.06,4410.56005859375,4444.35009765625,4406.7998046875,4441.669921875,3652610000,22.739999771118164,23.899999618530273,18.18000030517578,18.559999465942383
2021-08-23,49239.22,50500.0,49029.0,49488.85,52462.541954,94.83,95.28,92.94,93.64,4450.2900390625,4489.8798828125,4450.2900390625,4479.52978515625,3576530000,18.829999923706055,18.950000762939453,16.950000762939453,17.149999618530273
2021-08-24,49488.85,49860.0,47600.0,47674.01,51014.594748,93.64,93.72,90.98,92.85,4484.39990234375,4492.81005859375,4482.27978515625,4486.22998046875,3979220000,16.959999084472656,17.510000228881836,16.940000534057617,17.219999313354492
2021-08-25,47674.01,49264.3,47126.28,48973.32,44655.830342,92.85,93.78,90.22,93.62,4490.4501953125,4501.7099609375,4485.66015625,4496.18994140625,3444700000,17.420000076293945,17.5,16.459999084472656,16.790000915527344
2021-08-26,48973.32,49352.84,46250.0,46843.87,49371.277774,93.62,94.46,88.82,93.87,4493.75,4495.89990234375,4468.990234375,4470.0,3263980000,17.459999084472656,19.270000457763672,17.15999984741211,18.84000015258789
2021-08-27,46843.86,49149.93,46348.0,49069.9,42068.104965,93.87,94.35,87.96,90.92,4474.10009765625,4513.330078125,4474.10009765625,4509.3701171875,3331200000,17.950000762939453,18.219999313354492,16.110000610351562,16.389999389648438
2021-08-30,48767.84,48888.61,46853.0,46982.91,40288.35083,90.6,92.09,89.26,92.08,4513.759765625,4537.35986328125,4513.759765625,4528.7900390625,3168660000,16.770000457763672,16.799999237060547,15.979999542236328,16.190000534057617
2021-08-31,46982.91,48246.11,46700.0,47100.89,48645.52737,92.08,92.36,90.89,91.08,4529.75,4531.39013671875,4515.7998046875,4522.68017578125,4290710000,15.979999542236328,17.06999969482422,15.90999984741211,16.479999542236328
2021-09-01,47100.89,49156.0,46512.0,48810.52,49904.65528,91.08,94.08,90.96,93.65,4528.7998046875,4537.10986328125,4522.02001953125,4524.08984375,4057340000,16.059999465942383,16.709999084472656,15.68000030517578,16.110000610351562
2021-09-02,48810.51,50450.13,48584.06,49246.64,54410.770538,93.65,97.1,92.82,92.82,4534.47998046875,4545.85009765625,4524.66015625,4536.9501953125,3735990000,16.270000457763672,16.979999542236328,15.729999542236328,16.40999984741211
2021-09-03,49246.63,51000.0,48316.84,49999.14,59025.644157,92.82,92.98,89.6,90.15,4532.419921875,4541.4501953125,4521.2998046875,4535.43017578125,3217530000,16.270000457763672,17.059999465942383,16.079999923706055,16.40999984741211
2021-09-07,52666.2,52920.0,42843.05,46863.73,123048.802719,92.86,97.38,90.7,95.16,4535.3798828125,4535.3798828125,4513.0,4520.02978515625,3822960000,16.940000534057617,18.38999938964844,16.889999389648438,18.13999938964844
2021-09-08,46868.57,47340.99,44412.02,46048.31,65069.3152,95.16,95.75,90.89,92.31,4518.08984375,4521.7900390625,4493.9501953125,4514.06982421875,3750880000,18.969999313354492,19.63999938964844,17.780000686645508,17.959999084472656
2021-09-09,46048.31,47399.97,45513.08,46395.14,50651.66002,92.31,92.68,90.8,91.95,4513.02001953125,4529.89990234375,4492.06982421875,4493.27978515625,3735390000,19.440000534057617,19.540000915527344,17.170000076293945,18.799999237060547
2021-09-10,46395.14,47033.0,44132.29,44850.91,49048.26618,91.95,92.11,89.09,90.57,4506.919921875,4520.47021484375,4457.66015625,4458.580078125,3623180000,17.940000534057617,21.1299991607666,16.989999771118164,20.950000762939453
2021-09-13,46025.23,46880.0,43370.0,44940.73,65429.15056,92.13,93.55,91.46,92.14,4474.81005859375,4492.990234375,4445.7001953125,4468.72998046875,3914220000,19.63999938964844,21.18000030517578,18.760000228881836,19.3700008392334
2021-09-14,44940.72,47250.0,44594.44,47111.52,44855.85099,92.14,92.38,90.53,90.9,4479.330078125,4485.68017578125,4435.4599609375,4443.0498046875,3670460000,19.579999923706055,20.469999313354492,18.38999938964844,19.459999084472656
2021-09-15,47103.28,48500.0,46682.32,48121.41,43204.71174,90.9,91.03,89.48,90.32,4447.490234375,4486.8701171875,4438.3701171875,4480.7001953125,4032020000,19.299999237060547,20.270000457763672,18.010000228881836,18.18000030517578
2021-09-16,48121.4,48557.0,47021.1,47737.82,40725.08895,90.32,90.61,84.03,84.17,4477.08984375,4485.8701171875,4443.7998046875,4473.75,3984560000,18.40999984741211,19.760000228881836,17.649999618530273,18.690000534057617
2021-09-17,47737.81,48150.0,46699.56,47299.98,34461.92776,84.17,84.22,81.2,82.35,4469.740234375,4471.52001953125,4427.759765625,4432.990234375,7289530000,18.3700008392334,21.510000228881836,18.350000381469727,20.809999465942383
2021-09-20,47241.75,47347.25,42500.0,43015.62,78003.524443,85.72,92.4,85.08,91.76,4402.9501953125,4402.9501953125,4305.91015625,4357.72998046875,4898070000,24.25,28.790000915527344,23.899999618530273,25.709999084472656
2021-09-21,43016.64,43639.0,39600.0,40734.38,84534.080485,91.24,96.41,91.15,96.26,4374.4501953125,4394.8701171875,4347.9599609375,4354.18994140625,3920920000,23.40999984741211,25.600000381469727,21.709999084472656,24.36000061035156
2021-09-22,40734.09,44000.55,40565.39,43543.61,58349.05542,96.26,96.8,88.51,88.73,4367.43017578125,4416.75,4367.43017578125,4395.64013671875,3939170000,22.719999313354492,23.399999618530273,20.75,20.8700008392334
2021-09-23,43546.37,44978.0,43069.09,44865.26,48699.57655,88.73,89.48,83.29,83.84,4406.75,4465.39990234375,4406.75,4448.97998046875,3916350000,19.90999984741211,20.209999084472656,18.420000076293945,18.6299991607666
2021-09-24,44865.26,45200.0,40675.0,42810.57,84113.426292,83.84,91.7,79.91,86.92,4438.0400390625,4463.1201171875,4430.27001953125,4455.47998046875,3384290000,19.329999923706055,20.40999984741211,17.6299991607666,17.75
2021-09-27,43160.9,44350.0,42098.0,42147.35,39776.84383,89.12,89.55,86.0,89.25,4442.1201171875,4457.2998046875,4436.18994140625,4443.10986328125,4058650000,17.780000686645508,19.31999969482422,17.739999771118164,18.760000228881836
2021-09-28,42147.35,42787.38,40888.0,41026.54,43372.2624,89.25,93.27,87.76,92.27,4419.5400390625,4419.5400390625,4346.330078125,4352.6298828125,4416550000,19.739999771118164,24.81999969482422,19.709999084472656,23.25
2021-09-29,41025.01,42590.0,40753.88,41524.28,33511.53487,92.27,92.83,90.23,91.77,4362.41015625,4385.56982421875,4355.080078125,4359.4599609375,3712660000,22.06999969482422,23.790000915527344,21.450000762939453,22.559999465942383
2021-09-30,41524.29,44141.37,41410.17,43824.1,46381.22781,91.77,92.74,89.42,90.97,4370.669921875,4382.5498046875,4306.240234375,4307.5400390625,4448140000,21.479999542236328,24.709999084472656,20.600000381469727,23.13999938964844
2021-10-01,43820.01,48495.0,43283.03,48141.61,66244.87492,90.97,91.54,82.64,85.84,4317.16015625,4375.18994140625,4288.52001953125,4357.0400390625,4010370000,24.780000686645508,24.88999938964844,20.850000381469727,21.100000381469727
2021-10-04,48200.01,49536.12,46891.0,49224.94,46796.49372,85.56,89.94,85.18,89.62,4348.83984375,4355.509765625,4278.93994140625,4300.4599609375,4307870000,22.899999618530273,24.579999923706055,21.8799991607666,22.959999084472656
2021-10-05,49224.93,51886.3,49022.4,51471.99,52125.66793,89.62,92.81,88.5,92.68,4309.8701171875,4369.22998046875,4309.8701171875,4345.72021484375,3902890000,22.920000076293945,23.170000076293945,20.6200008392334,21.299999237060547
2021-10-06,51471.99,55750.0,50382.41,55315.0,79877.545181,92.68,92.7,88.61,89.38,4319.56982421875,4365.56982421875,4290.490234375,4363.5498046875,4009630000,22.950000762939453,24.399999618530273,20.989999771118164,21.0
2021-10-07,55315.0,55332.31,53357.0,53785.22,54917.37766,89.38,90.46,87.07,88.13,4383.72998046875,4429.97021484375,4383.72998046875,4399.759765625,3843740000,20.540000915527344,20.760000228881836,19.06999969482422,19.540000915527344
2021-10-08,53785.22,56100.0,53617.61,53951.43,46160.25785,88.13,89.01,85.71,88.19,4406.509765625,4412.02001953125,4386.22021484375,4391.33984375,3280160000,19.459999084472656,19.940000534057617,18.200000762939453,18.770000457763672
2021-10-11,54659.01,57839.04,54415.06,57471.35,52933.165751,89.23,90.89,89.19,90.49,4385.43994140625,4415.8798828125,4360.58984375,4361.18994140625,3281970000,19.93000030517578,20.450000762939453,18.11000061035156,20.0
2021-10-12,57471.35,57680.0,53879.0,55996.93,53471.2855,90.49,94.07,89.74,93.37,4368.31005859375,4374.89013671875,4342.08984375,4350.64990234375,3558450000,20.6200008392334,20.809999465942383,18.969999313354492,19.850000381469727
2021-10-13,55996.91,57777.0,54167.19,57367.0,55808.44492,93.37,95.01,91.43,95.0,4358.009765625,4372.8701171875,4329.919921875,4363.7998046875,3620070000,20.13999938964844,20.229999542236328,18.440000534057617,18.63999938964844
2021-10-14,57370.83,58532.54,56818.05,57347.94,43053.336781,95.0,98.29,91.45,97.87,4386.75,4439.72998046875,4386.75,4438.259765625,3598280000,18.010000228881836,18.079999923706055,16.799999237060547,16.860000610351562
2021-10-15,57347.94,62933.0,56850.0,61672.42,82512.908022,97.87,104.26,90.46,90.71,4447.68994140625,4475.81982421875,4447.68994140625,4471.3701171875,3819380000,16.639999389648438,16.850000381469727,15.720000267028809,16.299999237060547
2021-10-18,61528.32,62695.78,59844.45,62009.84,51798.44844,89.66,92.4,89.48,92.4,4463.72021484375,4488.75,4447.47021484375,4486.4599609375,3662010000,17.290000915527344,17.93000030517578,16.270000457763672,16.309999465942383
2021-10-19,62005.6,64486.0,61322.22,64280.59,53628.107744,92.4,94.15,91.33,94.15,4497.33984375,4520.39990234375,4496.41015625,4519.6298828125,3459130000,16.09000015258789,16.309999465942383,15.56999969482422,15.699999809265137
2021-10-20,64280.59,67000.0,63481.4,66001.41,51428.934856,94.15,95.23,93.0,93.04,4524.419921875,4540.8701171875,4524.39990234375,4536.18994140625,3670760000,15.81999969482422,15.890000343322754,15.289999961853027,15.489999771118164
2021-10-21,66001.4,66639.74,62000.0,62193.15,68538.64537,93.04,93.79,91.09,92.52,4532.240234375,4551.43994140625,4526.89013671875,4549.77978515625,3822330000,16.059999465942383,16.110000610351562,14.920000076293944,15.010000228881836
2021-10-22,62193.15,63732.39,60000.0,60688.22,52119.35886,87.82,88.57,85.19,86.73,4546.1201171875,4559.669921875,4524.0,4544.89990234375,3758220000,15.350000381469728,16.389999389648438,14.84000015258789,15.43000030517578
2021-10-25,60852.22,63710.63,60650.0,63078.78,36853.83806,89.88,90.1,84.38,84.45,4553.68994140625,4572.6201171875,4537.35986328125,4566.47998046875,3899400000,16.139999389648438,16.329999923706055,15.100000381469728,15.239999771118164
2021-10-26,63078.78,63293.48,59817.55,60328.81,40217.50083,84.45,89.13,83.58,89.01,4578.68994140625,4598.52978515625,4569.169921875,4574.7900390625,3879740000,15.020000457763672,16.709999084472656,14.899999618530272,15.979999542236328
2021-10-27,60328.81,61496.0,58000.0,58413.44,62124.49016,89.01,90.24,87.39,88.45,4580.22021484375,4584.56982421875,4551.66015625,4551.68017578125,4226050000,15.789999961853027,17.290000915527344,15.539999961853027,16.979999542236328
2021-10-28,58413.44,62499.0,57820.0,60575.89,61056.35301,88.46,89.87,85.94,89.87,4562.83984375,4597.5498046875,4562.83984375,4596.419921875,4132950000,17.059999465942383,17.15999984741211,16.229999542236328,16.530000686645508
2021-10-29,60575.9,62980.0,60174.81,62253.71,43973.90414,89.87,90.02,84.59,87.58,4572.8701171875,4608.080078125,4567.58984375,4605.3798828125,4510200000,17.399999618530273,18.059999465942383,16.1299991607666,16.260000228881836
2021-11-01,61299.81,62437.74,59405.0,60911.11,44687.66672,87.64,88.47,84.77,85.45,4610.6201171875,4620.33984375,4595.06005859375,4613.669921875,3971540000,16.850000381469727,17.700000762939453,16.31999969482422,16.40999984741211
2021-11-02,60911.12,64270.0,60624.68,63219.99,46368.2841,85.45,88.22,85.33,87.23,4613.33984375,4635.14990234375,4613.33984375,4630.64990234375,3975250000,16.540000915527344,16.649999618530273,15.890000343322754,16.030000686645508
2021-11-03,63220.57,63500.0,60382.76,62896.48,43336.09049,87.23,87.56,84.41,85.84,4630.64990234375,4663.4599609375,4621.18994140625,4660.56982421875,4319660000,16.110000610351562,16.389999389648438,14.899999618530272,15.100000381469728
2021-11-04,62896.49,63086.31,60677.01,61395.01,35930.93314,85.84,86.54,83.99,84.73,4662.93017578125,4683.0,4662.58984375,4680.06005859375,4462300000,15.0600004196167,16.139999389648438,14.729999542236328,15.4399995803833
2021-11-05,61395.01,62595.72,60721.0,60937.12,31604.48749,84.73,86.93,82.9,85.71,4699.259765625,4718.5,4681.31982421875,4697.52978515625,4467180000,15.59000015258789,17.020000457763672,14.949999809265137,16.479999542236328
2021-11-08,63273.58,67789.0,63273.58,67525.83,54442.094554,86.59,88.92,86.05,86.69,4701.47998046875,4714.919921875,4694.39013671875,4701.7001953125,4269710000,17.229999542236328,17.690000534057617,16.440000534057617,17.219999313354492
2021-11-09,67525.82,68524.25,66222.4,66947.66,44661.378068,86.69,87.72,84.33,84.68,4707.25,4708.52978515625,4670.8701171875,4685.25,4117080000,17.43000030517578,18.56999969482422,17.209999084472656,17.780000686645508
2021-11-10,66947.67,69000.0,62822.9,64882.43,65171.504046,84.68,87.17,84.23,86.36,4670.259765625,4684.85009765625,4630.85986328125,4646.7099609375,4503720000,17.739999771118164,19.899999618530273,17.219999313354492,18.729999542236328
2021-11-11,64882.42,65600.07,64100.0,64774.26,37237.98058,86.36,86.5,83.79,85.23,4659.39013671875,4664.5498046875,4648.31005859375,4649.27001953125,3926870000,18.34000015258789,18.38999938964844,17.270000457763672,17.65999984741211
2021-11-12,64774.25,65450.7,62278.0,64122.23,44490.10816,85.23,89.09,84.14,88.44,4655.240234375,4688.47021484375,4650.77001953125,4682.85009765625,3728600000,17.489999771118164,17.690000534057617,16.149999618530273,16.290000915527344
2021-11-15,65519.11,66401.82,63400.0,63606.74,37829.37124,87.22,87.67,84.6,85.04,4689.2998046875,4697.419921875,4672.85986328125,4682.7998046875,3488410000,17.030000686645508,17.459999084472656,16.489999771118164,16.489999771118164
2021-11-16,63606.73,63617.31,58574.07,60058.87,77455.15609,85.04,90.35,85.04,87.28,4679.419921875,4714.9501953125,4679.419921875,4700.89990234375,3972640000,16.860000610351562,17.079999923706055,16.030000686645508,16.3700008392334
2021-11-17,60058.87,60840.23,58373.0,60344.87,46289.38491,87.28,90.05,86.37,89.88,4701.5,4701.5,4684.41015625,4688.669921875,3969070000,16.360000610351562,17.190000534057617,16.280000686645508,17.110000610351562
2021-11-18,60344.86,60976.0,56474.26,56891.62,62146.99931,89.88,93.25,87.15,90.12,4700.72021484375,4708.7998046875,4672.77978515625,4704.5400390625,4226410000,16.809999465942383,18.149999618530273,16.3799991607666,17.59000015258789
2021-11-19,56891.62,58320.0,55600.0,58052.24,50715.88726,90.12,91.85,85.39,85.78,4708.43994140625,4717.75,4694.22021484375,4697.9599609375,4253180000,17.360000610351562,19.010000228881836,17.229999542236328,17.90999984741211
2021-11-22,58617.7,59444.0,55610.0,56247.18,51724.32047,85.94,90.47,85.18,88.98,4712.0,4743.830078125,4682.169921875,4682.93994140625,4441100000,18.200000762939453,19.59000015258789,17.350000381469727,19.170000076293945
2021-11-23,56243.83,58009.99,55317.0,57541.27,49917.85017,88.98,90.19,86.18,89.91,4678.47998046875,4699.39013671875,4652.66015625,4690.7001953125,4277590000,20.239999771118164,20.90999984741211,19.030000686645508,19.3799991607666
2021-11-24,57541.26,57735.0,55837.0,57138.29,39612.04964,89.91,91.47,89.26,90.42,4675.77978515625,4702.8701171875,4659.89013671875,4701.4599609375,3418430000,19.170000076293945,20.959999084472656,18.520000457763672,18.579999923706055
2021-11-26,58960.37,59150.0,53500.0,53726.53,65927.87066,86.52,89.93,84.06,86.06,4664.6298828125,4664.6298828125,4585.43017578125,4594.6201171875,3517700000,26.6200008392334,28.989999771118164,23.8799991607666,28.6200008392334
2021-11-29,57274.89,58865.97,56666.67,57776.25,40125.28009,86.32,86.52,81.95,82.85,4628.75,4672.9501953125,4625.259765625,4655.27001953125,4336410000,25.309999465942383,25.690000534057617,21.709999084472656,22.959999084472656
2021-11-30,57776.25,59176.99,55875.55,56950.56,49161.05194,82.85,86.14,82.74,84.08,4640.25,4646.02001953125,4560.0,4567.0,6625990000,26.229999542236328,28.559999465942383,23.709999084472656,27.190000534057617
2021-12-01,56950.56,59053.55,56458.01,57184.07,44956.63656,84.08,84.4,81.56,83.64,4602.81982421875,4652.93994140625,4510.27001953125,4513.0400390625,5366730000,24.920000076293945,32.61000061035156,22.3799991607666,31.1200008392334
2021-12-02,57184.07,57375.47,55777.77,56480.34,37574.05976,83.63,85.27,83.07,85.26,4504.72998046875,4595.4599609375,4504.72998046875,4577.10009765625,5077180000,29.440000534057617,30.68000030517578,27.149999618530273,27.950000762939453
2021-12-03,56484.26,57600.0,51680.0,53601.05,58927.69027,85.26,85.51,81.21,84.55,4589.490234375,4608.02978515625,4495.1201171875,4538.43017578125,5240070000,26.950000762939453,35.31999969482422,25.88999938964844,30.670000076293945
2021-12-06,49396.32,50891.11,47100.0,50441.92,58571.21575,89.39,89.89,86.63,86.84,4548.3701171875,4612.60009765625,4540.509765625,4591.669921875,4770800000,28.989999771118164,30.81999969482422,26.75,27.18000030517578
2021-12-07,50441.91,51936.33,50039.74,50588.95,38253.46877,86.84,88.62,85.57,86.0,4631.97021484375,4694.0400390625,4631.97021484375,4686.75,4492400000,24.579999923706055,24.690000534057617,21.579999923706055,21.88999938964844
2021-12-08,50588.95,51200.0,48600.0,50471.19,38425.92466,86.0,88.43,85.65,87.16,4690.85986328125,4705.06005859375,4674.52001953125,4701.2099609375,4234600000,21.739999771118164,23.11000061035156,19.850000381469727,19.899999618530273
2021-12-09,50471.19,50797.76,47320.0,47545.59,37692.68665,88.39,90.52,88.34,90.3,4691.0,4695.259765625,4665.97998046875,4667.4501953125,3903840000,20.309999465942383,22.1200008392334,19.940000534057617,21.579999923706055
2021-12-10,47535.9,50125.0,46852.0,47140.54,44233.57391,90.3,90.95,89.19,89.98,4687.64013671875,4713.56982421875,4670.240234375,4712.02001953125,3870110000,21.270000457763672,21.299999237060547,18.690000534057617,18.690000534057617
2021-12-13,50053.9,50189.97,45672.75,46702.75,50869.52093,92.25,92.41,89.52,90.29,4710.2998046875,4710.2998046875,4667.60009765625,4668.97021484375,4397230000,19.290000915527344,21.18000030517578,18.959999084472656,20.309999465942383
2021-12-14,46702.76,48700.41,46290.0,48343.28,39955.98445,90.29,93.23,88.74,92.34,4642.990234375,4660.47021484375,4606.52001953125,4634.08984375,4485430000,19.670000076293945,23.0,19.670000076293945,21.88999938964844
2021-12-15,48336.95,49500.0,46547.0,48864.98,51629.181,92.34,92.38,89.19,89.34,4636.4599609375,4712.60009765625,4611.22021484375,4709.85009765625,4910130000,21.600000381469727,23.469999313354492,19.020000457763672,19.290000915527344
2021-12-16,48864.98,49436.43,47511.0,47632.38,31949.86739,89.34,89.42,85.88,86.78,4719.1298828125,4731.990234375,4651.89013671875,4668.669921875,4829500000,18.559999465942383,22.1299991607666,18.190000534057617,20.56999969482422
2021-12-17,47632.38,47995.96,45456.0,46131.2,43104.4887,86.78,87.26,84.57,85.34,4652.5,4666.7001953125,4600.22021484375,4620.64013671875,7987090000,20.700000762939453,23.260000228881836,20.489999771118164,21.56999969482422
2021-12-20,46681.24,47537.57,45558.85,46914.16,35848.50609,87.83,88.53,86.56,87.31,4587.89990234375,4587.89990234375,4531.10009765625,4568.02001953125,4635700000,25.88999938964844,27.38999938964844,22.850000381469727,22.8700008392334
2021-12-21,46914.17,49328.96,46630.0,48889.88,37713.92924,87.31,88.72,85.06,86.04,4594.9599609375,4651.14013671875,4583.16015625,4649.22998046875,4072430000,22.280000686645508,22.68000030517578,20.899999618530273,21.010000228881836
2021-12-22,48887.59,49576.13,48421.87,48588.16,27004.2022,86.04,86.62,82.63,82.99,4650.35986328125,4697.669921875,4645.52978515625,4696.56005859375,3319610000,21.040000915527344,21.36000061035156,18.59000015258789,18.6299991607666
2021-12-23,48588.17,51375.0,47920.42,50838.81,35192.54046,82.99,83.5,80.96,82.99,4703.9599609375,4740.740234375,4703.9599609375,4725.7900390625,2913040000,18.809999465942383,18.93000030517578,17.6200008392334,17.959999084472656
2021-12-27,50775.48,52088.0,50449.0,50701.44,28792.21566,80.26,83.39,78.51,83.29,4733.990234375,4791.490234375,4733.990234375,4791.18994140625,2770290000,19.3700008392334,19.40999984741211,17.549999237060547,17.68000030517578
2021-12-28,50701.44,50704.05,47313.01,47543.74,45853.33924,83.29,83.29,76.7,76.7,4795.490234375,4807.02001953125,4780.0400390625,4786.35009765625,2707920000,17.780000686645508,18.469999313354492,17.510000228881836,17.540000915527344
2021-12-29,47543.74,48139.08,46096.99,46464.66,39498.87,76.7,80.9,76.5,80.73,4788.64013671875,4804.06005859375,4778.080078125,4793.06005859375,2963310000,17.6299991607666,18.0,16.709999084472656,16.950000762939453
2021-12-30,46464.66,47900.0,45900.0,47120.87,30352.29569,80.74,81.81,76.61,80.68,4794.22998046875,4808.93017578125,4775.330078125,4778.72998046875,3124950000,17.299999237060547,17.790000915527344,16.6200008392334,17.329999923706055
2021-12-31,47120.88,48548.26,45678.0,46216.93,34937.99796,80.68,82.64,74.65,75.51,4775.2099609375,4786.830078125,4765.75,4766.18017578125,2677820000,17.6299991607666,18.270000457763672,16.989999771118164,17.219999313354492
2022-01-03,47286.18,47570.0,45696.0,46446.1,27662.0771,72.06,73.37,70.32,71.94,4778.14013671875,4796.64013671875,4758.169921875,4796.56005859375,3831020000,17.600000381469727,18.540000915527344,16.559999465942383,16.600000381469727
2022-01-04,46446.1,47557.54,45500.0,45832.01,35491.4136,71.94,73.49,70.16,72.52,4804.509765625,4818.6201171875,4774.27001953125,4793.5400390625,4683170000,16.56999969482422,17.809999465942383,16.34000015258789,16.90999984741211
2022-01-05,45832.01,47070.0,42500.0,43451.13,51784.11857,72.64,78.33,70.95,75.64,4787.990234375,4797.7001953125,4699.43994140625,4700.580078125,4887960000,17.06999969482422,20.170000076293945,16.579999923706055,19.729999542236328
2022-01-06,43451.14,43816.0,42430.58,43082.31,38880.37305,75.64,76.17,72.22,73.19,4693.39013671875,4725.009765625,4671.259765625,4696.0498046875,4295280000,20.290000915527344,21.059999465942383,19.079999923706055,19.61000061035156
2022-01-07,43082.3,43145.83,40610.0,41566.48,54836.50818,73.19,75.22,72.07,73.86,4697.66015625,4707.9501953125,4662.740234375,4677.02978515625,4181510000,19.850000381469727,20.799999237060547,18.56999969482422,18.760000228881836
2022-01-10,41864.62,42248.5,39650.0,41822.49,50729.17019,73.5,75.83,72.63,74.1,4655.33984375,4673.02001953125,4582.240234375,4670.2900390625,4511810000,19.579999923706055,23.329999923706055,19.290000915527344,19.399999618530273
2022-01-11,41822.49,43100.0,41268.93,42729.29,37296.43729,74.1,77.27,74.08,75.37,4669.14013671875,4714.1298828125,4638.27001953125,4713.06982421875,4101590000,19.6200008392334,21.0,18.200000762939453,18.40999984741211
2022-01-12,42729.29,44322.0,42450.0,43902.66,33943.2928,75.37,75.94,70.71,71.81,4728.58984375,4748.830078125,4706.7099609375,4726.35009765625,4048220000,18.170000076293945,18.690000534057617,17.360000610351562,17.6200008392334
2022-01-13,43902.65,44500.0,42311.22,42560.11,34910.87762,71.81,72.13,66.4,67.51,4733.56005859375,4744.1298828125,4650.2900390625,4659.02978515625,4251730000,18.059999465942383,20.61000061035156,17.450000762939453,20.309999465942383
2022-01-14,42558.35,43448.78,41725.95,43059.96,32640.88292,67.51,67.62,64.15,65.13,4637.990234375,4665.1298828125,4614.75,4662.85009765625,4338490000,20.11000061035156,22.06999969482422,19.049999237060547,19.190000534057617
2022-01-18,42201.63,42691.0,41250.0,42352.12,29324.08257,65.23,67.38,63.8,67.27,4632.240234375,4632.240234375,4568.7001953125,4577.10986328125,4748700000,21.18000030517578,23.200000762939453,21.18000030517578,22.790000915527344
2022-01-19,42352.12,42559.13,41138.56,41660.01,31685.72159,67.27,67.69,64.99,65.96,4588.02978515625,4611.5498046875,4530.2001953125,4532.759765625,4465740000,23.1200008392334,23.989999771118164,21.850000381469727,23.850000381469727
2022-01-20,41660.0,43505.0,40553.31,40680.91,42330.33953,65.96,65.99,59.41,65.24,4547.35009765625,4602.10986328125,4477.9501953125,4482.72998046875,4640870000,23.459999084472656,25.88999938964844,21.68000030517578,25.59000015258789
2022-01-21,40680.92,41100.0,35440.45,36445.31,88860.891999,65.24,78.58,63.03,77.8,4471.3798828125,4494.52001953125,4395.33984375,4397.93994140625,5589100000,25.3799991607666,29.790000915527344,25.309999465942383,28.850000381469727
2022-01-24,36244.55,37550.0,32917.17,36660.35,91904.753211,77.29,87.93,76.25,78.59,4356.31982421875,4417.35009765625,4222.6201171875,4410.1298828125,6928110000,28.200000762939453,38.939998626708984,28.020000457763672,29.899999618530273
2022-01-25,36660.35,37545.14,35701.0,36958.32,49232.40183,78.59,82.57,77.64,81.26,4366.64013671875,4411.009765625,4287.10986328125,4356.4501953125,5145050000,32.290000915527344,35.849998474121094,29.1299991607666,31.15999984741211
2022-01-26,36958.32,38919.98,36234.63,36809.34,69830.16036,81.26,82.26,78.66,80.39,4408.43017578125,4453.22998046875,4304.7998046875,4349.93017578125,5570640000,29.350000381469727,33.040000915527344,26.899999618530273,31.959999084472656
2022-01-27,36807.24,37234.47,35507.01,37160.1,53020.87934,80.39,83.23,77.38,80.14,4380.580078125,4428.740234375,4309.5,4326.509765625,5214200000,32.189998626708984,33.0,28.420000076293945,30.489999771118164
2022-01-28,37160.11,38000.0,36155.01,37716.56,42154.26956,80.14,80.28,73.49,74.77,4336.18994140625,4432.72021484375,4292.4599609375,4431.85009765625,5031090000,30.270000457763672,32.81999969482422,27.280000686645508,27.65999984741211
2022-01-31,37881.75,38744.0,36632.61,38466.9,36855.2458,74.32,74.52,70.16,70.99,4431.7900390625,4516.89013671875,4414.02001953125,4515.5498046875,5098610000,28.36000061035156,29.40999984741211,24.709999084472656,24.829999923706055
2022-02-01,38466.9,39265.2,38000.0,38694.59,34574.44663,70.99,71.84,69.59,71.81,4519.56982421875,4550.490234375,4483.52978515625,4546.5400390625,4816830000,24.56999969482422,25.329999923706055,21.959999084472656,21.959999084472656
2022-02-02,38694.59,38855.92,36586.95,36896.36,35794.6813,71.81,75.02,71.06,75.0,4566.39013671875,4595.31005859375,4544.31982421875,4589.3798828125,4481580000,21.559999465942383,22.729999542236328,20.459999084472656,22.09000015258789
2022-02-03,36896.37,37387.0,36250.0,37311.61,32081.10999,75.0,75.03,72.53,74.14,4535.41015625,4542.8798828125,4470.39013671875,4477.43994140625,4401970000,22.6299991607666,25.809999465942383,22.299999237060547,24.350000381469727
2022-02-04,37311.98,41772.33,37026.73,41574.25,64703.95874,74.14,74.39,68.89,70.14,4482.7900390625,4539.66015625,4451.5,4500.52978515625,4706290000,23.770000457763672,26.260000228881836,22.06999969482422,23.219999313354492
2022-02-07,42380.87,44500.5,41645.85,43839.99,51060.62006,70.69,72.27,69.14,69.18,4505.75,4521.85986328125,4471.47021484375,4483.8701171875,4228480000,24.09000015258789,24.81999969482422,22.020000457763672,22.86000061035156
2022-02-08,43839.99,45492.0,42666.0,44042.99,64880.29387,69.18,71.78,68.73,70.27,4480.02001953125,4531.31982421875,4465.39990234375,4521.5400390625,4459620000,23.09000015258789,23.479999542236328,21.31999969482422,21.440000534057617
2022-02-09,44043.0,44799.0,43117.92,44372.72,34428.16729,70.27,71.02,69.64,69.81,4547.0,4590.02978515625,4547.0,4587.18017578125,4524350000,21.270000457763672,21.299999237060547,19.93000030517578,19.959999084472656
2022-02-10,44372.71,45821.0,43174.01,43495.44,62357.29091,69.81,70.87,68.07,70.81,4553.240234375,4588.919921875,4484.31005859375,4504.080078125,5314860000,20.3700008392334,24.770000457763672,20.18000030517578,23.90999984741211
2022-02-11,43495.44,43920.0,41938.51,42373.73,44975.1687,70.81,73.37,66.71,72.34,4506.27001953125,4526.330078125,4401.41015625,4418.64013671875,5251500000,24.38999938964844,30.989999771118164,23.329999923706055,27.36000061035156
2022-02-14,42053.65,42842.4,41550.56,42535.94,34010.1306,73.05,73.45,70.83,72.16,4412.60986328125,4426.22021484375,4364.83984375,4401.669921875,4600390000,29.170000076293945,32.040000915527344,28.329999923706055,28.329999923706055
2022-02-15,42535.94,44751.4,42427.03,44544.86,38095.19576,72.16,72.26,69.41,70.59,4429.27978515625,4472.77001953125,4429.27978515625,4471.06982421875,4430830000,28.09000015258789,28.09000015258789,25.329999923706055,25.700000762939453
2022-02-16,44544.85,44549.97,43307.0,43873.56,28471.8727,70.59,70.84,67.59,68.07,4455.75,4489.5498046875,4429.68017578125,4475.009765625,4283640000,25.190000534057617,27.09000015258789,23.8799991607666,24.290000915527344
2022-02-17,43873.56,44164.71,40073.21,40515.7,47245.99494,68.07,72.84,65.15,71.54,4456.06005859375,4456.06005859375,4373.81005859375,4380.259765625,4539420000,24.829999923706055,28.3700008392334,24.760000228881836,28.11000061035156
2022-02-18,40515.71,40959.88,39450.0,39974.44,43845.92241,71.54,72.07,66.98,68.83,4384.56982421875,4394.60009765625,4327.22021484375,4348.8701171875,4708060000,26.65999984741211,29.709999084472656,26.3799991607666,27.75
2022-02-22,37008.16,38429.0,36350.0,38230.33,53785.94589,77.69,80.06,74.15,75.22,4332.740234375,4362.1201171875,4267.10986328125,4304.759765625,5121900000,31.799999237060547,32.040000915527344,28.399999618530273,28.809999465942383
2022-02-23,38230.33,39249.93,37036.79,37250.01,43560.732,71.56,74.3,71.25,73.78,4324.93017578125,4341.509765625,4221.509765625,4225.5,4797430000,28.040000915527344,31.06999969482422,27.200000762939453,31.020000457763672
2022-02-24,37250.02,39843.0,34322.28,38327.21,120476.29458,73.78,89.74,73.58,79.88,4155.77001953125,4294.72998046875,4114.64990234375,4288.7001953125,6752130000,37.5,37.790000915527344,29.450000762939453,30.31999969482422
2022-02-25,38328.68,39683.53,38014.37,39219.17,56574.57125,79.88,79.88,69.99,71.44,4298.3798828125,4385.33984375,4286.830078125,4384.64990234375,5177060000,31.68000030517578,32.0,26.93000030517578,27.59000015258789
2022-02-28,37699.08,44225.84,37450.17,43160.0,73945.63858,80.65,81.2,75.09,77.47,4354.169921875,4388.83984375,4315.1201171875,4373.93994140625,6071370000,32.439998626708984,33.5099983215332,28.43000030517578,30.149999618530273
2022-03-01,43160.0,44949.0,42809.98,44421.2,61743.09873,77.47,78.05,74.66,76.99,4363.14013671875,4378.4501953125,4279.5400390625,4306.259765625,5846230000,29.450000762939453,35.189998626708984,29.440000534057617,33.31999969482422
2022-03-02,44421.2,45400.0,43334.09,43892.98,57782.65081,76.99,77.83,73.62,73.8,4322.56005859375,4401.47998046875,4322.56005859375,4386.5400390625,5337870000,34.20000076293945,34.40999984741211,30.1200008392334,30.739999771118164
2022-03-03,43892.99,44101.12,41832.28,42454.0,50940.61021,73.79,76.27,73.1,73.7,4401.31005859375,4416.77978515625,4345.56005859375,4363.490234375,5039890000,30.520000457763672,32.0099983215332,29.309999465942383,30.479999542236328
2022-03-04,42454.0,42527.3,38550.0,39148.66,61964.68498,73.7,80.98,72.11,79.28,4342.1201171875,4342.1201171875,4284.97998046875,4328.8701171875,5797380000,31.899999618530273,34.650001525878906,31.469999313354492,31.979999542236328
2022-03-07,38420.8,39547.57,37155.0,37988.0,63994.11559,79.72,80.7,78.14,80.7,4327.009765625,4327.009765625,4199.85009765625,4201.08984375,6940470000,35.880001068115234,36.54999923706055,32.59000015258789,36.45000076293945
2022-03-08,37988.01,39362.08,37867.65,38730.63,55583.06638,80.7,82.53,79.94,80.93,4202.66015625,4276.93994140625,4157.8701171875,4170.7001953125,7243120000,36.189998626708984,37.52000045776367,32.779998779296875,35.130001068115234
2022-03-09,38730.63,42594.06,38656.45,41941.71,67392.58799,80.93,81.28,78.69,81.01,4223.10009765625,4299.39990234375,4223.10009765625,4277.8798828125,5662670000,33.7400016784668,34.119998931884766,31.38999938964844,32.45000076293945
2022-03-10,41941.7,42039.63,38539.73,39422.0,71962.93154,81.01,83.87,80.13,80.13,4252.5498046875,4268.27978515625,4209.7998046875,4259.52001953125,4980830000,33.029998779296875,34.029998779296875,30.229999542236328,30.229999542236328
2022-03-11,39422.01,40236.26,38223.6,38729.57,59018.7642,80.13,80.84,77.41,79.73,4279.5,4291.009765625,4200.490234375,4204.31005859375,4938640000,30.43000030517578,31.040000915527344,28.84000015258789,30.75
2022-03-14,37777.35,39947.12,37555.0,39671.37,46945.45375,82.47,82.96,81.57,82.43,4202.75,4247.56982421875,4161.72021484375,4173.10986328125,5574920000,31.030000686645508,33.18000030517578,30.059999465942383,31.770000457763672
2022-03-15,39671.37,39887.61,38098.33,39280.33,46015.54926,82.43,83.74,80.69,81.98,4188.81982421875,4271.0498046875,4187.89990234375,4262.4501953125,5392470000,33.130001068115234,33.83000183105469,29.56999969482422,29.829999923706055
2022-03-16,39280.33,41718.0,38828.48,41114.0,88120.76167,81.98,83.93,80.0,81.79,4288.14013671875,4358.89990234375,4251.990234375,4357.85986328125,6309750000,29.020000457763672,29.799999237060547,26.290000915527344,26.670000076293945
2022-03-17,41114.01,41478.82,40500.0,40917.9,37189.38087,81.79,82.02,75.05,75.18,4345.10986328125,4412.669921875,4335.64990234375,4411.669921875,4985090000,26.510000228881836,27.469999313354492,25.25,25.670000076293945
2022-03-18,40917.89,42325.02,40135.04,41757.51,45408.00969,75.18,76.12,70.75,70.75,4407.33984375,4465.39990234375,4390.56982421875,4463.1201171875,8278430000,26.36000061035156,26.81999969482422,23.850000381469727,23.8700008392334
2022-03-21,41262.11,41544.22,40467.94,41002.25,39426.24877,72.67,73.75,71.33,71.8,4462.39990234375,4481.75,4424.2998046875,4461.18017578125,4869820000,25.13999938964844,25.36000061035156,22.989999771118164,23.530000686645508
2022-03-22,41002.26,43361.0,40875.51,42364.13,59454.94294,71.8,74.24,70.89,71.19,4469.10009765625,4522.0,4469.10009765625,4511.60986328125,4754840000,24.020000457763672,24.020000457763672,22.700000762939453,22.940000534057617
2022-03-23,42364.13,43025.96,41751.47,42882.76,40828.87039,71.19,71.4,69.5,69.58,4493.10009765625,4501.06982421875,4455.81005859375,4456.240234375,4550670000,23.040000915527344,24.030000686645508,22.63999938964844,23.56999969482422
2022-03-24,42882.76,44220.89,42560.46,43991.46,56195.12374,69.58,69.93,65.43,65.47,4469.97998046875,4520.580078125,4465.169921875,4520.16015625,4131390000,23.61000061035156,23.790000915527344,21.489999771118164,21.670000076293945
2022-03-25,43991.46,45094.14,43579.0,44313.16,54614.43648,65.47,65.92,61.98,62.41,4522.91015625,4546.02978515625,4501.06982421875,4543.06005859375,4305020000,21.8700008392334,22.86000061035156,20.799999237060547,20.809999465942383
2022-03-28,46827.76,48189.84,46663.56,47122.21,58949.2614,68.62,69.0,62.82,63.04,4541.08984375,4575.64990234375,4517.68994140625,4575.52001953125,4312260000,22.13999938964844,23.329999923706055,19.540000915527344,19.6299991607666
2022-03-29,47122.21,48096.47,46950.85,47434.8,36772.28457,63.04,63.08,61.6,62.04,4602.85986328125,4637.2998046875,4589.66015625,4631.60009765625,5085910000,19.700000762939453,19.729999542236328,18.670000076293945,18.899999618530273
2022-03-30,47434.79,47700.22,46445.42,47067.99,40947.2085,62.04,62.71,60.9,62.44,4624.2001953125,4627.77001953125,4581.31982421875,4602.4501953125,4385570000,19.3799991607666,20.510000228881836,18.719999313354492,19.329999923706055
2022-03-31,47067.99,47600.0,45200.0,45510.34,48645.12667,61.7,64.11,61.7,64.11,4599.02001953125,4603.06982421875,4530.41015625,4530.41015625,4823020000,19.68000030517578,21.479999542236328,19.540000915527344,20.559999465942383
2022-04-01,45510.35,46720.09,44200.0,46283.49,56271.06474,64.11,64.35,58.86,59.54,4540.31982421875,4548.7001953125,4507.56982421875,4545.85986328125,4562940000,20.6200008392334,20.86000061035156,19.40999984741211,19.6299991607666
2022-04-04,46407.36,46890.71,45118.0,46580.51,44641.87514,59.47,61.87,59.46,60.54,4547.97021484375,4583.5,4539.2099609375,4582.64013671875,4547350000,20.75,20.780000686645508,18.450000762939453,18.56999969482422
2022-04-05,46580.5,47200.0,45353.81,45497.55,42192.74852,60.54,62.9,60.1,62.88,4572.4501953125,4593.4501953125,4514.169921875,4525.1201171875,4800620000,18.790000915527344,21.56999969482422,18.549999237060547,21.030000686645508
2022-04-06,45497.54,45507.14,43121.0,43170.47,60849.32936,62.88,66.63,62.87,66.05,4494.169921875,4503.93994140625,4450.0400390625,4481.14990234375,4986830000,21.270000457763672,24.780000686645508,21.239999771118164,22.100000381469727
2022-04-07,43170.47,43900.99,42727.35,43444.19,37396.54156,66.05,67.1,61.69,61.74,4474.64990234375,4521.16015625,4450.2998046875,4500.2099609375,4821490000,21.969999313354492,23.81999969482422,21.1200008392334,21.549999237060547
2022-04-08,43444.2,43970.62,42107.14,42252.01,42375.04203,61.74,62.56,59.28,62.19,4494.14990234375,4520.41015625,4474.60009765625,4488.27978515625,4083200000,21.25,22.34000015258789,20.280000686645508,21.15999984741211
2022-04-11,42158.85,42414.71,39200.0,39530.45,63560.44721,61.08,68.6,60.08,68.28,4462.64013671875,4464.35009765625,4408.3798828125,4412.52978515625,4266290000,23.09000015258789,24.420000076293945,22.09000015258789,24.3700008392334
2022-04-12,39530.45,40699.0,39254.63,40074.94,57751.01778,68.28,68.41,65.09,65.22,4437.58984375,4471.0,4381.33984375,4397.4501953125,4152090000,24.940000534057617,25.3799991607666,22.270000457763672,24.260000228881836
2022-04-13,40074.95,41561.31,39588.54,41147.79,41342.27254,65.22,66.38,63.38,63.61,4394.2998046875,4453.919921875,4392.7001953125,4446.58984375,3828150000,23.520000457763672,24.450000762939453,21.3700008392334,21.81999969482422
2022-04-14,41147.78,41500.0,39551.94,39942.38,36807.01401,63.61,63.62,60.07,62.1,4449.1201171875,4460.4599609375,4390.77001953125,4392.58984375,4083090000,21.719999313354492,22.700000762939453,20.850000381469727,22.700000762939453
2022-04-18,39678.11,41116.73,38536.51,40801.13,54243.49575,63.59,64.91,62.62,63.47,4385.6298828125,4410.31005859375,4370.2998046875,4391.68994140625,3910490000,24.520000457763672,24.600000381469727,21.979999542236328,22.170000076293945
2022-04-19,40801.13,41760.0,40571.0,41493.18,35788.85843,63.47,63.48,61.31,62.46,4390.6298828125,4471.02978515625,4390.6298828125,4462.2099609375,4108120000,22.549999237060547,22.920000076293945,20.36000061035156,21.3700008392334
2022-04-20,41493.19,42199.0,40820.0,41358.19,40877.35041,62.46,62.62,61.32,62.19,4472.259765625,4488.2900390625,4448.759765625,4459.4501953125,4290450000,21.1299991607666,21.31999969482422,19.75,20.31999969482422
2022-04-21,41358.19,42976.0,39751.0,40480.01,59316.27657,62.19,63.94,60.64,63.51,4489.169921875,4512.93994140625,4384.47021484375,4393.66015625,4636890000,20.239999771118164,23.280000686645508,19.809999465942383,22.68000030517578
2022-04-22,40480.01,40795.06,39177.0,39709.18,46664.0196,63.51,63.64,59.99,61.12,4385.830078125,4385.830078125,4267.6201171875,4271.77978515625,4651940000,22.709999084472656,28.270000457763672,22.6200008392334,28.209999084472656
2022-04-25,39450.12,40616.0,38200.0,40426.08,63037.12784,62.62,66.38,62.62,65.57,4255.33984375,4299.02001953125,4200.81982421875,4296.1201171875,5240040000,30.040000915527344,31.600000381469727,26.799999237060547,27.020000457763672
2022-04-26,40426.08,40797.31,37702.26,38112.65,66650.258,65.57,67.36,63.58,66.78,4278.14013671875,4278.14013671875,4175.0400390625,4175.2001953125,4689970000,27.3799991607666,33.810001373291016,27.059999465942383,33.52000045776367
2022-04-27,38112.64,39474.72,37881.31,39235.72,57083.12272,64.91,66.48,64.48,65.09,4186.52001953125,4240.7099609375,4162.89990234375,4183.9599609375,4769680000,31.11000061035156,32.77000045776367,29.81999969482422,31.600000381469727
2022-04-28,39235.72,40372.63,38881.43,39742.07,56086.6715,60.38,63.55,59.78,63.0,4222.580078125,4308.4501953125,4188.6298828125,4287.5,4854180000,29.90999984741211,32.0,28.0,29.989999771118164
2022-04-29,39742.06,39925.25,38175.0,38596.11,51453.65715,63.0,63.18,57.99,60.54,4253.75,4269.68017578125,4124.27978515625,4131.93017578125,5084030000,28.969999313354492,34.34000015258789,28.540000915527344,33.400001525878906
2022-05-02,38468.35,39167.34,38052.0,38525.16,53200.92628,62.44,63.23,59.72,62.42,4130.60986328125,4169.81005859375,4062.510009765625,4155.3798828125,5163790000,33.349998474121094,36.63999938964844,31.739999771118164,32.34000015258789
2022-05-03,38525.16,38651.51,37517.8,37728.95,40316.45358,62.42,64.92,60.23,64.92,4159.77978515625,4200.10009765625,4147.080078125,4175.47998046875,4582050000,31.760000228881836,32.81999969482422,29.059999465942383,29.25
2022-05-04,37728.95,40023.77,37670.0,39690.0,62574.61736,64.92,64.98,60.32,60.58,4181.18017578125,4307.66015625,4148.91015625,4300.169921875,5136360000,29.1200008392334,29.420000076293945,24.940000534057617,25.420000076293945
2022-05-05,39690.0,39845.51,35571.9,36552.97,88722.43355,60.58,66.25,58.72,63.13,4270.43017578125,4270.43017578125,4106.009765625,4146.8701171875,5077030000,25.969999313354492,33.20000076293945,25.780000686645508,31.200000762939453
2022-05-06,36552.97,36675.63,35258.0,36013.77,68437.80187,63.13,65.06,59.8,62.19,4128.169921875,4157.68994140625,4067.909912109375,4123.33984375,5116940000,32.22999954223633,35.34000015258789,29.829999923706055,30.190000534057617
2022-05-09,34038.39,34243.15,30033.33,30076.31,191876.926428,68.59,85.99,68.33,84.91,4081.27001953125,4081.27001953125,3975.47998046875,3991.239990234375,5954520000,31.899999618530273,35.47999954223633,31.899999618530273,34.75
2022-05-10,30074.23,32658.99,29730.4,31017.1,165532.00311,84.92,88.51,76.95,81.61,4035.179931640625,4068.820068359375,3958.169921875,4001.050048828125,5885820000,33.65999984741211,34.84000015258789,32.2400016784668,32.9900016784668
2022-05-11,31017.11,32162.59,27785.0,29103.94,207063.739278,81.61,109.04,79.65,101.25,3990.080078125,4049.090087890625,3928.820068359375,3935.179931640625,5816140000,32.869998931884766,34.38999938964844,30.690000534057617,32.560001373291016
2022-05-12,29103.94,30243.0,26700.0,29029.75,204507.263138,101.25,139.73,99.57,114.58,3903.949951171875,3964.800048828125,3858.8701171875,3930.080078125,6286450000,33.7400016784668,34.7599983215332,31.700000762939453,31.770000457763672
2022-05-13,29029.74,31083.37,28751.67,29287.05,97872.36957,114.58,115.12,91.7,99.66,3963.89990234375,4038.8798828125,3963.89990234375,4023.889892578125,5183340000,31.09000015258789,31.200000762939453,28.780000686645508,28.8700008392334
2022-05-16,31328.89,31328.9,29087.04,29874.01,73082.19658,92.34,97.55,92.29,96.37,4013.02001953125,4046.4599609375,3983.989990234375,4008.010009765625,4415030000,30.010000228881836,30.229999542236328,27.36000061035156,27.469999313354492
2022-05-17,29874.01,30788.37,29450.38,30444.93,56724.13307,96.37,96.39,88.6,91.46,4052.0,4090.719970703125,4033.929931640625,4088.85009765625,4841410000,27.06999969482422,27.170000076293945,25.510000228881836,26.100000381469727
2022-05-18,30444.93,30709.99,28654.47,28715.32,59749.15799,89.74,100.59,87.3,100.59,4051.97998046875,4051.97998046875,3911.909912109375,3923.679931640625,5103220000,26.739999771118164,31.489999771118164,26.209999084472656,30.959999084472656
2022-05-19,28715.33,30545.18,28691.38,30319.23,67877.36415,100.59,100.95,91.05,91.11,3899.0,3945.9599609375,3876.580078125,3900.7900390625,5113550000,31.239999771118164,33.11000061035156,29.059999465942383,29.350000381469727
2022-05-20,30319.22,30777.33,28730.0,29201.01,60517.25325,91.11,93.33,83.02,88.56,3927.760009765625,3943.419921875,3810.320068359375,3901.360107421875,5130730000,28.780000686645508,32.90999984741211,28.059999465942383,29.43000030517578
2022-05-23,30293.93,30670.51,28866.35,29109.15,63901.49932,82.49,83.59,80.03,82.54,3919.419921875,3981.8798828125,3909.0400390625,3973.75,4420030000,28.979999542236328,30.38999938964844,28.290000915527344,28.479999542236328
2022-05-24,29109.14,29845.86,28669.0,29654.58,59442.96036,82.54,84.5,80.65,82.27,3942.93994140625,3955.679931640625,3875.1298828125,3941.47998046875,4923190000,29.43000030517578,31.06999969482422,29.040000915527344,29.450000762939453
2022-05-25,29654.58,30223.74,29294.21,29542.15,59537.38659,82.27,83.16,80.45,82.57,3929.590087890625,3999.330078125,3925.030029296875,3978.72998046875,4802560000,29.329999923706055,30.229999542236328,28.15999984741211,28.3700008392334
2022-05-26,29542.14,29886.64,28019.56,29201.35,94581.65463,82.57,90.14,80.25,81.63,3984.60009765625,4075.139892578125,3984.60009765625,4057.840087890625,4709970000,28.420000076293945,28.459999084472656,27.11000061035156,27.5
2022-05-27,29201.35,29397.66,28282.9,28629.8,90998.5201,81.64,84.76,79.62,84.72,4077.429931640625,4158.490234375,4077.429931640625,4158.240234375,4375620000,27.5,27.540000915527344,25.56999969482422,25.719999313354492
2022-05-31,31734.23,32399.0,31200.01,31801.04,62433.11632,75.39,75.52,72.26,73.06,4151.08984375,4168.33984375,4104.8798828125,4132.14990234375,6822640000,27.469999313354492,28.350000381469727,25.940000534057617,26.190000534057617
2022-06-01,31801.05,31982.97,29301.0,29805.83,103395.63382,73.06,76.81,71.89,74.75,4149.77978515625,4166.5400390625,4073.85009765625,4101.22998046875,4531800000,26.049999237060547,27.729999542236328,25.3799991607666,25.690000534057617
2022-06-02,29805.84,30689.0,29594.55,30452.62,56961.42928,71.74,74.12,71.74,73.43,4095.409912109375,4177.509765625,4074.3701171875,4176.81982421875,4405790000,25.729999542236328,26.5,24.329999923706055,24.719999313354492
2022-06-03,30452.63,30699.0,29282.36,29700.21,54067.44727,73.43,74.3,70.84,71.33,4137.56982421875,4142.669921875,4098.669921875,4108.5400390625,3711110000,24.90999984741211,25.959999084472656,24.760000228881836,24.790000915527344
2022-06-06,29919.2,31765.64,29890.23,31373.1,68836.92456,72.04,72.04,67.6,68.51,4134.72021484375,4168.77978515625,4109.18017578125,4121.43017578125,4332700000,25.3700008392334,25.809999465942383,24.81999969482422,25.06999969482422
2022-06-07,31373.1,31589.6,29218.96,31125.33,110674.51658,68.51,73.49,68.51,71.51,4096.47021484375,4164.85986328125,4080.18994140625,4160.68017578125,4248210000,25.540000915527344,26.239999771118164,23.8799991607666,24.020000457763672
2022-06-08,31125.32,31327.22,29843.88,30204.77,68542.61276,71.51,72.79,69.11,71.7,4147.1201171875,4160.14013671875,4107.2001953125,4115.77001953125,4159470000,24.3700008392334,24.780000686645508,23.739999771118164,23.959999084472656
2022-06-09,30204.77,30700.0,29944.1,30109.93,46291.1865,71.7,72.62,70.51,72.57,4101.64990234375,4119.10009765625,4017.169921875,4017.820068359375,4134170000,24.290000915527344,26.239999771118164,23.81999969482422,26.09000015258789
2022-06-10,30109.93,30382.8,28850.0,29091.88,76204.2498,72.57,74.77,71.68,72.55,3974.389892578125,3974.389892578125,3900.159912109375,3900.860107421875,4889640000,26.260000228881836,29.6299991607666,26.049999237060547,27.75
2022-06-13,26574.53,26895.84,21925.77,22487.41,254611.034966,93.99,107.5,92.78,106.0,3838.14990234375,3838.14990234375,3734.300048828125,3749.6298828125,5636890000,31.3700008392334,35.04999923706055,31.290000915527344,34.02000045776367
2022-06-14,22485.27,23362.88,20846.0,22136.41,187201.64671,106.0,113.43,97.87,103.09,3763.52001953125,3778.179931640625,3705.679931640625,3735.47998046875,5153890000,33.0099983215332,34.0,32.060001373291016,32.689998626708984
2022-06-15,22136.42,22800.0,20111.62,22583.72,200774.493467,103.09,142.02,89.15,89.15,3764.050048828125,3837.56005859375,3722.300048828125,3789.989990234375,5530480000,32.38999938964844,32.77000045776367,27.760000228881836,29.6200008392334
2022-06-16,22583.72,22995.73,20232.0,20401.31,99673.59429,89.15,119.65,88.53,119.65,3728.179931640625,3728.179931640625,3639.77001953125,3666.77001953125,5644930000,30.350000381469727,34.81999969482422,30.350000381469727,32.95000076293945
2022-06-17,20400.6,21365.43,20246.66,20468.81,86694.33663,119.65,121.89,105.53,108.67,3665.89990234375,3707.7099609375,3636.8701171875,3674.840087890625,8520740000,32.84000015258789,33.310001373291016,30.469999313354492,31.1299991607666
2022-06-21,20573.9,21723.0,20348.4,20723.52,104371.0749,99.27,99.52,93.8,97.96,3715.31005859375,3779.64990234375,3715.31005859375,3764.7900390625,5292260000,30.6299991607666,30.649999618530273,29.329999923706055,30.190000534057617
2022-06-22,20723.51,20900.0,19770.51,19987.99,92133.97938,97.96,100.67,96.79,99.76,3733.889892578125,3801.7900390625,3717.68994140625,3759.889892578125,5058990000,31.450000762939453,31.56999969482422,28.780000686645508,28.950000762939453
2022-06-23,19988.0,21233.0,19890.07,21110.13,83127.08716,99.76,99.84,91.29,91.46,3774.7099609375,3802.580078125,3743.52001953125,3795.72998046875,5098640000,29.290000915527344,29.770000457763672,28.739999771118164,29.049999237060547
2022-06-24,21110.12,21558.41,20736.72,21237.69,77430.36622,91.46,93.09,88.23,90.66,3821.75,3913.64990234375,3821.75,3911.739990234375,8120260000,29.06999969482422,29.719999313354492,26.829999923706055,27.229999542236328
2022-06-27,21038.08,21539.85,20510.0,20742.56,64475.0013,90.26,91.0,87.5,89.09,3920.760009765625,3927.719970703125,3889.659912109375,3900.110107421875,4325310000,28.299999237060547,28.65999984741211,26.93000030517578,26.950000762939453
2022-06-28,20742.57,21212.1,20202.01,20281.29,63801.0832,89.09,90.02,85.93,87.5,3913.0,3945.860107421875,3820.139892578125,3821.550048828125,4270120000,26.899999618530273,28.68000030517578,26.469999313354492,28.36000061035156
2022-06-29,20281.28,20432.31,19854.92,20123.01,77309.04379,87.5,91.54,86.17,91.37,3825.090087890625,3836.5,3799.02001953125,3818.830078125,4211240000,28.799999237060547,29.36000061035156,27.850000381469727,28.15999984741211
2022-06-30,20123.0,20179.08,18626.0,19942.21,93846.64806,91.37,99.17,90.93,94.14,3785.989990234375,3818.989990234375,3738.669921875,3785.3798828125,4840070000,29.420000076293945,30.219999313354492,28.280000686645508,28.709999084472656
2022-07-01,19942.21,20918.35,18975.0,19279.8,111844.59494,94.14,95.49,90.28,92.97,3781.0,3829.820068359375,3752.10009765625,3825.330078125,4046950000,29.530000686645508,29.59000015258789,26.690000534057617,26.700000762939453
2022-07-05,20236.71,20750.0,19304.4,20175.83,96041.13756,86.99,87.51,84.43,86.08,3792.610107421875,3832.18994140625,3742.06005859375,3831.389892578125,5076590000,27.3700008392334,29.81999969482422,27.299999237060547,27.540000915527344
2022-07-06,20175.84,20675.22,19761.25,20564.51,82439.5808,81.78,84.1,81.62,82.25,3831.97998046875,3870.909912109375,3809.3701171875,3845.080078125,4417720000,27.84000015258789,28.06999969482422,26.43000030517578,26.729999542236328
2022-07-07,20564.51,21838.1,20251.68,21624.98,85014.58261,82.25,82.97,80.73,81.35,3858.85009765625,3910.6298828125,3858.85009765625,3902.6201171875,4057770000,26.729999542236328,26.790000915527344,25.65999984741211,26.079999923706055
2022-07-08,21624.99,22527.37,21189.26,21594.75,403081.57349,81.35,82.71,77.8,78.39,3888.260009765625,3918.5,3869.340087890625,3899.3798828125,3521620000,26.40999984741211,26.61000061035156,24.43000030517578,24.63999938964844
2022-07-11,20861.11,20868.48,19875.23,19963.61,137535.40724,75.86,80.67,75.5,80.52,3880.93994140625,3880.93994140625,3847.219970703125,3854.429931640625,3423480000,26.420000076293945,26.739999771118164,25.790000915527344,26.170000076293945
2022-07-12,19963.61,20059.42,19240.0,19328.75,139506.45862,80.52,86.07,80.4,85.86,3851.949951171875,3873.409912109375,3802.360107421875,3818.800048828125,3817210000,27.13999938964844,27.75,25.81999969482422,27.290000915527344
2022-07-13,19331.28,20366.61,18910.94,20234.87,209250.24888,85.86,86.43,80.89,80.89,3779.669921875,3829.43994140625,3759.070068359375,3801.780029296875,4109390000,27.350000381469727,29.059999465942383,26.229999542236328,26.81999969482422
2022-07-14,20234.87,20900.0,19616.07,20588.84,174809.21696,80.89,84.68,79.51,81.35,3763.989990234375,3796.409912109375,3721.56005859375,3790.3798828125,4199690000,27.469999313354492,28.450000762939453,26.200000762939453,26.399999618530273
2022-07-15,20588.84,21200.0,20382.29,20830.04,143343.3049,81.35,81.45,77.99,78.7,3818.0,3863.6201171875,3817.179931640625,3863.159912109375,4143800000,26.719999313354492,26.719999313354492,24.1299991607666,24.229999542236328
2022-07-18,20799.58,22777.63,20762.45,22432.58,239942.73132,81.29,83.39,79.8,83.39,3883.7900390625,3902.43994140625,3818.6298828125,3830.85009765625,4046870000,24.829999923706055,25.90999984741211,24.3799991607666,25.299999237060547
2022-07-19,22432.58,23800.0,21579.54,23396.62,263770.76574,83.38,84.5,81.15,82.9,3860.72998046875,3939.81005859375,3860.72998046875,3936.68994140625,4041070000,25.1200008392334,25.40999984741211,24.229999542236328,24.5
2022-07-20,23398.48,24276.74,22906.19,23223.3,238762.17094,82.9,87.1,79.76,83.99,3935.320068359375,3974.1298828125,3922.030029296875,3959.89990234375,4185300000,24.229999542236328,24.729999542236328,23.399999618530273,23.8799991607666
2022-07-21,23223.3,23442.77,22341.46,23152.19,184817.68191,83.99,85.37,82.37,82.38,3955.469970703125,3999.2900390625,3927.639892578125,3998.949951171875,4132790000,24.06999969482422,24.670000076293945,22.920000076293945,23.11000061035156
2022-07-22,23152.19,23756.49,22500.0,22684.83,171598.43966,82.38,84.89,80.01,84.28,3998.429931640625,4012.43994140625,3938.860107421875,3961.6298828125,3979240000,23.299999237060547,23.809999465942383,22.40999984741211,23.030000686645508
2022-07-25,22577.13,22666.0,21250.0,21310.9,180344.76643,83.17,83.98,79.81,81.35,3965.719970703125,3975.300048828125,3943.4599609375,3966.840087890625,3568340000,24.329999923706055,24.56999969482422,23.190000534057617,23.36000061035156
2022-07-26,21310.9,21347.82,20706.5,21254.67,177817.24326,81.35,82.87,80.08,81.39,3953.219970703125,3953.219970703125,3910.739990234375,3921.050048828125,3778950000,23.950000762939453,25.309999465942383,23.81999969482422,24.690000534057617
2022-07-27,21254.67,23112.63,21042.53,22952.45,210971.19796,81.39,81.95,74.84,76.49,3951.429931640625,4039.56005859375,3951.429931640625,4023.610107421875,4112180000,24.270000457763672,24.40999984741211,23.020000457763672,23.239999771118164
2022-07-28,22954.31,24199.72,22582.13,23842.93,236029.0741,76.49,77.75,74.09,76.89,4026.1298828125,4078.949951171875,3992.969970703125,4072.429931640625,4413000000,23.329999923706055,23.540000915527344,22.219999313354492,22.329999923706055
2022-07-29,23845.25,24442.66,23414.03,23773.75,198298.50623,76.89,77.69,73.34,75.03,4087.330078125,4140.14990234375,4079.219970703125,4130.2900390625,4616360000,22.1299991607666,22.15999984741211,21.209999084472656,21.329999923706055
2022-08-01,23296.36,23509.68,22850.0,23268.01,144210.16219,78.66,78.66,77.02,77.69,4112.3798828125,4144.9501953125,4096.02001953125,4118.6298828125,4202810000,22.40999984741211,23.270000457763672,22.260000228881836,22.84000015258789
2022-08-02,23266.9,23459.89,22654.37,22987.79,158073.28225,77.69,78.66,76.59,77.79,4104.2099609375,4140.47021484375,4079.81005859375,4091.18994140625,4727710000,24.079999923706055,24.68000030517578,22.670000076293945,23.93000030517578
2022-08-03,22985.93,23647.68,22681.22,22818.37,145948.80995,77.79,78.23,75.05,75.87,4107.9599609375,4167.66015625,4107.9599609375,4155.169921875,4351760000,23.86000061035156,23.920000076293945,21.68000030517578,21.950000762939453
2022-08-04,22816.91,23223.32,22400.0,22622.98,154854.67016,75.87,75.87,72.98,73.67,4154.85009765625,4161.2900390625,4135.419921875,4151.93994140625,4283320000,22.059999465942383,22.65999984741211,21.440000534057617,21.440000534057617
2022-08-05,22622.41,23472.86,22586.95,23312.42,175251.69749,73.67,74.23,70.63,71.85,4115.8701171875,4151.580078125,4107.31005859375,4145.18994140625,4085940000,21.5,22.579999923706055,20.760000228881836,21.149999618530273
2022-08-08,23174.39,24245.0,23154.25,23810.0,170958.44152,73.6,76.12,72.82,75.17,4155.93017578125,4186.6201171875,4128.97021484375,4140.06005859375,4221090000,21.739999771118164,22.010000228881836,20.829999923706055,21.290000915527344
2022-08-09,23810.98,23933.25,22865.0,23149.95,143182.50858,75.17,75.35,73.68,74.67,4133.10986328125,4137.2998046875,4112.08984375,4122.47021484375,3913090000,21.40999984741211,22.229999542236328,21.40999984741211,21.770000457763672
2022-08-10,23151.32,24226.0,22664.69,23954.05,208916.54953,74.67,75.85,70.87,70.87,4181.02001953125,4211.02978515625,4177.259765625,4210.240234375,4546010000,22.280000686645508,22.34000015258789,19.540000915527344,19.739999771118164
2022-08-11,23954.05,24918.54,23852.13,23934.39,249759.79557,70.87,72.97,70.1,71.48,4227.39990234375,4257.91015625,4201.41015625,4207.27001953125,4630200000,19.84000015258789,20.850000381469727,19.709999084472656,20.200000762939453
2022-08-12,23933.09,24456.5,23583.0,24403.68,174207.5704,71.48,71.62,69.71,70.27,4225.02001953125,4280.47021484375,4219.77978515625,4280.14990234375,3788010000,20.34000015258789,20.350000381469727,19.1200008392334,19.530000686645508
2022-08-15,24305.25,25211.32,23773.22,24094.82,242539.54758,70.89,71.1,68.94,70.2,4269.3701171875,4301.7900390625,4256.89990234375,4297.14013671875,3696830000,20.739999771118164,21.15999984741211,19.809999465942383,19.950000762939453
2022-08-16,24093.04,24247.49,23671.22,23854.74,179324.94821,70.2,71.61,69.76,71.55,4290.4599609375,4325.27978515625,4277.77001953125,4305.2001953125,4329820000,20.229999542236328,20.38999938964844,19.5,19.690000534057617
2022-08-17,23856.15,24446.71,23180.4,23342.66,210668.68766,71.55,75.42,70.68,75.32,4280.39990234375,4302.18017578125,4253.080078125,4274.0400390625,3885030000,19.739999771118164,20.6299991607666,19.40999984741211,19.899999618530273
2022-08-18,23342.66,23600.0,23111.04,23191.2,144185.97011,74.09,75.05,73.44,74.82,4273.1298828125,4292.52978515625,4261.97998046875,4283.740234375,3340330000,20.510000228881836,20.61000061035156,19.43000030517578,19.559999465942383
2022-08-19,23191.45,23208.67,20783.57,20834.39,283995.87747,74.82,82.7,74.76,81.24,4266.31005859375,4266.31005859375,4218.7001953125,4228.47998046875,3761340000,20.15999984741211,21.270000457763672,20.079999923706055,20.600000381469727
2022-08-22,21516.7,21548.71,20890.18,21399.83,222222.04526,79.02,80.97,78.42,80.35,4195.080078125,4195.080078125,4129.85986328125,4137.990234375,3907430000,22.40999984741211,24.6200008392334,22.38999938964844,23.799999237060547
2022-08-23,21400.75,21684.87,20890.14,21529.12,200967.77164,80.35,80.47,77.73,77.78,4133.08984375,4159.77001953125,4124.02978515625,4128.72998046875,3823520000,24.1299991607666,24.209999084472656,23.06999969482422,24.11000061035156
2022-08-24,21529.11,21900.0,21145.0,21368.08,174383.22046,77.78,78.37,73.91,75.59,4126.5498046875,4156.56005859375,4119.97021484375,4140.77001953125,3583630000,24.3700008392334,24.86000061035156,22.729999542236328,22.81999969482422
2022-08-25,21368.05,21819.88,21310.15,21559.04,169915.78301,75.59,75.59,72.66,73.83,4153.259765625,4200.5400390625,4147.58984375,4199.1201171875,3566870000,22.40999984741211,23.1299991607666,21.770000457763672,21.780000686645508
2022-08-26,21559.04,21886.77,20107.9,20241.05,273811.61955,73.83,75.64,70.61,72.6,4198.740234375,4203.0400390625,4057.659912109375,4057.659912109375,3832750000,22.06999969482422,25.899999618530273,21.670000076293945,25.559999465942383
2022-08-29,19555.61,20433.62,19550.79,20285.73,210509.49545,76.16,76.92,72.75,73.2,4034.580078125,4062.989990234375,4017.419921875,4030.610107421875,3396510000,26.86000061035156,27.670000076293945,25.469999313354492,26.209999084472656
2022-08-30,20287.2,20576.25,19540.0,19811.66,256634.35529,73.2,77.69,71.62,75.78,4041.25,4044.97998046875,3965.2099609375,3986.159912109375,3835860000,25.75,27.690000534057617,25.1299991607666,26.209999084472656
2022-08-31,19813.03,20490.0,19797.94,20050.02,276946.60765,75.78,76.01,71.17,75.04,4000.669921875,4015.3701171875,3954.530029296875,3955.0,4542490000,25.86000061035156,26.6200008392334,25.309999465942383,25.8700008392334
2022-09-01,20048.44,20208.37,19565.66,20131.46,245289.97263,75.04,79.91,74.45,77.83,3936.72998046875,3970.22998046875,3903.64990234375,3966.85009765625,4152250000,26.8799991607666,27.450000762939453,25.25,25.559999465942383
2022-09-02,20132.64,20441.26,19755.29,19951.86,245986.6033,77.83,77.83,72.23,74.66,3994.659912109375,4018.429931640625,3906.2099609375,3924.260009765625,3665850000,25.510000228881836,26.280000686645508,23.190000534057617,25.469999313354492
2022-09-06,19795.34,20180.0,18649.51,18790.61,356315.05718,76.88,81.46,74.97,81.46,3930.889892578125,3942.550048828125,3886.75,3908.18994140625,4127340000,25.459999084472656,27.799999237060547,25.329999923706055,26.90999984741211
2022-09-07,18790.61,19464.06,18510.77,19292.84,287394.7788,81.46,84.32,75.62,76.12,3909.429931640625,3987.889892578125,3906.030029296875,3979.8701171875,3890320000,26.93000030517578,27.149999618530273,24.540000915527344,24.63999938964844
2022-09-08,19292.85,19458.25,19012.0,19319.77,262813.28273,76.12,76.14,74.09,75.72,3959.93994140625,4010.5,3944.81005859375,4006.179931640625,3966850000,24.700000762939453,25.899999618530273,23.559999465942383,23.61000061035156
2022-09-09,19320.54,21597.22,19291.75,21360.11,428919.74652,75.72,77.73,72.02,75.12,4022.93994140625,4076.81005859375,4022.93994140625,4067.360107421875,3901940000,23.489999771118164,23.56999969482422,22.63999938964844,22.790000915527344
2022-09-12,21826.87,22488.0,21538.51,22395.74,395395.61828,78.91,79.35,76.34,79.15,4083.669921875,4119.27978515625,4083.669921875,4110.41015625,3814200000,23.579999923706055,24.229999542236328,23.15999984741211,23.8700008392334
2022-09-13,22395.44,22799.0,19860.0,20173.57,431915.03333,79.15,83.44,78.25,81.07,4037.1201171875,4037.1201171875,3921.280029296875,3932.68994140625,4224550000,23.670000076293945,28.149999618530273,23.530000686645508,27.270000457763672
2022-09-14,20173.62,20541.48,19617.62,20226.71,340826.40151,81.07,81.25,76.02,78.19,3940.72998046875,3961.93994140625,3912.179931640625,3946.010009765625,4293240000,26.729999542236328,27.559999465942383,26.15999984741211,26.15999984741211
2022-09-15,20227.17,20330.24,19497.0,19701.88,333069.76076,78.19,79.61,75.28,76.05,3932.409912109375,3959.139892578125,3888.280029296875,3901.35009765625,4441830000,26.100000381469727,26.93000030517578,25.420000076293945,26.270000457763672
2022-09-16,19701.88,19890.0,19320.01,19803.3,283791.07064,76.05,76.54,70.57,70.57,3880.949951171875,3880.949951171875,3837.080078125,3873.330078125,7954650000,27.469999313354492,28.450000762939453,26.13999938964844,26.299999237060547
2022-09-19,19417.45,19686.2,18232.56,19537.02,380512.40306,74.86,74.86,70.23,70.23,3849.909912109375,3900.449951171875,3838.5,3899.889892578125,3766850000,27.690000534057617,27.950000762939453,25.559999465942383,25.760000228881836
2022-09-20,19537.02,19634.62,18711.87,18875.0,324098.3286,70.23,75.86,70.23,75.86,3875.22998046875,3876.010009765625,3827.5400390625,3855.929931640625,4058050000,25.649999618530273,27.809999465942383,25.61000061035156,27.15999984741211
2022-09-21,18874.31,19956.0,18125.98,18461.36,385034.10021,75.86,78.59,72.77,76.7,3871.39990234375,3907.070068359375,3789.489990234375,3789.929931640625,4078330000,28.030000686645508,30.18000030517578,25.549999237060547,27.989999771118164
2022-09-22,18461.36,19550.17,18356.39,19401.63,379321.72111,76.7,77.43,74.55,74.81,3782.360107421875,3790.89990234375,3749.449951171875,3757.989990234375,4284600000,28.15999984741211,28.3799991607666,26.709999084472656,27.350000381469727
2022-09-23,19401.63,19500.0,18531.42,19289.91,385886.91829,74.81,78.28,73.73,74.23,3727.139892578125,3727.139892578125,3647.469970703125,3693.22998046875,5144270000,27.68000030517578,32.310001373291016,27.579999923706055,29.920000076293945
2022-09-26,18809.13,19318.96,18680.72,19227.82,439239.21943,75.88,77.43,74.61,76.71,3682.719970703125,3715.669921875,3644.760009765625,3655.0400390625,4886140000,31.739999771118164,32.880001068115234,29.829999923706055,32.2599983215332
2022-09-27,19226.68,20385.86,18816.32,19079.13,593260.74161,76.71,79.19,71.29,76.88,3686.43994140625,3717.530029296875,3623.2900390625,3647.2900390625,4577740000,31.200000762939453,34.13999938964844,30.299999237060547,32.599998474121094
2022-09-28,19078.1,19790.0,18471.28,19412.82,521385.45547,76.88,84.19,76.1,79.4,3651.93994140625,3736.739990234375,3640.610107421875,3719.0400390625,4684850000,34.5,34.880001068115234,30.030000686645508,30.18000030517578
2022-09-29,19412.82,19645.52,18843.01,19591.51,406424.93256,79.4,81.89,77.01,77.52,3687.010009765625,3687.010009765625,3610.39990234375,3640.469970703125,4681810000,31.670000076293945,33.459999084472656,31.15999984741211,31.84000015258789
2022-09-30,19590.54,20185.0,19155.36,19422.61,444322.9534,77.52,77.78,71.6,74.06,3633.47998046875,3671.43994140625,3584.1298828125,3585.6201171875,5645360000,31.61000061035156,33.25,29.38999938964844,31.6200008392334
2022-10-03,19057.74,19719.1,18959.68,19629.08,293585.75212,76.42,76.42,70.06,70.07,3609.780029296875,3698.35009765625,3604.929931640625,3678.429931640625,4806680000,33.0,33.060001373291016,29.6299991607666,30.100000381469727
2022-10-04,19629.08,20475.0,19490.6,20337.82,327012.00127,70.07,72.06,69.26,69.87,3726.4599609375,3791.919921875,3726.4599609375,3790.929931640625,5146580000,29.520000457763672,29.6200008392334,28.559999465942383,29.06999969482422
2022-10-05,20337.82,20365.6,19730.0,20158.26,312239.75224,69.87,71.75,69.8,71.16,3753.25,3806.909912109375,3722.659912109375,3783.280029296875,4293180000,29.36000061035156,30.11000061035156,28.5,28.549999237060547
2022-10-06,20158.26,20456.6,19853.0,19960.67,320122.1702,71.16,72.25,68.67,68.73,3771.969970703125,3797.929931640625,3739.219970703125,3744.52001953125,4252100000,28.600000381469727,30.739999771118164,28.559999465942383,30.520000457763672
2022-10-07,19960.67,20068.82,19320.0,19530.09,220874.83913,68.73,70.02,65.99,65.99,3706.739990234375,3706.739990234375,3620.72998046875,3639.659912109375,4449660000,30.3700008392334,32.02000045776367,29.8799991607666,31.36000061035156
2022-10-10,19439.96,19525.0,19020.25,19131.87,212509.09849,67.51,70.59,66.52,68.98,3647.510009765625,3652.169921875,3588.10009765625,3612.389892578125,3834320000,32.93000030517578,33.9900016784668,32.04999923706055,32.45000076293945
2022-10-11,19131.87,19268.09,18860.0,19060.0,243473.84286,68.98,72.46,68.94,70.6,3595.860107421875,3640.659912109375,3568.449951171875,3588.840087890625,4759030000,33.560001373291016,34.43000030517578,32.45000076293945,33.630001068115234
2022-10-12,19060.0,19238.31,18965.88,19155.53,213826.26731,70.6,71.35,69.99,70.2,3590.830078125,3608.340087890625,3573.860107421875,3577.030029296875,4006830000,33.540000915527344,34.529998779296875,33.11000061035156,33.56999969482422
2022-10-13,19155.1,19513.79,18190.0,19375.13,399756.68337,70.2,75.28,65.99,66.11,3520.3701171875,3685.409912109375,3491.580078125,3669.909912109375,5021680000,33.599998474121094,33.869998931884766,31.6299991607666,31.940000534057617
2022-10-14,19375.58,19951.87,19070.37,19176.93,351634.32601,66.11,66.22,61.84,62.08,3690.409912109375,3712.0,3579.679931640625,3583.070068359375,4243030000,31.88999938964844,32.97999954223633,31.13999938964844,32.02000045776367
2022-10-17,19262.98,19676.96,19152.03,19549.86,222813.87634,63.27,63.68,59.46,60.01,3638.64990234375,3689.72998046875,3638.64990234375,3677.949951171875,4352780000,32.27000045776367,32.59000015258789,30.700000762939453,31.3700008392334
2022-10-18,19548.48,19706.66,19091.0,19327.44,260313.07848,60.01,62.96,59.21,62.26,3746.260009765625,3762.7900390625,3686.530029296875,3719.97998046875,4483740000,31.100000381469727,31.93000030517578,30.420000076293945,30.5
2022-10-19,19327.44,19360.16,19065.97,19123.97,186137.29538,62.26,62.49,60.02,60.9,3703.110107421875,3728.580078125,3666.510009765625,3695.159912109375,4223800000,30.940000534057617,31.899999618530273,30.760000228881836,30.760000228881836
2022-10-20,19123.35,19347.82,18900.0,19041.92,223530.13068,60.9,62.17,59.92,61.44,3689.050048828125,3736.0,3656.43994140625,3665.780029296875,4496620000,31.299999237060547,31.31999969482422,29.760000228881836,29.979999542236328
2022-10-21,19041.92,19250.0,18650.0,19164.37,269310.75769,61.44,63.02,59.37,62.19,3657.10009765625,3757.889892578125,3647.419921875,3752.75,5078020000,30.209999084472656,30.440000534057617,29.239999771118164,29.690000534057617
2022-10-24,19570.4,19601.15,19157.0,19329.72,256168.14467,64.07,65.39,62.68,64.31,3762.010009765625,3810.739990234375,3741.64990234375,3797.340087890625,4747930000,30.649999618530273,30.950000762939453,29.780000686645508,29.850000381469727
2022-10-25,19330.6,20415.87,19237.0,20080.07,326370.67061,64.31,67.64,63.48,65.61,3799.43994140625,3862.85009765625,3799.43994140625,3859.110107421875,4843120000,29.799999237060547,30.0,28.219999313354492,28.459999084472656
2022-10-26,20079.02,21020.0,20050.41,20771.59,380492.69576,65.61,68.51,63.78,66.28,3825.969970703125,3886.14990234375,3824.070068359375,3830.60009765625,4817310000,28.440000534057617,28.520000457763672,27.270000457763672,27.280000686645508
2022-10-27,20771.61,20872.21,20200.0,20295.11,328643.57791,66.28,66.29,60.35,61.41,3834.68994140625,3859.949951171875,3803.7900390625,3807.300048828125,4687320000,27.510000228881836,27.670000076293945,26.940000534057617,27.38999938964844
2022-10-28,20295.11,20750.0,20000.09,20591.84,287039.94569,61.41,61.76,54.57,55.08,3808.260009765625,3905.419921875,3808.260009765625,3901.06005859375,4459410000,27.43000030517578,27.59000015258789,25.75,25.75
2022-10-31,20627.48,20845.92,20237.95,20490.74,303567.61628,60.36,62.59,59.1,59.63,3881.85009765625,3893.72998046875,3863.179931640625,3871.97998046875,4820620000,26.90999984741211,27.06999969482422,25.84000015258789,25.8799991607666
2022-11-01,20490.74,20700.0,20330.74,20483.62,279932.43771,59.63,60.65,59.42,59.92,3901.7900390625,3911.7900390625,3843.800048828125,3856.10009765625,4481210000,25.959999084472656,26.350000381469727,25.65999984741211,25.809999465942383
2022-11-02,20482.81,20800.0,20048.04,20151.84,373716.27299,59.92,60.63,56.41,56.41,3852.89990234375,3894.43994140625,3758.679931640625,3759.68994140625,4899000000,26.040000915527344,26.6200008392334,25.38999938964844,25.86000061035156
2022-11-03,20151.84,20393.32,20031.24,20207.82,319185.1544,56.41,56.41,52.98,53.98,3733.25,3750.590087890625,3698.14990234375,3719.889892578125,4625290000,25.979999542236328,26.8700008392334,25.100000381469727,25.299999237060547
2022-11-04,20207.12,21302.05,20180.96,21148.52,453694.39165,53.98,57.08,53.26,54.19,3766.97998046875,3796.340087890625,3708.840087890625,3770.550048828125,5400180000,25.6299991607666,25.709999084472656,24.0,24.549999237060547
2022-11-07,20905.58,21069.77,20384.89,20591.13,386977.60337,56.76,59.69,56.31,59.48,3780.7099609375,3813.949951171875,3764.699951171875,3806.800048828125,4341620000,25.670000076293945,25.670000076293945,24.34000015258789,24.350000381469727
2022-11-08,20590.67,20700.88,17166.83,18547.23,760705.362783,59.48,94.83,59.31,76.66,3817.02001953125,3859.39990234375,3786.280029296875,3828.110107421875,4607640000,24.709999084472656,26.15999984741211,24.239999771118164,25.540000915527344
2022-11-09,18545.38,18587.76,15588.0,15922.81,731926.929729,76.66,122.01,75.83,114.72,3810.93994140625,3818.199951171875,3744.219970703125,3748.570068359375,4645010000,25.34000015258789,26.350000381469727,25.020000457763672,26.09000015258789
2022-11-10,15922.68,18199.0,15754.26,17601.15,608448.36432,114.72,115.37,85.05,93.12,3859.889892578125,3958.330078125,3859.889892578125,3956.3701171875,5781260000,26.510000228881836,26.59000015258789,22.84000015258789,23.530000686645508
2022-11-11,17602.45,17695.0,16361.6,17070.31,393552.86492,93.12,107.16,82.51,102.11,3963.719970703125,4001.47998046875,3944.820068359375,3992.929931640625,5593310000,23.88999938964844,23.90999984741211,22.3700008392334,22.520000457763672
2022-11-14,16331.78,17190.0,15815.21,16619.46,380210.7775,107.88,112.14,89.9,98.18,3977.969970703125,4008.969970703125,3956.39990234375,3957.25,4561930000,23.989999771118164,24.329999923706055,22.86000061035156,23.729999542236328
2022-11-15,16617.72,17134.69,16527.72,16900.57,282461.84391,98.18,98.18,82.7,89.99,4006.409912109375,4028.840087890625,3953.169921875,3991.72998046875,5015310000,23.770000457763672,26.219999313354492,23.18000030517578,24.540000915527344
2022-11-16,16900.57,17015.92,16378.61,16662.76,261493.40809,89.99,103.25,81.08,98.64,3976.820068359375,3983.090087890625,3954.340087890625,3958.7900390625,4165320000,24.290000915527344,24.719999313354492,23.989999771118164,24.11000061035156
2022-11-17,16661.61,16751.0,16410.74,16692.56,228038.97873,98.64,98.64,75.19,76.97,3919.260009765625,3954.330078125,3906.5400390625,3946.56005859375,4051780000,24.049999237060547,25.18000030517578,23.809999465942383,23.93000030517578
2022-11-18,16692.56,17011.0,16546.04,16700.45,214224.18184,76.97,77.03,72.35,74.71,3966.389892578125,3979.889892578125,3935.97998046875,3965.340087890625,4037360000,24.030000686645508,24.1200008392334,22.979999542236328,23.1200008392334
2022-11-21,16279.5,16319.0,15476.0,15781.29,324096.997753,80.26,82.89,79.09,80.81,3956.22998046875,3962.0,3933.340087890625,3949.93994140625,3850690000,24.049999237060547,24.1200008392334,22.299999237060547,22.36000061035156
2022-11-22,15781.29,16315.0,15616.63,16226.94,239548.06623,80.81,83.39,79.09,79.71,3965.510009765625,4005.8798828125,3956.8798828125,4003.580078125,3887990000,22.59000015258789,22.709999084472656,21.280000686645508,21.290000915527344
2022-11-23,16227.96,16706.0,16160.2,16603.11,264927.70408,79.71,79.88,74.5,75.27,4000.300048828125,4033.780029296875,3998.659912109375,4027.260009765625,3279720000,21.489999771118164,21.780000686645508,20.31999969482422,20.350000381469727
2022-11-25,16599.55,16666.0,16342.81,16522.14,182089.49533,72.21,73.27,64.8,64.89,4023.340087890625,4034.02001953125,4020.760009765625,4026.1201171875,1706460000,20.61000061035156,21.11000061035156,20.459999084472656,20.5
2022-11-28,16428.77,16487.04,15995.27,16212.91,252695.40367,67.12,70.39,66.46,67.44,4005.360107421875,4012.27001953125,3955.77001953125,3963.93994140625,3615430000,22.09000015258789,22.5,21.649999618530273,22.209999084472656
2022-11-29,16212.18,16548.71,16100.0,16442.53,248106.25009,67.44,68.14,64.52,64.8,3964.18994140625,3976.77001953125,3937.64990234375,3957.6298828125,3546040000,22.09000015258789,22.56999969482422,21.829999923706055,21.88999938964844
2022-11-30,16442.91,17249.0,16428.3,17163.64,303019.80719,64.8,65.38,62.62,64.05,3957.179931640625,4080.110107421875,3938.580078125,4080.110107421875,6579360000,21.700000762939453,22.6299991607666,20.309999465942383,20.579999923706055
2022-12-01,17165.53,17324.0,16855.01,16977.37,232818.18218,64.05,64.38,59.68,60.05,4087.139892578125,4100.509765625,4050.8701171875,4076.570068359375,4527130000,20.829999923706055,21.059999465942383,19.799999237060547,19.84000015258789
2022-12-02,16978.0,17105.73,16787.85,17092.74,202372.2062,60.05,64.18,58.57,58.75,4040.169921875,4080.47998046875,4026.6298828125,4071.699951171875,4012620000,20.420000076293945,20.959999084472656,18.950000762939453,19.059999465942383
2022-12-05,17106.65,17424.25,16867.0,16966.35,233703.29225,61.84,62.0,55.17,56.01,4052.02001953125,4052.449951171875,3984.489990234375,3998.840087890625,4280820000,20.299999237060547,21.290000915527344,19.780000686645508,20.75
2022-12-06,16966.35,17107.01,16906.37,17088.96,218730.76883,56.01,59.36,55.25,56.74,3996.6298828125,4001.510009765625,3918.389892578125,3941.260009765625,4368380000,20.690000534057617,22.600000381469727,20.3799991607666,22.170000076293945
2022-12-07,17088.96,17142.21,16678.83,16836.64,220657.41334,56.74,61.91,56.54,61.83,3933.280029296875,3957.570068359375,3922.679931640625,3933.919921875,4118050000,22.31999969482422,23.010000228881836,22.18000030517578,22.68000030517578
2022-12-08,16836.64,17299.0,16733.49,17224.1,236417.97804,57.05,57.24,55.45,55.71,3947.7900390625,3974.18994140625,3935.830078125,3963.510009765625,4006900000,22.809999465942383,23.280000686645508,22.059999465942383,22.290000915527344
2022-12-09,17224.1,17360.0,17058.21,17128.56,238422.06465,56.63,58.86,56.39,58.71,3954.169921875,3977.02001953125,3933.0400390625,3934.3798828125,3888260000,22.549999237060547,23.209999084472656,22.18000030517578,22.829999923706055
2022-12-12,17085.05,17241.89,16871.85,17209.83,226227.49694,61.79,62.4,60.35,61.15,3939.2900390625,3990.7099609375,3935.300048828125,3990.56005859375,3904130000,24.399999618530273,25.049999237060547,24.18000030517578,25.0
2022-12-13,17208.93,18000.0,17080.14,17774.7,284462.9139,60.25,60.73,60.08,60.66,4069.3798828125,4100.9599609375,3993.030029296875,4019.64990234375,5079360000,25.239999771118164,25.84000015258789,21.459999084472656,22.549999237060547
2022-12-14,17775.82,18387.95,17660.94,17803.15,266681.22209,60.67,60.76,55.08,55.19,4015.5400390625,4053.760009765625,3965.64990234375,3995.320068359375,4472340000,22.829999923706055,23.469999313354492,21.06999969482422,21.13999938964844
2022-12-15,17804.01,17854.82,17275.51,17356.34,223701.96882,55.19,57.81,52.82,57.74,3958.3701171875,3958.3701171875,3879.449951171875,3895.75,4493900000,21.520000457763672,23.670000076293945,21.25,22.829999923706055
2022-12-16,17356.96,17531.73,16527.32,16632.12,253379.04116,57.74,64.86,52.81,63.31,3890.909912109375,3890.909912109375,3827.909912109375,3852.360107421875,7493660000,23.260000228881836,23.829999923706055,22.09000015258789,22.6200008392334
2022-12-19,16739.0,16815.99,16256.3,16438.88,179094.28305,66.48,66.67,60.62,63.62,3853.7900390625,3854.860107421875,3800.0400390625,3817.659912109375,3969610000,22.6299991607666,22.86000061035156,21.61000061035156,22.420000076293945
2022-12-20,16438.88,17061.27,16397.2,16895.56,248808.92324,63.61,65.81,59.36,60.1,3810.469970703125,3838.239990234375,3795.6201171875,3821.6201171875,3985370000,23.170000076293945,23.38999938964844,21.350000381469727,21.479999542236328
2022-12-21,16896.15,16925.0,16723.0,16824.67,156810.96362,60.1,60.34,58.83,59.12,3839.489990234375,3889.820068359375,3839.489990234375,3878.43994140625,3775200000,21.25,21.290000915527344,19.940000534057617,20.06999969482422
2022-12-22,16824.68,16868.52,16559.85,16821.43,176044.27235,59.12,59.18,53.48,56.14,3853.260009765625,3853.260009765625,3764.489990234375,3822.389892578125,3956950000,20.079999923706055,24.299999237060547,20.010000228881836,21.969999313354492
2022-12-23,16821.9,16955.14,16731.13,16778.5,161612.00947,56.14,56.31,52.86,53.67,3815.110107421875,3845.800048828125,3797.010009765625,3844.820068359375,2819280000,22.170000076293945,22.63999938964844,20.780000686645508,20.8700008392334
2022-12-27,16919.39,16972.83,16592.37,16706.36,173749.58616,53.22,54.44,53.11,54.05,3843.340087890625,3846.64990234375,3813.219970703125,3829.25,3030300000,21.670000076293945,22.799999237060547,21.59000015258789,21.649999618530273
2022-12-28,16706.06,16785.19,16465.33,16547.31,193037.56577,54.05,57.33,53.53,57.19,3829.56005859375,3848.320068359375,3780.780029296875,3783.219970703125,3083520000,21.469999313354492,22.260000228881836,20.959999084472656,22.13999938964844
2022-12-29,16547.32,16664.41,16488.91,16633.47,160998.47158,57.19,57.29,54.54,54.59,3805.449951171875,3858.18994140625,3805.449951171875,3849.280029296875,3003680000,22.25,22.309999465942383,21.36000061035156,21.440000534057617
2022-12-30,16633.47,16677.35,16333.0,16607.48,164916.31174,54.59,54.95,48.5,49.82,3829.06005859375,3839.85009765625,3800.340087890625,3839.5,2979870000,21.829999923706055,22.399999618530273,21.59000015258789,21.670000076293945
2023-01-03,16672.78,16778.4,16605.28,16675.18,159541.53733,50.02,50.44,48.79,48.95,3853.2900390625,3878.4599609375,3794.330078125,3824.139892578125,3959140000,23.09000015258789,23.760000228881836,22.729999542236328,22.899999618530273
2023-01-04,16675.65,16991.87,16652.66,16850.36,220362.18862,48.95,48.95,41.96,46.87,3840.360107421875,3873.159912109375,3815.77001953125,3852.969970703125,4414080000,22.93000030517578,23.270000457763672,21.940000534057617,22.010000228881836
2023-01-05,16850.36,16879.82,16753.0,16831.85,163473.56641,46.87,47.48,45.41,45.45,3839.739990234375,3839.739990234375,3802.419921875,3808.10009765625,3893450000,22.200000762939453,22.920000076293945,21.969999313354492,22.459999084472656
2023-01-06,16831.85,17041.0,16679.0,16950.65,207401.28415,45.45,45.56,42.71,43.61,3823.3701171875,3906.18994140625,3809.56005859375,3895.080078125,3923560000,22.690000534057617,22.899999618530273,21.0,21.1299991607666
2023-01-09,17127.83,17398.8,17104.66,17178.26,266211.52723,42.79,45.03,42.79,44.06,3910.820068359375,3950.570068359375,3890.419921875,3892.090087890625,4311770000,21.75,21.979999542236328,21.270000457763672,21.969999313354492
2023-01-10,17179.04,17499.0,17146.34,17440.66,221382.42581,44.06,45.47,43.01,45.47,3888.570068359375,3919.830078125,3877.2900390625,3919.25,3851030000,22.219999313354492,22.459999084472656,20.579999923706055,20.579999923706055
2023-01-11,17440.64,18000.0,17315.6,17943.26,262221.60653,45.47,47.55,45.2,47.55,3932.35009765625,3970.070068359375,3928.5400390625,3969.610107421875,4303360000,20.799999237060547,21.25,20.6200008392334,21.09000015258789
2023-01-12,17943.26,19117.04,17892.05,18846.62,454568.32178,47.55,52.07,43.13,51.42,3977.570068359375,3997.760009765625,3937.56005859375,3983.169921875,4440260000,21.559999465942383,21.799999237060547,18.829999923706055,18.829999923706055
2023-01-13,18846.62,20000.0,18714.12,19930.01,368615.87823,51.42,61.12,47.08,61.12,3960.60009765625,4003.949951171875,3947.669921875,3999.090087890625,3939700000,19.0,19.40999984741211,18.010000228881836,18.350000381469727
2023-01-17,21185.65,21647.45,20841.31,21134.81,275407.74409,64.92,66.37,62.93,63.35,3999.280029296875,4015.389892578125,3984.570068359375,3990.969970703125,4235560000,19.88999938964844,20.219999313354492,19.209999084472656,19.36000061035156
2023-01-18,21132.29,21650.0,20407.15,20677.47,350916.01949,63.35,64.55,59.36,63.34,4002.25,4014.159912109375,3926.590087890625,3928.860107421875,4298710000,19.280000686645508,20.579999923706055,18.709999084472656,20.34000015258789
2023-01-19,20677.47,21192.0,20659.19,21071.59,251385.84925,63.34,63.37,56.23,56.9,3911.840087890625,3922.93994140625,3885.5400390625,3898.85009765625,3991500000,20.43000030517578,21.709999084472656,20.170000076293945,20.520000457763672
2023-01-20,21071.59,22755.93,20861.28,22667.21,338079.13659,56.9,59.5,53.78,59.48,3909.0400390625,3972.9599609375,3897.860107421875,3972.610107421875,4013360000,20.280000686645508,20.700000762939453,19.40999984741211,19.850000381469727
2023-01-23,22706.02,23180.0,22500.0,22916.45,293588.37938,61.99,66.6,61.26,64.38,3978.139892578125,4039.31005859375,3971.639892578125,4019.81005859375,3945210000,20.209999084472656,20.329999923706055,19.549999237060547,19.809999465942383
2023-01-24,22917.81,23162.2,22462.93,22632.89,293158.78254,64.38,65.84,61.26,61.33,4001.739990234375,4023.919921875,3989.7900390625,4016.949951171875,3320430000,19.88999938964844,20.469999313354492,18.90999984741211,19.200000762939453
2023-01-25,22631.94,23816.73,22300.0,23060.94,346042.83223,65.73,65.85,58.02,61.49,3982.7099609375,4019.550048828125,3949.06005859375,4016.219970703125,3724020000,19.559999465942383,20.899999618530273,18.989999771118164,19.079999923706055
2023-01-26,23060.42,23282.47,22850.01,23009.65,288924.43581,61.49,61.52,56.59,57.0,4036.080078125,4061.570068359375,4013.2900390625,4060.429931640625,3809590000,19.049999237060547,19.479999542236328,18.670000076293945,18.729999542236328
2023-01-27,23009.65,23500.0,22534.88,23074.16,280833.86315,57.0,57.69,54.98,55.0,4053.719970703125,4094.2099609375,4048.699951171875,4070.56005859375,3907760000,18.899999618530273,19.0,17.969999313354492,18.510000228881836
2023-01-30,23743.37,23800.51,22500.0,22826.15,302405.90121,58.92,58.92,55.41,56.4,4049.27001953125,4063.85009765625,4015.550048828125,4017.77001953125,3802000000,19.760000228881836,20.25,19.540000915527344,19.940000534057617
2023-01-31,22827.38,23320.0,22714.77,23125.13,264649.34909,56.4,59.21,54.76,58.82,4020.85009765625,4077.159912109375,4020.43994140625,4076.60009765625,4679320000,20.1200008392334,20.700000762939453,19.1299991607666,19.399999618530273
2023-02-01,23125.13,23812.66,22760.23,23732.66,310790.42271,58.82,60.43,56.27,58.04,4070.070068359375,4148.9501953125,4037.199951171875,4119.2099609375,4856930000,19.6200008392334,20.040000915527344,17.700000762939453,17.8700008392334
2023-02-02,23731.41,24255.0,23363.27,23488.94,364177.20751,58.04,58.32,55.11,57.71,4158.68017578125,4195.43994140625,4141.8798828125,4179.759765625,5624360000,17.739999771118164,19.25,17.059999465942383,18.729999542236328
2023-02-03,23489.33,23715.7,23204.62,23431.9,332571.02904,57.71,57.82,54.14,54.25,4136.68994140625,4182.35986328125,4123.35986328125,4136.47998046875,4694510000,18.56999969482422,19.299999237060547,17.93000030517578,18.329999923706055
2023-02-06,22932.91,23158.25,22628.13,22762.52,265371.6069,55.23,55.73,53.33,54.56,4119.56982421875,4124.6298828125,4093.3798828125,4111.080078125,4114240000,19.229999542236328,19.809999465942383,19.209999084472656,19.43000030517578
2023-02-07,22762.52,23350.25,22745.78,23240.46,308006.72482,54.56,54.66,52.82,53.31,4105.35009765625,4176.5400390625,4088.389892578125,4164.0,4355860000,19.540000915527344,19.989999771118164,18.43000030517578,18.65999984741211
2023-02-08,23242.42,23452.0,22665.85,22963.0,280056.30717,53.31,53.94,52.52,52.99,4153.47021484375,4156.85009765625,4111.669921875,4117.85986328125,4029820000,18.8799991607666,20.1200008392334,18.549999237060547,19.6299991607666
2023-02-09,22961.85,23011.39,21688.0,21796.35,402894.6955,52.99,53.11,49.03,51.95,4144.25,4156.22998046875,4069.669921875,4081.5,4270200000,19.239999771118164,21.079999923706055,19.020000457763672,20.709999084472656
2023-02-10,21797.83,21938.16,21451.0,21625.19,338591.94247,51.95,52.02,48.4,48.69,4068.919921875,4094.360107421875,4060.7900390625,4090.4599609375,3891520000,20.739999771118164,21.940000534057617,20.440000534057617,20.530000686645508
2023-02-13,21782.37,21894.99,21351.07,21773.97,295730.76791,47.51,51.73,47.4,50.65,4096.6201171875,4138.89990234375,4092.669921875,4137.2900390625,3448620000,21.65999984741211,21.690000534057617,20.329999923706055,20.34000015258789
2023-02-14,21774.63,22319.08,21532.77,22199.84,361958.40109,50.65,51.16,47.87,49.17,4126.7001953125,4159.77001953125,4095.010009765625,4136.1298828125,3929200000,20.719999313354492,20.75,18.479999542236328,18.90999984741211
2023-02-15,22199.84,24380.0,22047.28,24324.05,375669.16111,49.17,52.91,46.92,52.67,4119.5,4148.10986328125,4103.97998046875,4147.60009765625,4075980000,19.3700008392334,19.40999984741211,18.11000061035156,18.229999542236328
2023-02-16,24322.87,25250.0,23505.25,23517.72,450080.68366,52.67,59.55,51.15,58.8,4114.75,4136.5400390625,4089.489990234375,4090.409912109375,4143660000,18.260000228881836,20.270000457763672,18.229999542236328,20.170000076293945
2023-02-17,23517.72,25021.11,23339.37,24569.97,496813.21376,58.8,62.41,54.1,60.77,4077.389892578125,4081.510009765625,4047.949951171875,4079.090087890625,4045480000,20.940000534057617,21.299999237060547,19.81999969482422,20.020000457763672
2023-02-21,24843.89,25250.0,24148.34,24452.16,376000.82868,60.75,62.33,59.35,60.82,4052.35009765625,4052.35009765625,3995.18994140625,3997.340087890625,4121590000,21.799999237060547,23.34000015258789,21.799999237060547,22.8700008392334
2023-02-22,24450.67,24476.05,23574.69,24182.21,379425.75365,59.47,60.16,56.69,56.83,4001.830078125,4017.3701171875,3976.89990234375,3991.050048828125,4079320000,23.030000686645508,23.6299991607666,22.020000457763672,22.290000915527344
2023-02-23,24182.21,24599.59,23608.0,23940.2,398400.45437,56.83,57.54,54.87,54.93,4018.60009765625,4028.300048828125,3969.18994140625,4012.320068359375,3952940000,21.959999084472656,22.43000030517578,20.88999938964844,21.13999938964844
2023-02-24,23940.2,24132.35,22841.19,23185.29,343582.57453,54.93,54.97,50.45,50.49,3973.239990234375,3978.25,3943.080078125,3970.0400390625,3877700000,21.350000381469727,22.899999618530273,21.31999969482422,21.670000076293945
2023-02-27,23554.85,23897.99,23106.77,23492.09,283706.0859,51.34,51.49,49.9,50.44,3992.360107421875,4018.050048828125,3973.550048828125,3982.239990234375,3836950000,21.989999771118164,22.020000457763672,20.68000030517578,20.950000762939453
2023-02-28,23492.09,23600.0,23020.97,23141.57,264140.99894,50.44,50.62,49.16,50.37,3977.18994140625,3997.5,3968.97998046875,3970.14990234375,5043400000,21.299999237060547,21.3700008392334,20.100000381469727,20.700000762939453
2023-03-01,23141.57,24000.0,23020.03,23628.97,315287.41737,50.37,55.83,50.34,54.71,3963.340087890625,3971.72998046875,3939.050048828125,3951.389892578125,4249480000,20.38999938964844,21.31999969482422,20.219999313354492,20.579999923706055
2023-03-02,23629.76,23796.93,23195.9,23465.32,239315.45219,54.71,55.36,53.19,53.72,3938.679931640625,3990.840087890625,3928.159912109375,3981.35009765625,4244900000,21.40999984741211,21.420000076293945,19.549999237060547,19.59000015258789
2023-03-03,23465.32,23476.95,21971.13,22354.34,319954.19785,53.72,55.91,50.53,52.2,3998.02001953125,4048.2900390625,3995.169921875,4045.639892578125,4084730000,19.760000228881836,19.760000228881836,18.15999984741211,18.489999771118164
2023-03-06,22430.24,22602.19,22258.0,22410.0,203751.82957,50.84,52.55,50.4,51.78,4055.14990234375,4078.489990234375,4044.610107421875,4048.419921875,4000870000,19.049999237060547,19.190000534057617,18.489999771118164,18.61000061035156
2023-03-07,22409.41,22557.91,21927.0,22197.96,292519.80912,51.78,52.56,50.73,51.46,4048.260009765625,4050.0,3980.31005859375,3986.3701171875,3922500000,18.63999938964844,19.739999771118164,18.510000228881836,19.59000015258789
2023-03-08,22198.56,22287.0,21580.0,21705.44,301460.57272,51.46,52.56,49.62,50.12,3987.550048828125,4000.409912109375,3969.760009765625,3992.010009765625,3535570000,19.709999084472656,20.010000228881836,19.0,19.11000061035156
2023-03-09,21704.37,21834.99,20042.72,20362.22,443658.28584,50.12,56.03,48.47,54.39,3998.659912109375,4017.81005859375,3908.699951171875,3918.320068359375,4445260000,19.329999923706055,23.13999938964844,18.8799991607666,22.61000061035156
2023-03-10,20362.21,20367.78,19549.09,20150.69,618456.4671,54.39,59.38,53.44,54.2,3912.77001953125,3934.050048828125,3846.320068359375,3861.590087890625,5518190000,23.34000015258789,28.969999313354492,21.790000915527344,24.799999237060547
2023-03-13,21998.05,24500.0,21813.88,24113.48,687889.31259,58.87,70.39,54.56,62.24,3835.1201171875,3905.050048828125,3808.860107421875,3855.760009765625,6558020000,24.049999237060547,30.809999465942383,23.850000381469727,26.520000457763672
2023-03-14,24112.27,26386.87,23976.42,24670.41,699360.93423,62.24,68.19,59.71,63.46,3894.010009765625,3937.2900390625,3873.6298828125,3919.2900390625,5665870000,26.850000381469727,27.239999771118164,22.270000457763672,23.729999542236328
2023-03-15,24670.41,25196.97,23896.95,24285.66,581450.72984,63.46,70.1,61.88,64.15,3876.739990234375,3894.260009765625,3838.239990234375,3891.929931640625,6594010000,23.209999084472656,29.90999984741211,23.190000534057617,26.13999938964844
2023-03-16,24285.66,25167.4,24123.0,24998.78,439421.32998,64.15,64.15,56.98,62.45,3878.929931640625,3964.4599609375,3864.110107421875,3960.280029296875,5695790000,26.190000534057617,27.489999771118164,22.969999313354492,22.989999771118164
2023-03-17,24998.78,27756.84,24890.0,27395.13,624460.68091,62.45,69.46,60.76,66.59,3958.68994140625,3958.909912109375,3901.27001953125,3916.639892578125,9354280000,22.920000076293945,26.13999938964844,22.579999923706055,25.510000228881836
2023-03-20,27972.87,28472.0,27124.47,27717.01,477378.23373,73.34,73.83,68.08,68.23,3917.469970703125,3956.6201171875,3916.889892578125,3951.570068359375,5347140000,27.770000457763672,28.90999984741211,24.0,24.149999618530273
2023-03-21,27717.01,28438.55,27303.1,28105.47,420929.7422,68.23,71.75,67.0,70.06,3975.889892578125,4009.080078125,3971.18994140625,4002.8701171875,4920240000,24.15999984741211,24.15999984741211,21.290000915527344,21.3799991607666
2023-03-22,28107.81,28868.05,26601.8,27250.97,224113.41296,68.92,70.11,63.29,63.89,4002.0400390625,4039.489990234375,3936.169921875,3936.969970703125,4533010000,21.799999237060547,22.3799991607666,19.940000534057617,22.260000228881836
2023-03-23,27250.97,28750.0,27105.0,28295.41,128649.60818,63.89,67.31,61.07,66.43,3959.2099609375,4007.659912109375,3919.050048828125,3948.719970703125,4991600000,21.540000915527344,24.90999984741211,20.15999984741211,22.61000061035156
2023-03-24,28295.42,28374.3,27000.0,27454.47,86242.06544,66.43,67.76,64.5,65.06,3939.2099609375,3972.739990234375,3909.159912109375,3970.989990234375,4583970000,22.11000061035156,25.209999084472656,21.600000381469727,21.739999771118164
2023-03-27,27968.05,28023.86,26508.14,27124.91,88039.46898,63.23,65.95,61.97,62.12,3982.929931640625,4003.830078125,3970.489990234375,3977.530029296875,4233540000,22.049999237060547,22.93000030517578,20.56999969482422,20.600000381469727
2023-03-28,27124.9,27520.0,26631.78,27261.07,78602.44341,62.12,63.42,59.73,60.13,3974.1298828125,3979.199951171875,3951.530029296875,3971.27001953125,4014600000,20.530000686645508,21.399999618530273,19.90999984741211,19.969999313354492
2023-03-29,27261.06,28650.0,27240.1,28348.6,89486.16008,60.13,64.96,58.82,64.49,3999.530029296875,4030.590087890625,3999.530029296875,4027.81005859375,4145250000,19.38999938964844,19.450000762939453,19.09000015258789,19.1200008392334
2023-03-30,28348.6,29184.68,27686.0,28028.53,98865.43256,64.49,66.82,62.34,62.74,4046.739990234375,4057.85009765625,4032.10009765625,4050.830078125,3930860000,19.1200008392334,20.079999923706055,18.850000381469727,19.020000457763672
2023-03-31,28028.53,28656.69,27511.71,28465.36,78198.12139,62.74,62.99,57.97,58.52,4056.179931640625,4110.75,4056.179931640625,4109.31005859375,4525120000,19.209999084472656,19.43000030517578,18.520000457763672,18.700000762939453
2023-04-03,28171.87,28500.99,27200.24,27800.0,79180.01405,60.28,62.44,58.38,61.83,4102.2001953125,4127.66015625,4098.7900390625,4124.509765625,4234700000,19.790000915527344,19.829999923706055,18.540000915527344,18.549999237060547
2023-04-04,27800.0,28444.44,27662.79,28165.47,49722.55691,61.83,61.83,59.45,59.65,4128.02978515625,4133.1298828125,4086.8701171875,4100.60009765625,4227800000,18.790000915527344,20.030000686645508,18.579999923706055,19.0
2023-04-05,28165.47,28775.0,27805.1,28170.01,60737.64732,59.65,60.56,57.93,58.02,4094.5,4099.68994140625,4072.56005859375,4090.3798828125,3968020000,19.420000076293945,20.079999923706055,19.0,19.079999923706055
2023-04-06,28170.01,28182.05,27711.0,28033.82,40118.94963,58.02,59.81,56.61,57.06,4081.14990234375,4107.31982421875,4069.840087890625,4105.02001953125,3486690000,19.299999237060547,19.8799991607666,18.350000381469727,18.399999618530273
2023-04-10,28323.76,29770.0,28170.0,29637.34,67754.0622,58.56,63.05,57.17,62.16,4085.199951171875,4109.5,4072.550048828125,4109.10986328125,3423650000,19.38999938964844,20.049999237060547,18.93000030517578,18.969999313354492
2023-04-11,29637.35,30550.0,29590.0,30200.42,67990.07621,62.16,63.03,60.12,60.18,4110.2900390625,4124.259765625,4102.60986328125,4108.93994140625,3665830000,19.079999923706055,19.280000686645508,18.559999465942383,19.100000381469727
2023-04-12,30200.43,30486.0,29637.4,29888.07,62049.48451,60.18,60.27,55.86,55.87,4121.72021484375,4134.3701171875,4086.93994140625,4091.949951171875,3633120000,19.3799991607666,19.979999542236328,18.25,19.09000015258789
2023-04-13,29888.07,30595.0,29854.59,30373.84,51934.11731,55.87,56.77,55.03,55.47,4100.0400390625,4150.259765625,4099.39990234375,4146.22021484375,3596590000,18.829999923706055,19.059999465942383,17.770000457763672,17.799999237060547
2023-04-14,30373.84,31000.0,29966.0,30466.93,75984.19452,55.47,57.07,53.14,53.46,4140.10986328125,4163.18994140625,4113.2001953125,4137.64013671875,3575690000,17.940000534057617,18.1200008392334,17.06999969482422,17.06999969482422
2023-04-17,30304.66,30316.06,29240.65,29430.27,56441.81127,56.4,57.31,53.72,55.6,4137.169921875,4151.72021484375,4123.18017578125,4151.31982421875,3611180000,17.579999923706055,17.790000915527344,16.899999618530273,16.950000762939453
2023-04-18,29430.27,30485.0,29096.78,30380.01,62004.89434,55.6,56.44,55.01,55.63,4164.259765625,4169.47998046875,4140.35986328125,4154.8701171875,3536640000,16.940000534057617,17.34000015258789,16.579999923706055,16.829999923706055
2023-04-19,30380.01,30413.53,28520.0,28797.1,86575.48656,55.63,56.1,54.35,55.71,4139.330078125,4162.56982421875,4134.490234375,4154.52001953125,3572560000,17.299999237060547,17.719999313354492,16.170000076293945,16.459999084472656
2023-04-20,28797.1,29088.3,28010.0,28243.65,76879.09372,55.14,56.16,54.02,56.11,4130.47998046875,4148.56982421875,4114.56982421875,4129.7900390625,3772080000,16.850000381469727,17.690000534057617,16.329999923706055,17.170000076293945
2023-04-21,28243.65,28374.02,27125.0,27262.84,77684.7679,56.11,56.22,53.15,54.82,4132.14013671875,4138.02001953125,4113.85986328125,4133.52001953125,3611750000,17.510000228881836,17.709999084472656,16.579999923706055,16.770000457763672
2023-04-24,27590.59,28000.0,26942.82,27510.93,53111.56874,54.22,54.3,52.42,52.72,4132.06982421875,4142.41015625,4117.77001953125,4137.0400390625,3290940000,18.219999313354492,18.239999771118164,16.739999771118164,16.889999389648438
2023-04-25,27510.93,28399.99,27192.0,28300.79,52325.14637,52.72,53.53,52.08,52.38,4126.43017578125,4126.43017578125,4071.3798828125,4071.6298828125,3978640000,17.6200008392334,19.86000061035156,17.329999923706055,18.760000228881836
2023-04-26,28300.8,30036.0,27235.0,28415.29,129228.40403,52.39,58.62,51.68,55.47,4087.780029296875,4089.669921875,4049.35009765625,4055.989990234375,3837030000,18.65999984741211,19.61000061035156,17.8700008392334,18.84000015258789
2023-04-27,28415.29,29890.0,28378.86,29472.77,95430.82431,55.46,56.97,53.47,55.07,4075.2900390625,4138.240234375,4075.2900390625,4135.35009765625,3750550000,18.43000030517578,18.43000030517578,16.719999313354492,17.030000686645508
2023-04-28,29472.77,29599.54,28891.0,29311.7,54298.16578,55.07,55.1,50.61,50.73,4129.6298828125,4170.06005859375,4127.18017578125,4169.47998046875,4087800000,17.209999084472656,17.649999618530273,15.720000267028809,15.779999732971191
2023-05-01,29233.2,29337.34,27666.95,28068.26,64433.65958,53.3,55.07,53.02,53.19,4166.7900390625,4186.919921875,4164.1201171875,4167.8701171875,3321370000,16.40999984741211,16.6200008392334,15.529999732971191,16.079999923706055
2023-05-02,28068.26,28879.88,27872.0,28669.86,50824.5224,53.19,53.55,51.95,53.21,4164.10009765625,4164.10009765625,4089.719970703125,4119.580078125,4486130000,16.270000457763672,19.809999465942383,16.260000228881836,17.780000686645508
2023-05-03,28669.85,29266.66,28113.69,29026.16,64615.79213,53.21,54.41,50.94,52.92,4122.25,4148.2998046875,4088.860107421875,4090.75,4246510000,17.81999969482422,18.829999923706055,17.190000534057617,18.34000015258789
2023-05-04,29026.16,29379.83,28663.64,28838.16,42575.47501,52.92,54.03,51.6,51.9,4082.550048828125,4082.610107421875,4048.280029296875,4061.219970703125,4920090000,19.170000076293945,21.329999923706055,18.670000076293945,20.09000015258789
2023-05-05,28838.16,29677.0,28800.0,29505.61,58415.83048,51.9,52.6,51.41,51.67,4084.72998046875,4147.02001953125,4084.72998046875,4136.25,4186270000,19.5,19.6299991607666,16.690000534057617,17.190000534057617
2023-05-08,28430.09,28631.01,27262.0,27668.79,68244.36179,51.68,51.87,50.79,51.34,4136.97998046875,4142.2998046875,4123.81005859375,4138.1201171875,3641640000,17.729999542236328,17.8799991607666,16.829999923706055,16.979999542236328
2023-05-09,27668.8,27818.0,27353.0,27628.27,40113.31069,51.34,52.02,51.07,51.98,4124.25,4130.35009765625,4116.64990234375,4119.169921875,3810140000,17.290000915527344,17.860000610351562,17.219999313354492,17.709999084472656
2023-05-10,27628.28,28331.42,26777.0,27598.75,71155.11355,51.98,52.31,50.55,50.86,4143.740234375,4154.27978515625,4098.919921875,4137.64013671875,4057160000,17.579999923706055,18.309999465942383,16.360000610351562,16.940000534057617
2023-05-11,27598.74,27630.14,26702.05,26968.62,47635.31365,50.86,51.98,48.61,51.21,4132.240234375,4132.7998046875,4109.2900390625,4130.6201171875,3752900000,16.799999237060547,18.190000534057617,16.6299991607666,16.93000030517578
2023-05-12,26968.61,27091.12,25811.46,26795.01,67207.93494,51.21,52.86,50.09,50.09,4138.5400390625,4143.740234375,4099.1201171875,4124.080078125,3533740000,16.829999923706055,17.920000076293945,16.3799991607666,17.030000686645508
2023-05-15,26917.61,27663.59,26726.0,27162.14,40430.08333,48.02,53.18,47.94,52.28,4126.64990234375,4141.25,4110.27001953125,4136.27978515625,3562170000,17.440000534057617,18.15999984741211,17.079999923706055,17.1200008392334
2023-05-16,27162.15,27296.89,26852.11,27033.84,33270.45451,52.28,52.51,50.33,50.57,4127.9501953125,4135.5400390625,4109.85986328125,4109.89990234375,3654200000,17.540000915527344,18.299999237060547,17.260000228881836,17.989999771118164
2023-05-17,27033.85,27500.0,26544.71,27405.61,42958.97785,50.57,50.57,49.16,49.72,4122.85009765625,4164.669921875,4113.6201171875,4158.77001953125,4039080000,17.959999084472656,18.260000228881836,16.68000030517578,16.8700008392334
2023-05-18,27405.62,27485.33,26361.2,26821.28,49198.65143,49.72,49.91,46.1,46.28,4157.68017578125,4202.2001953125,4153.5,4198.0498046875,3980500000,16.920000076293945,17.149999618530273,16.049999237060547,16.049999237060547
2023-05-19,26821.28,27183.6,26630.0,26880.26,28754.13544,46.28,46.95,45.07,46.52,4204.14990234375,4212.91015625,4180.2001953125,4191.97998046875,4041900000,16.1299991607666,17.360000610351562,15.850000381469728,16.809999465942383
2023-05-22,26747.78,27099.89,26538.21,26849.27,26458.83828,47.02,48.0,45.54,47.58,4190.77978515625,4209.22021484375,4179.68017578125,4192.6298828125,3728520000,17.450000762939453,18.1299991607666,16.81999969482422,17.209999084472656
2023-05-23,26849.28,27495.83,26798.11,27219.61,38700.83858,47.58,50.25,46.2,50.08,4176.7998046875,4185.68017578125,4142.5400390625,4145.580078125,4155320000,17.350000381469727,19.309999465942383,17.299999237060547,18.530000686645508
2023-05-24,27219.61,27219.61,26080.5,26329.01,54393.0657,50.08,52.23,48.91,51.3,4132.9599609375,4132.9599609375,4103.97998046875,4115.240234375,0,18.799999237060547,20.809999465942383,18.799999237060547,20.030000686645508
2023-05-25,26329.0,26631.98,25871.89,26473.79,37435.44895,51.3,51.56,47.31,47.77,4155.7099609375,4165.740234375,4129.72998046875,4151.27978515625,4147760000,19.540000915527344,19.950000762939453,18.700000762939453,19.13999938964844
2023-05-26,26473.8,26932.16,26327.24,26705.92,35061.18713,47.77,47.79,43.56,45.24,4156.16015625,4212.8701171875,4156.16015625,4205.4501953125,3715460000,19.06999969482422,19.559999465942383,17.270000457763672,17.950000762939453
2023-05-30,27736.39,28038.59,27554.0,27694.4,32686.75371,47.12,47.38,44.22,44.68,4226.7099609375,4231.10009765625,4192.18017578125,4205.52001953125,4228510000,17.559999465942383,18.34000015258789,16.979999542236328,17.459999084472656
2023-05-31,27694.39,27835.51,26839.01,27210.35,46588.80573,44.68,45.94,43.69,43.93,4190.740234375,4195.43994140625,4166.14990234375,4179.830078125,5980670000,18.040000915527344,18.399999618530273,17.1200008392334,17.940000534057617
2023-06-01,27210.36,27350.0,26605.05,26817.93,39217.8088,43.86,44.06,41.54,42.13,4183.02978515625,4232.43017578125,4171.64013671875,4221.02001953125,4391860000,17.239999771118164,17.59000015258789,15.579999923706056,15.649999618530272
2023-06-02,26817.93,27300.0,26505.0,27242.59,36380.90269,42.13,43.61,39.89,41.4,4241.009765625,4290.669921875,4241.009765625,4282.3701171875,4454200000,15.649999618530272,15.649999618530272,14.420000076293944,14.600000381469728
2023-06-05,27115.2,27129.33,25388.0,25728.2,65805.60305,41.69,42.61,39.18,40.11,4282.990234375,4299.27978515625,4266.81982421875,4273.7900390625,3813290000,15.279999732971191,15.289999961853027,14.65999984741211,14.729999542236328
2023-06-06,25728.2,27355.33,25351.02,27230.08,68392.60438,40.11,43.65,39.76,43.65,4271.33984375,4288.330078125,4263.08984375,4283.85009765625,3996560000,14.90999984741211,14.970000267028809,13.949999809265137,13.960000038146973
2023-06-07,27230.07,27391.77,26125.01,26339.34,59619.44364,43.64,45.7,41.64,45.63,4285.47021484375,4299.18994140625,4263.9599609375,4267.52001953125,4537800000,14.140000343322754,14.289999961853027,13.770000457763672,13.9399995803833
2023-06-08,26339.34,26810.0,26210.0,26498.61,31075.51083,45.63,46.13,41.35,41.35,4268.68994140625,4298.009765625,4261.06982421875,4293.93017578125,3826740000,14.140000343322754,14.210000038146973,13.529999732971191,13.649999618530272
2023-06-09,26498.62,26783.33,26269.91,26477.81,27934.7097,41.35,41.78,40.44,40.8,4304.8798828125,4322.6201171875,4291.7001953125,4298.85986328125,3786510000,13.779999732971191,14.140000343322754,13.5,13.829999923706056
2023-06-12,25925.54,26106.48,25602.11,25905.19,29900.50893,42.81,46.46,39.85,46.45,4308.31982421875,4340.1298828125,4304.3701171875,4338.93017578125,3945670000,14.4399995803833,15.020000457763672,14.31999969482422,15.010000228881836
2023-06-13,25905.2,26433.21,25712.57,25934.25,41065.60853,46.45,46.45,45.33,45.38,4352.60986328125,4375.3701171875,4349.31005859375,4369.009765625,4275400000,14.989999771118164,15.0600004196167,14.470000267028809,14.609999656677246
2023-06-14,25934.24,26098.0,24820.56,25128.6,45077.31608,45.38,47.54,42.05,44.66,4366.2900390625,4391.81982421875,4337.85009765625,4372.58984375,4252110000,14.479999542236328,14.729999542236328,13.829999923706056,13.880000114440918
2023-06-15,25128.6,25759.01,24800.0,25598.49,48664.86063,44.66,48.4,43.76,46.63,4365.330078125,4439.2001953125,4362.60009765625,4425.83984375,4176690000,14.09000015258789,14.520000457763672,13.789999961853027,14.5
2023-06-16,25598.49,26518.0,25175.56,26345.0,51596.91662,46.63,46.78,43.14,45.06,4440.9501953125,4448.47021484375,4407.43994140625,4409.58984375,6848600000,14.489999771118164,14.539999961853027,13.479999542236328,13.539999961853027
2023-06-20,26844.35,28402.74,26652.0,28307.99,69666.95525,45.22,53.13,45.14,52.71,4396.10986328125,4400.14990234375,4367.18994140625,4388.7099609375,4055790000,14.359999656677246,14.670000076293944,13.859999656677246,13.880000114440918
2023-06-20,26844.35,28402.74,26652.0,28307.99,69666.95525,45.22,53.13,45.14,52.71,4396.10986328125,4400.14990234375,4367.18994140625,4388.7099609375,4055790000,14.359999656677246,14.670000076293944,13.859999656677246,13.880000114440918
2023-06-21,28308.0,30800.0,28257.99,29993.89,108926.40412,52.71,59.24,51.99,55.83,4380.009765625,4386.22021484375,4360.14013671875,4365.68994140625,3709330000,13.880000114440918,13.890000343322754,13.100000381469728,13.199999809265137
2023-06-22,29993.89,30500.0,29525.61,29884.92,59054.5646,55.83,56.2,50.91,51.05,4355.39990234375,4382.25,4351.81982421875,4381.89013671875,3511000000,13.880000114440918,13.979999542236328,12.729999542236328,12.90999984741211
2023-06-23,29884.92,31431.94,29800.0,30688.5,73931.89635,51.05,53.97,49.39,52.71,4354.169921875,4366.5498046875,4341.33984375,4348.330078125,6053620000,13.239999771118164,13.800000190734863,12.880000114440918,13.4399995803833
2023-06-26,30462.67,30666.0,29930.0,30267.99,45180.41489,49.51,52.12,48.66,49.51,4344.83984375,4362.06005859375,4328.080078125,4328.81982421875,3415030000,14.43000030517578,14.710000038146973,13.779999732971191,14.25
2023-06-27,30267.99,30994.97,30226.17,30692.44,42699.64157,49.51,50.67,48.87,48.92,4337.35986328125,4384.419921875,4335.0,4378.41015625,3573500000,14.109999656677246,14.34000015258789,13.59000015258789,13.739999771118164
2023-06-28,30692.44,30709.74,29858.8,30077.41,40463.51937,48.92,48.92,46.94,48.44,4367.47998046875,4390.35009765625,4360.22021484375,4376.85986328125,3739330000,13.899999618530272,13.960000038146973,13.359999656677246,13.43000030517578
2023-06-29,30077.4,30843.98,30049.98,30447.31,36330.62903,48.44,48.59,43.41,43.52,4374.93994140625,4398.39013671875,4371.97021484375,4396.43994140625,3696660000,13.640000343322754,13.850000381469728,13.40999984741211,13.539999961853027
2023-06-30,30447.31,31282.0,29500.0,30472.0,89419.07618,43.52,47.17,42.92,46.06,4422.43994140625,4458.47998046875,4422.43994140625,4450.3798828125,3923450000,13.510000228881836,13.59000015258789,12.960000038146973,13.59000015258789
2023-07-03,30617.02,31380.0,30570.27,31156.2,43761.64311,47.88,49.62,46.67,49.05,4450.47998046875,4456.4599609375,4442.2900390625,4455.58984375,2034280000,13.850000381469728,13.850000381469728,13.470000267028809,13.56999969482422
2023-07-05,30766.52,30878.07,30200.0,30504.81,33215.67122,46.61,46.65,45.22,46.45,4442.0400390625,4454.06005859375,4436.60986328125,4446.81982421875,3482620000,14.1899995803833,14.739999771118164,14.050000190734863,14.18000030517578
2023-07-06,30504.8,31500.0,29850.45,29895.43,71319.6261,46.45,49.92,45.36,47.96,4422.6201171875,4422.6201171875,4385.0498046875,4411.58984375,3682020000,14.850000381469728,17.079999923706055,14.789999961853027,15.4399995803833
2023-07-07,29895.42,30449.0,29701.02,30344.7,34070.53895,47.96,48.37,44.81,45.04,4404.5400390625,4440.39013671875,4397.39990234375,4398.9501953125,3630480000,15.970000267028809,16.059999465942383,14.329999923706056,14.829999923706056
2023-07-10,30160.71,31045.78,29950.0,30411.57,41262.87652,43.89,44.83,43.55,44.26,4394.22998046875,4412.60009765625,4389.919921875,4409.52978515625,3429600000,16.079999923706055,16.209999084472656,15.039999961853027,15.06999969482422
2023-07-11,30411.57,30813.63,30300.0,30622.1,28476.83311,44.26,44.53,43.07,43.96,4415.5498046875,4443.64013671875,4408.4599609375,4439.259765625,3624220000,15.020000457763672,15.25,14.630000114440918,14.84000015258789
2023-07-12,30622.1,30983.25,30210.0,30380.0,38108.99669,43.96,46.49,41.23,41.26,4467.68994140625,4488.33984375,4463.22998046875,4472.16015625,3920290000,14.81999969482422,14.81999969482422,13.510000228881836,13.539999961853027
2023-07-13,30380.0,31804.2,30251.0,31454.23,70772.51836,41.26,46.55,40.63,45.15,4491.5,4517.3798828125,4489.35986328125,4510.0400390625,3839530000,13.4399995803833,13.609999656677246,13.119999885559082,13.609999656677246
2023-07-14,31454.23,31630.0,29900.0,30312.01,60749.48424,45.15,45.45,42.08,42.21,4514.60986328125,4527.759765625,4499.56005859375,4505.419921875,3647450000,13.720000267028809,13.760000228881836,13.220000267028809,13.34000015258789
2023-07-17,30232.0,30336.96,29659.2,30138.0,30882.76839,42.1,43.47,41.79,42.9,4508.85986328125,4532.85009765625,4504.89990234375,4522.7900390625,3538240000,13.779999732971191,14.0,13.43000030517578,13.479999542236328
2023-07-18,30138.01,30239.78,29512.0,29859.13,30003.8601,42.9,43.57,42.06,42.67,4521.77978515625,4562.2998046875,4514.58984375,4554.97998046875,4090010000,13.609999656677246,13.670000076293944,13.289999961853027,13.300000190734863
2023-07-19,29859.14,30189.09,29761.96,29909.21,25657.36137,42.67,42.68,40.52,40.53,4563.8701171875,4578.43017578125,4557.47998046875,4565.72021484375,4115670000,13.31999969482422,13.84000015258789,13.119999885559082,13.760000228881836
2023-07-20,29909.21,30417.46,29570.96,29800.0,37540.68193,40.53,42.05,40.08,41.62,4554.3798828125,4564.740234375,4527.56005859375,4534.8701171875,3761770000,13.960000038146973,14.229999542236328,13.579999923706056,13.989999771118164
2023-07-21,29800.0,30061.7,29726.34,29901.72,23881.40865,41.62,41.79,38.63,38.76,4550.16015625,4555.0,4535.7900390625,4536.33984375,3570190000,13.869999885559082,13.890000343322754,13.369999885559082,13.600000381469728
2023-07-24,30083.75,30099.58,28861.9,29176.5,39628.99691,39.27,39.65,37.58,38.25,4543.39013671875,4563.41015625,4541.2900390625,4554.64013671875,3856250000,14.289999961853027,14.300000190734863,13.729999542236328,13.90999984741211
2023-07-25,29176.5,29376.0,29047.65,29228.91,21565.7478,38.25,38.38,36.47,37.77,4555.18994140625,4580.6201171875,4552.419921875,4567.4599609375,3812470000,14.020000457763672,14.09000015258789,13.81999969482422,13.859999656677246
2023-07-26,29228.91,29690.0,29096.94,29351.96,33931.63366,37.77,39.35,37.58,38.15,4558.9599609375,4582.47021484375,4547.580078125,4566.75,3990290000,13.859999656677246,14.15999984741211,13.149999618530272,13.1899995803833
2023-07-27,29351.95,29567.49,29083.85,29222.78,22476.47626,38.15,38.15,36.34,36.36,4598.259765625,4607.06982421875,4528.56005859375,4537.41015625,4553210000,13.140000343322754,15.020000457763672,12.739999771118164,14.40999984741211
2023-07-28,29222.78,29542.22,29123.12,29314.14,23993.61627,36.36,36.55,35.05,35.47,4565.75,4590.16015625,4564.009765625,4582.22998046875,3981010000,14.029999732971191,14.18000030517578,13.270000457763672,13.329999923706056
2023-07-31,29281.09,29530.0,29101.8,29232.25,22605.48964,36.33,37.19,35.75,36.77,4584.81982421875,4594.22021484375,4573.14013671875,4588.9599609375,4503600000,13.979999542236328,14.09000015258789,13.56999969482422,13.630000114440918
2023-08-01,29232.26,29739.25,28585.7,29705.99,44719.65162,36.17,37.07,35.59,36.56,4578.830078125,4584.6201171875,4567.52978515625,4576.72998046875,4042370000,13.75,14.300000190734863,13.75,13.93000030517578
2023-08-02,29705.99,30047.5,28927.5,29186.01,48181.65141,36.56,37.46,36.4,36.82,4550.93017578125,4550.93017578125,4505.75,4513.39013671875,4270710000,15.699999809265137,16.479999542236328,14.949999809265137,16.09000015258789
2023-08-03,29186.0,29433.33,28968.0,29193.64,26476.91994,36.82,37.08,35.74,36.21,4494.27001953125,4519.490234375,4485.5400390625,4501.89013671875,4149120000,16.770000457763672,17.420000076293945,15.720000267028809,15.920000076293944
2023-08-04,29193.65,29333.08,28807.54,29113.99,23551.95217,36.21,36.26,34.21,34.37,4513.9599609375,4540.33984375,4474.5498046875,4478.02978515625,4143310000,16.010000228881836,17.389999389648438,14.56999969482422,17.100000381469727
2023-08-07,29088.43,29276.78,28701.03,29211.06,30966.87746,34.03,36.75,33.93,36.29,4491.580078125,4519.83984375,4491.14990234375,4518.43994140625,3493920000,16.899999618530273,17.360000610351562,15.770000457763672,15.770000457763672
2023-08-08,29211.06,30244.0,29146.45,29770.42,45700.53392,36.29,41.23,34.76,39.85,4498.02978515625,4503.31005859375,4464.39013671875,4499.3798828125,3884910000,16.280000686645508,18.13999938964844,15.960000038146973,15.989999771118164
2023-08-09,29770.41,30160.0,29376.67,29581.99,38003.88725,39.85,40.64,38.51,38.73,4501.56982421875,4502.43994140625,4461.330078125,4467.7099609375,3803100000,15.8100004196167,16.8700008392334,15.380000114440918,15.960000038146973
2023-08-10,29581.99,29738.0,29320.2,29455.75,23463.45373,38.73,38.73,36.04,36.2,4487.16015625,4527.3701171875,4457.919921875,4468.830078125,4504370000,15.579999923706056,16.860000610351562,14.600000381469728,15.850000381469728
2023-08-11,29455.76,29564.52,29252.45,29426.03,20637.0443,36.2,36.22,32.74,32.74,4450.68994140625,4476.22998046875,4443.97998046875,4464.0498046875,3753290000,15.529999732971191,16.510000228881836,14.84000015258789,14.84000015258789
2023-08-14,29303.85,29695.32,29102.45,29430.93,31443.11532,33.76,35.03,32.21,35.01,4458.1298828125,4490.330078125,4453.43994140625,4489.72021484375,3896410000,15.880000114440918,16.059999465942383,14.770000457763672,14.81999969482422
2023-08-15,29430.92,29499.26,29059.6,29200.0,27503.87691,35.01,36.53,34.43,34.58,4478.8701171875,4478.8701171875,4432.18994140625,4437.85986328125,3832250000,14.949999809265137,16.56999969482422,14.90999984741211,16.459999084472656
2023-08-16,29200.01,29259.85,28723.08,28730.51,32996.69854,34.58,37.43,34.23,36.56,4433.7900390625,4449.9501953125,4403.5498046875,4404.330078125,3753910000,16.540000915527344,16.93000030517578,15.800000190734863,16.780000686645508
2023-08-17,28730.51,28783.48,25166.0,26623.41,100271.54033,36.56,53.59,36.3,52.3,4416.31982421875,4421.169921875,4364.830078125,4370.35986328125,3943700000,16.959999084472656,18.1299991607666,16.399999618530273,17.889999389648438
2023-08-18,26623.41,26832.6,25619.0,26054.0,69790.65711,52.3,52.3,41.49,43.58,4344.8798828125,4381.81982421875,4335.31005859375,4369.7099609375,3940400000,17.799999237060547,18.8799991607666,17.139999389648438,17.299999237060547
2023-08-21,26190.0,26258.42,25812.0,26126.92,30267.24233,43.18,43.92,42.3,42.63,4380.27978515625,4407.5498046875,4360.2998046875,4399.77001953125,3726850000,18.030000686645508,18.11000061035156,16.8799991607666,17.1299991607666
2023-08-22,26126.92,26139.42,25300.0,26056.0,34247.06688,42.63,44.11,41.89,42.13,4415.330078125,4418.58984375,4382.77001953125,4387.5498046875,3522760000,16.959999084472656,17.579999923706055,16.610000610351562,16.969999313354492
2023-08-23,26055.99,26819.27,25812.82,26432.72,44023.69978,42.13,44.02,40.05,43.38,4396.43994140625,4443.18017578125,4396.43994140625,4436.009765625,3837270000,16.639999389648438,17.100000381469727,15.90999984741211,15.979999542236328
2023-08-24,26432.71,26577.87,25864.0,26180.05,30205.22116,43.38,43.38,41.37,41.72,4455.16015625,4458.2998046875,4375.5498046875,4376.31005859375,3723470000,15.56999969482422,17.31999969482422,15.479999542236328,17.200000762939453
2023-08-25,26180.05,26314.05,25777.15,26060.01,27753.33772,41.72,42.18,36.25,36.31,4389.3798828125,4418.4599609375,4356.2900390625,4405.7099609375,3296180000,17.209999084472656,17.360000610351562,15.449999809265137,15.68000030517578
2023-08-28,26101.78,26253.99,25864.5,26120.0,22692.62655,36.05,37.6,35.82,36.42,4426.02978515625,4439.56005859375,4414.97998046875,4433.31005859375,2957230000,16.239999771118164,16.280000686645508,15.0,15.079999923706056
2023-08-29,26120.0,28142.85,25922.0,27716.34,74251.99488,36.42,44.99,36.08,40.6,4432.75,4500.14013671875,4431.68017578125,4497.6298828125,3354820000,15.079999923706056,15.300000190734863,14.34000015258789,14.449999809265137
2023-08-30,27716.34,27768.57,27017.24,27299.99,35448.25848,40.6,40.6,38.08,38.18,4500.33984375,4521.64990234375,4493.58984375,4514.8701171875,3064110000,14.529999732971191,14.699999809265137,13.829999923706056,13.880000114440918
2023-08-31,27299.99,27587.51,25655.01,25940.78,51032.80401,38.18,39.52,35.98,35.98,4517.009765625,4532.259765625,4507.39013671875,4507.66015625,3946360000,13.979999542236328,14.0,13.4399995803833,13.56999969482422
2023-09-01,25940.77,26156.0,25333.75,25805.05,41032.15056,35.98,38.09,35.24,36.09,4530.60009765625,4541.25,4501.35009765625,4515.77001953125,3246260000,13.5600004196167,13.5600004196167,13.020000457763672,13.09000015258789
2023-09-05,25826.03,25915.49,25562.62,25792.1,21323.39337,39.51,40.19,39.09,39.79,4510.06005859375,4514.2900390625,4496.009765625,4496.830078125,3526250000,14.149999618530272,14.470000267028809,13.699999809265137,14.010000228881836
2023-09-06,25792.11,26040.0,25372.51,25759.95,27262.52386,39.79,40.83,37.77,39.41,4490.35009765625,4490.35009765625,4442.3798828125,4465.47998046875,3418850000,14.270000457763672,15.300000190734863,14.130000114440918,14.449999809265137
2023-09-07,25759.95,26443.14,25615.38,26255.0,27687.49567,39.41,41.0,38.8,39.74,4434.5498046875,4457.81005859375,4430.4599609375,4451.14013671875,3763760000,14.8100004196167,15.6899995803833,14.399999618530272,14.399999618530272
2023-09-08,26255.0,26445.5,25647.26,25910.5,28999.76471,39.74,41.31,39.45,40.0,4451.2998046875,4473.52978515625,4448.3798828125,4457.490234375,3259290000,14.220000267028809,14.869999885559082,13.579999923706056,13.84000015258789
2023-09-11,25841.6,25900.69,24901.0,25162.52,41682.32,40.52,45.54,40.46,44.33,4480.97998046875,4490.77001953125,4467.89013671875,4487.4599609375,3369920000,14.170000076293944,14.329999923706056,13.739999771118164,13.800000190734863
2023-09-12,25162.53,26567.0,25131.48,25840.1,56434.38537,44.33,44.83,41.62,43.57,4473.27001953125,4487.10986328125,4456.830078125,4461.89990234375,3435740000,14.020000457763672,14.420000076293944,13.710000038146973,14.229999542236328
2023-09-13,25840.1,26405.22,25764.17,26222.0,31610.82753,43.57,44.26,42.66,44.05,4462.64990234375,4479.39013671875,4453.52001953125,4467.43994140625,3529430000,14.420000076293944,14.68000030517578,13.40999984741211,13.479999542236328
2023-09-14,26222.0,26860.49,26126.77,26522.73,38333.1725,44.05,44.23,41.14,41.71,4487.77978515625,4511.990234375,4478.68994140625,4505.10009765625,3648720000,13.390000343322754,13.460000038146973,12.789999961853027,12.81999969482422
2023-09-15,26522.73,26888.0,26224.0,26600.0,26227.29369,41.71,41.85,38.81,39.14,4497.97998046875,4497.97998046875,4447.2099609375,4450.31982421875,6932230000,12.699999809265137,14.170000076293944,12.68000030517578,13.789999961853027
2023-09-18,26527.5,27409.0,26377.35,26762.51,43000.43256,39.83,43.03,39.54,41.48,4445.1298828125,4466.35986328125,4442.10986328125,4453.52978515625,3161230000,14.399999618530272,14.75,13.859999656677246,14.0
2023-09-19,26762.5,27483.57,26667.79,27210.26,36190.52187,41.48,42.76,41.35,42.53,4445.41015625,4449.85009765625,4416.60986328125,4443.9501953125,3614880000,14.109999656677246,14.880000114440918,13.859999656677246,14.109999656677246
2023-09-20,27210.25,27388.63,26800.0,27125.0,34207.21867,42.53,43.83,41.96,43.01,4452.81005859375,4461.02978515625,4401.3798828125,4402.2001953125,3308450000,14.18000030517578,15.149999618530272,13.56999969482422,15.140000343322754
2023-09-21,27125.01,27159.6,26377.7,26568.08,34476.82662,43.01,43.28,40.79,41.37,4374.35986328125,4375.7001953125,4329.169921875,4330.0,3662340000,15.489999771118164,17.540000915527344,15.100000381469728,17.540000915527344
2023-09-22,26568.08,26743.38,26468.77,26580.14,18198.2292,41.37,41.42,36.8,37.29,4341.740234375,4357.39990234375,4316.490234375,4320.06005859375,3349570000,17.309999465942383,17.40999984741211,15.93000030517578,17.200000762939453
2023-09-25,26248.39,26446.15,25990.46,26304.81,26266.2039,38.6,40.34,38.0,39.25,4310.6201171875,4338.509765625,4302.7001953125,4337.43994140625,3195650000,17.25,18.40999984741211,16.790000915527344,16.899999618530273
2023-09-26,26304.8,26397.46,26088.34,26221.67,18495.35066,39.25,40.45,38.51,38.67,4312.8798828125,4313.009765625,4265.97998046875,4273.52978515625,3472340000,18.030000686645508,19.5,17.170000076293945,18.940000534057617
2023-09-27,26221.68,26850.0,26112.06,26372.99,34771.57978,38.67,39.64,35.54,36.06,4282.6298828125,4292.06982421875,4238.6298828125,4274.509765625,3875880000,18.290000915527344,19.709999084472656,18.030000686645508,18.219999313354492
2023-09-28,26373.0,27308.48,26342.4,27021.39,44517.83491,36.06,40.38,35.39,38.63,4269.64990234375,4317.27001953125,4264.3798828125,4299.7001953125,3846230000,18.219999313354492,18.770000457763672,17.059999465942383,17.34000015258789
2023-09-29,27021.39,27244.89,26665.16,26906.96,28478.76219,38.63,38.85,33.04,33.04,4328.18017578125,4333.14990234375,4274.85986328125,4288.0498046875,3865960000,16.8700008392334,17.739999771118164,15.829999923706056,17.520000457763672
2023-10-02,27992.58,28580.0,27281.44,27494.51,57071.14241,37.49,40.8,36.2,38.17,4284.52001953125,4300.580078125,4260.2099609375,4288.39013671875,3938660000,17.309999465942383,18.549999237060547,16.93000030517578,17.610000610351562
2023-10-03,27494.51,27676.52,27160.5,27426.46,28928.96555,37.53,38.35,36.94,37.96,4269.75,4281.14990234375,4216.4501953125,4229.4501953125,3953830000,17.809999465942383,20.479999542236328,17.520000457763672,19.780000686645508
2023-10-04,27426.45,27839.72,27202.0,27778.57,29816.142,37.96,38.19,37.04,37.28,4233.830078125,4268.5,4220.47998046875,4263.75,3777600000,20.719999313354492,20.8799991607666,18.299999237060547,18.579999923706055
2023-10-05,27778.57,28120.39,27352.0,27410.39,30681.49619,37.28,38.35,36.65,36.75,4259.31005859375,4267.1298828125,4225.91015625,4258.18994140625,3581470000,18.670000076293945,19.579999923706055,18.260000228881836,18.489999771118164
2023-10-06,27410.39,28295.0,27175.94,27931.09,37983.24277,36.75,36.8,34.47,35.06,4234.7900390625,4324.10009765625,4219.5498046875,4308.5,3902030000,18.729999542236328,19.93000030517578,17.190000534057617,17.450000762939453
2023-10-09,27917.06,27987.93,27260.0,27590.12,31534.74639,37.85,39.05,36.76,36.81,4289.02001953125,4341.72998046875,4283.7900390625,4335.66015625,3174630000,19.540000915527344,19.600000381469727,17.559999465942383,17.700000762939453
2023-10-10,27590.12,27735.0,27298.0,27390.12,22776.84383,36.81,39.06,36.67,38.53,4339.75,4385.4599609375,4339.64013671875,4358.240234375,3520240000,17.700000762939453,17.860000610351562,16.510000228881836,17.030000686645508
2023-10-11,27390.12,27477.39,26538.66,26875.52,37349.44706,38.53,38.64,36.09,36.88,4366.58984375,4378.64013671875,4345.33984375,4376.9501953125,3601660000,16.950000762939453,17.780000686645508,16.09000015258789,16.09000015258789
2023-10-12,26875.52,26947.04,26555.0,26759.63,23428.64112,36.88,37.82,35.16,35.19,4380.93994140625,4385.85009765625,4325.43017578125,4349.60986328125,3713140000,16.079999923706055,18.079999923706055,15.4399995803833,16.690000534057617
2023-10-13,26759.63,27130.0,26685.0,26862.0,24115.76499,35.19,36.86,34.97,35.37,4360.490234375,4377.10009765625,4311.97021484375,4327.77978515625,3566560000,16.530000686645508,20.780000686645508,16.5,19.31999969482422
2023-10-16,27154.14,30000.0,27112.66,28500.78,78399.22445,38.17,45.18,36.27,42.63,4342.3701171875,4383.330078125,4342.3701171875,4373.6298828125,3409960000,19.100000381469727,19.56999969482422,17.139999389648438,17.209999084472656
2023-10-17,28500.77,28613.65,28069.32,28395.91,38428.44532,42.63,42.68,40.81,41.08,4345.22998046875,4393.56982421875,4337.5400390625,4373.2001953125,3794850000,17.40999984741211,18.540000915527344,16.969999313354492,17.8799991607666
2023-10-18,28395.91,28982.36,28142.87,28320.0,32162.47591,41.08,41.09,39.21,39.24,4357.35009765625,4364.2001953125,4303.83984375,4314.60009765625,3686030000,18.36000061035156,20.149999618530273,17.8799991607666,19.219999313354492
2023-10-19,28320.0,28916.89,28100.66,28713.71,35895.50179,39.24,40.58,39.04,39.18,4321.35986328125,4339.5400390625,4269.68994140625,4278.0,3969730000,19.729999542236328,21.399999618530273,18.549999237060547,21.399999618530273
2023-10-20,28713.71,30207.55,28578.29,29669.04,59422.0992,39.18,46.59,39.08,44.26,4273.85009765625,4276.56005859375,4223.02978515625,4224.16015625,4004030000,21.59000015258789,21.829999923706055,20.420000076293945,21.709999084472656
2023-10-23,29992.46,34741.91,29883.6,33069.99,93513.64246,48.81,64.06,47.91,55.37,4210.39990234375,4255.83984375,4189.22021484375,4217.0400390625,3776100000,21.829999923706055,23.079999923706055,19.479999542236328,20.3700008392334
2023-10-24,33069.99,35280.0,32832.34,33922.73,115265.02418,55.37,63.84,53.06,54.19,4235.7900390625,4259.3798828125,4219.43017578125,4247.68017578125,3821820000,20.030000686645508,20.239999771118164,18.649999618530273,18.969999313354492
2023-10-25,33922.73,35132.85,33679.05,34496.05,54887.02529,54.19,60.04,53.32,58.36,4232.419921875,4232.419921875,4181.419921875,4186.77001953125,3869370000,19.38999938964844,21.239999771118164,18.86000061035156,20.190000534057617
2023-10-26,34496.05,34824.13,33751.0,34151.66,39744.66255,58.36,60.82,54.75,55.02,4175.990234375,4183.60009765625,4127.89990234375,4137.22998046875,4277640000,21.780000686645508,21.959999084472656,20.219999313354492,20.68000030517578
2023-10-27,34151.66,34245.0,33390.95,33892.02,32330.40106,55.02,55.02,47.19,47.19,4152.93017578125,4156.7001953125,4103.77978515625,4117.3701171875,4019500000,20.38999938964844,22.06999969482422,19.719999313354492,21.270000457763672
2023-10-30,34525.88,34856.0,34062.84,34474.73,33657.95976,54.21,57.29,53.07,53.89,4139.39013671875,4177.47021484375,4132.93994140625,4166.81982421875,3911140000,21.1299991607666,21.15999984741211,19.549999237060547,19.75
2023-10-31,34474.74,34720.49,34025.0,34639.77,32737.89822,53.89,54.76,53.32,54.76,4171.330078125,4195.5498046875,4153.1201171875,4193.7998046875,4249470000,19.86000061035156,19.86000061035156,17.969999313354492,18.13999938964844
2023-11-01,34639.78,35582.0,34097.39,35421.43,53473.28165,54.76,60.03,54.57,59.78,4201.27001953125,4245.64013671875,4197.740234375,4237.85986328125,4224900000,18.020000457763672,18.420000076293945,16.6299991607666,16.8700008392334
2023-11-02,35421.43,35984.99,34300.0,34941.59,48015.57732,59.78,61.94,58.84,60.0,4268.259765625,4319.72021484375,4268.259765625,4317.77978515625,4669780000,16.59000015258789,16.6200008392334,15.579999923706056,15.65999984741211
2023-11-03,34941.58,34946.5,34120.0,34716.78,39071.20644,60.0,60.62,57.33,57.89,4334.22998046875,4373.6201171875,4334.22998046875,4358.33984375,4570960000,15.699999809265137,15.829999923706056,14.90999984741211,14.90999984741211
2023-11-06,35011.89,35276.33,34725.9,35046.09,22346.47086,60.1,60.97,57.32,57.36,4364.27001953125,4372.2099609375,4347.52978515625,4365.97998046875,3656340000,15.390000343322754,15.579999923706056,14.84000015258789,14.890000343322754
2023-11-07,35046.09,35888.0,34523.06,35399.12,38688.73692,55.68,57.02,52.02,55.48,4366.2099609375,4386.259765625,4355.41015625,4378.3798828125,3791230000,15.100000381469728,15.170000076293944,14.710000038146973,14.8100004196167
2023-11-08,35399.13,36106.0,35100.0,35624.72,33401.34137,55.48,58.03,54.31,57.58,4384.3701171875,4391.2001953125,4359.759765625,4382.77978515625,3729510000,14.90999984741211,15.09000015258789,14.300000190734863,14.449999809265137
2023-11-09,35624.72,37972.24,35534.05,36701.09,82537.88885,57.58,65.12,57.53,58.87,4391.41015625,4393.39990234375,4343.93994140625,4347.35009765625,3900780000,14.609999656677246,15.56999969482422,14.130000114440918,15.289999961853027
2023-11-10,36701.1,37526.0,36324.71,37301.63,43414.04898,58.87,59.33,55.91,56.84,4364.14990234375,4418.02978515625,4353.33984375,4415.240234375,3665080000,15.09000015258789,15.449999809265137,14.15999984741211,14.170000076293944
2023-11-13,37064.13,37417.99,36333.0,36462.93,32798.18252,58.33,59.04,56.12,56.26,4406.66015625,4421.759765625,4393.81982421875,4411.5498046875,3326240000,15.15999984741211,15.1899995803833,14.579999923706056,14.760000228881836
2023-11-14,36462.93,36744.0,34800.0,35551.19,45503.68416,56.26,57.45,55.64,56.24,4458.97021484375,4508.669921875,4458.97021484375,4495.7001953125,4700350000,14.829999923706056,14.859999656677246,13.90999984741211,14.15999984741211
2023-11-15,35551.2,37980.0,35360.0,37858.2,53569.13385,56.24,60.51,54.0,60.51,4505.2998046875,4521.169921875,4495.31005859375,4502.8798828125,4347170000,14.210000038146973,14.350000381469728,13.970000267028809,14.18000030517578
2023-11-16,37858.2,37929.54,35500.0,36163.51,47490.39566,60.51,61.88,55.07,55.35,4497.080078125,4511.990234375,4487.830078125,4508.240234375,3964520000,14.119999885559082,14.420000076293944,13.68000030517578,14.31999969482422
2023-11-17,36163.51,36800.0,35861.1,36613.92,38283.61112,55.35,56.53,54.48,55.4,4509.5498046875,4520.1201171875,4499.66015625,4514.02001953125,3777240000,14.18000030517578,14.1899995803833,13.670000076293944,13.800000190734863
2023-11-20,37359.85,37750.0,36677.0,37448.78,36022.70291,56.54,58.15,54.37,57.94,4511.7001953125,4557.10986328125,4510.35986328125,4547.3798828125,3644790000,14.260000228881836,14.3100004196167,13.390000343322754,13.40999984741211
2023-11-21,37448.79,37649.44,35735.0,35741.65,47646.54804,57.94,59.34,55.34,55.72,4538.77001953125,4542.14013671875,4525.509765625,4538.18994140625,3511080000,13.449999809265137,14.3100004196167,13.130000114440918,13.350000381469728
2023-11-22,35741.65,37861.1,35632.01,37408.34,45051.30697,55.72,56.92,53.49,55.5,4553.0400390625,4568.43017578125,4545.0498046875,4556.6201171875,3042810000,13.079999923706056,13.25,12.81999969482422,12.850000381469728
2023-11-24,37294.27,38414.0,37251.51,37713.57,44680.80646,53.87,55.28,50.94,53.65,4555.83984375,4560.31005859375,4552.7998046875,4559.33984375,1639500000,13.029999732971191,13.170000076293944,12.449999809265137,12.460000038146973
2023-11-27,37447.42,37569.23,36707.0,37242.7,30001.07376,53.19,53.28,50.39,50.62,4554.85986328125,4560.52001953125,4546.31982421875,4550.43017578125,3403990000,13.140000343322754,13.279999732971191,12.640000343322754,12.6899995803833
2023-11-28,37242.7,38377.0,36868.41,37818.87,37544.46667,50.62,51.88,49.67,50.58,4545.5498046875,4568.14013671875,4540.509765625,4554.89013671875,3586240000,12.779999732971191,14.300000190734863,12.5600004196167,12.6899995803833
2023-11-29,37818.88,38450.0,37570.0,37854.64,32994.19107,50.58,52.37,50.33,51.9,4571.83984375,4587.64013671875,4547.14990234375,4550.580078125,4418760000,12.710000038146973,13.100000381469728,12.479999542236328,12.979999542236328
2023-11-30,37854.65,38145.85,37500.0,37723.96,24740.29147,51.9,52.79,49.64,49.8,4554.8701171875,4569.89013671875,4537.240234375,4567.7998046875,5399300000,13.06999969482422,13.390000343322754,12.81999969482422,12.920000076293944
2023-12-01,37723.97,38999.0,37615.86,38682.52,43415.66324,49.8,52.41,49.61,51.46,4559.43017578125,4599.39013671875,4554.7099609375,4594.6298828125,4397120000,12.9399995803833,12.960000038146973,12.479999542236328,12.630000114440918
2023-12-04,39972.26,42420.0,39972.26,41991.1,79272.33059,54.72,55.85,53.55,55.09,4564.3701171875,4572.3701171875,4546.72021484375,4569.77978515625,4369910000,13.279999732971191,13.699999809265137,12.979999542236328,13.079999923706056
2023-12-05,41991.1,44488.0,41414.0,44073.32,67490.74644,55.09,55.72,53.08,55.71,4557.25,4578.56005859375,4551.68017578125,4567.18017578125,3909950000,13.260000228881836,13.760000228881836,12.8100004196167,12.850000381469728
2023-12-06,44073.82,44297.21,43335.28,43762.69,51431.10492,55.71,57.1,53.51,53.71,4586.22998046875,4590.740234375,4546.5,4549.33984375,4245680000,12.779999732971191,13.029999732971191,12.640000343322754,12.970000267028809
2023-12-07,43762.69,44047.33,42821.1,43273.14,47103.26845,53.71,54.02,52.29,52.4,4568.83984375,4590.919921875,4565.22021484375,4585.58984375,3818880000,13.170000076293944,13.279999732971191,12.949999809265137,13.0600004196167
2023-12-08,43273.15,44700.0,43081.1,44170.99,42900.37556,52.4,53.83,51.89,53.72,4576.2001953125,4609.22998046875,4574.06005859375,4604.3701171875,3707010000,13.140000343322754,13.239999771118164,12.350000381469728,12.350000381469728
2023-12-11,43789.5,43804.5,40222.0,41253.4,76663.89804,55.03,58.92,54.25,55.59,4593.39013671875,4623.7099609375,4593.39013671875,4622.43994140625,3823210000,13.050000190734863,13.140000343322754,12.609999656677246,12.630000114440918
2023-12-12,41253.41,42104.12,40680.0,41492.39,42722.69773,53.83,54.73,53.46,53.87,4618.2998046875,4643.93017578125,4608.08984375,4643.7001953125,3808380000,12.6899995803833,12.739999771118164,11.8100004196167,12.06999969482422
2023-12-13,41492.38,43475.2,40555.0,42869.03,45865.99773,53.87,54.77,52.95,53.46,4646.2001953125,4709.68994140625,4643.22998046875,4707.08984375,5063650000,12.199999809265137,12.460000038146973,11.81999969482422,12.1899995803833
2023-12-14,42869.03,43420.0,41400.0,43022.26,42047.05709,53.46,54.07,52.32,53.13,4721.0400390625,4738.56982421875,4694.33984375,4719.5498046875,6314040000,11.960000038146973,12.739999771118164,11.84000015258789,12.479999542236328
2023-12-15,43022.26,43080.81,41666.0,41940.3,33421.7932,53.13,54.9,52.53,54.15,4714.22998046875,4725.52978515625,4704.68994140625,4719.18994140625,8218980000,12.119999885559082,12.539999961853027,12.010000228881836,12.279999732971191
2023-12-18,41374.64,42757.81,40542.93,42657.8,46734.0925,54.6,56.22,54.17,56.02,4725.580078125,4749.52001953125,4725.580078125,4740.56005859375,4060340000,12.619999885559082,12.640000343322754,12.399999618530272,12.5600004196167
2023-12-19,42657.8,43497.0,41811.1,42275.99,40927.86444,56.02,57.67,56.02,57.62,4743.72021484375,4768.68994140625,4743.72021484375,4768.3701171875,4026970000,12.600000381469728,12.600000381469728,12.329999923706056,12.529999732971191
2023-12-20,42275.99,44283.0,42206.0,43668.93,48710.2947,57.62,58.86,56.99,58.1,4764.72998046875,4778.009765625,4697.81982421875,4698.35009765625,4201320000,12.630000114440918,13.93000030517578,12.289999961853027,13.670000076293944
2023-12-21,43668.92,44242.35,43286.72,43861.8,34624.29384,57.24,59.09,57.24,58.63,4724.2900390625,4748.7099609375,4708.35009765625,4746.75,3431180000,13.399999618530272,14.489999771118164,13.34000015258789,13.649999618530272
2023-12-22,43861.79,44398.26,43412.54,43969.04,32783.19638,58.63,59.04,56.86,57.24,4753.919921875,4772.93994140625,4736.77001953125,4754.6298828125,3046770000,13.720000267028809,13.960000038146973,13.0,13.029999732971191
2023-12-26,43576.12,43592.68,41637.6,42508.93,41010.04282,58.26,60.13,57.62,59.98,4758.85986328125,4784.72021484375,4758.4501953125,4774.75,2513910000,13.770000457763672,13.800000190734863,12.960000038146973,12.989999771118164
2023-12-27,42508.93,43677.0,42098.69,43428.85,36191.21136,59.98,64.6,59.69,64.35,4773.4501953125,4785.39013671875,4768.89990234375,4781.580078125,2748450000,13.020000457763672,13.039999961853027,12.369999885559082,12.43000030517578
2023-12-28,43428.86,43787.57,42241.79,42563.76,35150.52485,64.35,64.94,62.5,63.75,4786.43994140625,4793.2998046875,4780.97998046875,4783.35009765625,2698860000,12.4399995803833,12.649999618530272,12.380000114440918,12.470000267028809
2023-12-29,42563.76,43111.0,41300.0,42066.95,42597.18912,63.75,64.26,61.38,62.5,4782.8798828125,4788.43017578125,4751.990234375,4769.830078125,3126060000,12.550000190734863,13.1899995803833,12.359999656677246,12.449999809265137
2024-01-02,44179.55,45879.63,44148.34,44946.91,65146.40661,66.81,68.04,63.73,63.75,4745.2001953125,4754.330078125,4722.669921875,4742.830078125,3743050000,13.220000267028809,14.229999542236328,13.100000381469728,13.199999809265137
2024-01-03,44946.91,45500.0,40750.0,42845.23,81194.55173,63.75,67.12,62.13,65.17,4725.06982421875,4729.2900390625,4699.7099609375,4704.81005859375,3950760000,13.350000381469728,14.220000267028809,13.329999923706056,14.039999961853027
2024-01-04,42845.23,44729.58,42613.77,44151.1,48038.06334,65.17,66.59,63.74,65.34,4697.419921875,4726.77978515625,4687.52978515625,4688.68017578125,3715480000,13.93000030517578,14.199999809265137,13.640000343322754,14.130000114440918
2024-01-05,44151.1,44357.46,42450.0,44145.11,48075.25327,65.34,68.25,65.27,67.64,4690.56982421875,4721.490234375,4682.10986328125,4697.240234375,3844370000,14.239999771118164,14.579999923706056,13.289999961853027,13.350000381469728
2024-01-08,43929.01,47248.99,43175.0,46951.04,72814.57589,71.81,73.59,67.15,67.16,4703.7001953125,4764.5400390625,4699.81982421875,4763.5400390625,3742320000,14.0,14.18000030517578,13.020000457763672,13.079999923706056
2024-01-09,46951.04,47972.0,44748.67,46110.0,69927.66617,67.16,67.48,63.68,64.17,4741.93017578125,4765.47021484375,4730.35009765625,4756.5,3529960000,13.199999809265137,13.449999809265137,12.739999771118164,12.760000228881836
2024-01-10,46110.0,47695.93,44300.36,46653.99,89911.41203,64.17,68.04,61.79,62.7,4759.93994140625,4790.7998046875,4756.2001953125,4783.4501953125,3498680000,12.859999656677246,12.949999809265137,12.670000076293944,12.6899995803833
2024-01-11,46654.0,48969.48,45606.06,46339.16,87470.3296,62.7,63.25,57.3,57.3,4792.1298828125,4798.5,4739.580078125,4780.240234375,3759890000,12.640000343322754,13.3100004196167,12.350000381469728,12.4399995803833
2024-01-12,46339.16,46515.53,41500.0,42782.73,86327.93707,57.3,58.36,54.8,57.42,4791.18017578125,4802.39990234375,4768.97998046875,4783.830078125,3486340000,12.65999984741211,13.079999923706056,12.470000267028809,12.699999809265137
2024-01-16,42511.1,43578.01,42050.0,43137.95,45045.74589,56.2,56.5,54.0,55.16,4772.35009765625,4782.33984375,4747.1201171875,4765.97998046875,4260550000,14.119999885559082,14.350000381469728,13.520000457763672,13.84000015258789
2024-01-17,43137.94,43198.0,42200.69,42776.1,33266.21388,55.16,55.19,50.79,50.79,4739.1298828125,4744.22998046875,4714.81982421875,4739.2099609375,3928600000,14.59000015258789,15.399999618530272,14.380000114440918,14.789999961853027
2024-01-18,42776.09,42930.0,40683.28,41327.5,43907.51641,50.79,50.79,46.81,48.31,4760.10009765625,4785.7900390625,4740.56982421875,4780.93994140625,4019000000,14.850000381469728,14.890000343322754,13.890000343322754,14.130000114440918
2024-01-19,41327.51,42196.86,40280.0,41659.03,48342.74559,48.3,48.7,45.9,48.04,4796.27978515625,4842.06982421875,4785.8701171875,4839.81005859375,4287200000,13.800000190734863,14.579999923706056,13.279999732971191,13.300000190734863
2024-01-22,41580.32,41689.65,39431.58,39568.02,55426.19911,47.82,49.04,47.24,48.98,4853.419921875,4868.41015625,4844.0498046875,4850.43017578125,4297610000,13.770000457763672,13.84000015258789,13.170000076293944,13.1899995803833
2024-01-23,39568.02,40176.74,38555.0,39897.6,57956.63351,48.98,53.2,46.88,49.59,4856.7998046875,4866.47998046875,4844.3701171875,4864.60009765625,3912800000,13.199999809265137,13.289999961853027,12.529999732971191,12.550000190734863
2024-01-24,39897.59,40555.0,39484.19,40084.88,39293.82861,49.59,50.23,47.19,47.54,4888.56005859375,4903.68017578125,4865.93994140625,4868.5498046875,4330030000,12.65999984741211,13.18000030517578,12.40999984741211,13.140000343322754
2024-01-25,40084.89,40300.24,39550.0,39961.09,31022.11853,47.54,47.71,44.6,45.01,4886.66015625,4898.14990234375,4869.33984375,4894.16015625,4020430000,13.18000030517578,13.579999923706056,13.0600004196167,13.449999809265137
2024-01-26,39961.09,42246.82,39822.52,41823.51,47384.96726,45.01,45.64,43.34,43.73,4888.91015625,4906.68994140625,4881.47021484375,4890.97021484375,3353400000,13.729999542236328,14.100000381469728,13.199999809265137,13.260000228881836
2024-01-29,42031.05,43333.0,41804.88,43302.7,31542.74207,45.25,46.33,44.18,45.36,4892.9501953125,4929.31005859375,4887.39990234375,4927.93017578125,3525160000,13.979999542236328,15.350000381469728,13.59000015258789,13.600000381469728
2024-01-30,43302.71,43882.36,42683.99,42941.1,37619.24546,45.36,47.29,45.25,46.91,4925.89013671875,4931.08984375,4916.27001953125,4924.97021484375,3836130000,13.6899995803833,13.739999771118164,13.229999542236328,13.3100004196167
2024-01-31,42941.1,43745.11,42276.84,42580.0,39871.13688,46.91,47.19,45.77,45.79,4899.18994140625,4906.75,4845.14990234375,4845.64990234375,4696120000,13.420000076293944,14.609999656677246,13.18000030517578,14.350000381469728
2024-02-01,42580.0,43285.13,41884.28,43082.94,35231.04664,45.79,46.07,44.32,44.76,4861.10986328125,4906.97021484375,4853.52001953125,4906.18994140625,4386090000,14.210000038146973,14.630000114440918,13.869999885559082,13.880000114440918
2024-02-02,43082.95,43488.0,42546.79,43200.0,29672.14418,44.76,45.25,42.27,42.41,4916.06005859375,4975.2900390625,4907.990234375,4958.60986328125,3974350000,13.949999809265137,14.229999542236328,13.390000343322754,13.850000381469728
2024-02-05,42582.88,43569.76,42258.1,42708.7,29467.75905,42.69,43.34,41.78,42.37,4957.18994140625,4957.18994140625,4918.08984375,4942.81005859375,4023640000,14.369999885559082,14.529999732971191,13.579999923706056,13.670000076293944
2024-02-06,42708.7,43399.98,42574.0,43098.95,24675.85433,42.37,43.58,41.83,42.87,4950.16015625,4957.77001953125,4934.8798828125,4954.22998046875,4440880000,13.56999969482422,13.779999732971191,12.979999542236328,13.0600004196167
2024-02-07,43098.96,44396.5,42788.0,44349.6,34392.59915,42.87,44.09,41.81,43.82,4973.0498046875,4999.89013671875,4969.0498046875,4995.06005859375,4895590000,13.0600004196167,13.130000114440918,12.8100004196167,12.829999923706056
2024-02-08,44349.6,45614.3,44331.1,45288.65,45439.62231,43.82,46.07,43.81,44.91,4995.16015625,5000.39990234375,4987.08984375,4997.91015625,4341860000,12.949999809265137,13.170000076293944,12.739999771118164,12.789999961853027
2024-02-09,45288.66,48200.0,45242.12,47132.77,73503.481,44.91,48.67,44.74,47.79,5004.169921875,5030.06005859375,5000.33984375,5026.60986328125,3912990000,12.789999961853027,13.010000228881836,12.6899995803833,12.93000030517578
2024-02-12,48300.0,50334.82,47710.01,49917.27,59009.96705,51.29,55.53,50.27,54.28,5026.830078125,5048.39013671875,5016.830078125,5021.83984375,3805740000,13.479999542236328,13.9399995803833,13.34000015258789,13.93000030517578
2024-02-13,49917.28,50368.61,48300.95,49699.59,55551.56706,54.56,55.31,52.1,52.19,4967.93994140625,4971.2998046875,4920.31005859375,4953.169921875,4302190000,13.960000038146973,17.940000534057617,13.43000030517578,15.850000381469728
2024-02-14,49699.6,52043.71,49225.01,51795.17,57046.37401,52.19,56.44,51.72,55.13,4976.43994140625,5002.52001953125,4956.4501953125,5000.6201171875,3845600000,15.380000114440918,15.470000267028809,14.220000267028809,14.380000114440918
2024-02-15,51795.17,52816.62,51314.0,51880.0,53816.03055,55.13,57.37,54.38,55.08,5003.14013671875,5032.72021484375,4999.43994140625,5029.72998046875,4137970000,14.270000457763672,14.640000343322754,13.9399995803833,14.010000228881836
2024-02-16,51880.01,52572.08,51566.0,52124.11,37772.25318,55.08,55.9,54.05,55.24,5031.1298828125,5038.7001953125,4999.52001953125,5005.56982421875,3833270000,13.9399995803833,14.710000038146973,13.75,14.239999771118164
2024-02-20,51774.74,52985.0,50760.37,52258.82,49614.47318,56.83,57.83,55.59,55.63,4989.31982421875,4993.7099609375,4955.02001953125,4975.509765625,4034880000,15.09000015258789,15.90999984741211,15.06999969482422,15.420000076293944
2024-02-21,52258.82,52366.8,50625.0,51849.39,43079.40049,55.63,55.63,53.1,54.01,4963.02978515625,4983.2099609375,4946.0,4981.7998046875,3788390000,15.539999961853027,16.1200008392334,15.220000267028809,15.34000015258789
2024-02-22,51849.38,52065.78,50940.78,51288.42,35309.44574,54.01,55.76,52.89,55.38,5038.830078125,5094.39013671875,5038.830078125,5087.02978515625,4051710000,14.279999732971191,14.640000343322754,14.119999885559082,14.539999961853027
2024-02-23,51288.42,51548.54,50521.0,50744.15,30545.79544,55.38,55.54,51.54,52.23,5100.919921875,5111.06005859375,5081.4599609375,5088.7998046875,3672790000,14.3100004196167,14.3100004196167,13.640000343322754,13.75
2024-02-26,51728.85,54910.0,50901.44,54476.47,51256.72199,55.17,57.09,54.46,56.05,5093.0,5097.66015625,5068.91015625,5069.52978515625,3683930000,14.170000076293944,14.199999809265137,13.65999984741211,13.739999771118164
2024-02-27,54476.48,57588.15,54450.13,57037.34,67194.98562,56.05,62.57,56.05,58.36,5074.60009765625,5080.68994140625,5057.2900390625,5078.18017578125,3925950000,13.630000114440918,13.75,13.40999984741211,13.43000030517578
2024-02-28,57037.35,64000.0,56691.85,62432.1,118763.46984,58.36,73.6,54.99,67.76,5067.2001953125,5077.3701171875,5058.35009765625,5069.759765625,3789370000,13.520000457763672,13.899999618530272,13.4399995803833,13.84000015258789
2024-02-29,62432.11,63676.35,60364.7,61130.98,78425.07603,67.76,73.2,65.32,65.54,5085.35986328125,5104.990234375,5061.89013671875,5096.27001953125,5219740000,14.140000343322754,14.149999618530272,13.300000190734863,13.399999618530272
2024-03-01,61130.99,63114.23,60777.0,62387.9,47737.93473,65.54,66.45,63.23,65.37,5098.509765625,5140.330078125,5094.16015625,5137.080078125,4748110000,13.34000015258789,13.65999984741211,13.079999923706056,13.109999656677246
2024-03-04,63113.97,68499.0,62300.0,68245.71,84835.16005,71.71,78.68,70.73,74.81,5130.990234375,5149.669921875,5127.18017578125,5130.9501953125,4758440000,13.489999771118164,13.579999923706056,13.31999969482422,13.489999771118164
2024-03-05,68245.71,69000.0,59005.0,63724.01,132696.7813,74.81,77.17,73.14,73.19,5110.52001953125,5114.5400390625,5056.81982421875,5078.64990234375,4418410000,13.75,15.100000381469728,13.75,14.460000038146973
2024-03-06,63724.01,67641.1,62779.14,66074.04,78738.85491,73.19,77.52,70.88,74.85,5108.02978515625,5127.97021484375,5092.22021484375,5104.759765625,4559050000,14.270000457763672,14.93000030517578,13.890000343322754,14.5
2024-03-07,66074.04,67980.0,65551.0,66823.17,53059.8869,74.85,75.08,69.68,69.68,5132.3798828125,5165.6201171875,5128.2099609375,5157.35986328125,4137980000,14.979999542236328,14.979999542236328,14.25,14.4399995803833
2024-03-08,66823.18,69990.0,66082.66,68124.19,74261.932842,69.68,76.0,68.52,71.87,5164.4599609375,5189.259765625,5117.5,5123.68994140625,4208870000,14.220000267028809,15.529999732971191,13.970000267028809,14.739999771118164
2024-03-11,68955.88,72800.0,67024.96,72078.1,75292.825726,80.12,85.28,77.26,83.02,5111.9599609375,5124.66015625,5091.14013671875,5117.93994140625,3896430000,15.510000228881836,16.040000915527344,15.130000114440918,15.220000267028809
2024-03-12,72078.1,73000.0,68620.82,71452.01,68783.546691,83.02,83.03,76.37,78.08,5134.2998046875,5179.8701171875,5114.47998046875,5175.27001953125,4080510000,14.970000267028809,15.199999809265137,13.8100004196167,13.84000015258789
2024-03-13,71452.0,73650.25,71333.31,73072.41,52659.711647,78.08,81.86,77.19,77.5,5173.490234375,5179.14013671875,5151.8798828125,5165.31005859375,4282890000,13.890000343322754,14.039999961853027,13.670000076293944,13.75
2024-03-14,73072.4,73777.0,68555.0,71388.94,71757.628746,77.5,77.9,73.09,74.58,5175.14013671875,5176.85009765625,5123.2998046875,5150.47998046875,4687970000,13.619999885559082,15.329999923706056,13.420000076293944,14.399999618530272
2024-03-15,71388.94,72419.71,65600.0,69499.85,103334.03546,74.58,78.25,73.22,76.7,5123.31005859375,5136.85986328125,5104.35009765625,5117.08984375,7753670000,14.329999923706056,15.529999732971191,14.140000343322754,14.40999984741211
2024-03-18,68393.47,68956.0,66565.2,67609.99,55691.08088,75.93,77.81,73.26,74.08,5154.77001953125,5175.60009765625,5145.47021484375,5149.419921875,4036220000,14.75,14.850000381469728,14.260000228881836,14.329999923706056
2024-03-19,67610.0,68124.11,61555.0,61937.4,101005.32487,74.08,76.61,71.35,76.61,5139.08984375,5180.31005859375,5131.58984375,5178.509765625,4031760000,14.5,14.859999656677246,13.800000190734863,13.81999969482422
2024-03-20,61937.41,68100.0,60775.0,67840.51,90420.58592,76.61,79.78,75.28,77.73,5181.68994140625,5226.18994140625,5171.5498046875,5224.6201171875,4064850000,13.829999923706056,14.170000076293944,13.010000228881836,13.039999961853027
2024-03-21,67840.51,68240.47,64529.01,65501.27,53357.48002,77.73,78.12,74.29,75.26,5253.43017578125,5261.10009765625,5240.66015625,5241.52978515625,4207730000,12.979999542236328,13.079999923706056,12.399999618530272,12.920000076293944
2024-03-22,65501.28,66649.62,62260.0,63796.64,51482.37821,75.26,75.55,71.72,72.46,5242.47998046875,5246.08984375,5229.8701171875,5234.18017578125,3374700000,12.920000076293944,13.149999618530272,12.579999923706056,13.0600004196167
2024-03-25,67210.0,71150.0,66385.06,69880.01,53431.14486,72.62,77.0,72.45,76.25,5219.52001953125,5229.08984375,5216.08984375,5218.18994140625,3331360000,13.670000076293944,13.670000076293944,13.109999656677246,13.1899995803833
2024-03-26,69880.0,71561.1,69280.0,69988.0,38934.38417,76.25,76.63,75.13,75.39,5228.85009765625,5235.16015625,5203.419921875,5203.580078125,3871790000,13.119999885559082,13.43000030517578,12.84000015258789,13.239999771118164
2024-03-27,69987.99,71769.54,68359.18,69469.99,49119.35685,75.39,76.52,74.11,75.78,5226.31005859375,5249.259765625,5213.919921875,5248.490234375,3850500000,13.130000114440918,13.34000015258789,12.65999984741211,12.779999732971191
2024-03-28,69469.99,71552.06,68903.62,70780.6,35439.03239,75.78,77.25,75.57,76.53,5248.02978515625,5264.85009765625,5245.81982421875,5254.35009765625,3998270000,12.93000030517578,13.100000381469728,12.84000015258789,13.010000228881836
2024-04-01,71280.0,71288.23,68062.86,69649.8,41445.32039,76.64,76.83,73.49,73.81,5257.97021484375,5263.9501953125,5229.2001953125,5243.77001953125,3325930000,13.609999656677246,14.149999618530272,13.550000190734863,13.649999618530272
2024-04-02,69649.81,69674.23,64550.0,65463.99,71799.82793,73.81,75.34,73.58,74.37,5204.2900390625,5208.33984375,5184.0498046875,5205.81005859375,3886590000,13.739999771118164,15.43000030517578,13.68000030517578,14.609999656677246
2024-04-03,65463.99,66903.63,64493.07,65963.28,39887.21778,74.38,74.72,72.15,72.45,5194.3701171875,5228.75,5194.3701171875,5211.490234375,3703250000,15.0,15.18000030517578,14.25,14.329999923706056
2024-04-04,65963.27,69309.91,65064.52,68487.79,41510.48453,72.45,72.73,69.99,72.31,5244.0498046875,5256.58984375,5146.06005859375,5147.2099609375,4075680000,14.289999961853027,16.920000076293945,13.739999771118164,16.350000381469727
2024-04-05,68487.8,68756.67,65952.56,67820.62,37915.23073,72.31,73.54,71.68,71.96,5158.9501953125,5222.18017578125,5157.2099609375,5204.33984375,3386780000,16.450000762939453,16.75,15.529999732971191,16.030000686645508
2024-04-08,69360.38,72797.99,69043.24,71620.0,45723.87624,77.43,79.77,74.72,76.25,5211.3701171875,5219.56982421875,5197.35009765625,5202.39013671875,3278180000,16.239999771118164,16.5,15.109999656677246,15.1899995803833
2024-04-09,71620.0,71758.19,68210.0,69146.0,39293.90242,76.25,76.3,73.68,73.69,5217.02978515625,5224.81005859375,5160.77978515625,5209.91015625,3400680000,15.34000015258789,16.6299991607666,14.9399995803833,14.979999542236328
2024-04-10,69146.0,71172.08,67518.0,70631.08,42006.02377,73.69,74.1,72.12,72.32,5167.8798828125,5178.43017578125,5138.7001953125,5160.64013671875,3845930000,15.239999771118164,16.6200008392334,14.59000015258789,15.800000190734863
2024-04-11,70631.08,71305.89,69567.21,70006.23,31917.25595,72.32,72.36,68.23,68.42,5172.9501953125,5211.77978515625,5138.77001953125,5199.06005859375,3509380000,16.020000457763672,17.610000610351562,14.90999984741211,14.90999984741211
2024-04-12,70006.22,71227.46,65086.86,67116.52,56072.86229,68.42,68.76,65.71,66.94,5171.509765625,5175.02978515625,5107.93994140625,5123.41015625,3963220000,14.90999984741211,19.200000762939453,14.90999984741211,17.309999465942383
2024-04-15,65661.85,66867.07,62274.4,63419.99,52389.53069,71.99,72.97,68.4,70.48,5149.669921875,5168.43017578125,5052.47021484375,5061.81982421875,3950210000,16.940000534057617,19.459999084472656,16.260000228881836,19.229999542236328
2024-04-16,63419.99,64365.0,61600.0,63793.39,53435.29331,70.48,73.61,70.38,70.88,5064.58984375,5079.83984375,5039.830078125,5051.41015625,4006200000,19.489999771118164,19.559999465942383,17.639999389648438,18.399999618530273
2024-04-17,63793.4,64499.0,59678.16,61277.37,50610.54509,70.88,71.79,67.83,70.72,5068.97021484375,5077.9599609375,5007.25,5022.2099609375,3596130000,18.239999771118164,19.11000061035156,17.540000915527344,18.209999084472656
2024-04-18,61277.38,64117.09,60803.35,63470.08,43601.60918,70.72,71.22,67.89,69.98,5031.52001953125,5056.66015625,5001.89013671875,5011.1201171875,3619760000,17.90999984741211,18.3700008392334,17.209999084472656,18.0
2024-04-19,63470.09,65450.0,59600.01,63818.01,69774.30271,69.98,73.06,68.88,70.4,5005.43994140625,5019.02001953125,4953.56005859375,4967.22998046875,3878750000,21.329999923706055,21.36000061035156,18.170000076293945,18.709999084472656
2024-04-22,64941.15,67232.35,64500.0,66819.32,31397.99371,72.05,72.06,69.1,69.37,4987.330078125,5038.83984375,4969.39990234375,5010.60009765625,3820250000,18.59000015258789,18.719999313354492,16.690000534057617,16.940000534057617
2024-04-23,66819.32,67183.01,65765.81,66414.0,22599.90004,69.37,69.42,64.11,64.16,5028.85009765625,5076.1201171875,5027.9599609375,5070.5498046875,3751400000,16.719999313354492,16.760000228881836,15.6899995803833,15.6899995803833
2024-04-24,66414.0,67070.43,63606.06,64289.59,33595.69637,64.16,66.04,62.39,62.44,5084.85986328125,5089.47998046875,5047.02001953125,5071.6298828125,3656740000,15.760000228881836,16.3799991607666,15.579999923706056,15.970000267028809
2024-04-25,64289.58,65297.94,62794.0,64498.34,31341.46338,62.44,62.44,57.82,59.29,5019.8798828125,5057.75,4990.580078125,5048.419921875,3958050000,16.25,17.549999237060547,15.270000457763672,15.369999885559082
2024-04-26,64498.33,64820.01,63297.48,63770.01,27085.19346,59.29,59.43,54.23,55.12,5084.64990234375,5114.6201171875,5073.14013671875,5099.9599609375,3604140000,15.489999771118164,16.059999465942383,14.920000076293944,15.029999732971191
2024-04-29,63118.62,64228.35,61765.53,63866.0,28150.22947,56.79,56.92,55.09,55.33,5114.1298828125,5123.490234375,5088.64990234375,5116.169921875,3447450000,15.369999885559082,15.420000076293944,14.630000114440918,14.670000076293944
2024-04-30,63866.0,64734.0,59191.6,60672.0,54947.65535,55.33,62.84,52.22,59.81,5103.77978515625,5110.830078125,5035.31005859375,5035.68994140625,4082470000,14.81999969482422,15.899999618530272,14.670000076293944,15.649999618530272
2024-05-01,60672.01,60841.63,56552.82,58364.97,81166.46823,59.81,63.57,58.29,61.22,5029.02978515625,5096.1201171875,5013.4501953125,5018.39013671875,4544170000,15.75,16.219999313354492,14.350000381469728,15.390000343322754
2024-05-02,58364.97,59625.0,56911.84,59060.61,47583.81961,61.22,62.23,55.84,56.77,5049.31982421875,5073.2099609375,5011.0498046875,5064.2001953125,4381660000,15.140000343322754,16.09000015258789,14.600000381469728,14.68000030517578
2024-05-03,59060.6,63333.0,58811.32,62882.01,43628.40143,56.77,57.08,54.3,55.88,5122.77978515625,5139.1201171875,5101.22021484375,5127.7900390625,3924990000,14.510000228881836,14.579999923706056,13.479999542236328,13.489999771118164
2024-05-06,64012.0,65500.0,62700.0,63165.19,34674.91949,58.65,59.08,55.56,55.57,5142.419921875,5181.0,5142.419921875,5180.740234375,3683250000,13.979999542236328,14.020000457763672,13.4399995803833,13.489999771118164
2024-05-07,63165.18,64422.41,62261.0,62312.08,25598.79472,55.57,56.04,53.72,53.76,5187.2001953125,5200.22998046875,5178.9599609375,5187.7001953125,3987890000,13.520000457763672,13.640000343322754,13.15999984741211,13.229999542236328
2024-05-08,62312.07,63020.22,60888.0,61193.03,26121.19004,53.76,55.49,52.28,55.43,5168.97998046875,5191.9501953125,5165.85986328125,5187.669921875,3842100000,13.239999771118164,13.510000228881836,12.9399995803833,13.0
2024-05-09,61193.03,63429.03,60630.0,63074.01,30660.8061,55.43,55.48,52.15,52.17,5189.02978515625,5215.2998046875,5180.41015625,5214.080078125,3727370000,13.079999923706056,13.289999961853027,12.68000030517578,12.6899995803833
2024-05-10,63074.0,63469.13,60187.12,60799.99,36529.34025,52.17,55.02,50.76,54.27,5225.490234375,5239.66015625,5209.68017578125,5222.68017578125,3617900000,12.770000457763672,12.960000038146973,12.5,12.550000190734863
2024-05-13,61484.0,63450.0,60749.21,62940.08,32733.41839,54.52,57.73,54.4,56.13,5233.080078125,5237.259765625,5211.16015625,5221.419921875,4255710000,13.260000228881836,13.65999984741211,13.25,13.600000381469728
2024-05-14,62940.09,63118.36,61142.77,61577.49,29088.72041,56.13,57.09,55.61,56.23,5221.10009765625,5250.3701171875,5217.97998046875,5246.68017578125,4763580000,13.710000038146973,14.029999732971191,13.270000457763672,13.420000076293944
2024-05-15,61577.49,66444.16,61319.47,66206.5,43559.74719,56.23,60.82,55.67,58.61,5263.259765625,5311.759765625,5263.259765625,5308.14990234375,4360810000,13.729999542236328,13.9399995803833,12.380000114440918,12.449999809265137
2024-05-16,66206.51,66752.01,64602.77,65235.21,31106.3671,58.61,58.72,57.24,57.49,5310.06982421875,5325.490234375,5296.18994140625,5297.10009765625,3817470000,12.520000457763672,12.670000076293944,12.329999923706056,12.420000076293944
2024-05-17,65235.21,67451.2,65106.38,67024.0,26292.23409,57.49,57.67,54.81,55.26,5303.10009765625,5305.4501953125,5283.58984375,5303.27001953125,3578120000,12.279999732971191,12.479999542236328,11.90999984741211,11.989999771118164
2024-05-20,66274.0,71515.56,66060.31,71446.62,50816.7011,57.32,61.94,56.76,61.94,5305.35009765625,5325.31982421875,5302.39990234375,5308.1298828125,3420100000,12.270000457763672,12.59000015258789,12.06999969482422,12.149999618530272
2024-05-21,71446.62,71979.0,69162.94,70148.34,49607.4336,61.94,62.13,58.18,58.59,5298.68994140625,5324.31982421875,5297.8701171875,5321.41015625,3662240000,12.300000190734863,12.5600004196167,11.84000015258789,11.859999656677246
2024-05-22,70148.34,70666.0,68842.19,69166.62,27673.18026,58.59,59.7,55.95,56.8,5319.27978515625,5323.18017578125,5286.009765625,5307.009765625,3847130000,12.050000190734863,12.8100004196167,11.779999732971191,12.289999961853027
2024-05-23,69166.62,70096.12,66312.16,67969.65,40513.17374,56.8,56.86,53.16,53.18,5340.259765625,5341.8798828125,5256.93017578125,5267.83984375,3869520000,11.529999732971191,13.369999885559082,11.520000457763672,12.770000457763672
2024-05-24,67969.66,69250.0,66600.12,68549.99,28095.83664,53.18,53.29,51.0,52.29,5281.4501953125,5311.64990234375,5278.39013671875,5304.72021484375,3005510000,12.859999656677246,12.890000343322754,11.890000343322754,11.93000030517578
2024-05-28,69436.43,69591.81,67277.91,68398.39,32622.97042,53.91,55.85,52.89,54.76,5315.91015625,5315.91015625,5280.89013671875,5306.0400390625,3751540000,12.510000228881836,13.4399995803833,12.359999656677246,12.920000076293944
2024-05-29,68398.4,68935.68,67124.65,67652.42,23159.83149,54.76,55.13,52.85,53.24,5278.72998046875,5282.27001953125,5262.7001953125,5266.9501953125,3552750000,13.75,14.31999969482422,13.6899995803833,14.279999732971191
2024-05-30,67652.41,69500.0,67128.0,68352.17,28478.2184,53.24,53.57,52.13,53.27,5259.77001953125,5260.2099609375,5222.10009765625,5235.47998046875,3818750000,14.81999969482422,14.880000114440918,13.670000076293944,14.470000267028809
2024-05-31,68352.17,69044.1,66670.0,67540.01,26690.32184,53.27,53.27,50.23,51.99,5243.2099609375,5280.330078125,5191.68017578125,5277.509765625,5437160000,14.5,14.869999885559082,12.84000015258789,12.920000076293944
2024-06-03,67765.62,70288.0,67612.48,68809.9,29633.374,51.11,53.78,50.9,52.77,5297.14990234375,5302.10986328125,5234.31982421875,5283.39990234375,4046920000,13.079999923706056,14.3100004196167,13.0,13.109999656677246
2024-06-04,68809.89,71063.45,68567.32,70537.84,29619.78489,51.71,54.77,51.52,53.95,5278.240234375,5298.7998046875,5257.6298828125,5291.33984375,3707900000,13.510000228881836,14.079999923706056,13.109999656677246,13.15999984741211
2024-06-05,70537.83,71758.0,70383.66,71108.0,28703.18082,53.95,57.13,53.94,55.62,5314.47998046875,5354.16015625,5297.64013671875,5354.02978515625,3591460000,13.140000343322754,13.25,12.600000381469728,12.630000114440918
2024-06-06,71108.0,71700.0,70117.64,70799.06,21842.00449,55.62,55.72,51.81,51.87,5357.7998046875,5362.35009765625,5335.35986328125,5352.9599609375,3609990000,12.75,12.979999542236328,12.539999961853027,12.579999923706056
2024-06-07,70799.06,71997.02,68420.0,69355.6,35598.45045,51.87,54.27,50.02,50.02,5343.81005859375,5375.080078125,5331.330078125,5346.990234375,3692760000,12.6899995803833,13.079999923706056,12.109999656677246,12.220000267028809
2024-06-10,69648.15,70195.94,69172.29,69540.0,17122.66941,51.79,52.16,50.79,50.88,5341.22021484375,5365.7900390625,5331.52001953125,5360.7900390625,3622280000,13.09000015258789,13.279999732971191,12.619999885559082,12.739999771118164
2024-06-11,69540.0,69590.01,66051.0,67314.24,41436.01588,50.88,53.05,50.44,52.49,5353.0,5375.9501953125,5327.25,5375.31982421875,3568030000,12.850000381469728,13.470000267028809,12.779999732971191,12.850000381469728
2024-06-12,67314.23,69999.0,66905.0,68263.99,37175.32356,52.49,53.9,50.51,50.56,5409.1298828125,5447.25,5409.1298828125,5421.02978515625,3962840000,13.100000381469728,13.149999618530272,11.9399995803833,12.039999961853027
2024-06-13,68263.98,68449.3,66251.78,66773.01,29079.55571,50.56,50.65,48.57,49.23,5441.93017578125,5441.93017578125,5402.509765625,5433.740234375,3530380000,12.050000190734863,12.68000030517578,11.880000114440918,11.9399995803833
2024-06-14,66773.01,67370.24,65078.0,66043.99,28408.18797,49.23,49.87,47.45,48.56,5424.080078125,5432.39013671875,5403.75,5431.60009765625,3438650000,12.220000267028809,13.449999809265137,12.119999885559082,12.65999984741211
2024-06-17,66676.86,67298.81,65130.0,66504.33,27386.16851,47.9,49.55,47.9,48.81,5431.10986328125,5488.5,5420.39990234375,5473.22998046875,3447840000,13.06999969482422,13.289999961853027,12.5,12.75
2024-06-18,66504.33,66588.23,64060.0,65175.32,42350.10244,48.81,50.52,48.33,50.06,5476.14990234375,5490.3798828125,5471.31982421875,5487.02978515625,3544330000,12.699999809265137,12.739999771118164,12.239999771118164,12.300000190734863
2024-06-20,64974.37,66482.94,64559.15,64869.99,24265.29031,48.6,49.39,48.28,48.28,5499.990234375,5505.52978515625,5455.56005859375,5473.169921875,3847060000,12.5,13.550000190734863,12.18000030517578,13.279999732971191
2024-06-21,64869.99,65066.66,63379.35,64143.56,25993.56442,48.28,48.4,46.25,47.11,5466.77001953125,5478.31005859375,5452.02978515625,5464.6201171875,6773800000,13.220000267028809,13.779999732971191,12.989999771118164,13.199999809265137
2024-06-24,63210.01,63369.8,58402.0,60293.3,52161.35414,49.32,53.06,49.13,50.96,5459.580078125,5490.66015625,5447.58984375,5447.8701171875,3696750000,13.850000381469728,13.880000114440918,13.149999618530272,13.329999923706056
2024-06-25,60293.3,62420.0,60257.06,61806.01,31189.24361,50.96,50.97,47.82,48.14,5460.72998046875,5472.8798828125,5446.56005859375,5469.2998046875,3591960000,13.479999542236328,13.520000457763672,12.84000015258789,12.84000015258789
2024-06-26,61806.01,62487.81,60712.0,60864.99,22485.66463,48.14,48.14,46.66,47.05,5460.7099609375,5483.14013671875,5451.8701171875,5477.89990234375,3563920000,12.8100004196167,13.239999771118164,12.369999885559082,12.550000190734863
2024-06-27,60864.98,62389.22,60606.63,61706.47,18344.28631,47.05,48.07,46.58,47.94,5473.58984375,5490.81005859375,5467.5400390625,5482.8701171875,3589530000,12.6899995803833,12.770000457763672,12.210000038146973,12.239999771118164
2024-06-28,61706.46,62225.31,60063.0,60427.84,24821.19255,47.94,47.98,44.38,45.4,5488.47998046875,5523.64013671875,5451.1201171875,5460.47998046875,7199220000,12.239999771118164,12.760000228881836,11.869999885559082,12.4399995803833
2024-07-01,62772.01,63861.76,62497.2,62899.99,24547.10538,45.44,45.45,43.76,44.71,5471.080078125,5479.5498046875,5446.52978515625,5475.08984375,3488760000,12.979999542236328,13.260000228881836,12.100000381469728,12.220000267028809
2024-07-02,62900.0,63288.83,61806.28,62135.47,18573.11875,44.71,44.81,42.29,42.33,5461.83984375,5509.68994140625,5458.43017578125,5509.009765625,3329950000,12.670000076293944,12.880000114440918,11.850000381469728,12.029999732971191
2024-07-03,62135.46,62285.94,59400.0,60208.58,32160.11127,41.41,45.88,41.23,45.36,5507.43994140625,5539.27001953125,5507.419921875,5537.02001953125,2179470000,12.130000114440918,12.229999542236328,11.949999809265137,12.09000015258789
2024-07-05,57050.02,57546.0,53485.93,56628.79,81348.24756,47.53,54.86,47.53,48.98,5537.91015625,5570.330078125,5531.6298828125,5567.18994140625,3253080000,12.369999885559082,12.609999656677246,11.84000015258789,12.479999542236328
2024-07-08,55857.81,58236.73,54260.16,56714.62,48090.2049,50.99,53.54,50.4,51.03,5572.75,5583.10986328125,5562.509765625,5572.85009765625,3185670000,12.90999984741211,12.90999984741211,12.3100004196167,12.369999885559082
2024-07-09,56714.61,58296.0,56289.45,58050.0,27732.20788,51.03,52.16,50.04,50.05,5584.240234375,5590.75,5574.56982421875,5576.97998046875,3232920000,12.479999542236328,12.609999656677246,12.350000381469728,12.510000228881836
2024-07-10,58050.0,59470.0,57157.79,57725.85,24951.73799,50.05,50.21,48.45,48.69,5591.259765625,5635.39013671875,5586.43994140625,5633.91015625,3336100000,12.510000228881836,12.920000076293944,12.390000343322754,12.850000381469728
2024-07-11,57725.85,59650.0,57050.0,57339.89,29761.05735,48.69,49.2,48.14,48.54,5635.2099609375,5642.4501953125,5576.52978515625,5584.5400390625,4020950000,12.880000114440918,13.329999923706056,12.229999542236328,12.920000076293944
2024-07-12,57339.89,58526.68,56542.47,57889.1,23652.4569,48.54,48.54,46.14,46.32,5590.759765625,5655.56005859375,5590.43994140625,5615.35009765625,3700280000,12.869999885559082,12.890000343322754,12.109999656677246,12.460000038146973
2024-07-15,60797.91,64900.0,60632.3,64724.14,38690.9782,49.3,54.56,48.89,54.52,5638.16015625,5666.93994140625,5614.75,5631.22021484375,3620470000,12.779999732971191,13.260000228881836,12.75,13.119999885559082
2024-07-16,64724.06,65388.97,62373.24,65043.99,42530.52915,54.52,56.54,54.13,56.49,5644.08984375,5669.669921875,5639.02001953125,5667.2001953125,4041760000,13.380000114440918,13.470000267028809,12.949999809265137,13.1899995803833
2024-07-17,65044.0,66128.63,63854.0,64087.99,29567.52954,56.49,62.85,56.49,58.28,5610.06982421875,5622.490234375,5584.81005859375,5588.27001953125,4246450000,13.600000381469728,14.880000114440918,13.539999961853027,14.479999542236328
2024-07-18,64087.99,65133.3,63238.48,63987.92,22568.7225,58.28,58.3,55.87,57.1,5608.56005859375,5614.0498046875,5522.81005859375,5544.58984375,4007510000,14.270000457763672,16.43000030517578,14.079999923706056,15.93000030517578
2024-07-19,63987.92,67386.0,63300.67,66660.0,35634.72739,57.1,62.25,55.99,60.8,5543.3701171875,5557.5,5497.0400390625,5505.0,3760570000,16.440000534057617,17.190000534057617,10.619999885559082,16.520000457763672
2024-07-22,68165.35,68474.55,66559.97,67532.01,21451.04303,66.0,68.27,61.61,67.63,5544.5400390625,5570.35986328125,5529.0400390625,5564.41015625,3375180000,16.790000915527344,16.889999389648438,14.75,14.90999984741211
2024-07-23,67532.0,67750.98,65441.08,65936.01,31406.15316,67.63,68.62,63.9,63.91,5565.2998046875,5585.33984375,5550.89990234375,5555.740234375,3500210000,15.210000038146973,15.350000381469728,13.899999618530272,14.720000267028809
2024-07-24,65936.0,67102.01,65111.0,65376.0,23082.56277,63.91,63.97,61.14,61.39,5505.83984375,5508.0400390625,5419.97998046875,5427.1298828125,3945550000,15.350000381469728,18.459999084472656,15.18000030517578,18.040000915527344
2024-07-25,65376.01,66175.49,63456.7,65799.95,35126.42934,61.39,62.34,59.83,61.81,5428.7001953125,5491.58984375,5390.9501953125,5399.22021484375,4592120000,18.40999984741211,19.36000061035156,16.420000076293945,18.459999084472656
2024-07-26,65799.95,68200.0,65722.63,67907.99,24244.36023,61.81,62.69,59.66,60.1,5433.669921875,5488.31982421875,5430.7001953125,5459.10009765625,3638770000,17.969999313354492,18.049999237060547,16.3700008392334,16.389999389648438
2024-07-29,68249.88,70079.99,66428.0,66784.69,36467.29633,52.65,56.35,51.73,51.73,5476.5498046875,5487.740234375,5444.43994140625,5463.5400390625,3379970000,16.59000015258789,17.209999084472656,16.229999542236328,16.600000381469727
2024-07-30,66784.68,67000.0,65302.67,66188.0,23132.25441,51.73,51.73,49.49,50.62,5478.72998046875,5489.4599609375,5401.7001953125,5436.43994140625,3777740000,16.639999389648438,18.31999969482422,16.260000228881836,17.690000534057617
2024-07-31,66188.0,66849.24,64530.0,64628.0,22625.43905,50.62,50.65,48.54,48.73,5505.58984375,5551.509765625,5493.75,5522.2998046875,4546910000,16.65999984741211,16.770000457763672,15.710000038146973,16.360000610351562
2024-08-01,64628.01,65659.78,62302.0,65354.02,35542.26854,48.73,50.43,47.23,49.81,5537.83984375,5566.16015625,5410.419921875,5446.68017578125,4703620000,16.200000762939453,19.479999542236328,15.949999809265137,18.59000015258789
2024-08-02,65354.02,65596.14,61230.01,61498.33,38820.42937,49.81,51.49,46.91,51.4,5376.6298828125,5383.89013671875,5302.02978515625,5346.56005859375,5156450000,20.520000457763672,29.65999984741211,20.010000228881836,23.38999938964844
2024-08-05,58161.0,58305.59,49000.0,54018.81,162065.59186,56.13,92.71,56.02,63.08,5151.14013671875,5250.89013671875,5119.259765625,5186.330078125,5333250000,23.38999938964844,65.7300033569336,23.38999938964844,38.56999969482422
2024-08-06,54018.82,57040.99,53950.0,56022.01,55884.77676,63.08,63.21,59.24,61.54,5206.419921875,5312.33984375,5193.56005859375,5240.02978515625,4690190000,33.709999084472656,34.77000045776367,24.020000457763672,27.709999084472656
2024-08-07,56022.0,57736.05,54558.62,55134.16,44269.37684,61.54,61.54,58.44,60.88,5293.1298828125,5330.64013671875,5195.5400390625,5199.5,4558260000,24.770000457763672,29.760000228881836,21.969999313354492,27.850000381469727
2024-08-08,55133.76,62745.14,54730.0,61685.99,48349.52949,60.73,60.99,55.56,56.81,5252.56982421875,5328.02978515625,5233.85009765625,5319.31005859375,4016830000,28.34000015258789,29.469999313354492,23.36000061035156,23.790000915527344
2024-08-09,61686.0,61744.37,59535.0,60837.99,30972.48017,56.8,56.86,54.44,55.02,5314.66015625,5358.669921875,5300.83984375,5344.16015625,3516400000,23.780000686645508,24.520000457763672,20.260000228881836,20.3700008392334
2024-08-12,58712.59,60711.09,57642.21,59346.64,37009.91743,57.11,58.41,56.9,57.48,5351.8798828125,5371.2001953125,5324.3701171875,5344.39013671875,3360160000,20.790000915527344,21.190000534057617,18.88999938964844,20.709999084472656
2024-08-13,59346.64,61578.1,58392.88,60587.15,27858.95851,57.48,57.8,56.68,56.92,5376.97998046875,5436.5,5376.97998046875,5434.43017578125,3648980000,20.059999465942383,20.790000915527344,17.950000762939453,18.1200008392334
2024-08-14,60587.16,61800.0,58433.18,58683.39,28422.76326,56.92,57.4,55.3,55.31,5442.35986328125,5463.22021484375,5415.91015625,5455.2099609375,3380050000,18.40999984741211,18.489999771118164,16.1200008392334,16.190000534057617
2024-08-15,58683.39,59849.38,56078.54,57541.06,37686.17622,55.31,55.91,53.43,55.64,5501.1298828125,5546.22998046875,5501.1298828125,5543.22021484375,3723310000,16.270000457763672,16.68000030517578,14.770000457763672,15.229999542236328
2024-08-16,57541.05,59817.76,57098.62,58874.6,27610.84344,55.64,55.65,53.12,53.12,5530.5,5561.97998046875,5525.169921875,5554.25,3357690000,15.289999961853027,15.760000228881836,14.649999618530272,14.800000190734863
2024-08-19,58427.35,59617.63,57787.3,59438.5,22809.31251,54.4,54.44,53.67,53.68,5557.22998046875,5608.2998046875,5550.740234375,5608.25,3222050000,15.9399995803833,16.06999969482422,14.460000038146973,14.649999618530272
2024-08-20,59438.5,61400.0,58548.23,59013.8,31477.44548,53.68,54.44,52.91,54.06,5602.8798828125,5620.509765625,5585.5,5597.1201171875,2994420000,14.890000343322754,15.93000030517578,14.779999732971191,15.880000114440918
2024-08-21,59013.8,61820.93,58783.47,61156.03,27983.6422,54.06,55.77,53.88,54.68,5603.08984375,5632.68017578125,5591.56982421875,5620.85009765625,3119670000,16.25,17.170000076293945,15.920000076293944,16.270000457763672
2024-08-22,61156.03,61400.0,59724.87,60375.84,21241.20588,54.68,55.49,53.84,53.99,5637.77001953125,5643.22021484375,5560.9501953125,5570.64013671875,2981530000,16.270000457763672,18.059999465942383,15.760000228881836,17.549999237060547
2024-08-23,60375.83,64955.0,60342.14,64037.24,38118.07089,53.99,55.85,52.27,55.43,5602.490234375,5641.81982421875,5585.16015625,5634.60986328125,3291940000,17.1200008392334,17.209999084472656,15.609999656677246,15.859999656677246
2024-08-26,64219.99,64481.0,62800.0,62834.0,19470.05276,54.2,54.34,50.77,51.58,5639.66015625,5651.6201171875,5602.33984375,5616.83984375,2938570000,16.270000457763672,16.670000076293945,15.8100004196167,16.149999618530273
2024-08-27,62834.0,63212.0,58034.01,59415.0,35135.94178,51.58,55.13,49.13,52.69,5602.89013671875,5631.18017578125,5593.47998046875,5625.7998046875,2798990000,16.209999084472656,16.809999465942383,15.369999885559082,15.43000030517578
2024-08-28,59415.0,60234.98,57860.0,59034.9,36868.54275,52.69,54.86,50.98,52.91,5624.509765625,5627.02978515625,5560.9501953125,5592.18017578125,3053450000,15.510000228881836,17.889999389648438,15.460000038146973,17.110000610351562
2024-08-29,59034.9,61166.99,58713.09,59359.01,27020.90743,52.91,53.58,51.7,52.98,5607.2998046875,5646.9501953125,5583.7099609375,5591.9599609375,3065640000,16.540000915527344,16.56999969482422,15.1899995803833,15.649999618530272
2024-08-30,59359.0,59944.07,57701.1,59123.99,28519.32195,52.98,53.22,50.5,51.96,5612.740234375,5651.3701171875,5581.7900390625,5648.39990234375,4185850000,15.670000076293944,16.040000915527344,14.779999732971191,15.0
2024-09-03,59132.12,59809.65,57415.0,57487.73,22828.18447,52.78,55.73,52.57,55.29,5623.89013671875,5623.89013671875,5504.330078125,5528.93017578125,3866350000,15.760000228881836,21.989999771118164,15.710000038146973,20.719999313354492
2024-09-04,57487.74,58519.0,55606.0,57970.9,35560.82146,55.29,58.72,55.08,55.73,5506.68017578125,5552.990234375,5503.66015625,5520.06982421875,3478140000,23.200000762939453,23.309999465942383,19.34000015258789,21.31999969482422
2024-09-05,57970.9,58327.07,55643.65,56180.0,27806.91413,55.73,57.3,55.51,56.79,5520.080078125,5546.2998046875,5480.5400390625,5503.41015625,3521650000,20.75,21.530000686645508,19.209999084472656,19.899999618530273
2024-09-06,56180.0,57008.0,52550.0,53962.97,54447.76826,56.79,60.77,56.06,59.46,5507.330078125,5522.47021484375,5402.6201171875,5408.419921875,3822800000,21.979999542236328,23.760000228881836,18.829999923706055,22.3799991607666
2024-09-09,54869.95,58088.0,54591.96,57042.0,32384.51737,59.32,59.35,58.01,58.82,5442.06982421875,5484.2001953125,5434.490234375,5471.0498046875,3825940000,21.31999969482422,21.40999984741211,19.290000915527344,19.450000762939453
2024-09-10,57042.01,58044.36,56386.4,57635.99,23626.78126,58.82,58.83,56.61,57.18,5490.509765625,5497.91015625,5441.72021484375,5495.52001953125,3848180000,19.86000061035156,20.739999771118164,18.899999618530273,19.079999923706055
2024-09-11,57635.99,57981.71,55545.19,57338.0,33026.56757,57.18,57.2,54.09,54.84,5496.419921875,5560.41015625,5406.9599609375,5554.1298828125,3839450000,19.40999984741211,21.40999984741211,17.549999237060547,17.690000534057617
2024-09-12,57338.0,58588.0,57324.0,58132.32,31074.40631,54.84,55.56,53.81,53.96,5557.47998046875,5600.7099609375,5535.5,5595.759765625,3655070000,17.6200008392334,18.59000015258789,16.889999389648438,17.06999969482422
2024-09-13,58132.31,60625.0,57632.62,60498.0,29825.23333,53.96,54.26,52.4,52.51,5603.33984375,5636.27001953125,5601.64990234375,5626.02001953125,3500790000,17.030000686645508,17.18000030517578,16.229999542236328,16.559999465942383
2024-09-16,59132.0,59210.7,57493.3,58213.99,26477.5642,53.21,54.18,52.81,53.29,5615.2099609375,5636.0498046875,5604.52978515625,5633.08984375,3437070000,17.15999984741211,17.690000534057617,16.90999984741211,17.139999389648438
2024-09-17,58213.99,61320.0,57610.01,60313.99,33116.25878,53.29,55.12,53.12,53.12,5655.509765625,5670.81005859375,5614.0498046875,5634.580078125,3443600000,17.15999984741211,18.079999923706055,16.670000076293945,17.610000610351562
2024-09-18,60313.99,61786.24,59174.8,61759.99,36087.02469,53.12,55.24,51.38,51.59,5641.68017578125,5689.75,5615.080078125,5618.259765625,3691390000,17.579999923706055,19.38999938964844,17.110000610351562,18.229999542236328
2024-09-19,61759.98,63850.0,61555.0,62947.99,34332.52608,51.59,52.67,50.38,51.95,5702.6298828125,5733.56982421875,5686.419921875,5713.64013671875,4024530000,17.209999084472656,17.270000457763672,16.209999084472656,16.329999923706055
2024-09-20,62948.0,64133.32,62350.0,63201.05,25466.37794,51.95,52.89,49.91,50.15,5709.64013671875,5715.14013671875,5674.490234375,5702.5498046875,7867260000,16.350000381469727,16.68000030517578,15.8100004196167,16.149999618530273
2024-09-23,63578.76,64745.88,62538.75,63339.99,24078.05287,51.13,51.58,50.38,50.45,5711.89990234375,5725.35986328125,5704.22021484375,5718.56982421875,3529550000,16.709999084472656,16.950000762939453,15.75,15.890000343322754
2024-09-24,63339.99,64688.0,62700.0,64262.7,23185.04759,50.45,51.6,50.06,51.52,5727.66015625,5735.31982421875,5698.990234375,5732.93017578125,3872710000,15.869999885559082,16.670000076293945,15.270000457763672,15.390000343322754
2024-09-25,64262.7,64817.99,62947.08,63152.01,17813.11168,51.52,51.67,49.52,49.75,5733.64990234375,5741.02978515625,5712.06005859375,5722.259765625,3624910000,15.81999969482422,15.81999969482422,15.170000076293944,15.40999984741211
2024-09-26,63152.01,65839.0,62670.0,65173.99,28373.30593,49.75,52.52,49.6,52.38,5762.22021484375,5767.3701171875,5721.009765625,5745.3701171875,4391180000,15.0600004196167,15.829999923706056,14.899999618530272,15.369999885559082
2024-09-27,65173.99,66498.0,64819.9,65769.95,22048.80487,52.38,53.39,51.29,51.91,5755.35986328125,5763.77978515625,5727.33984375,5738.169921875,3898530000,15.640000343322754,16.969999313354492,15.199999809265137,16.959999084472656
2024-09-30,65602.01,65618.8,62856.3,63327.59,30011.08752,54.02,55.56,53.63,54.21,5726.52001953125,5765.14013671875,5703.52978515625,5762.47998046875,4425730000,17.010000228881836,17.790000915527344,16.469999313354492,16.729999542236328
2024-10-01,63327.6,64130.63,60164.0,60805.78,43671.48108,54.21,57.23,54.19,56.64,5757.72998046875,5757.72998046875,5681.27978515625,5708.75,4025180000,16.959999084472656,20.729999542236328,16.610000610351562,19.260000228881836
2024-10-02,60804.92,62390.31,60000.0,60649.28,31534.70118,56.64,57.34,56.06,56.35,5698.14013671875,5719.6298828125,5674.0,5709.5400390625,3829050000,19.649999618530273,20.36000061035156,18.579999923706055,18.899999618530273
2024-10-03,60649.27,61477.19,59828.11,60752.71,26221.43472,56.35,57.78,55.97,57.45,5698.18994140625,5718.77978515625,5677.3701171875,5699.93994140625,3597450000,19.6299991607666,20.75,19.15999984741211,20.489999771118164
2024-10-04,60752.72,62484.85,60459.9,62086.0,21294.65994,57.45,57.98,55.29,55.53,5737.47998046875,5753.2099609375,5702.830078125,5751.06982421875,3479400000,20.479999542236328,20.479999542236328,18.479999542236328,19.209999084472656
2024-10-07,62819.91,64478.19,62128.0,62224.0,25966.1852,57.17,57.45,55.48,56.6,5737.7998046875,5739.33984375,5686.85009765625,5695.93994140625,3637790000,20.760000228881836,23.030000686645508,20.649999618530273,22.63999938964844
2024-10-08,62224.01,63200.0,61860.31,62160.49,19702.22371,55.72,56.01,54.35,55.63,5719.14013671875,5757.60009765625,5714.56005859375,5751.1298828125,3393400000,22.920000076293945,23.13999938964844,21.13999938964844,21.420000076293945
2024-10-09,62160.5,62543.75,60301.0,60636.02,20011.15684,55.63,56.85,55.52,56.11,5751.7998046875,5796.7998046875,5745.02001953125,5792.0400390625,3650340000,21.979999542236328,22.010000228881836,20.709999084472656,20.86000061035156
2024-10-10,60636.01,61321.68,58946.0,60326.39,23967.92481,56.12,56.64,54.47,54.97,5778.35986328125,5795.02978515625,5764.759765625,5780.0498046875,3208790000,20.90999984741211,21.38999938964844,20.63999938964844,20.93000030517578
2024-10-11,60326.4,63417.56,60087.64,62540.0,23641.35209,54.97,57.63,54.66,57.51,5775.08984375,5822.1298828125,5775.08984375,5815.02978515625,3208720000,20.8700008392334,21.15999984741211,20.13999938964844,20.459999084472656
2024-10-14,62870.02,66500.0,62457.81,66083.99,37669.95222,57.14,59.53,57.05,57.85,5829.81005859375,5871.41015625,5829.56982421875,5859.85009765625,3005250000,20.86000061035156,20.86000061035156,19.690000534057617,19.700000762939453
2024-10-15,66084.0,67950.0,64800.01,67074.14,43683.95423,57.85,59.48,56.4,58.15,5866.740234375,5870.35986328125,5804.47998046875,5815.259765625,3882120000,19.61000061035156,20.88999938964844,19.440000534057617,20.63999938964844
2024-10-16,67074.14,68424.0,66750.49,67620.01,29938.25544,58.15,60.16,57.18,57.44,5816.580078125,5846.52001953125,5808.33984375,5842.47021484375,3467230000,20.770000457763672,21.010000228881836,19.450000762939453,19.579999923706055
2024-10-17,67620.0,67939.4,66666.0,67421.78,25328.22861,57.44,58.17,55.91,56.4,5875.6201171875,5878.4599609375,5840.25,5841.47021484375,3480010000,19.549999237060547,19.649999618530273,18.8799991607666,19.11000061035156
2024-10-18,67421.78,69000.0,67192.36,68428.0,28725.635,56.4,56.53,54.44,55.18,5859.43017578125,5872.169921875,5846.10986328125,5864.669921875,3374490000,19.299999237060547,19.31999969482422,17.989999771118164,18.030000686645508
2024-10-21,69032.0,69519.52,66840.67,67377.5,31374.42184,56.66,57.2,54.29,55.69,5857.81982421875,5866.919921875,5824.7900390625,5853.97998046875,3407010000,18.780000686645508,19.34000015258789,18.36000061035156,18.3700008392334
2024-10-22,67377.5,67836.01,66571.42,67426.0,24598.96268,55.7,55.92,54.61,55.77,5832.7001953125,5863.0400390625,5821.169921875,5851.2001953125,3342080000,18.790000915527344,19.440000534057617,18.049999237060547,18.200000762939453
2024-10-23,67426.01,67472.83,65260.0,66668.65,25530.2407,55.77,56.55,54.53,56.29,5834.5,5834.85009765625,5762.41015625,5797.419921875,3532650000,18.209999084472656,20.469999313354492,18.18000030517578,19.239999771118164
2024-10-24,66668.65,68850.0,66510.0,68198.28,22589.83877,56.29,57.31,54.37,57.3,5817.7998046875,5817.7998046875,5784.919921875,5809.85986328125,3543030000,18.8700008392334,20.239999771118164,18.6299991607666,19.079999923706055
2024-10-25,68198.27,68771.49,65596.29,66698.33,34479.71125,57.3,58.09,54.62,58.08,5826.75,5862.81982421875,5799.97998046875,5808.1201171875,3501280000,19.219999313354492,20.510000228881836,18.229999542236328,20.329999923706055
2024-10-28,68021.69,70270.0,67618.0,69962.21,29046.75459,57.18,57.81,55.42,57.78,5833.93017578125,5842.919921875,5823.080078125,5823.52001953125,3691280000,19.11000061035156,19.8799991607666,18.90999984741211,19.799999237060547
2024-10-29,69962.21,73620.12,69760.0,72736.42,50128.60594,57.78,60.71,57.13,59.83,5819.68017578125,5847.18994140625,5802.169921875,5832.919921875,3879100000,19.75,20.530000686645508,19.059999465942383,19.34000015258789
2024-10-30,72736.41,72961.0,71436.0,72344.74,26885.99056,58.81,59.24,57.48,59.11,5832.64990234375,5850.93994140625,5811.27978515625,5813.669921875,3851120000,19.329999923706055,20.440000534057617,19.299999237060547,20.350000381469727
2024-10-31,72344.75,72700.0,69685.76,70292.01,29352.10297,59.11,60.11,57.97,58.23,5775.33984375,5775.33984375,5702.85986328125,5705.4501953125,4425660000,21.440000534057617,23.420000076293945,21.1200008392334,23.15999984741211
2024-11-01,70292.01,71632.95,68820.14,69496.01,38301.86755,58.23,59.95,57.92,59.77,5723.22021484375,5772.52001953125,5723.22021484375,5728.7998046875,3796450000,22.959999084472656,23.09000015258789,21.15999984741211,21.8799991607666
2024-11-04,68775.99,69500.0,66835.0,67850.01,29800.39187,62.49,64.97,61.77,64.97,5725.14990234375,5741.43017578125,5696.509765625,5712.68994140625,3602060000,22.5,23.06999969482422,21.729999542236328,21.979999542236328
2024-11-05,67850.01,70577.91,67476.63,69372.01,33355.06888,64.97,65.56,61.74,63.71,5722.43017578125,5783.43994140625,5722.10009765625,5782.759765625,3768310000,21.979999542236328,22.059999465942383,20.200000762939453,20.489999771118164
2024-11-06,69372.01,76400.0,69298.0,75571.99,104126.994787,63.71,63.95,54.52,55.97,5864.89013671875,5936.14013671875,5864.89013671875,5929.0400390625,6329530000,16.059999465942383,16.81999969482422,15.4399995803833,16.270000457763672
2024-11-07,75571.99,76849.99,74416.0,75857.89,44869.422345,55.97,55.97,53.25,53.55,5947.2099609375,5983.83984375,5947.2099609375,5973.10009765625,4925740000,15.859999656677246,15.859999656677246,15.130000114440918,15.199999809265137
2024-11-08,75857.89,77199.99,75555.0,76509.78,36521.099583,53.55,53.89,49.53,49.85,5976.759765625,6012.4501953125,5976.759765625,5995.5400390625,4666740000,15.130000114440918,15.329999923706056,14.65999984741211,14.9399995803833
2024-11-11,80370.01,89530.54,80216.01,88647.99,82323.665776,53.28,61.76,51.36,61.52,6008.85986328125,6017.31005859375,5986.68994140625,6001.35009765625,4333000000,15.329999923706056,15.5600004196167,14.890000343322754,14.970000267028809
2024-11-12,88648.0,89940.0,85072.0,87952.01,97299.887911,61.52,62.28,57.65,57.69,6003.60009765625,6009.919921875,5960.080078125,5983.990234375,4243400000,15.09000015258789,15.369999885559082,14.6899995803833,14.710000038146973
2024-11-13,87952.0,93265.64,86127.99,90375.2,86763.854127,57.69,62.34,56.01,58.54,5985.75,6008.18994140625,5965.91015625,5985.3798828125,4220180000,15.09000015258789,15.260000228881836,13.770000457763672,14.020000457763672
2024-11-14,90375.21,91790.0,86668.21,87325.59,56729.51086,58.54,61.79,57.03,59.46,5989.68017578125,5993.8798828125,5942.27978515625,5949.169921875,4184570000,14.170000076293944,14.31999969482422,13.59000015258789,14.3100004196167
2024-11-15,87325.59,91850.0,87073.38,91032.07,47927.95068,59.46,61.71,56.29,56.29,5912.7900390625,5915.31982421875,5853.009765625,5870.6201171875,4590960000,15.020000457763672,17.549999237060547,14.5600004196167,16.139999389648438
2024-11-18,89855.98,92594.0,89376.9,90464.08,46545.03448,57.23,59.76,57.13,58.3,5874.169921875,5908.1201171875,5865.9501953125,5893.6201171875,3983860000,16.600000381469727,17.0,15.350000381469728,15.579999923706056
2024-11-19,90464.07,93905.51,90357.0,92310.79,43660.04682,58.3,60.25,57.62,58.25,5870.0498046875,5923.509765625,5855.2900390625,5916.97998046875,4036940000,15.4399995803833,17.93000030517578,15.369999885559082,16.350000381469727
2024-11-20,92310.8,94831.97,91500.0,94286.56,42203.198712,58.25,62.64,57.71,60.18,5914.33984375,5920.669921875,5860.56005859375,5917.10986328125,3772620000,16.190000534057617,18.790000915527344,16.040000915527344,17.15999984741211
2024-11-21,94286.56,98988.0,94040.0,98317.12,69228.360477,60.18,66.84,60.12,61.29,5940.580078125,5963.31982421875,5887.259765625,5948.7099609375,4230120000,17.100000381469727,17.989999771118164,15.729999542236328,16.8700008392334
2024-11-22,98317.12,99588.01,97122.11,98892.0,46189.309243,61.29,64.09,60.47,60.78,5944.35986328125,5972.89990234375,5944.35986328125,5969.33984375,4141420000,16.670000076293945,17.559999465942383,15.239999771118164,15.239999771118164
2024-11-25,97900.05,98871.8,92600.19,93010.01,50847.45096,64.09,64.34,60.46,60.65,5992.27978515625,6020.75,5963.91015625,5987.3701171875,5633150000,15.229999542236328,15.720000267028809,14.539999961853027,14.600000381469728
2024-11-26,93010.01,94973.37,90791.1,91965.16,57858.73138,60.65,62.18,57.73,61.23,6000.02978515625,6025.419921875,5992.27001953125,6021.6298828125,3835170000,14.949999809265137,15.029999732971191,13.880000114440918,14.100000381469728
2024-11-27,91965.16,97208.21,91792.14,95863.11,41153.42734,61.23,61.34,58.51,59.73,6014.10986328125,6020.16015625,5984.8701171875,5998.740234375,3363340000,14.279999732971191,15.130000114440918,13.960000038146973,14.100000381469728
2024-11-29,95643.99,98619.99,95364.99,97460.0,27701.78231,57.57,58.82,55.19,56.11,6003.97998046875,6044.169921875,6003.97998046875,6032.3798828125,2444420000,14.0,14.149999618530272,13.489999771118164,13.510000228881836
2024-12-02,97185.17,98130.0,94395.0,95840.62,37958.66981,57.2,58.24,55.85,55.94,6040.10986328125,6053.580078125,6035.330078125,6047.14990234375,4412470000,14.079999923706056,14.100000381469728,13.300000190734863,13.34000015258789
2024-12-03,95840.61,96305.52,93578.17,95849.69,35827.32283,56.77,56.98,55.21,56.5,6042.97021484375,6052.06982421875,6033.39013671875,6049.8798828125,4095000000,13.380000114440918,13.770000457763672,13.1899995803833,13.300000190734863
2024-12-04,95849.69,99000.0,94587.83,98587.32,43850.53728,56.5,57.76,54.85,57.17,6069.39013671875,6089.83984375,6061.06005859375,6086.490234375,4003390000,13.15999984741211,13.609999656677246,12.890000343322754,13.449999809265137
2024-12-05,98587.32,104088.0,90500.0,96945.63,109921.729662,57.17,64.09,56.14,60.96,6089.02978515625,6094.5498046875,6072.89990234375,6075.10986328125,4212020000,13.460000038146973,13.699999809265137,13.260000228881836,13.539999961853027
2024-12-06,96945.63,101898.99,95981.72,99740.84,45049.5331,60.96,61.45,56.88,58.44,6081.3798828125,6099.97021484375,6079.97998046875,6090.27001953125,3924830000,13.619999885559082,13.739999771118164,12.699999809265137,12.770000457763672
2024-12-09,101109.6,101215.93,94150.05,97276.47,53949.11595,58.15,59.8,58.12,59.74,6083.009765625,6088.509765625,6048.6298828125,6052.85009765625,4556460000,13.359999656677246,14.229999542236328,13.350000381469728,14.1899995803833
2024-12-10,97276.48,98270.0,94256.54,96593.0,51708.68933,59.74,60.23,57.56,59.18,6057.58984375,6065.39990234375,6029.89013671875,6034.91015625,4048410000,14.300000190734863,14.539999961853027,13.859999656677246,14.18000030517578
2024-12-11,96593.0,101888.0,95658.24,101125.0,37753.78291,59.18,61.53,59.18,59.94,6060.14990234375,6092.58984375,6060.14990234375,6084.18994140625,4269950000,14.420000076293944,14.43000030517578,13.520000457763672,13.579999923706056
2024-12-12,101125.0,102540.0,99311.64,100004.29,29232.08745,59.94,61.66,59.12,60.14,6074.2900390625,6079.68017578125,6051.25,6051.25,3678010000,13.729999542236328,13.949999809265137,13.390000343322754,13.920000076293944
2024-12-13,100004.29,101895.26,99205.0,101424.25,21904.03923,60.14,60.32,58.3,59.0,6068.169921875,6078.580078125,6035.77001953125,6051.08984375,3584960000,13.56999969482422,14.25,13.239999771118164,13.8100004196167
2024-12-16,104463.99,107793.07,103333.0,106058.66,41302.40274,60.65,61.74,58.52,58.54,6063.7900390625,6085.18994140625,6059.14013671875,6074.080078125,4391100000,14.369999885559082,14.6899995803833,13.989999771118164,14.6899995803833
2024-12-17,106058.65,108353.0,105321.49,106133.74,29064.936466,58.54,59.72,57.7,59.51,6052.5498046875,6057.68017578125,6035.18994140625,6050.60986328125,4544500000,14.979999542236328,15.9399995803833,14.779999732971191,15.869999885559082
2024-12-18,106133.74,106524.98,100000.0,100204.01,50307.99755,59.51,60.52,58.67,60.49,6047.64990234375,6070.669921875,5867.7900390625,5872.16015625,5246960000,15.56999969482422,28.31999969482422,14.81999969482422,27.6200008392334
2024-12-19,100204.01,102800.11,95700.0,97461.86,55147.398,60.56,60.82,58.43,59.6,5912.7099609375,5935.52001953125,5866.06982421875,5867.080078125,4896880000,21.61000061035156,24.1200008392334,20.15999984741211,24.09000015258789
2024-12-20,97461.86,98233.0,92232.54,97805.44,62884.1357,59.6,64.45,58.66,58.87,5842.0,5982.06005859375,5832.2998046875,5930.85009765625,8223220000,24.13999938964844,26.510000228881836,17.81999969482422,18.36000061035156
2024-12-23,95186.28,96538.92,92520.0,94881.47,32810.76703,61.43,64.59,59.28,60.21,5940.25,5978.25,5902.56982421875,5974.06982421875,3593280000,18.09000015258789,20.020000457763672,16.739999771118164,16.780000686645508
2024-12-24,94881.47,99487.99,93569.02,98663.58,23674.22488,60.21,61.79,59.92,60.83,5984.6298828125,6040.10009765625,5981.43994140625,6040.0400390625,1757720000,16.969999313354492,17.040000915527344,14.270000457763672,14.270000457763672
2024-12-26,99429.61,99963.7,95199.14,95791.6,21192.36727,60.73,61.75,59.44,61.67,6024.97021484375,6049.75,6007.3701171875,6037.58984375,2904530000,14.989999771118164,15.93000030517578,14.550000190734863,14.729999542236328
2024-12-27,95791.6,97544.58,93500.01,94299.03,26501.26429,61.67,62.34,59.53,60.61,6006.169921875,6006.169921875,5932.9501953125,5970.83984375,3159610000,15.380000114440918,18.450000762939453,15.289999961853027,15.949999809265137
2024-12-30,93738.19,95024.5,91530.45,92792.05,27619.4225,60.48,61.28,59.53,61.03,5920.669921875,5940.7900390625,5869.16015625,5906.93994140625,3433250000,17.209999084472656,19.219999313354492,16.440000534057617,17.399999618530273
2024-12-31,92792.05,96250.0,92033.73,93576.0,19612.03389,61.03,61.68,59.78,60.03,5919.740234375,5929.740234375,5868.85986328125,5881.6298828125,3128350000,17.389999389648438,17.809999465942383,16.68000030517578,17.350000381469727
2025-01-02,94591.78,97839.5,94392.0,96984.79,21970.48948,61.1,61.67,59.73,59.85,5903.259765625,5935.08984375,5829.52978515625,5868.5498046875,3621680000,17.209999084472656,19.5,16.959999084472656,17.93000030517578
2025-01-03,96984.79,98976.91,96100.01,98174.18,15253.82936,59.85,60.53,58.44,58.74,5891.06982421875,5949.33984375,5888.66015625,5942.47021484375,3667340000,17.65999984741211,17.940000534057617,16.110000610351562,16.1299991607666
2025-01-06,98363.61,102480.0,97920.0,102235.6,25263.43375,59.55,60.09,58.52,58.84,5982.81005859375,6021.0400390625,5960.009765625,5975.3798828125,4940120000,16.770000457763672,16.8700008392334,15.710000038146973,16.040000915527344
2025-01-07,102235.6,102724.38,96181.81,96954.61,32059.87537,58.84,59.35,58.04,58.6,5993.259765625,6000.68017578125,5890.68017578125,5909.02978515625,4517330000,16.479999542236328,18.899999618530273,15.789999961853027,17.81999969482422
2025-01-08,96954.6,97268.65,92500.9,95060.61,33704.67894,57.86,59.72,57.76,58.47,5910.66015625,5927.89013671875,5874.77978515625,5918.25,4441740000,17.90999984741211,19.5,17.3700008392334,17.700000762939453
2025-01-10,92552.49,95836.0,92206.02,94726.11,31482.86424,59.47,59.76,57.04,57.19,5890.35009765625,5890.35009765625,5807.77978515625,5827.0400390625,4751930000,18.290000915527344,20.309999465942383,18.049999237060547,19.540000915527344
2025-01-13,94545.07,95940.0,89256.69,94536.1,42619.56423,59.57,61.31,59.36,61.25,5782.02001953125,5838.60986328125,5773.31005859375,5836.22021484375,4421200000,21.18000030517578,22.040000915527344,19.149999618530273,19.190000534057617
2025-01-14,94536.11,97371.0,94346.22,96560.86,27846.61753,61.25,62.87,60.78,60.87,5859.27001953125,5871.919921875,5805.419921875,5842.91015625,4142280000,18.790000915527344,19.65999984741211,18.239999771118164,18.709999084472656
2025-01-15,96560.85,100681.94,96500.0,100497.35,30509.99179,60.87,61.93,60.85,61.23,5905.2099609375,5960.60986328125,5905.2099609375,5949.91015625,4544570000,19.079999923706055,19.13999938964844,15.960000038146973,16.1200008392334
2025-01-16,100497.35,100866.66,97335.13,99987.3,27832.85317,61.23,63.15,60.01,62.56,5963.60986328125,5964.68994140625,5930.72021484375,5937.33984375,4285810000,15.869999885559082,16.600000381469727,15.640000343322754,16.600000381469727
2025-01-17,99987.3,105865.22,99950.77,104077.48,39171.85292,62.56,63.75,61.13,63.19,5995.39990234375,6014.9599609375,5978.43994140625,5996.66015625,4366830000,16.190000534057617,16.229999542236328,15.529999732971191,15.970000267028809
2025-01-21,102260.0,107240.81,100119.04,106143.82,45941.02002,63.07,64.18,61.19,61.92,6014.1201171875,6051.509765625,6006.8798828125,6049.240234375,4702920000,16.290000915527344,16.290000915527344,14.93000030517578,15.0600004196167
2025-01-22,106143.82,106394.46,103339.12,103706.66,22248.69254,61.92,62.44,60.69,61.04,6081.39013671875,6100.81005859375,6076.1298828125,6086.3701171875,4323040000,14.890000343322754,15.289999961853027,14.59000015258789,15.100000381469728
2025-01-23,103706.66,106850.0,101262.28,103910.34,53953.12031,61.04,63.2,59.49,60.08,6076.31982421875,6118.72998046875,6074.669921875,6118.7099609375,4432250000,15.279999732971191,15.390000343322754,14.59000015258789,15.020000457763672
2025-01-24,103910.35,107120.0,102750.0,104870.5,23609.24017,60.08,60.08,57.33,57.37,6121.43017578125,6128.18017578125,6088.740234375,6101.240234375,4214250000,15.020000457763672,15.15999984741211,14.579999923706056,14.850000381469728
2025-01-27,102620.01,103260.0,97777.77,102082.83,50758.1341,56.74,60.23,56.46,59.05,5969.0400390625,6017.169921875,5962.919921875,6012.27978515625,5198750000,18.829999923706055,22.510000228881836,17.56999969482422,17.899999618530273
2025-01-28,102082.83,103800.0,100272.68,101335.52,22022.05765,59.05,59.15,56.17,56.2,6026.97021484375,6074.5400390625,5994.6298828125,6067.7001953125,4473640000,18.290000915527344,18.38999938964844,16.25,16.40999984741211
2025-01-29,101335.52,104782.68,101328.01,103733.24,23155.35802,56.2,57.05,55.6,56.15,6057.7001953125,6062.830078125,6012.9599609375,6039.31005859375,4115310000,16.420000076293945,18.079999923706055,16.170000076293945,16.559999465942383
2025-01-30,103733.25,106457.44,103278.54,104722.94,19374.07472,56.15,56.88,53.94,54.64,6050.75,6086.64013671875,6027.4599609375,6071.169921875,4634620000,15.93000030517578,16.420000076293945,15.31999969482422,15.84000015258789
2025-01-31,104722.94,106012.0,101560.0,102429.56,21983.18193,54.64,54.73,51.9,53.32,6096.7900390625,6120.91015625,6030.93017578125,6040.52978515625,4843770000,15.449999809265137,17.09000015258789,14.899999618530272,16.43000030517578
2025-02-03,97700.59,102500.01,91231.0,101328.52,75164.7385,57.04,61.94,55.87,56.94,5969.64990234375,6022.1298828125,5923.93017578125,5994.56982421875,4797210000,20.36000061035156,20.420000076293945,17.65999984741211,18.6200008392334
2025-02-04,101328.51,101732.31,96150.0,97763.13,40267.98697,55.61,57.12,54.01,54.03,5998.14013671875,6042.47998046875,5990.8701171875,6037.8798828125,4410160000,18.780000686645508,19.11000061035156,16.780000686645508,17.209999084472656
2025-02-05,97763.14,99149.0,96155.0,96612.43,26233.30444,54.03,54.92,53.02,54.53,6020.4501953125,6062.85986328125,6007.06005859375,6061.47998046875,4756250000,17.540000915527344,17.75,15.770000457763672,15.770000457763672
2025-02-06,96612.44,99120.0,95676.64,96554.35,23515.20405,54.53,54.89,53.21,53.91,6072.22021484375,6084.02978515625,6046.830078125,6083.56982421875,4847120000,15.880000114440918,16.149999618530273,14.989999771118164,15.5
2025-02-07,96554.35,100137.99,95620.34,96506.8,31794.22065,53.9,54.41,52.26,54.17,6083.1298828125,6101.27978515625,6019.9599609375,6025.990234375,4766900000,15.380000114440918,16.65999984741211,14.789999961853027,16.540000915527344
2025-02-10,96462.75,98345.0,95256.0,97430.82,20572.87537,54.21,54.44,52.4,52.4,6046.39990234375,6073.3798828125,6044.83984375,6066.43994140625,4458760000,16.579999923706055,16.610000610351562,15.699999809265137,15.8100004196167
2025-02-11,97430.82,98478.42,94876.88,95778.2,18647.76379,52.4,54.67,52.08,54.23,6049.31982421875,6076.27978515625,6042.33984375,6068.5,4324880000,16.1299991607666,16.420000076293945,15.75,16.020000457763672
2025-02-12,95778.21,98119.99,94088.23,97869.99,29151.16625,54.23,54.32,51.19,51.49,6025.080078125,6063.0,6003.0,6051.97021484375,4627960000,15.90999984741211,17.18000030517578,15.640000343322754,15.890000343322754
2025-02-13,97870.0,98083.91,95217.36,96608.14,19921.77616,51.49,53.4,51.27,51.76,6060.58984375,6116.91015625,6050.9501953125,6115.06982421875,4763800000,15.970000267028809,16.329999923706055,14.979999542236328,15.100000381469728
2025-02-14,96608.13,98826.0,96252.82,97500.48,18173.02646,51.77,52.4,50.1,51.6,6115.52001953125,6127.47021484375,6107.6201171875,6114.6298828125,4335190000,15.079999923706056,15.420000076293944,14.739999771118164,14.770000457763672
2025-02-18,95780.01,96753.91,93388.09,95671.74,23368.19471,51.73,53.2,50.96,51.69,6121.60009765625,6129.6298828125,6099.509765625,6129.580078125,4684980000,15.56999969482422,16.030000686645508,15.350000381469728,15.350000381469728
2025-02-19,95671.74,96899.99,95029.99,96644.37,16438.50954,51.69,51.69,49.02,49.15,6117.759765625,6147.43017578125,6111.14990234375,6144.14990234375,4562330000,15.140000343322754,15.960000038146973,15.050000190734863,15.270000457763672
2025-02-20,96644.37,98711.36,96415.09,98305.0,17057.39177,49.15,50.66,48.1,49.06,6134.5,6134.5,6084.58984375,6117.52001953125,4813690000,15.609999656677246,16.6299991607666,15.119999885559082,15.65999984741211
2025-02-21,98305.01,99475.0,94871.95,96181.98,32249.2814,49.06,49.43,47.02,48.71,6114.10009765625,6114.81982421875,6008.56005859375,6013.1298828125,5434560000,15.630000114440918,19.030000686645508,15.279999732971191,18.209999084472656
2025-02-24,96258.0,96500.0,91349.26,91552.88,31550.10299,48.47,48.47,46.17,47.07,6026.68994140625,6043.64990234375,5977.830078125,5983.25,4990120000,18.079999923706055,20.239999771118164,17.309999465942383,18.979999542236328
2025-02-25,91552.88,92540.69,86050.99,88680.4,78333.11111,47.07,52.75,46.94,48.59,5982.72998046875,5992.64990234375,5908.490234375,5955.25,5374690000,19.09000015258789,21.479999542236328,18.850000381469727,19.43000030517578
2025-02-26,88680.39,89414.15,82256.01,84250.09,56893.54409,48.59,51.63,47.69,51.3,5970.8701171875,6009.81982421875,5932.68994140625,5956.06005859375,4869580000,18.959999084472656,20.059999465942383,17.829999923706055,19.100000381469727
2025-02-27,84250.09,87078.46,82716.49,84708.58,42505.45439,51.3,52.82,49.06,51.68,5981.8798828125,5993.68994140625,5858.77978515625,5861.56982421875,5057680000,18.25,21.469999313354492,17.670000076293945,21.1299991607666
2025-02-28,84708.57,85120.0,78258.52,84349.94,83648.03969,51.68,59.36,50.53,50.76,5856.740234375,5959.39990234375,5837.66015625,5954.5,6441140000,21.209999084472656,22.399999618530273,19.049999237060547,19.6299991607666
2025-03-03,94269.99,94416.46,85117.11,86220.61,59171.10218,55.47,59.8,53.07,59.48,5968.330078125,5986.08984375,5810.91015625,5849.72021484375,5613850000,19.829999923706055,24.309999465942383,19.25,22.780000686645508
2025-03-04,86221.16,88967.52,81500.0,87281.98,55609.10706,59.48,62.67,58.26,62.07,5811.97998046875,5865.080078125,5732.58984375,5778.14990234375,6138110000,22.959999084472656,26.350000381469727,21.709999084472656,23.510000228881836
2025-03-05,87281.98,91000.0,86334.53,90606.01,38264.01163,62.07,62.27,57.13,57.6,5781.35986328125,5860.58984375,5742.35009765625,5842.6298828125,5285970000,23.030000686645508,24.84000015258789,21.3700008392334,21.93000030517578
2025-03-06,90606.0,92810.64,87836.0,89931.89,34342.44902,57.83,60.35,56.4,60.15,5785.8701171875,5812.080078125,5711.64013671875,5738.52001953125,5165080000,22.600000381469727,25.920000076293945,22.38999938964844,24.8700008392334
2025-03-07,89931.88,91283.02,84667.03,86801.75,57980.35713,60.15,60.78,53.2,54.32,5726.009765625,5783.009765625,5666.2900390625,5770.2001953125,5705140000,24.850000381469727,26.559999465942383,23.09000015258789,23.3700008392334
2025-03-10,80734.48,84123.46,77459.91,78595.86,47633.38405,59.1,61.95,55.32,59.57,5705.3701171875,5705.3701171875,5564.02001953125,5614.56005859375,6409370000,24.700000762939453,29.559999465942383,24.68000030517578,27.86000061035156
2025-03-11,78595.86,83617.4,76606.0,82932.99,48770.06853,59.57,62.68,59.0,59.9,5603.64990234375,5636.2998046875,5528.41015625,5572.06982421875,6221240000,27.940000534057617,29.56999969482422,26.18000030517578,26.920000076293945
2025-03-12,82932.99,84539.85,80607.65,83680.12,31933.986,59.9,60.83,56.89,56.89,5624.83984375,5642.18994140625,5546.08984375,5599.2998046875,5219830000,26.8799991607666,26.90999984741211,23.88999938964844,24.229999542236328
2025-03-13,83680.12,84336.33,79939.9,81115.78,27546.27412,56.89,57.23,55.42,55.42,5594.4501953125,5597.77978515625,5504.64990234375,5521.52001953125,5018980000,24.920000076293945,26.1299991607666,23.459999084472656,24.65999984741211
2025-03-14,81115.78,85309.71,80818.84,83983.2,26858.52755,55.42,55.5,52.81,53.27,5563.85009765625,5645.27001953125,5563.85009765625,5638.93994140625,4863180000,24.350000381469727,24.36000061035156,21.479999542236328,21.770000457763672
2025-03-17,82574.52,84756.83,82456.0,84010.03,17214.74358,55.27,55.32,52.85,52.86,5635.60009765625,5703.52001953125,5631.1201171875,5675.1201171875,5031770000,22.88999938964844,22.950000762939453,20.31999969482422,20.510000228881836
2025-03-18,84010.02,84021.74,81134.66,82715.03,17610.89883,52.86,54.35,51.84,52.0,5654.52978515625,5654.52978515625,5597.759765625,5614.66015625,4666270000,20.829999923706055,22.56999969482422,20.40999984741211,21.700000762939453
2025-03-19,82715.03,87000.0,82547.16,86845.94,28151.05374,52.0,54.02,51.23,54.02,5632.3701171875,5715.330078125,5622.2001953125,5675.2900390625,4660090000,21.84000015258789,22.100000381469727,19.420000076293945,19.899999618530273
2025-03-20,86845.93,87453.67,83655.23,84223.39,22090.30463,54.02,54.16,48.97,49.01,5646.919921875,5711.14990234375,5632.330078125,5662.89013671875,4678420000,19.520000457763672,21.170000076293945,19.299999237060547,19.799999237060547
2025-03-21,84223.38,84850.33,83175.25,84088.79,11956.97443,49.01,49.7,47.56,47.56,5630.72998046875,5670.83984375,5603.10009765625,5667.56005859375,9367460000,20.020000457763672,21.13999938964844,19.149999618530273,19.280000686645508
2025-03-24,86082.5,88765.43,85519.09,87498.16,30115.62111,47.66,48.42,47.06,47.32,5718.080078125,5775.14013671875,5718.080078125,5767.56982421875,4517990000,19.1299991607666,19.13999938964844,17.459999084472656,17.479999542236328
2025-03-25,87498.16,88539.63,86310.0,87392.87,22643.25248,47.32,47.94,46.54,46.99,5775.9599609375,5786.9501953125,5760.419921875,5776.64990234375,4467340000,17.579999923706055,17.770000457763672,17.020000457763672,17.149999618530273
2025-03-26,87392.88,88275.0,85860.0,86909.17,18408.78485,46.99,47.63,46.23,47.27,5771.66015625,5783.6201171875,5694.41015625,5712.2001953125,4183140000,17.229999542236328,19.06999969482422,16.969999313354492,18.329999923706055
2025-03-27,86909.17,87756.39,85800.0,87232.01,17098.03897,47.27,47.28,45.42,46.61,5695.64013671875,5732.27978515625,5670.93994140625,5693.31005859375,4403460000,18.36000061035156,19.280000686645508,17.950000762939453,18.690000534057617
2025-03-28,87232.01,87515.67,83585.0,84424.38,27182.73169,46.61,52.25,46.18,49.93,5679.2001953125,5685.89013671875,5572.419921875,5580.93994140625,4513330000,19.079999923706055,22.18000030517578,18.920000076293945,21.649999618530273
2025-03-31,82390.0,83943.08,81278.52,82550.01,20569.13885,53.73,54.42,50.97,51.02,5527.91015625,5627.56005859375,5488.72998046875,5611.85009765625,5257250000,24.11000061035156,24.799999237060547,21.670000076293945,22.280000686645508
2025-04-01,82550.0,85579.46,82432.74,85158.34,20190.39697,49.67,50.52,48.95,49.55,5597.52978515625,5650.56982421875,5558.52001953125,5633.06982421875,4434500000,22.059999465942383,23.520000457763672,21.579999923706055,21.770000457763672
2025-04-02,85158.35,88500.0,82320.0,82516.29,39931.457,49.55,52.78,48.62,52.61,5580.759765625,5695.31005859375,5571.47998046875,5670.97021484375,4243830000,22.299999237060547,23.65999984741211,20.68000030517578,21.510000228881836
2025-04-03,82516.28,83998.02,81211.24,83213.09,27337.84135,52.61,53.55,50.15,52.64,5492.740234375,5499.52978515625,5390.830078125,5396.52001953125,7210470000,26.3799991607666,30.020000457763672,24.93000030517578,30.020000457763672
2025-04-04,83213.09,84720.0,81659.0,83889.87,32915.53976,52.64,56.03,51.19,55.33,5292.14013671875,5292.14013671875,5069.89990234375,5074.080078125,8853500000,30.1200008392334,45.61000061035156,29.989999771118164,45.310001373291016
2025-04-07,78430.0,81243.58,74508.0,79163.24,78387.53089,59.59,63.21,52.49,52.79,4953.7900390625,5246.56982421875,4835.0400390625,5062.25,8691980000,60.130001068115234,60.130001068115234,38.58000183105469,46.97999954223633
2025-04-08,79163.24,80867.99,76239.9,76322.42,35317.32063,52.79,56.9,52.25,56.84,5193.56982421875,5267.47021484375,4910.419921875,4982.77001953125,7408140000,44.040000915527344,57.52000045776367,36.47999954223633,52.33000183105469
2025-04-09,76322.42,83588.0,74620.0,82615.22,75488.28772,56.84,62.66,52.86,53.04,4965.27978515625,5481.33984375,4948.43017578125,5456.89990234375,9489600000,50.97999954223633,57.959999084472656,31.899999618530273,33.619998931884766
2025-04-10,82615.22,82753.21,78464.36,79607.3,33284.80718,53.04,55.57,50.61,53.56,5353.14990234375,5353.14990234375,5115.27001953125,5268.0498046875,6677140000,34.439998626708984,54.869998931884766,34.439998626708984,40.720001220703125
2025-04-11,79607.3,84300.0,78969.58,83423.84,34435.43797,53.56,56.78,52.6,56.15,5255.56005859375,5381.4599609375,5220.77001953125,5363.35986328125,5602550000,40.79999923706055,46.119998931884766,36.849998474121094,37.560001373291016
2025-04-14,83760.0,85799.99,83678.0,84591.58,28659.09348,56.29,56.4,52.34,53.31,5441.9599609375,5459.4599609375,5358.02001953125,5405.97021484375,5031440000,34.7599983215332,35.16999816894531,29.75,30.88999938964844
2025-04-15,84591.58,86496.42,83600.0,83643.99,20910.99528,52.02,52.4,49.97,50.39,5411.990234375,5450.41015625,5386.43994140625,5396.6298828125,4317110000,30.010000228881836,31.450000762939453,28.290000915527344,30.1200008392334
2025-04-16,83643.99,85500.0,83111.64,84030.38,20867.24519,50.39,50.56,49.0,49.58,5335.75,5367.240234375,5220.7900390625,5275.7001953125,4607750000,33.2400016784668,34.959999084472656,29.479999542236328,32.63999938964844
2025-04-17,84030.38,85470.01,83736.26,84947.91,13728.84772,49.58,49.63,48.28,48.41,5305.4501953125,5328.31005859375,5255.580078125,5282.7001953125,4714880000,30.790000915527344,32.54999923706055,29.56999969482422,29.649999618530273
2025-04-21,85179.24,88465.99,85144.76,87516.23,31773.37262,48.2,50.71,48.2,49.16,5232.93994140625,5232.93994140625,5101.6298828125,5158.2001953125,4226340000,32.75,35.75,31.790000915527344,33.81999969482422
2025-04-22,87516.22,93888.0,87076.03,93442.99,43872.74705,49.16,52.71,49.0,52.69,5207.669921875,5309.60986328125,5207.669921875,5287.759765625,4666950000,32.61000061035156,32.68000030517578,30.079999923706055,30.56999969482422
2025-04-23,93442.99,94696.05,91935.41,93691.08,27404.16808,52.69,52.86,49.4,49.42,5395.919921875,5469.68994140625,5356.169921875,5375.85986328125,5371390000,28.75,30.290000915527344,27.11000061035156,28.450000762939453
2025-04-24,93691.07,94005.0,91660.01,93980.47,19497.06071,49.42,49.42,46.66,46.96,5381.3798828125,5489.39990234375,5371.9599609375,5484.77001953125,4697710000,28.690000534057617,29.65999984741211,26.36000061035156,26.469999313354492
2025-04-25,93980.47,95758.04,92855.96,94638.68,27500.66648,46.96,48.71,46.44,46.45,5489.72998046875,5528.10986328125,5455.85986328125,5525.2099609375,4236580000,26.219999313354492,27.200000762939453,24.84000015258789,24.84000015258789
2025-04-28,93749.29,95630.0,92800.01,95011.18,22157.53351,48.12,48.61,46.38,47.05,5529.22021484375,5553.66015625,5468.64013671875,5528.75,4257880000,25.75,26.93000030517578,24.700000762939453,25.149999618530273
2025-04-29,95011.18,95461.53,93742.54,94256.82,16955.3402,47.05,47.24,46.04,46.17,5508.8701171875,5571.9501953125,5505.7001953125,5560.830078125,4747150000,24.760000228881836,25.989999771118164,23.760000228881836,24.170000076293945
2025-04-30,94256.82,95228.45,92910.0,94172.0,17661.2751,46.17,46.79,45.02,45.07,5499.43994140625,5581.83984375,5433.240234375,5569.06005859375,5449490000,24.350000381469727,28.170000076293945,24.229999542236328,24.700000762939453
2025-05-01,94172.0,97424.02,94130.43,96489.91,21380.45343,45.07,46.97,44.74,46.11,5625.14013671875,5658.91015625,5597.35009765625,5604.14013671875,4935270000,23.940000534057617,25.18000030517578,23.299999237060547,24.600000381469727
2025-05-02,96489.9,97895.68,96350.0,96887.14,14905.74811,46.11,48.1,44.38,44.54,5645.8798828125,5700.7001953125,5642.27978515625,5686.669921875,4854380000,23.6299991607666,24.31999969482422,22.34000015258789,22.68000030517578
2025-05-05,94277.61,95199.0,93514.1,94733.68,17251.18189,46.35,46.87,44.89,45.0,5655.31982421875,5683.3798828125,5634.47998046875,5650.3798828125,4358260000,24.25,24.6299991607666,22.809999465942383,23.63999938964844
2025-05-06,94733.68,96920.65,93377.0,96834.02,16122.64513,45.0,46.66,44.86,46.66,5605.8701171875,5649.580078125,5586.0400390625,5606.91015625,4717260000,23.969999313354492,25.11000061035156,23.899999618530273,24.760000228881836
2025-05-07,96834.02,97732.0,95784.61,97030.5,16644.83854,46.66,47.26,44.59,44.8,5614.18017578125,5654.72998046875,5578.64013671875,5631.27978515625,4987440000,24.559999465942383,25.6200008392334,23.290000915527344,23.549999237060547
2025-05-08,97030.5,104145.76,96876.29,103261.6,34962.02847,44.8,47.17,44.55,45.88,5663.60009765625,5720.10009765625,5635.3798828125,5663.93994140625,5627400000,22.84000015258789,23.61000061035156,21.8799991607666,22.479999542236328
2025-05-09,103261.61,104361.3,102315.14,102971.99,27617.39907,45.88,46.36,45.21,45.78,5679.64990234375,5691.68994140625,5644.14990234375,5659.91015625,4645090000,22.399999618530273,22.81999969482422,21.829999923706055,21.899999618530273
2025-05-12,104118.0,105819.45,100718.37,102791.32,31272.77792,47.13,48.45,45.29,45.44,5807.2001953125,5845.3701171875,5786.080078125,5844.18994140625,6014580000,19.84000015258789,20.440000534057617,18.13999938964844,18.38999938964844
2025-05-13,102791.32,104976.25,101429.7,104103.72,21253.42409,44.83,45.96,44.65,45.71,5854.14990234375,5906.64013671875,5845.02001953125,5886.5498046875,5516290000,18.690000534057617,18.850000381469727,17.649999618530273,18.219999313354492
2025-05-14,104103.72,104356.95,102602.05,103507.82,16452.9081,45.71,45.76,44.65,44.79,5896.740234375,5906.5498046875,5872.10986328125,5892.580078125,5233450000,18.100000381469727,18.81999969482422,18.059999465942383,18.6200008392334
2025-05-15,103507.83,104192.7,101383.07,103763.71,17998.98604,44.79,44.85,43.07,43.57,5869.81982421875,5924.2099609375,5865.16015625,5916.93017578125,4991290000,19.190000534057617,19.3799991607666,17.770000457763672,17.829999923706055
2025-05-16,103763.71,104550.33,103100.49,103463.9,15683.88024,43.57,43.61,41.56,42.62,5929.08984375,5958.6201171875,5907.35986328125,5958.3798828125,4850850000,17.959999084472656,17.959999084472656,17.149999618530273,17.239999771118164
2025-05-19,106454.27,107108.62,102000.0,105573.74,30260.03524,44.93,45.24,43.77,44.02,5902.8798828125,5968.60986328125,5895.68994140625,5963.60009765625,4144010000,19.84000015258789,19.920000076293945,17.920000076293945,18.13999938964844
2025-05-20,105573.73,107320.0,104184.72,106849.99,23705.48275,44.02,47.38,44.01,47.3,5944.66015625,5953.06005859375,5909.259765625,5940.4599609375,4416850000,18.459999084472656,18.68000030517578,17.700000762939453,18.09000015258789
2025-05-21,106850.0,110797.38,106100.01,109643.99,45531.040345,47.3,49.24,46.31,49.13,5910.18017578125,5938.3701171875,5830.91015625,5844.60986328125,5254250000,18.770000457763672,21.049999237060547,17.770000457763672,20.8700008392334
2025-05-22,109643.99,111980.0,109177.37,111696.21,31630.77313,49.13,49.84,47.71,49.0,5841.259765625,5878.080078125,5825.81982421875,5842.009765625,5157050000,20.6200008392334,22.06999969482422,19.63999938964844,20.280000686645508
2025-05-23,111696.22,111800.0,106800.0,107318.3,31737.72309,49.0,49.0,45.6,47.68,5781.89013671875,5829.509765625,5767.41015625,5802.81982421875,4662820000,20.13999938964844,25.530000686645508,19.829999923706055,22.290000915527344
2025-05-27,109434.78,110718.0,107516.57,108938.17,21276.65635,47.13,47.43,45.3,46.16,5854.06982421875,5924.330078125,5854.06982421875,5921.5400390625,5366380000,20.6299991607666,21.010000228881836,18.950000762939453,18.959999084472656
2025-05-28,108938.17,109284.7,106769.43,107781.78,15633.78829,46.16,46.46,43.47,45.24,5925.5400390625,5939.919921875,5881.8798828125,5888.5498046875,4665050000,19.209999084472656,19.43000030517578,18.68000030517578,19.309999465942383
2025-05-29,107781.78,108891.91,105322.86,105589.75,19834.70116,45.24,45.24,43.54,44.61,5939.9599609375,5943.1298828125,5873.7998046875,5912.169921875,4569750000,18.25,20.200000762939453,18.11000061035156,19.18000030517578
2025-05-30,105589.75,106313.12,103621.0,103985.48,23706.49799,44.61,47.41,43.64,43.71,5903.669921875,5922.14013671875,5843.66015625,5911.68994140625,6378540000,19.61000061035156,20.549999237060547,18.56999969482422,18.56999969482422
2025-06-02,105642.93,105935.63,103659.88,105857.99,13453.98813,45.13,45.22,42.38,42.97,5896.68017578125,5937.39990234375,5861.43017578125,5935.93994140625,4832240000,19.809999465942383,20.450000762939453,18.36000061035156,18.36000061035156
2025-06-03,105858.0,106794.67,104872.5,105376.89,13259.52634,42.97,43.72,42.47,42.83,5938.56005859375,5981.35009765625,5929.0,5970.3701171875,5026680000,18.829999923706055,19.209999084472656,17.639999389648438,17.690000534057617
2025-06-04,105376.9,106000.0,104179.0,104696.86,14034.89482,42.83,43.08,41.83,42.18,5978.93994140625,5990.47998046875,5966.10986328125,5970.81005859375,4767050000,17.68000030517578,18.06999969482422,17.40999984741211,17.610000610351562
2025-06-05,104696.86,105909.71,100372.26,101508.68,22321.50154,42.18,43.45,41.44,42.76,5985.669921875,5999.7001953125,5921.2001953125,5939.2998046875,5091850000,17.68000030517578,18.799999237060547,17.079999923706055,18.479999542236328
2025-06-06,101508.69,105333.0,101095.8,104288.44,15839.07385,42.76,42.89,40.52,40.53,5987.06005859375,6016.8701171875,5978.6298828125,6000.35986328125,4355710000,18.15999984741211,18.350000381469727,16.649999618530273,16.770000457763672
2025-06-09,105734.01,110530.17,105318.37,110263.02,19975.37451,42.52,42.85,41.46,42.61,6004.6298828125,6021.31005859375,5994.18017578125,6005.8798828125,4642360000,17.690000534057617,17.719999313354492,16.81999969482422,17.15999984741211
2025-06-10,110263.02,110400.0,108331.03,110274.39,17071.82839,41.89,42.8,41.65,42.51,6009.91015625,6043.009765625,6000.27978515625,6038.81005859375,4882880000,17.5,17.989999771118164,16.68000030517578,16.950000762939453
2025-06-11,110274.39,110392.01,108064.0,108645.12,13115.91638,42.51,42.69,40.86,40.95,6049.3798828125,6059.39990234375,6002.31982421875,6022.240234375,5111550000,17.040000915527344,18.09000015258789,16.229999542236328,17.260000228881836
2025-06-12,108645.13,108813.55,105671.72,105671.73,17778.67218,40.95,41.4,39.57,39.77,6009.89990234375,6045.43017578125,6003.8798828125,6045.259765625,4669500000,17.8700008392334,18.8700008392334,17.43000030517578,18.020000457763672
2025-06-13,105671.74,106179.53,102664.31,106066.59,26180.81734,39.77,43.96,39.77,40.72,6000.56005859375,6026.16015625,5963.2099609375,5976.97021484375,5258910000,21.760000228881836,22.0,18.8799991607666,20.81999969482422
2025-06-16,105594.02,108952.38,104980.37,106794.53,14922.6654,42.32,42.32,40.28,41.73,6004.0,6050.830078125,6004.0,6033.10986328125,5111710000,19.780000686645508,20.219999313354492,18.670000076293945,19.11000061035156
2025-06-17,106794.53,107771.34,103371.02,104551.17,17866.33025,41.73,42.19,40.72,41.62,6012.14990234375,6023.25,5974.7998046875,5982.72021484375,4955700000,20.530000686645508,21.790000915527344,19.549999237060547,21.600000381469727
2025-06-18,104551.17,105550.27,103500.0,104886.78,13968.64167,41.62,41.7,39.6,39.69,5987.93017578125,6018.25,5971.89013671875,5980.8701171875,5106470000,20.899999618530273,21.579999923706055,19.59000015258789,20.13999938964844
2025-06-20,104658.59,106524.65,102345.0,103297.99,16419.06283,40.21,41.53,39.03,40.67,5999.669921875,6018.2001953125,5952.56005859375,5967.83984375,7451500000,20.739999771118164,21.06999969482422,19.11000061035156,20.6200008392334
2025-06-23,100963.87,106074.2,99613.33,105333.93,27666.50609,41.75,42.15,39.54,39.86,5969.669921875,6028.77001953125,5943.22998046875,6025.169921875,5597000000,21.149999618530273,22.510000228881836,19.81999969482422,19.829999923706055
2025-06-24,105333.94,106290.0,104622.02,106083.0,14651.69335,39.87,41.2,39.0,39.05,6061.2099609375,6101.759765625,6059.25,6092.18017578125,5443690000,18.190000534057617,18.719999313354492,17.329999923706055,17.479999542236328
2025-06-25,106083.0,108135.3,105808.03,107340.58,16701.15551,39.04,39.28,37.9,38.4,6104.22998046875,6108.509765625,6080.08984375,6092.16015625,5171110000,17.280000686645508,17.510000228881836,16.68000030517578,16.760000228881836
2025-06-26,107340.59,108272.45,106562.5,106947.06,10573.27279,38.4,39.32,37.71,38.25,6112.08984375,6146.52001953125,6107.27001953125,6141.02001953125,5308140000,16.670000076293945,16.780000686645508,16.110000610351562,16.59000015258789
2025-06-27,106947.06,107735.34,106356.76,107047.59,12232.44042,38.25,38.34,36.27,38.1,6150.7001953125,6187.68017578125,6132.35009765625,6173.06982421875,7889350000,16.309999465942383,17.290000915527344,16.1200008392334,16.31999969482422
2025-06-30,108356.93,108789.99,106733.33,107146.5,9754.12491,39.34,39.34,37.69,37.74,6193.35986328125,6215.080078125,6174.97021484375,6204.9501953125,5782900000,17.190000534057617,17.43000030517578,16.549999237060547,16.729999542236328
2025-07-01,107146.51,107540.0,105250.85,105681.14,10505.62437,37.14,38.23,36.99,37.61,6187.25,6210.77978515625,6177.97021484375,6198.009765625,6275310000,16.979999542236328,17.479999542236328,16.510000228881836,16.829999923706055
2025-07-02,105681.13,109730.0,105100.19,108849.6,17691.89592,37.61,40.44,37.48,39.6,6193.8798828125,6227.60009765625,6188.2900390625,6227.419921875,5645710000,16.75,17.3700008392334,16.540000915527344,16.639999389648438
2025-07-03,108849.59,110529.18,108530.4,109584.78,13047.08225,39.6,40.93,38.66,39.08,6246.4599609375,6284.64990234375,6246.4599609375,6279.35009765625,3378110000,16.649999618530273,16.829999923706055,16.139999389648438,16.3799991607666
2025-07-07,109203.85,109700.0,107513.2,108262.94,9405.37601,38.98,39.51,38.46,38.71,6259.0400390625,6262.06982421875,6201.0,6229.97998046875,5236740000,17.829999923706055,18.5,17.510000228881836,17.790000915527344
2025-07-08,108262.94,109216.56,107429.57,108922.98,9216.0208,38.71,39.04,37.67,37.77,6234.02978515625,6242.7001953125,6217.75,6225.52001953125,5739030000,17.40999984741211,17.440000534057617,16.540000915527344,16.809999465942383
2025-07-09,108922.99,111999.79,108324.53,111233.99,17282.2865,37.77,40.09,37.08,38.77,6243.330078125,6269.16015625,6231.43017578125,6263.259765625,4813340000,16.760000228881836,16.760000228881836,15.760000228881836,15.9399995803833
2025-07-10,111234.0,116868.0,110500.0,116010.0,24883.450665,38.77,40.21,37.98,38.62,6266.7998046875,6290.22021484375,6251.43994140625,6280.4599609375,5367350000,16.229999542236328,16.239999771118164,15.699999809265137,15.779999732971191
2025-07-11,116010.01,118869.98,115222.22,117527.66,25873.521148,38.62,40.24,37.51,37.94,6255.68017578125,6269.43994140625,6237.60009765625,6259.75,4656210000,16.40999984741211,17.239999771118164,15.979999542236328,16.399999618530273
2025-07-14,119086.65,123218.0,118905.18,119841.18,27269.348877,39.24,40.64,38.79,39.64,6255.14990234375,6273.31005859375,6239.22021484375,6268.56005859375,4722250000,17.729999542236328,17.850000381469727,16.90999984741211,17.200000762939453
2025-07-15,119841.17,119940.83,115736.92,117758.09,32018.46083,39.64,41.81,39.44,39.93,6295.2900390625,6302.0400390625,6241.68017578125,6243.759765625,5133670000,16.889999389648438,17.389999389648438,16.559999465942383,17.3799991607666
2025-07-16,117758.08,120063.84,117017.29,118630.43,17039.90851,39.93,40.96,37.98,39.07,6254.5,6268.1201171875,6201.58984375,6263.7001953125,5177460000,17.65999984741211,19.479999542236328,16.690000534057617,17.15999984741211
2025-07-17,118630.44,120998.71,117453.57,119177.56,15728.57651,39.07,40.89,38.28,39.47,6263.39990234375,6304.68994140625,6262.27001953125,6297.35986328125,5512290000,17.15999984741211,17.3700008392334,16.479999542236328,16.520000457763672
2025-07-18,119177.56,120820.71,116812.76,117924.84,19924.66266,39.47,40.7,37.63,38.6,6312.9501953125,6315.60986328125,6285.27001953125,6296.7900390625,5184700000,16.43000030517578,16.809999465942383,16.280000686645508,16.40999984741211
2025-07-21,117265.11,119676.73,116515.0,117380.36,17107.33128,39.23,40.42,38.49,39.28,6304.740234375,6336.080078125,6303.7900390625,6305.60009765625,5010840000,16.8700008392334,16.989999771118164,16.299999237060547,16.649999618530273
2025-07-22,117380.36,120247.8,116128.0,119954.42,20959.12973,39.28,39.88,38.04,39.88,6306.60009765625,6316.1201171875,6281.7099609375,6309.6201171875,5662040000,16.75,17.479999542236328,16.43000030517578,16.5
2025-07-23,119954.43,120090.0,117301.0,118755.99,14558.75083,39.88,40.17,38.99,39.58,6326.89990234375,6360.64013671875,6317.490234375,6358.91015625,5642510000,16.229999542236328,16.31999969482422,15.31999969482422,15.369999885559082
2025-07-24,118756.0,119450.0,117103.1,118340.99,15806.89043,39.58,40.85,38.61,40.22,6368.60009765625,6381.31005859375,6360.56982421875,6363.35009765625,5282720000,15.390000343322754,15.539999961853027,14.949999809265137,15.390000343322754
2025-07-25,118340.98,118451.57,114723.16,117614.31,38406.34873,40.22,43.01,39.21,40.06,6370.009765625,6395.81982421875,6368.52978515625,6388.64013671875,4470720000,15.329999923706056,15.390000343322754,14.920000076293944,14.93000030517578
2025-07-28,119415.56,119800.0,117427.5,118062.32,13961.74754,39.37,41.05,38.21,38.27,6397.68994140625,6401.06982421875,6375.7900390625,6389.77001953125,4565620000,15.149999618530272,15.539999961853027,15.0,15.029999732971191
2025-07-29,118062.32,119273.36,116950.75,117950.76,15137.93445,38.27,38.78,34.86,35.18,6405.6201171875,6409.259765625,6363.919921875,6370.85986328125,5076120000,14.949999809265137,16.1200008392334,14.699999809265137,15.979999542236328
2025-07-30,117950.75,118792.0,115796.23,117840.3,15586.73631,35.18,37.3,35.16,36.13,6381.22998046875,6396.5400390625,6336.3798828125,6362.89990234375,5375070000,15.869999885559082,17.270000457763672,15.4399995803833,15.479999542236328
2025-07-31,117840.29,118922.45,115500.0,115764.08,17010.0073,36.13,37.02,35.79,36.73,6427.02001953125,6427.02001953125,6327.64013671875,6339.39013671875,6077080000,14.989999771118164,17.170000076293945,14.739999771118164,16.719999313354492
2025-08-01,115764.07,116052.0,112722.58,113297.93,24487.10206,36.73,38.74,35.61,38.42,6287.27978515625,6287.27978515625,6212.68994140625,6238.009765625,5827150000,17.399999618530273,21.899999618530273,17.389999389648438,20.3799991607666
2025-08-04,114208.81,115720.0,114107.6,115055.03,9667.67916,38.03,38.1,36.78,36.89,6271.7099609375,6330.68994140625,6271.7099609375,6329.93994140625,4842580000,19.559999465942383,19.579999923706055,17.479999542236328,17.520000457763672
2025-08-05,115055.03,115127.81,112650.0,114129.75,12042.79078,36.32,36.58,35.45,36.01,6336.6298828125,6346.0,6289.3701171875,6299.18994140625,5517410000,17.209999084472656,18.940000534057617,17.110000610351562,17.850000381469727
2025-08-06,114129.75,115716.0,113355.13,114992.27,9761.15318,36.01,36.11,34.87,34.88,6309.2998046875,6352.830078125,6301.10986328125,6345.06005859375,5408560000,17.219999313354492,17.8799991607666,16.559999465942383,16.770000457763672
2025-08-07,114992.27,117621.0,114259.0,117472.01,13468.56263,34.88,35.68,33.98,35.66,6374.31982421875,6389.7099609375,6310.31982421875,6340.0,5306090000,16.40999984741211,17.639999389648438,15.979999542236328,16.56999969482422
2025-08-08,117472.02,117630.0,115878.71,116674.74,10045.31278,35.66,35.73,33.53,34.4,6355.22021484375,6395.16015625,6355.22021484375,6389.4501953125,4769910000,16.479999542236328,16.520000457763672,15.149999618530272,15.149999618530272
2025-08-11,119294.27,122335.16,118050.11,118686.0,26494.33429,35.43,37.93,35.04,36.56,6389.669921875,6407.25,6364.06005859375,6373.4501953125,4652400000,15.8100004196167,16.360000610351562,15.520000457763672,16.25
2025-08-12,118686.0,120324.43,118207.47,120134.08,16720.10893,36.56,37.09,35.33,36.94,6395.169921875,6446.5498046875,6385.759765625,6445.759765625,5135300000,16.09000015258789,16.559999465942383,14.65999984741211,14.729999542236328
2025-08-13,120134.09,123667.79,118920.92,123306.43,23210.07102,37.41,39.89,37.07,39.0,6462.669921875,6480.27978515625,6445.02001953125,6466.580078125,5195950000,14.619999885559082,14.8100004196167,14.300000190734863,14.489999771118164
2025-08-14,123306.44,124474.0,117180.0,118295.09,27980.947586,39.0,39.63,36.25,36.95,6453.4599609375,6473.919921875,6441.06982421875,6468.5400390625,4462050000,14.65999984741211,15.390000343322754,14.56999969482422,14.829999923706056
2025-08-15,118295.09,119216.82,116803.99,117342.05,13623.33874,36.95,37.03,35.14,35.37,6477.3798828125,6481.33984375,6441.85009765625,6449.7998046875,4575060000,14.43000030517578,15.18000030517578,14.399999618530272,15.09000015258789
2025-08-18,117405.01,117543.75,114640.14,116227.05,17745.93954,35.83,38.1,35.62,35.99,6445.02001953125,6455.35009765625,6437.7001953125,6449.14990234375,4162290000,15.729999542236328,15.949999809265137,14.949999809265137,14.989999771118164
2025-08-19,116227.05,116725.69,112732.58,112872.94,18065.47424,35.99,38.54,35.6,37.87,6446.240234375,6456.47998046875,6400.22021484375,6411.3701171875,4377440000,15.229999542236328,15.90999984741211,14.760000228881836,15.56999969482422
2025-08-20,112872.95,114615.38,112380.0,114271.24,15636.34194,37.87,38.01,35.91,36.02,6406.6201171875,6408.39990234375,6343.85986328125,6395.77978515625,4470390000,15.949999809265137,17.190000534057617,15.56999969482422,15.6899995803833
2025-08-21,114271.23,114821.76,112015.67,112500.0,10839.69235,36.02,37.25,35.73,37.25,6380.830078125,6393.64990234375,6352.7099609375,6370.169921875,4013560000,15.720000267028809,17.239999771118164,15.649999618530272,16.600000381469727
2025-08-22,112500.0,117429.05,111684.79,116935.99,23128.09037,37.25,37.97,33.63,34.53,6384.58984375,6478.89013671875,6384.58984375,6466.91015625,5046860000,16.809999465942383,16.829999923706055,14.210000038146973,14.220000267028809
2025-08-25,113493.59,113667.28,109274.1,110111.98,25182.79379,35.07,38.87,34.8,37.93,6457.669921875,6466.89013671875,6438.06005859375,6439.31982421875,4059070000,15.050000190734863,15.1899995803833,14.239999771118164,14.789999961853027
2025-08-26,110111.98,112371.0,108666.66,111763.22,18452.43877,37.93,40.17,36.92,36.92,6435.490234375,6468.3701171875,6429.2099609375,6465.93994140625,4867680000,15.75,15.75,14.619999885559082,14.619999885559082
2025-08-27,111763.22,112625.0,110345.42,111262.01,13392.60875,36.92,38.52,36.69,37.91,6462.259765625,6487.06005859375,6457.83984375,6481.39990234375,4143680000,14.65999984741211,15.229999542236328,14.65999984741211,14.850000381469728
2025-08-28,111262.01,113485.9,110862.42,112566.9,11104.27744,37.91,38.12,36.21,36.95,6483.83984375,6508.22998046875,6466.9599609375,6501.85986328125,4283760000,14.420000076293944,14.6899995803833,14.119999885559082,14.43000030517578
2025-08-29,112566.9,112638.64,107463.9,108377.4,22580.31045,36.95,41.7,36.91,38.98,6489.27978515625,6491.759765625,6444.56982421875,6460.259765625,4234840000,14.3100004196167,15.970000267028809,14.3100004196167,15.359999656677246
2025-09-02,109237.43,111771.52,108393.39,111240.01,18510.28756,39.33,40.28,38.69,38.8,6401.509765625,6416.5400390625,6360.580078125,6415.5400390625,4784000000,16.649999618530273,19.3799991607666,16.549999237060547,17.170000076293945
2025-09-03,111240.01,112575.27,110528.71,111705.71,11773.72084,38.8,38.88,37.97,38.85,6445.81982421875,6453.669921875,6416.169921875,6448.259765625,4465360000,17.399999618530273,17.56999969482422,16.34000015258789,16.350000381469727
2025-09-04,111705.72,112180.0,109329.12,110730.87,12203.13536,38.85,39.17,38.37,38.48,6456.60009765625,6502.5400390625,6445.97998046875,6502.080078125,4670770000,16.219999313354492,16.350000381469727,15.279999732971191,15.300000190734863
2025-09-05,110730.87,113384.62,110206.96,110659.99,21587.40888,38.48,38.74,36.23,37.49,6529.080078125,6532.64990234375,6443.97998046875,6481.5,5066120000,15.229999542236328,16.920000076293945,14.739999771118164,15.18000030517578
2025-09-08,111137.35,112924.37,110621.78,112065.23,11582.40211,37.9,38.17,36.46,37.08,6498.08984375,6508.669921875,6483.2900390625,6495.14990234375,5211500000,15.579999923706056,15.649999618530272,14.989999771118164,15.109999656677246
2025-09-09,112065.23,113293.29,110766.66,111546.39,15379.28248,37.08,37.9,36.73,37.36,6503.330078125,6518.22998046875,6483.080078125,6512.60986328125,4798350000,15.020000457763672,15.81999969482422,14.970000267028809,15.039999961853027
2025-09-10,111546.38,114313.13,110917.45,113960.0,17517.41823,37.36,37.86,36.74,36.95,6550.2900390625,6555.97021484375,6516.33984375,6532.0400390625,5253010000,14.979999542236328,15.630000114440918,14.630000114440918,15.350000381469728
2025-09-11,113960.0,115488.09,113430.0,115482.69,13676.73119,36.95,37.03,35.26,35.26,6554.41015625,6592.89013671875,6545.7998046875,6587.47021484375,5426460000,15.1899995803833,15.239999771118164,14.649999618530272,14.710000038146973
2025-09-12,115482.69,116665.63,114740.99,116029.42,15324.10719,35.26,35.56,34.02,34.66,6590.66015625,6600.2099609375,6579.490234375,6584.2900390625,4641640000,14.619999885559082,14.970000267028809,14.40999984741211,14.760000228881836
2025-09-15,115268.01,116757.99,114384.0,115349.71,13212.51149,34.41,35.98,34.26,35.56,6603.490234375,6619.6201171875,6602.06982421875,6615.27978515625,5045020000,15.140000343322754,15.84000015258789,14.920000076293944,15.6899995803833
2025-09-16,115349.71,116964.27,114737.11,116788.96,10926.9094,35.56,36.7,35.12,36.52,6624.1298828125,6626.990234375,6600.10986328125,6606.759765625,5359510000,15.600000381469728,16.3799991607666,15.4399995803833,16.360000610351562
2025-09-17,116788.96,117286.73,114720.81,116447.59,16754.2454,36.52,37.45,34.99,35.55,6604.8701171875,6624.39013671875,6551.14990234375,6600.35009765625,5805340000,16.420000076293945,16.75,15.260000228881836,15.720000267028809
2025-09-18,116447.6,117900.0,116092.76,117073.53,11657.23365,35.55,35.58,32.87,33.81,6626.85009765625,6656.7998046875,6611.89013671875,6631.9599609375,5292400000,14.93000030517578,15.800000190734863,14.329999923706056,15.699999809265137
2025-09-19,117073.53,117459.99,115100.0,115632.38,8992.09065,33.81,35.6,33.4,34.78,6647.10986328125,6671.81982421875,6630.31005859375,6664.35986328125,9125960000,15.760000228881836,16.1299991607666,15.289999961853027,15.449999809265137
2025-09-22,115232.29,115379.25,111800.0,112650.99,20781.71356,34.51,38.09,34.51,35.17,6654.27978515625,6698.8798828125,6648.06982421875,6693.75,5642620000,16.139999389648438,16.350000381469727,15.779999732971191,16.100000381469727
2025-09-23,112650.99,113290.5,111458.73,111998.8,12301.3203,35.17,37.17,35.09,37.14,6692.43994140625,6699.52001953125,6645.580078125,6656.919921875,5633620000,16.100000381469727,17.06999969482422,15.949999809265137,16.639999389648438
2025-09-24,111998.8,113940.0,111042.66,113307.0,12369.25967,37.14,37.25,35.28,36.17,6669.7900390625,6672.66015625,6621.759765625,6637.97021484375,5459180000,16.56999969482422,17.209999084472656,16.18000030517578,16.18000030517578
2025-09-25,113307.01,113510.23,108631.51,108994.49,21231.14957,36.17,37.98,35.68,37.69,6608.18994140625,6619.0,6569.22021484375,6604.72021484375,5874670000,16.549999237060547,17.739999771118164,16.31999969482422,16.739999771118164
2025-09-26,108994.49,110300.0,108620.07,109643.46,14243.01591,37.69,38.11,35.82,36.55,6615.3798828125,6648.97021484375,6604.43017578125,6643.7001953125,5103110000,16.889999389648438,17.049999237060547,15.289999961853027,15.289999961853027
2025-09-29,112163.96,114400.0,111560.65,114311.96,15541.12005,35.86,36.96,35.21,36.39,6661.580078125,6677.31005859375,6644.490234375,6661.2099609375,5358760000,15.84000015258789,16.290000915527344,15.739999771118164,16.1200008392334
2025-09-30,114311.97,114792.0,112656.27,114048.93,15044.15633,36.39,37.06,35.64,36.61,6656.18994140625,6691.25,6641.0,6688.4599609375,6057210000,16.489999771118164,16.700000762939453,16.020000457763672,16.280000686645508
2025-10-01,114048.94,118649.1,113966.67,118594.99,20036.39516,36.61,37.7,35.9,37.12,6664.919921875,6718.47998046875,6656.2001953125,6711.2001953125,6037950000,17.280000686645508,17.280000686645508,15.979999542236328,16.290000915527344
2025-10-02,118594.99,121022.07,118279.31,120529.35,19670.83503,37.12,37.9,36.74,37.39,6731.31005859375,6731.93994140625,6693.22998046875,6715.35009765625,5416130000,16.1200008392334,16.920000076293945,15.93000030517578,16.6299991607666
2025-10-03,120529.35,123894.99,119248.3,122232.0,23936.328,37.39,38.96,36.81,38.03,6722.14013671875,6750.8701171875,6705.669921875,6715.7900390625,5713110000,16.350000381469727,17.059999465942383,16.200000762939453,16.649999618530273
2025-10-06,123482.32,126199.63,123084.0,124658.54,19494.628793,37.95,39.42,37.67,39.26,6733.85986328125,6749.52001953125,6717.77978515625,6740.27978515625,5604460000,16.739999771118164,17.09000015258789,16.290000915527344,16.3700008392334
2025-10-07,124658.54,125126.0,120574.94,121332.95,21633.99385,39.07,39.39,38.54,39.28,6746.14013671875,6754.490234375,6699.9599609375,6714.58984375,5546150000,16.579999923706055,17.549999237060547,16.190000534057617,17.239999771118164
2025-10-08,121332.96,124197.25,121066.14,123306.0,17012.618,39.28,40.03,38.54,39.44,6723.8701171875,6755.64013671875,6718.08984375,6753.72021484375,5383130000,17.170000076293945,17.200000762939453,16.229999542236328,16.299999237060547
2025-10-09,123306.01,123762.94,119651.47,121662.4,21559.36007,39.44,40.44,39.33,39.73,6760.5,6764.580078125,6716.169921875,6735.10986328125,5385020000,16.309999465942383,17.270000457763672,16.260000228881836,16.43000030517578
2025-10-10,121662.41,122550.0,102000.0,112774.5,64171.93927,39.73,64.88,39.45,44.11,6740.490234375,6762.39990234375,6550.77978515625,6552.509765625,6596610000,16.360000610351562,22.440000534057617,16.229999542236328,21.65999984741211
2025-10-13,114958.81,115963.81,113616.5,115166.0,22557.24033,46.24,46.51,42.87,43.38,6622.52978515625,6668.68017578125,6620.7099609375,6654.72021484375,5303960000,19.450000762939453,20.770000457763672,18.61000061035156,19.030000686645508
2025-10-14,115166.0,115409.96,109866.0,113028.14,31870.32974,43.38,47.71,43.18,45.01,6602.490234375,6680.7001953125,6555.06982421875,6644.31005859375,5666920000,21.459999084472656,22.940000534057617,19.18000030517578,20.809999465942383
2025-10-15,113028.13,113612.35,110164.0,110763.28,22986.48811,45.01,45.73,44.07,45.25,6688.27001953125,6724.1201171875,6612.10986328125,6671.06005859375,5633060000,20.020000457763672,22.440000534057617,19.11000061035156,20.63999938964844
2025-10-16,110763.28,111982.45,107427.0,108194.28,29857.17252,45.25,48.52,44.67,47.78,6689.02001953125,6709.33984375,6593.990234375,6629.06982421875,6048180000,20.489999771118164,25.43000030517578,19.850000381469727,25.309999465942383
2025-10-17,108194.27,109240.0,103528.23,106431.68,37920.66838,47.78,51.0,45.75,50.0,6613.27001953125,6678.8798828125,6603.759765625,6664.009765625,5358120000,28.40999984741211,28.989999771118164,20.729999542236328,20.780000686645508
2025-10-20,108642.77,111705.56,107402.52,110532.09,19193.4416,47.68,49.62,45.09,45.95,6690.0498046875,6744.35009765625,6690.0498046875,6735.1298828125,4672170000,20.530000686645508,21.020000457763672,18.229999542236328,18.229999542236328
2025-10-21,110532.09,114000.0,107473.72,108297.67,37228.01659,45.95,49.64,45.53,49.27,6736.75,6752.16015625,6722.02978515625,6735.35009765625,5245020000,18.649999618530273,18.88999938964844,17.399999618530273,17.8700008392334
2025-10-22,108297.66,109163.88,106666.69,107567.44,28610.78451,49.27,51.24,47.08,50.7,6741.33984375,6741.75,6655.68994140625,6699.39990234375,5710010000,17.84000015258789,21.010000228881836,17.729999542236328,18.600000381469727
2025-10-23,107567.45,111293.61,107500.0,110078.18,17573.09294,50.7,50.7,45.12,45.13,6703.64990234375,6749.52978515625,6700.14013671875,6738.43994140625,5565750000,18.36000061035156,19.350000381469727,17.079999923706055,17.299999237060547
2025-10-24,110078.19,112104.98,109700.01,111004.89,15005.16913,45.13,45.18,42.69,42.84,6772.06982421875,6807.10986328125,6772.06982421875,6791.68994140625,5058220000,17.020000457763672,17.219999313354492,16.020000457763672,16.3700008392334
2025-10-27,114559.41,116400.0,113830.01,114107.65,21450.23241,43.91,43.91,42.04,42.82,6845.4599609375,6877.27978515625,6843.93994140625,6875.16015625,5290650000,15.729999542236328,16.06999969482422,15.619999885559082,15.789999961853027
2025-10-28,114107.65,116086.0,112211.0,112898.45,15523.42257,42.82,43.07,40.44,42.39,6897.740234375,6911.2998046875,6870.72998046875,6890.89013671875,5695930000,15.949999809265137,16.549999237060547,15.65999984741211,16.420000076293945
2025-10-29,112898.44,113643.73,109200.0,110021.29,21079.71376,42.39,45.53,42.39,45.07,6910.9501953125,6920.33984375,6851.91015625,6890.58984375,6280130000,16.34000015258789,17.579999923706055,16.260000228881836,16.920000076293945
2025-10-30,110021.3,111592.0,106304.34,108322.88,25988.82838,45.07,47.15,43.79,44.85,6860.5,6880.75,6820.68994140625,6822.33984375,6052700000,16.260000228881836,17.40999984741211,15.729999542236328,16.90999984741211
2025-10-31,108322.87,111190.0,108275.28,109608.01,21518.20439,44.85,44.85,42.74,43.31,6879.169921875,6879.169921875,6814.259765625,6840.2001953125,6398280000,16.43000030517578,18.540000915527344,15.960000038146973,17.440000534057617
2025-11-03,110540.69,110750.0,105306.56,106583.04,28681.18779,44.12,46.83,43.6,45.73,6882.31982421875,6882.31982421875,6820.6201171875,6851.97021484375,6065720000,18.059999465942383,18.829999923706055,17.0,17.170000076293945
2025-11-04,106583.05,107299.0,98944.36,101497.22,50534.87376,45.73,50.56,44.93,47.79,6788.52001953125,6820.2099609375,6766.7099609375,6771.5498046875,5739510000,19.729999542236328,20.479999542236328,17.899999618530273,19.0
2025-11-05,101497.23,104534.74,98966.8,103885.16,33778.77571,47.79,50.48,46.26,46.55,6769.77001953125,6829.77978515625,6763.10986328125,6796.2900390625,5939600000,19.3700008392334,20.020000457763672,17.309999465942383,18.010000228881836
2025-11-06,103885.16,104200.0,100300.95,101346.04,25814.62139,46.55,48.13,44.11,46.94,6787.58984375,6796.68017578125,6707.509765625,6720.31982421875,6051900000,18.36000061035156,20.309999465942383,17.639999389648438,19.5
2025-11-07,101346.04,104096.36,99260.86,103339.08,32059.50942,46.93,47.78,44.27,44.61,6696.18017578125,6730.10986328125,6631.43994140625,6728.7998046875,5926070000,19.520000457763672,22.719999313354492,19.079999923706055,19.079999923706055
2025-11-10,104722.95,106670.11,104265.02,106011.13,22682.25673,45.11,45.14,44.28,44.3,6785.35986328125,6841.31982421875,6770.56005859375,6832.43017578125,5366050000,18.579999923706055,18.81999969482422,17.600000381469727,17.600000381469727
2025-11-11,106011.13,107500.0,102476.09,103058.99,24196.50718,44.3,47.44,43.56,46.61,6815.64013671875,6855.1298828125,6806.8701171875,6846.60986328125,4983490000,17.899999618530273,18.010000228881836,17.25,17.280000686645508
2025-11-12,103059.0,105333.33,100813.59,101654.37,20457.63906,46.61,46.95,44.75,46.07,6867.77001953125,6869.91015625,6829.6201171875,6850.919921875,5293610000,17.209999084472656,18.059999465942383,17.100000381469727,17.510000228881836
2025-11-13,101654.37,104085.01,98000.4,99692.02,36198.50771,46.08,46.96,43.93,46.52,6826.47021484375,6828.0498046875,6724.72021484375,6737.490234375,5473720000,17.610000610351562,21.309999465942383,17.510000228881836,20.0
2025-11-14,99692.03,99866.02,94012.45,94594.0,47288.14481,46.52,50.58,45.87,49.71,6672.14013671875,6774.31005859375,6646.8701171875,6734.10986328125,5042660000,21.329999923706055,23.030000686645508,19.559999465942383,19.829999923706055
2025-11-17,94261.45,96043.0,91220.0,92215.14,39218.59806,49.64,51.71,47.9,50.62,6713.60986328125,6754.5,6638.89990234375,6672.41015625,5204220000,19.579999923706055,23.440000534057617,19.540000915527344,22.3799991607666
2025-11-18,92215.14,93836.01,89253.78,92960.83,39835.14769,50.62,52.78,50.13,50.52,6641.18994140625,6666.6298828125,6574.31982421875,6617.31982421875,5159390000,23.540000915527344,25.84000015258789,22.90999984741211,24.690000534057617
2025-11-19,92960.83,92980.22,88608.0,91554.96,32286.6376,50.52,53.61,50.47,51.04,6625.83984375,6689.75,6603.5,6642.16015625,5021610000,24.520000457763672,24.790000915527344,21.93000030517578,23.65999984741211
2025-11-20,91554.96,93160.0,86100.0,86637.23,39733.19073,51.04,54.72,50.07,54.65,6737.93017578125,6770.35009765625,6534.0498046875,6538.759765625,5596080000,20.780000686645508,28.270000457763672,19.280000686645508,26.420000076293945
2025-11-21,86637.22,87498.94,80600.0,85129.43,72256.12679,54.65,62.18,54.01,57.38,6555.77001953125,6660.0498046875,6521.919921875,6602.990234375,5929930000,25.969999313354492,27.84000015258789,22.540000915527344,23.43000030517578
2025-11-24,86830.0,89228.0,85272.0,88300.01,24663.12795,56.5,57.36,52.25,53.31,6636.5400390625,6715.75,6630.7001953125,6705.1201171875,6039740000,22.690000534057617,23.68000030517578,20.40999984741211,20.520000457763672
2025-11-25,88300.01,88519.99,86116.0,87369.96,19567.0411,53.77,53.92,52.34,52.56,6697.02978515625,6776.39990234375,6659.97998046875,6765.8798828125,5003330000,20.549999237060547,21.770000457763672,18.38999938964844,18.559999465942383
2025-11-26,87369.97,90656.08,86306.77,90484.02,21675.82239,52.56,52.69,49.41,49.92,6793.5498046875,6831.43994140625,6783.8701171875,6812.60986328125,4485000000,18.25,18.700000762939453,16.93000030517578,17.190000534057617
2025-11-28,91333.94,93092.0,90180.63,90890.7,18830.86012,49.31,49.59,47.01,48.7,6822.52001953125,6850.85986328125,6819.75,6849.08984375,2558540000,17.40999984741211,18.520000457763672,15.779999732971191,16.350000381469727
2025-12-01,90360.01,90417.0,83822.76,86286.01,34509.01227,48.78,54.76,48.78,53.13,6812.2998046875,6843.64990234375,6799.93994140625,6812.6298828125,4549370000,18.049999237060547,18.329999923706055,16.579999923706055,17.239999771118164
2025-12-02,86286.01,92307.65,86184.39,91277.88,28210.22732,53.13,53.14,48.95,49.24,6830.9599609375,6851.5498046875,6806.7099609375,6829.3701171875,4582290000,17.280000686645508,17.309999465942383,16.389999389648438,16.59000015258789
2025-12-03,91277.88,94150.0,90990.23,93429.95,25712.52585,49.24,49.28,47.27,47.44,6815.2900390625,6862.419921875,6810.43017578125,6849.72021484375,4736780000,16.43000030517578,17.280000686645508,15.93000030517578,16.079999923706055
2025-12-04,93429.95,94080.0,90889.0,92078.06,19803.94059,47.44,48.43,46.44,48.03,6866.47021484375,6866.47021484375,6827.1201171875,6857.1201171875,4872440000,16.229999542236328,16.6299991607666,15.68000030517578,15.779999732971191
2025-12-05,92078.06,92692.36,88056.0,89330.04,19792.97218,48.03,50.78,47.15,48.94,6866.31982421875,6895.77978515625,6858.2900390625,6870.39990234375,4944560000,15.579999923706056,16.18000030517578,15.279999732971191,15.40999984741211
2025-12-08,90395.32,92287.15,89612.0,90634.34,15793.63887,49.64,49.73,48.41,49.01,6875.2001953125,6878.27001953125,6827.18994140625,6846.509765625,4757130000,16.149999618530273,17.09000015258789,16.100000381469727,16.65999984741211
2025-12-09,90634.35,94588.99,89500.0,92678.8,21240.43014,49.01,49.1,46.39,46.44,6840.60986328125,6864.919921875,6837.43017578125,6840.509765625,4508050000,16.65999984741211,17.200000762939453,16.450000762939453,16.93000030517578
2025-12-10,92678.81,94476.0,91563.15,92015.37,18998.68083,46.44,47.7,44.78,44.92,6833.490234375,6900.669921875,6824.68994140625,6886.68017578125,5526570000,16.940000534057617,17.65999984741211,15.5600004196167,15.770000457763672
2025-12-11,92015.38,93555.0,89260.63,92513.38,19972.58758,44.92,47.19,43.55,44.46,6861.2998046875,6903.4599609375,6833.4501953125,6901.0,5021060000,16.84000015258789,16.8799991607666,14.850000381469728,14.850000381469728
2025-12-12,92513.38,92754.0,89480.0,90268.42,16679.19169,44.46,44.85,43.04,44.22,6886.85009765625,6899.85009765625,6801.7900390625,6827.41015625,4910160000,14.989999771118164,17.850000381469727,14.850000381469728,15.739999771118164
2025-12-15,88172.16,90052.64,85146.64,86432.08,19778.6919,46.74,46.88,43.7,46.68,6860.18994140625,6861.58984375,6801.490234375,6816.509765625,4975600000,16.510000228881836,17.350000381469727,15.989999771118164,16.5
2025-12-16,86432.08,88175.98,85266.0,87863.42,18456.05017,46.39,46.9,45.69,45.69,6800.1201171875,6819.27001953125,6759.740234375,6800.259765625,4983180000,17.280000686645508,17.610000610351562,16.190000534057617,16.479999542236328
2025-12-17,87863.43,90365.85,85314.0,86243.22,19834.11729,45.69,47.99,44.86,47.0,6802.8798828125,6812.259765625,6720.43017578125,6721.43017578125,5122120000,16.450000762939453,18.0,15.81999969482422,17.6200008392334
2025-12-18,86243.23,89477.61,84450.01,85516.41,25405.41763,47.0,47.55,44.77,47.48,6778.06005859375,6816.1298828125,6758.5,6774.759765625,5101190000,17.610000610351562,17.68000030517578,15.93000030517578,16.8700008392334
2025-12-19,85516.41,89399.97,85110.24,88136.94,21256.65004,47.48,47.54,45.03,45.06,6792.6201171875,6840.02001953125,6792.6201171875,6834.5,8554470000,16.309999465942383,16.530000686645508,14.90999984741211,14.90999984741211
2025-12-22,88658.87,90588.23,87900.0,88620.79,14673.2197,45.07,45.5,44.62,45.09,6865.2099609375,6882.02978515625,6855.740234375,6878.490234375,4465030000,15.15999984741211,15.260000228881836,14.029999732971191,14.079999923706056
2025-12-23,88620.79,88940.0,86601.9,87486.0,13910.32904,45.09,45.1,43.34,43.4,6872.41015625,6910.8798828125,6868.81005859375,6909.7900390625,3820560000,14.09000015258789,14.449999809265137,13.640000343322754,14.0
2025-12-24,87486.0,88049.89,86420.0,87669.45,9140.8432,43.4,43.77,42.55,42.81,6904.91015625,6937.31982421875,6904.91015625,6932.0498046875,1798270000,14.09000015258789,14.15999984741211,13.380000114440918,13.470000267028809
2025-12-26,87225.27,89567.75,86655.08,87369.56,18344.61505,42.55,43.04,41.02,41.04,6936.02001953125,6945.77001953125,6921.60009765625,6929.93994140625,2586550000,14.119999885559082,14.289999961853027,13.520000457763672,13.600000381469728
2025-12-29,87952.71,90406.08,86806.5,87237.13,19894.98575,42.11,43.0,41.46,42.25,6903.60009765625,6920.2099609375,6888.759765625,6905.740234375,3541750000,14.6899995803833,15.079999923706056,13.989999771118164,14.199999809265137
2025-12-30,87237.13,89400.0,86845.66,88485.49,13105.91001,42.25,43.03,41.88,42.79,6900.43994140625,6913.25,6893.47021484375,6896.240234375,3309930000,14.43000030517578,14.619999885559082,14.039999961853027,14.329999923706056
2025-12-31,88485.5,89200.0,87250.0,87648.22,11558.62047,42.79,43.57,42.12,43.01,6898.81982421875,6901.419921875,6844.5498046875,6845.5,3261830000,14.770000457763672,15.170000076293944,14.380000114440918,14.949999809265137
