date,btc_open,btc_high,btc_low,btc_close,btc_volume,dvol_open,dvol_high,dvol_low,dvol_close,spx_open,spx_high,spx_low,spx_close,spx_volume,vix_open,vix_high,vix_low,vix_close,btc_log_return,spx_log_return,btc_rv_7d,spx_rv_7d,btc_rv_14d,spx_rv_14d,btc_rv_30d,spx_rv_30d
2021-03-24,54342.8,57200.0,51700.0,52303.65,83537.465021,84.8,95.94,80.52,95.04,3919.929931640625,3942.080078125,3889.070068359375,3889.139892578125,4783020000,20.63999938964844,21.489999771118164,19.299999237060547,21.200000762939453,,,,,,,,
2021-03-25,52303.66,53287.0,50427.56,51293.78,87400.534538,95.03,97.43,87.25,89.74,3879.340087890625,3919.5400390625,3853.5,3909.52001953125,4948340000,20.799999237060547,23.549999237060547,19.809999465942383,19.809999465942383,-0.019496661048352345,0.005226583432729291,,,,,,
2021-03-26,51293.78,55073.46,51214.6,55025.59,63813.774692,89.74,89.74,80.22,84.52,3917.1201171875,3978.18994140625,3917.1201171875,3974.5400390625,5483160000,19.31999969482422,21.489999771118164,18.68000030517578,18.86000061035156,0.07022885249165932,0.016494418658716575,,,,,,
2021-03-29,55777.65,58405.82,54800.01,57635.47,67857.937398,79.07,83.74,78.88,83.71,3969.31005859375,3981.830078125,3943.25,3971.090087890625,4628180000,20.399999618530273,21.600000381469727,19.420000076293945,20.739999771118164,0.0463398270328442,-0.0008683896263867381,,,,,,
2021-03-30,57635.46,59368.0,57071.35,58746.57,55122.443122,83.71,86.36,82.0,85.08,3963.340087890625,3968.010009765625,3944.35009765625,3958.550048828125,4121510000,20.760000228881836,21.75,19.469999313354492,19.61000061035156,0.019094591554397786,-0.0031628294096500294,,,,,,
2021-03-31,58746.57,59800.0,56769.0,58740.55,60975.542666,85.08,86.82,83.74,86.45,3967.25,3994.409912109375,3966.97998046875,3972.889892578125,4578050000,19.799999237060547,20.11000061035156,18.850000381469727,19.399999618530273,-0.00010247931867370034,0.003615953592419885,,,,,,
2021-04-01,58739.46,59490.0,57935.45,58720.44,47415.61722,86.45,86.63,81.2,82.38,3992.780029296875,4020.6298828125,3992.780029296875,4019.8701171875,4162130000,18.600000381469727,18.63999938964844,17.290000915527344,17.329999923706055,-0.00034241155632151754,0.011755830427674127,,,,,,
2021-04-05,58202.01,59272.0,56777.77,59129.99,54258.01579,82.42,82.6,78.73,80.22,4034.43994140625,4083.419921875,4034.43994140625,4077.909912109375,4005030000,18.15999984741211,18.399999618530273,17.350000381469727,17.90999984741211,0.006950363247636316,0.0143349877622439,0.490265043728343,0.12054667169958663,,,,
2021-04-06,59129.99,59495.24,57413.02,57991.15,54201.000727,80.22,81.3,79.67,81.01,4075.570068359375,4086.22998046875,4068.139892578125,4073.93994140625,4081270000,18.06999969482422,18.299999237060547,17.3700008392334,18.1200008392334,-0.019447828016770405,-0.0009740049407969285,0.49011023121780095,0.12930575422444876,,,,
2021-04-07,57990.03,58655.0,55473.0,55953.45,71228.405659,81.01,81.14,78.36,78.78,4074.2900390625,4083.1298828125,4068.31005859375,4079.949951171875,4120810000,17.989999771118164,18.170000076293945,16.8700008392334,17.15999984741211,-0.035770317641772804,0.0014741456981068137,0.4189089167580933,0.10703329983710909,,,,
2021-04-08,55953.44,58153.31,55700.0,58077.52,44283.147019,78.78,79.0,72.79,74.31,4089.949951171875,4098.18994140625,4082.5400390625,4097.169921875,3907100000,16.920000076293945,17.360000610351562,16.549999237060547,16.950000762939453,0.03725857482507307,0.004211750940591775,0.3806923103062216,0.1020731364477459,,,,
2021-04-09,58077.52,58894.9,57654.0,58142.54,40831.884911,74.32,77.54,72.19,77.07,4096.10986328125,4129.47998046875,4095.510009765625,4128.7998046875,3640390000,17.049999237060547,17.34000015258789,16.200000762939453,16.690000534057617,0.001118911946587532,0.007690288135687276,0.3596876978992861,0.08777961654449853,,,,
2021-04-12,59998.8,61300.0,59350.59,59860.0,56375.037117,82.61,84.81,78.98,84.5,4124.7099609375,4131.759765625,4114.81982421875,4127.990234375,3588900000,17.43000030517578,17.90999984741211,16.809999465942383,16.90999984741211,0.02911092059760176,-0.0001960980747395339,0.40431434934651983,0.09485140312498624,,,,
2021-04-13,59860.01,63777.77,59805.15,63575.0,82848.688746,84.5,89.14,84.46,88.64,4130.10009765625,4148.0,4124.43017578125,4141.58984375,3734720000,16.989999771118164,17.860000610351562,16.43000030517578,16.649999618530273,0.060211808883630515,0.0032890718770625686,0.5291652125376108,0.08430690727429718,,,,
2021-04-14,63575.01,64854.0,61301.0,62959.53,82616.343993,88.64,88.67,83.41,83.85,4141.580078125,4151.68994140625,4120.8701171875,4124.66015625,3985350000,16.709999084472656,17.690000534057617,15.380000114440918,16.989999771118164,-0.009728172284078391,-0.004096104320730151,0.5442338026616341,0.06116427820919017,0.5026028305423104,0.1011321227174717,,
2021-04-15,62959.53,63800.0,62020.0,63159.98,51649.70034,83.85,84.25,76.12,77.08,4139.759765625,4173.490234375,4139.759765625,4170.419921875,4033420000,16.780000686645508,16.920000076293945,15.9399995803833,16.56999969482422,0.0031787337071748686,0.011033101401119478,0.5105086000722255,0.07941282681429944,0.4827851879319059,0.10519390281508591,,
2021-04-16,63158.74,63520.61,60000.0,61334.8,91764.139884,77.08,79.26,74.98,77.67,4174.14013671875,4191.31005859375,4170.75,4185.47021484375,4163820000,16.649999618530273,16.8799991607666,16.049999237060547,16.25,-0.02932349103283781,0.0036023233905179666,0.4859415892253637,0.0783276777917415,0.44473662164289013,0.090109129762346,,
2021-04-19,56150.01,57526.81,54221.58,55633.14,78229.042267,88.4,89.25,82.29,83.2,4179.7998046875,4180.81005859375,4150.47021484375,4163.259765625,3810290000,17.040000915527344,18.61000061035156,16.780000686645508,17.290000915527344,-0.09756831483961187,-0.005320689893757947,0.7855931976814786,0.09463008184392613,0.5960549401781451,0.0962492575947337,,
2021-04-20,55633.14,57076.24,53329.96,56425.0,72744.482151,83.2,84.97,80.79,82.96,4159.18017578125,4159.18017578125,4118.3798828125,4134.93994140625,4342650000,17.360000610351562,19.700000762939453,17.239999771118164,18.68000030517578,0.014133255844769198,-0.006825561005077803,0.7944763338213031,0.09975355324267472,0.5929299846133825,0.10214626275155607,,
2021-04-21,56425.0,56757.91,53536.02,53787.63,66984.756909,82.96,83.55,80.11,83.0,4128.419921875,4175.02001953125,4126.35009765625,4173.419921875,3887250000,18.479999542236328,19.290000915527344,16.90999984741211,17.5,-0.0478688076233732,0.009263020919853236,0.7928337306050411,0.11334626657629258,0.622488165223876,0.10544087107319822,,
2021-04-22,53787.62,55521.48,50500.0,51690.96,104656.631337,83.0,95.93,76.69,87.39,4170.4599609375,4179.56982421875,4123.68994140625,4134.97998046875,4245140000,17.280000686645508,19.899999618530273,16.989999771118164,18.709999084472656,-0.03976060378705051,-0.009253337860554323,0.5953356071062216,0.1292002773720201,0.6374697648860344,0.111141092410143,,
2021-04-23,51690.95,52131.85,47500.0,51125.14,132230.780719,87.39,96.28,87.39,89.31,4138.77978515625,4194.169921875,4138.77978515625,4180.169921875,3569880000,18.559999465942383,18.780000686645508,16.799999237060547,17.329999923706055,-0.011006558547651292,0.01086940989553096,0.5935936506549163,0.14104299895231098,0.6332398612104332,0.10446750676730457,,
2021-04-26,49066.76,54356.62,48753.44,54001.39,86310.802124,93.46,93.57,80.3,82.66,4185.02978515625,4194.18994140625,4182.35986328125,4187.6201171875,3748320000,17.940000534057617,18.170000076293945,16.8700008392334,17.639999389648438,0.05473343422820344,0.001780684564582624,0.7685162309367365,0.12603290458552552,0.6884727437637322,0.10371641315844957,,
2021-04-27,54001.38,55460.0,53222.0,55011.97,54064.034675,82.66,82.66,74.21,77.53,4188.25,4193.35009765625,4176.22021484375,4186.72021484375,3710700000,17.6200008392334,18.15999984741211,16.969999313354492,17.559999465942383,0.018541010943021647,-0.0002149189814442344,0.8032291543765967,0.12426711767028385,0.6800676826267363,0.10411842487959083,,
2021-04-28,55011.97,56428.0,53813.16,54846.22,55130.459015,77.53,79.2,75.52,76.96,4185.14013671875,4201.52978515625,4181.77978515625,4183.18017578125,3787360000,17.469999313354492,17.84000015258789,16.670000076293945,17.280000686645508,-0.003017528793609669,-0.0008458975873960478,0.5617293239551318,0.11894193173920548,0.6569779938674032,0.10410114752593648,,
2021-04-29,54846.23,55195.84,52330.94,53555.0,52486.019455,76.96,80.62,75.8,80.2,4206.14013671875,4218.77978515625,4176.81005859375,4211.47021484375,4298680000,16.8799991607666,18.8700008392334,16.770000457763672,17.610000610351562,-0.023824105906546798,0.0067400415367024095,0.5620104207300279,0.11053169664754257,0.6616515222593755,0.10307598550637231,,
2021-04-30,53555.0,57963.0,53013.01,57694.27,68578.910045,80.2,80.65,73.95,75.09,4198.10009765625,4198.10009765625,4174.85009765625,4181.169921875,4300880000,17.670000076293945,19.25,17.639999389648438,18.61000061035156,0.07444869860711945,-0.0072207134171198275,0.6627672394276376,0.11313971025550365,0.7323041643364997,0.10932488360746814,,
2021-05-03,56578.21,58981.44,56435.0,57169.39,57649.931286,79.09,82.3,75.18,81.79,4191.97998046875,4209.39013671875,4188.02978515625,4192.66015625,4070220000,18.649999618530273,19.1200008392334,17.799999237060547,18.309999465942383,-0.009139246536538945,0.002744321649512167,0.5873504064835666,0.09159650756039484,0.6737015552019203,0.10911974141820616,,
2021-05-04,57169.39,57200.0,53046.69,53200.01,85324.625903,81.79,88.18,81.79,87.96,4179.0400390625,4179.0400390625,4128.58984375,4164.66015625,4452460000,18.15999984741211,21.850000381469727,18.11000061035156,19.479999542236328,-0.07196003096966748,-0.0067007374898472305,0.7802365725561823,0.07988854467963759,0.7271540674201052,0.11194308034154021,,
2021-05-05,53205.05,58069.82,52900.0,57436.11,77263.923439,87.96,88.2,83.51,84.39,4177.06005859375,4187.72021484375,4160.93994140625,4167.58984375,4230920000,18.84000015258789,19.579999923706055,17.889999389648438,19.149999618530273,0.07661461528794215,0.0007032164471135163,0.8462627991007435,0.0788336609749756,0.818001697048968,0.10153566753874793,,
2021-05-06,57436.11,58360.0,55200.0,56393.68,70181.671908,84.39,85.36,80.31,82.14,4169.14013671875,4202.7001953125,4147.330078125,4201.6201171875,4511000000,18.40999984741211,20.600000381469727,18.209999084472656,18.38999938964844,-0.018316104117848727,0.008132299498632055,0.8572833335533365,0.09514545631179812,0.8134431032476802,0.10639564429090623,0.6644514248111768,0.10608858313938137
2021-05-07,56393.68,58650.0,55241.63,57314.75,74542.747829,82.14,83.05,78.3,80.56,4210.33984375,4238.0400390625,4201.64013671875,4232.60009765625,4016080000,18.450000762939453,18.56999969482422,16.68000030517578,16.690000534057617,0.016200912209963583,0.007346291419186351,0.8588591583918178,0.10265161064741687,0.7005597498979036,0.10705210993369216,0.6622289852744481,0.10672475055722325
2021-05-10,58240.83,59500.0,53400.0,55816.14,89586.34925,86.05,91.57,85.67,90.26,4228.2900390625,4236.39013671875,4188.1298828125,4188.43017578125,4560700000,17.34000015258789,19.75,17.06999969482422,19.65999984741211,-0.026494932822408696,-0.010490480503138024,0.8629320762045722,0.11789208850230781,0.7082262538860632,0.11331100390250015,0.6366303419858188,0.1049411733305428
2021-05-11,55816.14,56862.43,54370.0,56670.02,64329.54055,90.26,90.54,84.91,86.27,4150.33984375,4162.0400390625,4111.52978515625,4152.10009765625,4870710000,21.170000076293945,23.729999542236328,20.709999084472656,21.84000015258789,0.01518224822672772,-0.008711750141781542,0.7279278475848902,0.12159275596064016,0.6767747822096327,0.11331252363805952,0.6233918967056619,0.10902268028802109
2021-05-12,56670.02,58000.01,48600.0,49631.32,99842.789836,86.27,94.13,82.91,93.86,4130.5498046875,4134.72998046875,4056.8798828125,4063.0400390625,4733070000,22.420000076293945,28.3799991607666,21.65999984741211,27.59000015258789,-0.13262323703978,-0.021682782358302413,1.0710149000207363,0.16908371778802808,0.8773923263732575,0.1410789907691957,0.7281062719856322,0.12752753394898755
2021-05-13,49537.15,51367.19,46000.0,49670.97,147332.002121,93.87,103.81,89.19,92.9,4074.989990234375,4131.580078125,4074.989990234375,4112.5,4779540000,26.030000686645508,28.93000030517578,22.229999542236328,23.1299991607666,0.0007985717571492955,0.012099644578094055,1.0105959859959628,0.1944646874086801,0.8767083932598629,0.14320871601154367,0.7281702899766069,0.1314265508636454
2021-05-14,49671.92,51483.0,48799.75,49841.45,80082.204306,90.72,101.15,90.37,98.46,4129.580078125,4183.1298828125,4129.580078125,4173.85009765625,4008880000,21.770000457763672,22.100000381469727,18.65999984741211,18.809999465942383,0.0034263093346637553,0.014807778563623631,0.8263441467112992,0.2189627329530446,0.8384682410152206,0.15827677552718783,0.7284881638934773,0.13384190048303157
2021-05-17,46426.83,46686.0,42001.0,43538.04,166657.172736,105.28,158.72,104.94,123.02,4169.919921875,4171.919921875,4142.68994140625,4163.2900390625,4125050000,19.88999938964844,21.579999923706055,19.670000076293945,19.719999313354492,-0.13521192843793806,-0.002533258183961915,1.0750233126910689,0.21200507573589736,0.9919153546314136,0.15857633384393255,0.8184047385198963,0.1283303109001433
2021-05-18,43538.02,45799.29,42250.02,42849.78,116979.860784,123.01,123.01,112.83,117.01,4165.93994140625,4169.14990234375,4125.990234375,4127.830078125,4398150000,18.88999938964844,21.450000762939453,18.809999465942383,21.34000015258789,-0.0159345278743997,-0.0085537723840327,1.024377714544897,0.20612383308857285,0.9899713494293267,0.16232328183020903,0.8181231869014576,0.13103650846424858
2021-05-19,42849.78,43584.9,30000.0,36690.09,354347.243161,117.01,144.63,115.28,124.83,4098.4501953125,4116.93017578125,4061.409912109375,4115.68017578125,4247450000,22.459999084472656,25.959999084472656,21.8799991607666,22.18000030517578,-0.15519381949293082,-0.002947751811378411,1.2177293357728762,0.20039257998154716,1.149882549982458,0.15858557454483235,0.9178415919266623,0.13135900895412886
2021-05-20,36671.23,42451.67,34850.0,40526.64,203017.596923,124.84,132.06,112.56,119.77,4121.97021484375,4172.7998046875,4121.97021484375,4159.1201171875,3978880000,22.329999923706055,23.5,20.190000534057617,20.670000076293945,0.0994528443006428,0.01049942933450842,1.506740246900576,0.20838567123971993,1.196595644050751,0.1642250213452469,0.9645740300169942,0.1342228114331392
2021-05-21,40525.39,42200.0,33488.0,37252.01,202100.888258,119.77,145.01,112.2,139.98,4168.60986328125,4188.72021484375,4151.72021484375,4155.85986328125,3995250000,20.420000076293945,20.88999938964844,19.530000686645508,20.149999618530273,-0.084253632547951,-0.0007841880752528091,1.4178327538681856,0.14373675750118337,1.2192400930108893,0.16360587345151958,0.9859870308585234,0.13251441009633358
2021-05-24,34681.44,39920.0,34031.0,38796.29,161630.893971,156.2,156.2,121.77,125.12,4170.16015625,4209.52001953125,4170.16015625,4197.0498046875,3684800000,20.5,20.510000228881836,18.3799991607666,18.399999618530273,0.0406187203994429,0.009862497481216075,1.4856327230564588,0.1384667782963112,1.2386004614640265,0.16675295436750873,0.9909958913526523,0.13541637955590352
2021-05-25,38810.99,39791.77,36419.62,38324.72,111996.228404,125.12,131.69,124.43,129.11,4205.93994140625,4213.419921875,4182.52001953125,4188.1298828125,4182250000,18.350000381469727,19.290000915527344,16.8700008392334,18.84000015258789,-0.012229504705664857,-0.002127545400828599,1.4713940926695288,0.11211035186846058,1.1552650522038652,0.16713569472945422,0.965478357848108,0.13537535825753774
2021-05-26,38324.72,40841.0,37800.44,39241.91,104780.773396,122.03,124.4,116.69,117.02,4191.58984375,4202.60986328125,4184.10986328125,4195.990234375,4420890000,18.3700008392334,18.920000076293945,17.350000381469727,17.360000610351562,0.02365018953907607,0.0018750575506104544,1.330454842918601,0.11022518601074953,1.1762465125776551,0.16355880957787367,0.9724455956711983,0.1347674339239984
2021-05-27,39241.92,40411.14,37134.27,38529.98,86547.158794,117.02,119.91,106.59,107.26,4201.93994140625,4213.3798828125,4197.77978515625,4200.8798828125,6406310000,18.030000686645508,18.170000076293945,16.520000457763672,16.739999771118164,-0.018308668772305418,0.001164636089862995,1.3306130191663188,0.08748971201927103,1.161319898015517,0.16017417127446162,0.9708022662004614,0.13109566660028285
2021-05-28,38529.99,38877.83,34684.0,35663.49,135377.62972,107.26,123.33,107.25,122.55,4210.77001953125,4218.35986328125,4203.56982421875,4204.10986328125,4649250000,16.799999237060547,16.860000610351562,15.899999618530272,16.760000228881836,-0.07730916315521141,0.000768586452887337,1.0358075902032906,0.08030650618241031,1.1795998338661053,0.15359998680170453,0.9861615620801264,0.13072132253583374
2021-06-01,37253.82,37894.81,35666.0,36693.09,81234.66377,106.47,108.65,105.36,108.23,4216.52001953125,4234.1201171875,4197.58984375,4202.0400390625,5074670000,17.239999771118164,18.530000686645508,15.68000030517578,17.899999618530273,0.028460977547561703,-0.0004924547586291649,0.7981770792559515,0.06251753958395596,1.1911830060246644,0.14814817069709424,0.965307444009021,0.1297111732257714
2021-06-02,36694.85,38225.0,35920.0,37568.68,67587.372495,108.23,108.63,101.89,103.17,4206.81982421875,4217.3701171875,4198.27001953125,4208.1201171875,5833670000,17.860000610351562,18.309999465942383,16.739999771118164,17.479999542236328,0.02358227059865497,0.0014458890369002922,0.6489354784879905,0.06054615525629837,1.114888773993884,0.10662282249908733,0.9680741514982752,0.12796121963439316
2021-06-03,37568.68,39476.0,37170.0,39246.79,75889.106011,103.17,103.19,97.28,99.19,4191.43017578125,4204.39013671875,4167.93017578125,4192.85009765625,5587970000,17.729999542236328,19.270000457763672,17.450000762939453,18.040000915527344,0.04369893289158691,-0.003635303056049319,0.6570049708625293,0.0326585264094368,1.1447765773546463,0.09986298683616222,0.9762156730896313,0.12580224230250323
2021-06-04,39246.78,39289.07,35555.15,36829.0,91317.799245,99.19,107.61,99.07,102.91,4206.0498046875,4233.4501953125,4206.0498046875,4229.89013671875,4139790000,18.09000015258789,18.420000076293945,16.18000030517578,16.420000076293945,-0.06358407913456297,0.008795303383016323,0.765812107202969,0.05950503121262307,1.1570343876416498,0.08656676134377403,0.9848233642483873,0.12494577058942949
2021-06-07,35796.31,36900.0,33300.0,33552.79,77574.952573,105.93,108.4,99.89,108.32,4229.33984375,4232.33984375,4215.66015625,4226.52001953125,4476920000,17.34000015258789,17.350000381469727,15.779999732971191,16.420000076293945,-0.09316555888629455,-0.0007970562694215079,0.8887343076261703,0.06078789541088305,1.0887470305879894,0.0855185505407522,1.0129950847059161,0.12126122747493051
2021-06-08,33556.96,34068.01,31000.0,33380.81,123251.189037,108.32,117.07,107.37,111.04,4233.81005859375,4236.740234375,4208.41015625,4227.259765625,4659620000,16.579999923706055,17.75,15.149999618530272,17.06999969482422,-0.005138835456786614,0.00017500954944121158,0.8947575993142369,0.0609893710465577,1.0902233666978824,0.07366038873586873,0.9923258121193638,0.12118790521400692
2021-06-09,33380.8,37534.79,32396.82,37388.05,136607.597517,111.04,111.9,105.08,105.82,4232.990234375,4237.08984375,4218.740234375,4219.5498046875,4713260000,17.18000030517578,17.959999084472656,15.550000190734863,17.889999389648438,0.11336995068009252,-0.0018255325906156837,1.095208273791667,0.06316132942753637,1.0279612182608444,0.07243136520713184,1.0569909983341976,0.12133880281049302
2021-06-10,37388.05,38491.0,35782.0,36675.72,109527.284943,105.82,105.9,98.95,99.46,4228.56005859375,4249.740234375,4220.33984375,4239.18017578125,4408210000,18.18000030517578,18.290000915527344,16.010000228881836,16.100000381469727,-0.019236178908744933,0.004641454776462911,1.0928771208502182,0.06708199572583544,0.9267335308278405,0.0623201102076015,1.0567220557680557,0.12194481552958461
2021-06-11,36677.83,37680.4,35936.77,37331.98,78466.0053,99.46,99.72,95.96,97.22,4242.89990234375,4248.3798828125,4232.25,4247.43994140625,3815010000,16.18000030517578,16.200000762939453,15.149999618530272,15.649999618530272,0.01773537623175507,0.0019465389328083601,1.088115667479127,0.06720830765846834,0.8608856178957504,0.06156962891380136,1.060024010354654,0.12057769500978689
2021-06-14,39020.56,41064.05,38730.0,40516.29,108522.391949,102.86,103.04,96.73,98.88,4248.31005859375,4255.58984375,4234.06982421875,4255.14990234375,4151200000,16.040000915527344,17.040000915527344,15.039999961853027,16.389999389648438,0.08185378349510418,0.0018135563851361702,1.1744588070342796,0.05756549163391934,0.9145601725621323,0.04863328041235714,1.0654767672827645,0.1185172647873649
2021-06-15,40516.28,41330.0,39506.4,40144.04,80679.622838,98.88,99.31,95.83,96.77,4255.27978515625,4257.16015625,4238.35009765625,4246.58984375,4048940000,16.270000457763672,17.350000381469727,16.139999389648438,17.020000457763672,-0.009230129428558456,-0.00201371995427588,1.0838073459344024,0.03804185286305523,0.9136738171126875,0.04849440113085396,1.0654748411617114,0.11856610480321111
2021-06-16,40143.8,40527.14,38116.01,38349.01,87771.976937,96.77,97.16,92.97,95.25,4248.8701171875,4251.89013671875,4202.4501953125,4223.7001953125,4538350000,16.989999771118164,19.11000061035156,16.420000076293945,18.149999618530273,-0.04574527341953061,-0.005404703747026491,0.9140236758091034,0.05232433012270747,0.9310032411564707,0.055279876575553284,1.0552695113301247,0.11794704832545501
2021-06-17,38349.0,39559.88,37365.0,38092.97,79541.307119,95.25,95.66,92.08,95.28,4220.3701171875,4232.2900390625,4196.0498046875,4221.85986328125,5312680000,18.489999771118164,19.219999313354492,16.709999084472656,17.75,-0.006698961944875928,-0.00043581054367264766,0.9158065892322261,0.05232012718599733,0.9282738992318347,0.055307137098176556,1.0223347013403885,0.11797360864016453
2021-06-18,38092.97,38202.84,35129.29,35819.84,95228.042935,95.28,99.86,94.1,94.73,4204.77978515625,4204.77978515625,4164.39990234375,4166.4501953125,6817010000,16.959999084472656,21.040000915527344,16.920000076293945,20.700000762939453,-0.06152782082782359,-0.013211355687284158,0.7426232297491647,0.09473985434266774,0.9051926576867622,0.07970616218154065,1.031663091832368,0.12201556643166905
2021-06-21,35600.17,35750.0,31251.23,31608.93,168778.873159,95.63,106.3,94.1,106.23,4173.39990234375,4226.240234375,4173.39990234375,4224.7900390625,4128950000,21.739999771118164,21.81999969482422,17.809999465942383,17.889999389648438,-0.1250622542371062,0.013905163512319857,1.0350082617497152,0.13070797089527386,1.0373443477656754,0.10083748119169317,1.0747267641879361,0.12695861234521974
2021-06-22,31614.12,33298.78,28805.0,32509.56,204208.179762,106.23,117.76,105.11,107.01,4224.60986328125,4255.83984375,4217.27001953125,4246.43994140625,3828390000,17.90999984741211,18.31999969482422,15.760000228881836,16.65999984741211,0.028094524319938106,0.005111406378990611,1.0531001318218864,0.13450571691663538,1.040403224900404,0.10276532660781695,1.0833990003344804,0.1238362092677259
2021-06-23,32509.56,34881.0,31683.0,33678.07,126966.100563,107.01,107.59,99.01,102.21,4249.27001953125,4256.60009765625,4241.43017578125,4241.83984375,3730350000,16.25,16.84000015258789,14.859999656677246,16.31999969482422,0.0353126837670968,-0.0010838705186495853,0.8886768046566443,0.1339568349922848,1.0325396214031124,0.1012632553468302,1.0903084163489827,0.12086555293453535
2021-06-24,33675.07,35298.0,32286.57,34663.09,86625.80426,102.21,103.01,99.21,100.99,4256.97021484375,4271.27978515625,4256.97021484375,4266.490234375,3816660000,15.989999771118164,16.049999237060547,14.1899995803833,15.970000267028809,0.028828548379449724,0.005794429545916893,0.946999537280711,0.13824626542327142,1.0154866797588056,0.0974146565741742,1.0412854974853658,0.10127093482228468
2021-06-25,34663.08,35500.0,31275.0,31584.45,116061.130356,97.58,105.37,97.11,105.3,4274.4501953125,4286.1201171875,4271.16015625,4280.7001953125,7341450000,16.040000915527344,16.170000076293945,15.210000038146973,15.619999885559082,-0.09301052120369376,0.003325063164687565,1.037107610614865,0.13191857039476504,1.015223946743427,0.09782506512893968,1.0664839273204392,0.09646637764702029
2021-06-28,34702.49,35297.71,33862.72,34494.89,82222.267819,106.41,107.23,103.85,104.3,4284.89990234375,4292.14013671875,4274.669921875,4290.60986328125,4147890000,16.06999969482422,16.459999084472656,15.390000343322754,15.760000228881836,0.08814628625509761,0.0023122888604717494,1.2517732516851532,0.13088819750443884,1.088278405820214,0.09793405396467009,1.106772079372823,0.08770281017511364
2021-06-29,34494.89,36600.0,34225.43,35911.73,90788.79622,104.3,105.03,98.06,98.86,4293.2099609375,4300.52001953125,4287.0400390625,4291.7998046875,3707150000,15.6899995803833,16.309999465942383,14.100000381469728,16.020000457763672,0.04025278594807432,0.0002772977426878152,1.238957871298976,0.07808971548588119,0.9827807679354277,0.09713509349646757,1.0529245051407468,0.08711760153508916
2021-06-30,35911.72,36100.0,34017.55,35045.0,77152.197634,98.86,106.36,98.79,104.51,4290.64990234375,4302.43017578125,4287.9599609375,4297.5,4266040000,16.18000030517578,17.309999465942383,15.579999923706056,15.829999923706056,-0.024431033120821895,0.0013272784229071918,0.9161483580742142,0.039697545999879756,0.9847021936591953,0.09587689773446284,1.0538792647143713,0.08225988953405017
2021-07-01,35045.0,35057.57,32711.0,33504.69,71708.266112,103.8,105.94,101.96,102.38,4300.72998046875,4320.66015625,4300.72998046875,4319.93994140625,3788230000,15.619999885559082,16.010000228881836,15.3100004196167,15.479999542236328,-0.04494752092035272,0.005208041432254744,0.9744061749642347,0.039974175933287254,0.9946698803200795,0.09750167873050428,0.9634555734813361,0.08195908506949598
2021-07-02,33502.33,33977.04,32699.0,33786.55,56172.181378,102.38,103.34,98.72,99.23,4326.60009765625,4355.43017578125,4326.60009765625,4352.33984375,3225840000,15.529999732971191,15.539999961853027,14.25,15.06999969482422,0.008377365268202767,0.007472095894691671,0.9515430073357466,0.04113904528051273,0.9117932656865988,0.10107205923023449,0.9141738440031286,0.07954129239854424
2021-07-06,33690.15,35118.88,33532.0,34220.01,58210.596349,96.39,96.57,94.45,95.74,4356.4599609375,4356.4599609375,4314.3701171875,4343.5400390625,4309570000,15.770000457763672,17.940000534057617,15.729999542236328,16.440000534057617,0.01274776639063462,-0.0020239027700217787,0.9361745416029263,0.05000256655408981,0.9182874336193545,0.10107915128730798,0.8848372423721736,0.07993269231523425
2021-07-07,34220.02,35059.09,33777.77,33862.12,53807.521675,95.74,95.82,93.77,94.93,4351.009765625,4361.8798828125,4329.7900390625,4358.1298828125,4037380000,16.43000030517578,17.639999389648438,16.079999923706055,16.200000762939453,-0.010513575195606917,0.0033533465536629346,0.6997330431743332,0.050021100671816754,0.9048140667526363,0.09599507067051789,0.8753790808434623,0.07613148486167039
2021-07-08,33862.11,33929.64,32077.0,32875.71,70136.48032,95.19,95.84,93.22,94.43,4321.06982421875,4330.8798828125,4289.3701171875,4320.81982421875,4347500000,17.739999771118164,21.290000915527344,17.739999771118164,19.0,-0.029562898272273284,-0.008597881009556396,0.4639244732986882,0.08375628586819092,0.9089322219803951,0.1061144846854287,0.8781403201442448,0.08079653517353184
2021-07-09,32875.71,34100.0,32261.07,33815.81,47153.939899,94.43,95.11,90.64,90.89,4329.3798828125,4371.60009765625,4329.3798828125,4369.5498046875,3531120000,17.8799991607666,18.1299991607666,16.079999923706055,16.18000030517578,0.028194357383748637,0.011214825902413766,0.4156096010395489,0.10322624447956238,0.8908615306397226,0.08900342458648863,0.8795313295642734,0.0860024288248289
2021-07-12,34259.0,34678.43,32658.34,33086.63,48181.403762,88.71,91.18,88.19,90.51,4372.41015625,4386.68017578125,4364.02978515625,4384.6298828125,3384460000,16.850000381469727,17.520000457763672,16.139999389648438,16.170000076293945,-0.021799171316755274,0.0034452326955940497,0.41167802713936097,0.10294160217920968,0.7080668619734883,0.07503848358845228,0.8800496757979448,0.08621322281650898
2021-07-13,33086.94,33340.0,32202.25,32729.77,41126.361008,90.51,91.37,89.34,90.81,4381.06982421875,4392.3701171875,4366.919921875,4369.2099609375,3695430000,16.389999389648438,17.229999542236328,15.9399995803833,17.1200008392334,-0.01084421199366593,-0.0035230111811655838,0.32576171999699066,0.10781766584879085,0.7008318395679252,0.07841956628294887,0.8533221127551065,0.08738729999894225
2021-07-14,32729.12,33114.03,31550.0,32820.02,46777.823484,90.81,91.28,86.64,86.97,4380.10986328125,4393.68017578125,4362.35986328125,4374.2998046875,4006370000,17.34000015258789,17.510000228881836,15.949999809265137,16.329999923706055,0.002753633750060858,0.0011642565654693257,0.31893990962421115,0.09978135033006101,0.6828475498746538,0.07725734127965699,0.8483606694908743,0.08722641462250667
2021-07-15,32820.03,33185.25,31133.0,31880.0,51639.576353,86.97,87.05,84.27,85.55,4369.02001953125,4369.02001953125,4340.7001953125,4360.02978515625,3905230000,16.700000762939453,18.09000015258789,16.559999465942383,17.010000228881836,-0.029059841124266395,-0.0032675735627459117,0.3245257497311508,0.1014817432637941,0.6765819740878464,0.0786305569169708,0.8473588203081558,0.08824017919953929
2021-07-16,31874.49,32249.18,31020.0,31383.87,48499.864154,85.55,86.32,82.37,82.59,4367.43017578125,4375.08984375,4322.52978515625,4327.16015625,3985700000,16.799999237060547,18.700000762939453,16.030000686645508,18.450000762939453,-0.015684787261425026,-0.007567415006813217,0.3262684943581752,0.10960114976406077,0.5517968338831608,0.08699664290108215,0.834800027690323,0.0908042638506493
2021-07-19,31778.57,31899.0,30407.44,30839.65,47340.468499,83.52,88.52,83.3,88.46,4296.39990234375,4296.39990234375,4233.1298828125,4258.490234375,5157660000,19.61000061035156,25.09000015258789,19.270000457763672,22.5,-0.01749286692739533,-0.015996781399983978,0.30451731685383027,0.13672470864010175,0.3774678367784092,0.11184098811138567,0.8183964726527492,0.10035776542493226
2021-07-20,30839.65,31063.07,29278.0,29790.35,61034.049017,88.46,92.68,88.1,91.49,4265.10986328125,4336.83984375,4262.0498046875,4323.06005859375,4438270000,20.88999938964844,22.969999313354492,19.3700008392334,19.729999542236328,-0.03461668416799106,0.0150488060047999,0.19445731417582576,0.15330727938389754,0.32143071075166285,0.13000821902928567,0.7808892716715822,0.10908477519914904
2021-07-21,29790.34,32858.0,29482.61,32144.51,82796.265128,91.49,91.49,86.96,87.86,4331.1298828125,4359.7001953125,4331.1298828125,4358.68994140625,3810280000,19.729999542236328,19.81999969482422,17.809999465942383,17.90999984741211,0.07605715848404894,0.008208041662144044,0.5934553921115542,0.16220190216642288,0.49183709315960433,0.13405270818238824,0.8145614581508561,0.11117944901494865
2021-07-22,32144.51,32591.35,31708.0,32287.83,46148.092433,87.86,87.86,84.31,84.64,4361.27001953125,4369.8701171875,4350.06005859375,4367.47998046875,3358300000,17.59000015258789,18.450000762939453,17.399999618530273,17.690000534057617,0.0044487049941116285,0.0020146392092429753,0.5932786193951636,0.16176819228797426,0.45996087100310606,0.13279281105864477,0.7390390128667953,0.11088189842537315
2021-07-23,32287.58,33650.0,31924.32,33634.09,50112.863626,84.64,84.74,79.9,81.75,4381.2001953125,4415.18017578125,4381.2001953125,4411.7900390625,4540070000,16.979999542236328,17.479999542236328,16.329999923706055,17.200000762939453,0.040849756917323884,0.010094332386254415,0.6474979033489021,0.17307683640247123,0.4943859366666912,0.13578606025130957,0.7493483529201334,0.11347056454612624
2021-07-26,35381.02,40550.0,35205.78,37237.6,152452.512724,83.9,91.63,83.9,87.68,4409.580078125,4422.72998046875,4405.4501953125,4422.2998046875,4275630000,18.670000076293945,19.38999938964844,17.530000686645508,17.579999923706055,0.10177886754002856,0.0023793669227295928,0.8232129454408296,0.1702213592797756,0.6574277292568359,0.1351884556523993,0.8068298731777915,0.11349791969173054
2021-07-27,37241.33,39542.61,36383.0,39457.87,88397.267015,87.68,91.84,84.94,91.84,4416.3798828125,4416.3798828125,4372.509765625,4401.4599609375,4241950000,18.6200008392334,20.440000534057617,18.25,19.36000061035156,0.05791451692422995,-0.004723583382178003,0.7990760860094154,0.16424006351156326,0.6874512369151414,0.13712061550195193,0.7884783980050544,0.1148367843715804
2021-07-28,39456.61,40900.0,38772.0,40019.56,101344.528441,91.84,96.55,91.84,95.68,4402.9501953125,4415.47021484375,4387.009765625,4400.64013671875,4215290000,19.40999984741211,19.6200008392334,17.520000457763672,18.309999465942383,0.014134814167452743,-0.000186279231552706,0.7356426645077222,0.10723198050104837,0.6620951777807704,0.13054247347089248,0.7892364435940382,0.11452421095077031
2021-07-29,40019.57,40640.0,39200.0,40016.48,53998.439283,95.68,95.76,91.62,93.24,4403.58984375,4429.97021484375,4403.58984375,4419.14990234375,4044600000,17.90999984741211,18.010000228881836,17.190000534057617,17.700000762939453,-7.696532715802908e-05,0.004197331845272641,0.6129308411956231,0.07934893849005353,0.6612478105791422,0.12341933939637799,0.7772953378356214,0.11309347021813244
2021-07-30,40018.49,42316.71,38313.23,42206.37,73602.784805,93.24,94.19,86.32,93.49,4395.1201171875,4412.25,4389.64990234375,4395.259765625,3956740000,19.690000534057617,19.719999313354492,17.530000686645508,18.239999771118164,0.05327978825254109,-0.005420713608261166,0.5740229345920074,0.08474466449643872,0.6635174884755736,0.12545968797043608,0.7911667362739948,0.11474866021013441
2021-08-02,39850.27,40480.01,38690.0,39147.82,50837.351954,89.3,91.09,88.07,88.52,4406.85986328125,4422.18017578125,4384.81005859375,4387.16015625,3724090000,18.15999984741211,19.8700008392334,17.989999771118164,19.459999084472656,-0.0752264199008169,-0.001844505670060361,0.8880515644484375,0.08632291961970683,0.7650734811998072,0.12470097544960893,0.8018621353278881,0.10666608141269168
2021-08-03,39146.86,39780.0,37642.03,38207.05,57117.435853,88.52,91.4,88.35,89.04,4392.740234375,4423.7900390625,4373.0,4423.14990234375,3965190000,19.170000076293945,20.440000534057617,17.700000762939453,18.040000915527344,-0.024324684058787516,0.008169961338918062,0.9319809525106727,0.0778271420862212,0.7804305707050422,0.12911409717788802,0.7099923777370047,0.10217370957593501
2021-08-04,38207.04,39969.66,37508.56,39723.18,52329.35243,89.04,92.15,88.9,91.94,4415.9501953125,4416.169921875,4400.22998046875,4402.66015625,4260760000,18.229999542236328,18.899999618530273,17.670000076293945,17.969999313354492,0.03891484283709042,-0.004643150661295458,0.7546998935617498,0.08152036758647414,0.7661926314735608,0.13008103007994817,0.713559708567856,0.10310913160517371
2021-08-05,39723.17,41350.0,37332.7,40862.46,84343.755621,91.94,96.61,91.45,96.09,4408.85986328125,4429.759765625,4408.85986328125,4429.10009765625,3769410000,17.729999542236328,17.84000015258789,17.229999542236328,17.280000686645508,0.028276896761954197,0.005987485990419113,0.6928152579772527,0.08424894996852328,0.7538756453748623,0.12604087208129985,0.7113945161178888,0.10378018183996535
2021-08-06,40862.46,43392.43,39853.86,42836.87,75753.941347,96.09,96.09,90.97,93.62,4429.06982421875,4440.81982421875,4429.06982421875,4436.52001953125,3451870000,17.459999084472656,17.5,16.139999389648438,16.149999618530273,0.04718738719477047,0.0016738645485288822,0.7380329652825588,0.08398575478603768,0.7433003706593989,0.09699676213600497,0.7183696659833778,0.10296172432108176
2021-08-09,43794.36,46454.15,42779.0,46253.4,74587.884845,95.99,107.37,95.78,106.97,4437.77001953125,4439.39013671875,4424.740234375,4432.35009765625,3449280000,17.1200008392334,17.389999389648438,16.59000015258789,16.719999313354492,0.07673579441796906,-0.0009403502649549345,0.8330039703705601,0.08181115360646304,0.7245105388679294,0.08059145482722925,0.6803550989096834,0.10297582719339576
2021-08-10,46248.87,46700.0,44589.46,45584.99,53814.643421,106.97,108.01,103.35,103.35,4435.7900390625,4445.2099609375,4430.02978515625,4436.75,3886610000,16.81999969482422,17.049999237060547,16.34000015258789,16.790000915527344,-0.01455647910352678,0.0009921869538634502,0.8208930348199195,0.0708801868076365,0.7182735472304576,0.07506583672529134,0.6456382229928269,0.1029185759264217
2021-08-11,45585.0,46743.47,45341.14,45511.0,52734.901977,103.35,103.64,100.33,100.53,4442.18017578125,4449.43994140625,4436.419921875,4442.41015625,3532560000,16.809999465942383,17.09000015258789,16.06999969482422,16.170000076293945,-0.0016244406865866849,0.0012749307180154837,0.5794647425858891,0.06737424046581336,0.7220861845505528,0.07498875860371246,0.6395676764833034,0.10288850437465033
2021-08-12,45510.67,46218.12,43770.0,44399.0,55266.108781,100.52,101.79,97.55,98.06,4446.080078125,4461.77001953125,4435.9599609375,4460.830078125,3375310000,16.329999923706055,16.420000076293945,15.489999771118164,15.59000015258789,-0.02473710831782772,0.00413780773547866,0.5808386919381231,0.054433058236834225,0.7465336093697089,0.06489582877670161,0.6397027131066677,0.10325246046123701
2021-08-13,44400.06,47886.0,44217.39,47800.0,48239.370431,98.06,100.95,93.79,100.3,4464.83984375,4468.3701171875,4460.81982421875,4468.0,3016470000,15.68000030517578,15.720000267028809,15.1899995803833,15.449999809265137,0.07380869283538957,0.0016060163209228441,0.6575543850051179,0.035991394324368264,0.6946473152213613,0.06461090504519111,0.6470252285055561,0.10257614970679177
2021-08-16,46973.82,48053.83,45660.0,45901.29,52480.574014,98.69,99.38,97.61,98.3,4461.64990234375,4480.259765625,4437.66015625,4479.7099609375,3370640000,17.049999237060547,17.709999084472656,16.020000457763672,16.1200008392334,-0.04053241825067356,0.0026174222619943593,0.7695579216984462,0.02459767759388495,0.7099435467528541,0.05992693559040297,0.6645924496335199,0.10091671842702417
2021-08-17,45901.3,47160.0,44376.0,44695.95,57039.341629,98.3,98.54,95.22,96.68,4462.1201171875,4462.1201171875,4417.830078125,4448.080078125,3836960000,17.309999465942383,19.559999465942383,16.709999084472656,17.90999984741211,-0.02661032775885209,-0.007085743507137991,0.7737827499124538,0.05770630785858629,0.7270775124888331,0.06953129919581338,0.6730247574786702,0.10325715332713822
2021-08-18,44695.95,46000.0,44203.28,44705.29,54099.415985,96.67,97.81,94.16,95.81,4440.93994140625,4454.31982421875,4397.58984375,4400.27001953125,3755590000,17.559999465942383,21.63999938964844,17.309999465942383,21.56999969482422,0.00020894564849409231,-0.01080665284525433,0.5960747540452448,0.08900466442568618,0.72701776262137,0.08301030998890871,0.6710513567553703,0.10824116496868912
2021-08-19,44699.37,47033.0,43927.7,46760.62,53411.75392,95.81,96.27,93.15,94.5,4382.43994140625,4418.60986328125,4367.72998046875,4405.7998046875,4398410000,23.1200008392334,24.739999771118164,20.3700008392334,21.670000076293945,0.0449495565754806,0.001255903256156918,0.6590360934295462,0.08927094025730284,0.7177414686758843,0.07980679336402614,0.668336105299826,0.1049020012301318
2021-08-20,46760.62,49382.99,46622.99,49322.47,56850.352228,94.5,95.39,91.5,93.06,4410.56005859375,4444.35009765625,4406.7998046875,4441.669921875,3652610000,22.739999771118164,23.899999618530273,18.18000030517578,18.559999465942383,0.05333836243326847,0.00810860389074176,0.7202689316617892,0.10467267585777837,0.63343165775111,0.08587501862279305,0.6776227253674288,0.10254318452651902
2021-08-23,49239.22,50500.0,49029.0,49488.85,52462.541954,94.83,95.28,92.94,93.64,4450.2900390625,4489.8798828125,4450.2900390625,4479.52978515625,3576530000,18.829999923706055,18.950000762939453,16.950000762939453,17.149999618530273,0.0033676335311037704,0.008487667984412181,0.6794846880447827,0.11470893667709187,0.6092673933739875,0.08640661451916945,0.670414260564807,0.10479877783305466
2021-08-24,49488.85,49860.0,47600.0,47674.01,51014.594748,93.64,93.72,90.98,92.85,4484.39990234375,4492.81005859375,4482.27978515625,4486.22998046875,3979220000,16.959999084472656,17.510000228881836,16.940000534057617,17.219999313354492,-0.03736100600577641,0.0014946188019620721,0.6017905788759185,0.11466974652912951,0.6445955172894564,0.08260782002792631,0.6830402219347902,0.1040423386663245
2021-08-25,47674.01,49264.3,47126.28,48973.32,44655.830342,92.85,93.78,90.22,93.62,4490.4501953125,4501.7099609375,4485.66015625,4496.18994140625,3444700000,17.420000076293945,17.5,16.459999084472656,16.790000915527344,0.026889274355853948,0.00221765740325088,0.5462413996400907,0.1143964315691643,0.6439859646927691,0.08000670004285448,0.6836180018118059,0.10411202959535114
2021-08-26,48973.32,49352.84,46250.0,46843.87,49371.277774,93.62,94.46,88.82,93.87,4493.75,4495.89990234375,4468.990234375,4470.0,3263980000,17.459999084472656,19.270000457763672,17.15999984741211,18.84000015258789,-0.044455503018913885,-0.0058419498276026565,0.6029969032305613,0.11111759526349843,0.6664733285796618,0.0851058956996414,0.6933034538990256,0.10527187453033612
2021-08-27,46843.86,49149.93,46348.0,49069.9,42068.104965,93.87,94.35,87.96,90.92,4474.10009765625,4513.330078125,4474.10009765625,4509.3701171875,3331200000,17.950000762939453,18.219999313354492,16.110000610351562,16.389999389648438,0.04642565518730656,0.008769071540452218,0.6444225609183636,0.08495781907233033,0.6148631603145865,0.09156313518225077,0.6944757907301222,0.10459306071308092
2021-08-30,48767.84,48888.61,46853.0,46982.91,40288.35083,90.6,92.09,89.26,92.08,4513.759765625,4537.35986328125,4513.759765625,4528.7900390625,3168660000,16.770000457763672,16.799999237060547,15.979999542236328,16.190000534057617,-0.04346189363061874,0.0042973241068746,0.6794757932775769,0.08353338774477102,0.6435373140288416,0.09246565133456258,0.7089290852071662,0.09095227573100707
2021-08-31,46982.91,48246.11,46700.0,47100.89,48645.52737,92.08,92.36,90.89,91.08,4529.75,4531.39013671875,4515.7998046875,4522.68017578125,4290710000,15.979999542236328,17.06999969482422,15.90999984741211,16.479999542236328,0.0025079782457921107,-0.0013500269158932096,0.5743280743807101,0.08295297845905934,0.6433053289715639,0.09323857390257913,0.6948158020894722,0.08262551049693023
2021-09-01,47100.89,49156.0,46512.0,48810.52,49904.65528,91.08,94.08,90.96,93.65,4528.7998046875,4537.10986328125,4522.02001953125,4524.08984375,4057340000,16.059999465942383,16.709999084472656,15.68000030517578,16.110000610351562,0.03565396658703159,0.00031164006095334113,0.6279878132310229,0.07233123598968175,0.6448482719298576,0.09237366150103683,0.6736452915269571,0.08019237062541557
2021-09-02,48810.51,50450.13,48584.06,49246.64,54410.770538,93.65,97.1,92.82,92.82,4534.47998046875,4545.85009765625,4524.66015625,4536.9501953125,3735990000,16.270000457763672,16.979999542236328,15.729999542236328,16.40999984741211,0.008895278543618722,0.002838605754404257,0.5778317491120231,0.07284181889240798,0.5682914473319569,0.09267643379173399,0.673224976510035,0.08029689054294764
2021-09-03,49246.63,51000.0,48316.84,49999.14,59025.644157,92.82,92.98,89.6,90.15,4532.419921875,4541.4501953125,4521.2998046875,4535.43017578125,3217530000,16.270000457763672,17.059999465942383,16.079999923706055,16.40999984741211,0.015164663339698799,-0.0003350872611813474,0.5629584260015941,0.0735484643224833,0.5354180263832257,0.09258205530218126,0.6684460423985767,0.07590539904515471
2021-09-07,52666.2,52920.0,42843.05,46863.73,123048.802719,92.86,97.38,90.7,95.16,4535.3798828125,4535.3798828125,4513.0,4520.02978515625,3822960000,16.940000534057617,18.38999938964844,16.889999389648438,18.13999938964844,-0.06476177656344057,-0.0034013524523203464,0.6423760386610298,0.0645883802380181,0.601053969369139,0.08762147362764675,0.650742940778066,0.07678441816250774
2021-09-08,46868.57,47340.99,44412.02,46048.31,65069.3152,95.16,95.75,90.89,92.31,4518.08984375,4521.7900390625,4493.9501953125,4514.06982421875,3750880000,18.969999313354492,19.63999938964844,17.780000686645508,17.959999084472656,-0.017552965928858206,-0.001319436813816666,0.5575203605753435,0.04185562933440209,0.6075609221367425,0.07000907331190014,0.6367104894264234,0.07530355857491482
2021-09-09,46048.31,47399.97,45513.08,46395.14,50651.66002,92.31,92.68,90.8,91.95,4513.02001953125,4529.89990234375,4492.06982421875,4493.27978515625,3735390000,19.440000534057617,19.540000915527344,17.170000076293945,18.799999237060547,0.007503649579212201,-0.004616247150002522,0.5070924376216107,0.03880719043767673,0.5763537617332125,0.07517470559346283,0.6361870765889318,0.07690674237978247
2021-09-10,46395.14,47033.0,44132.29,44850.91,49048.26618,91.95,92.11,89.09,90.57,4506.919921875,4520.47021484375,4457.66015625,4458.580078125,3623180000,17.940000534057617,21.1299991607666,16.989999771118164,20.950000762939453,-0.03385083421309653,-0.0077525522862761,0.5399823670387587,0.05570441600072762,0.5355622072182277,0.07782676582234474,0.6459513453519107,0.07991670278037925
2021-09-13,46025.23,46880.0,43370.0,44940.73,65429.15056,92.13,93.55,91.46,92.14,4474.81005859375,4492.990234375,4445.7001953125,4468.72998046875,3914220000,19.63999938964844,21.18000030517578,18.760000228881836,19.3700008392334,0.002000632351941361,0.002273900346369644,0.46021298237650965,0.06024191294072819,0.5350909039870587,0.06908461492755588,0.6286865104150978,0.07822739978906858
2021-09-14,44940.72,47250.0,44594.44,47111.52,44855.85099,92.14,92.38,90.53,90.9,4479.330078125,4485.68017578125,4435.4599609375,4443.0498046875,3670460000,19.579999923706055,20.469999313354492,18.38999938964844,19.459999084472656,0.047173046597374216,-0.005763213966258604,0.5754003507069139,0.05450548121259835,0.5613143236527192,0.07246918669133331,0.5971752754920774,0.08007353785842801
2021-09-15,47103.28,48500.0,46682.32,48121.41,43204.71174,90.9,91.03,89.48,90.32,4447.490234375,4486.8701171875,4438.3701171875,4480.7001953125,4032020000,19.299999237060547,20.270000457763672,18.010000228881836,18.18000030517578,0.021209635319469546,0.008438294222079725,0.5859322139090175,0.08773105004380757,0.5563693499150885,0.08154603316434926,0.5915239721643848,0.08030260651439
2021-09-16,48121.4,48557.0,47021.1,47737.82,40725.08895,90.32,90.61,84.03,84.17,4477.08984375,4485.8701171875,4443.7998046875,4473.75,3984560000,18.40999984741211,19.760000228881836,17.649999618530273,18.690000534057617,-0.00800323656818104,-0.0015523447127638308,0.42023507484296857,0.08695346617268672,0.5219295074360816,0.07778444030266289,0.5856030379765698,0.07909611862096545
2021-09-17,47737.81,48150.0,46699.56,47299.98,34461.92776,84.17,84.22,81.2,82.35,4469.740234375,4471.52001953125,4427.759765625,4432.990234375,7289530000,18.3700008392334,21.510000228881836,18.350000381469727,20.809999465942383,-0.009214083189828333,-0.0091526302757993,0.4061482082547675,0.09833924523799115,0.4805225329755807,0.07603003595475623,0.5833567786776448,0.08213833294834047
2021-09-20,47241.75,47347.25,42500.0,43015.62,78003.524443,85.72,92.4,85.08,91.76,4402.9501953125,4402.9501953125,4305.91015625,4357.72998046875,4898070000,24.25,28.790000915527344,23.899999618530273,25.709999084472656,-0.09494656711872074,-0.017123077726381844,0.714989598517059,0.13202749641578349,0.60010607656898,0.0972497317010873,0.636778424692551,0.09579865086038648
2021-09-21,43016.64,43639.0,39600.0,40734.38,84534.080485,91.24,96.41,91.15,96.26,4374.4501953125,4394.8701171875,4347.9599609375,4354.18994140625,3920920000,23.40999984741211,25.600000381469727,21.709999084472656,24.36000061035156,-0.054490852225822076,-0.0008126886585469564,0.752664180568282,0.13113616490912017,0.631775096207314,0.09742626574589924,0.612739022435633,0.09579539284887485
2021-09-22,40734.09,44000.55,40565.39,43543.61,58349.05542,96.26,96.8,88.51,88.73,4367.43017578125,4416.75,4367.43017578125,4395.64013671875,3939170000,22.719999313354492,23.399999618530273,20.75,20.8700008392334,0.06669051131367976,0.009474585224220084,0.8959688846313272,0.14995278387946387,0.6869213235097335,0.10989641675714722,0.6452322182749421,0.10007416486526417
2021-09-23,43546.37,44978.0,43069.09,44865.26,48699.57655,88.73,89.48,83.29,83.84,4406.75,4465.39990234375,4406.75,4448.97998046875,3916350000,19.90999984741211,20.209999084472656,18.420000076293945,18.6299991607666,0.029900811262542855,0.012061680369935969,0.8593674806328359,0.16977106758629204,0.7026300914531969,0.12393166434188119,0.6516284207289608,0.10625153557476301
2021-09-24,44865.26,45200.0,40675.0,42810.57,84113.426292,83.84,91.7,79.91,86.92,4438.0400390625,4463.1201171875,4430.27001953125,4455.47998046875,3384290000,19.329999923706055,20.40999984741211,17.6299991607666,17.75,-0.04687874118217047,0.0014599428113642636,0.8626621900650551,0.1604389089257665,0.7144873815959943,0.12446311337800717,0.6618711433572007,0.1056378063377968
2021-09-27,43160.9,44350.0,42098.0,42147.35,39776.84383,89.12,89.55,86.0,89.25,4442.1201171875,4457.2998046875,4436.18994140625,4443.10986328125,4058650000,17.780000686645508,19.31999969482422,17.739999771118164,18.760000228881836,-0.015613222942788543,-0.002780243920187674,0.8606437842480176,0.16084733543970764,0.6720850776111049,0.12428474019345681,0.6234175394005429,0.1058086942342514
2021-09-28,42147.35,42787.38,40888.0,41026.54,43372.2624,89.25,93.27,87.76,92.27,4419.5400390625,4419.5400390625,4346.330078125,4352.6298828125,4416550000,19.739999771118164,24.81999969482422,19.709999084472656,23.25,-0.026952637413386934,-0.020574317739894057,0.8597977611279904,0.1959784135578236,0.6759617539420351,0.1489629253022621,0.617756111291536,0.120761974424541
2021-09-29,41025.01,42590.0,40753.88,41524.28,33511.53487,92.27,92.83,90.23,91.77,4362.41015625,4385.56982421875,4355.080078125,4359.4599609375,3712660000,22.06999969482422,23.790000915527344,21.450000762939453,22.559999465942383,0.012059142038448096,0.0015679543362838073,0.693358421592839,0.1679389984582122,0.6782918116193662,0.14965048094956984,0.6154795298836793,0.11954542224446911
2021-09-30,41524.29,44141.37,41410.17,43824.1,46381.22781,91.77,92.74,89.42,90.97,4370.669921875,4382.5498046875,4306.240234375,4307.5400390625,4448140000,21.479999542236328,24.709999084472656,20.600000381469727,23.13999938964844,0.053905577976211407,-0.011981202945014901,0.673409116228872,0.18305631911582193,0.7144836346184925,0.15373368766588666,0.6368042230822739,0.1204557925149898
2021-10-01,43820.01,48495.0,43283.03,48141.61,66244.87492,90.97,91.54,82.64,85.84,4317.16015625,4375.18994140625,4288.52001953125,4357.0400390625,4010370000,24.780000686645508,24.88999938964844,20.850000381469727,21.100000381469727,0.09396298154418624,0.011425952113334161,0.7804546726674383,0.18828689554108982,0.8220371647865626,0.16377421299825534,0.6815814310989934,0.12540284300808438
2021-10-04,48200.01,49536.12,46891.0,49224.94,46796.49372,85.56,89.94,85.18,89.62,4348.83984375,4355.509765625,4278.93994140625,4300.4599609375,4307870000,22.899999618530273,24.579999923706055,21.8799991607666,22.959999084472656,0.02225352971461091,-0.013070952048643704,0.7753833528989404,0.17339927494092633,0.8038011648892485,0.17001127727009788,0.6666174855636922,0.12795577708336736
2021-10-05,49224.93,51886.3,49022.4,51471.99,52125.66793,89.62,92.81,88.5,92.68,4309.8701171875,4369.22998046875,4309.8701171875,4345.72021484375,3902890000,22.920000076293945,23.170000076293945,20.6200008392334,21.299999237060547,0.04463737058465869,0.010469517498601526,0.6637094985654075,0.19433275056496635,0.8199957189151684,0.17270230654776858,0.6790790826261546,0.1293642514633171
2021-10-06,51471.99,55750.0,50382.41,55315.0,79877.545181,92.68,92.7,88.61,89.38,4319.56982421875,4365.56982421875,4290.490234375,4363.5498046875,4009630000,22.950000762939453,24.399999618530273,20.989999771118164,21.0,0.07200634327060802,0.004094399349624824,0.6389407921551706,0.19979692486176476,0.8648014704665451,0.17475267227417576,0.6986559429278242,0.13001957035038358
2021-10-07,55315.0,55332.31,53357.0,53785.22,54917.37766,89.38,90.46,87.07,88.13,4383.72998046875,4429.97021484375,4383.72998046875,4399.759765625,3843740000,20.540000915527344,20.760000228881836,19.06999969482422,19.540000915527344,-0.02804541125150523,0.008264039225065405,0.6436827854624283,0.16208455657144444,0.8767406690931303,0.17612896526127994,0.7018039720557262,0.1324474889287459
2021-10-08,53785.22,56100.0,53617.61,53951.43,46160.25785,88.13,89.01,85.71,88.19,4406.509765625,4412.02001953125,4386.22021484375,4391.33984375,3280160000,19.459999084472656,19.940000534057617,18.200000762939453,18.770000457763672,0.00308548914159256,-0.0019155566024214522,0.6612828716521277,0.16340026903425867,0.7388650004133931,0.15939145112578634,0.6871698193669273,0.13161499812793903
2021-10-11,54659.01,57839.04,54415.06,57471.35,52933.165751,89.23,90.89,89.19,90.49,4385.43994140625,4415.8798828125,4360.58984375,4361.18994140625,3281970000,19.93000030517578,20.450000762939453,18.11000061035156,20.0,0.06320236538358207,-0.006889441644339833,0.6732722872847868,0.1485373168144323,0.6875968146492636,0.16245329289247043,0.6976602991849107,0.1297485355985729
2021-10-12,57471.35,57680.0,53879.0,55996.93,53471.2855,90.49,94.07,89.74,93.37,4368.31005859375,4374.89013671875,4342.08984375,4350.64990234375,3558450000,20.6200008392334,20.809999465942383,18.969999313354492,19.850000381469727,-0.02598969495671528,-0.0024197056865549256,0.6440087979215728,0.13316306403053724,0.6900128469400809,0.15691232628470866,0.6888375382156926,0.12877112729983453
2021-10-13,55996.91,57777.0,54167.19,57367.0,55808.44492,93.37,95.01,91.43,95.0,4358.009765625,4372.8701171875,4329.919921875,4363.7998046875,3620070000,20.13999938964844,20.229999542236328,18.440000534057617,18.63999938964844,0.024172357303921338,0.0030179558702319183,0.6441943562080623,0.09833359286372219,0.6885186881592966,0.1469931339672595,0.6907830202314019,0.1293882905532254
2021-10-14,57370.83,58532.54,56818.05,57347.94,43053.336781,95.0,98.29,91.45,97.87,4386.75,4439.72998046875,4386.75,4438.259765625,3598280000,18.010000228881836,18.079999923706055,16.799999237060547,16.860000610351562,-0.00033230196825961595,0.016919162285711567,0.6338564902020616,0.12532946000593698,0.6299019918486699,0.16616663959355005,0.6854715869258503,0.13961424997853433
2021-10-15,57347.94,62933.0,56850.0,61672.42,82512.908022,97.87,104.26,90.46,90.71,4447.68994140625,4475.81982421875,4447.68994140625,4471.3701171875,3819380000,16.639999389648438,16.850000381469727,15.720000267028809,16.299999237060547,0.07269990621610015,0.007432520637190081,0.6364642352333962,0.12811189355113073,0.6420341199820911,0.1688119307942036,0.7127227366565192,0.14123391679572703
2021-10-18,61528.32,62695.78,59844.45,62009.84,51798.44844,89.66,92.4,89.48,92.4,4463.72021484375,4488.75,4447.47021484375,4486.4599609375,3662010000,17.290000915527344,17.93000030517578,16.270000457763672,16.309999465942383,0.005456252773872266,0.0033690878018038262,0.5681823539058717,0.12373775507340096,0.6025652947440707,0.13891639652511972,0.712370815144752,0.1416755006374478
2021-10-19,62005.6,64486.0,61322.22,64280.59,53628.107744,92.4,94.15,91.33,94.15,4497.33984375,4520.39990234375,4496.41015625,4519.6298828125,3459130000,16.09000015258789,16.309999465942383,15.56999969482422,15.699999809265137,0.035964637291379095,0.007366142784235753,0.5604712382136673,0.12143089543115612,0.5976641230850738,0.14060269612569423,0.6832023736403363,0.14309804525727135
2021-10-20,64280.59,67000.0,63481.4,66001.41,51428.934856,94.15,95.23,93.0,93.04,4524.419921875,4540.8701171875,4524.39990234375,4536.18994140625,3670760000,15.81999969482422,15.890000343322754,15.289999961853027,15.489999771118164,0.0264183860137485,0.003657333598560689,0.4948485244251668,0.09487845981697195,0.5887440175733455,0.12387310339244034,0.6793695945949996,0.14342676548793015
2021-10-21,66001.4,66639.74,62000.0,62193.15,68538.64537,93.04,93.79,91.09,92.52,4532.240234375,4551.43994140625,4526.89013671875,4549.77978515625,3822330000,16.059999465942383,16.110000610351562,14.920000076293944,15.010000228881836,-0.05943124037142096,0.002991393168360022,0.6431781263261841,0.0800095850627673,0.6207300814019882,0.11873012698655923,0.7102164024682073,0.14291785694727752
2021-10-22,62193.15,63732.39,60000.0,60688.22,52119.35886,87.82,88.57,85.19,86.73,4546.1201171875,4559.669921875,4524.0,4544.89990234375,3758220000,15.350000381469728,16.389999389648438,14.84000015258789,15.43000030517578,-0.024495255024330125,-0.0010731292246643565,0.6792773515687749,0.09035502269023225,0.6461155262655265,0.09575925101658779,0.7057268376722591,0.1408970520713774
2021-10-25,60852.22,63710.63,60650.0,63078.78,36853.83806,89.88,90.1,84.38,84.45,4553.68994140625,4572.6201171875,4537.35986328125,4566.47998046875,3899400000,16.139999389648438,16.329999923706055,15.100000381469728,15.239999771118164,0.03863481134899391,0.004736959440853509,0.6990541470934483,0.04623301827121384,0.641253428370794,0.09117101161820364,0.710056076584526,0.1413255658656881
2021-10-26,63078.78,63293.48,59817.55,60328.81,40217.50083,84.45,89.13,83.58,89.01,4578.68994140625,4598.52978515625,4569.169921875,4574.7900390625,3879740000,15.020000457763672,16.709999084472656,14.899999618530272,15.979999542236328,-0.044574653976376374,0.0018181414322441137,0.6337714499048828,0.04105865337977528,0.6293199302069347,0.09141354869536361,0.7195067332242665,0.14000476133834447
2021-10-27,60328.81,61496.0,58000.0,58413.44,62124.49016,89.01,90.24,87.39,88.45,4580.22021484375,4584.56982421875,4551.66015625,4551.68017578125,4226050000,15.789999961853027,17.290000915527344,15.539999961853027,16.979999542236328,-0.03226376706842764,-0.0050643703711055294,0.6524022344816687,0.06460354449647898,0.6340063499878102,0.09501930937174033,0.7277765545428547,0.13921642243193721
2021-10-28,58413.44,62499.0,57820.0,60575.89,61056.35301,88.46,89.87,85.94,89.87,4562.83984375,4597.5498046875,4562.83984375,4596.419921875,4132950000,17.059999465942383,17.15999984741211,16.229999542236328,16.530000686645508,0.03635095878154798,0.009781288424184026,0.6535121391084543,0.07388985721332945,0.6467284938371758,0.09758651793324424,0.731460584574569,0.14160241015292951
2021-10-29,60575.9,62980.0,60174.81,62253.71,43973.90414,89.87,90.02,84.59,87.58,4572.8701171875,4608.080078125,4567.58984375,4605.3798828125,4510200000,17.399999618530273,18.059999465942383,16.1299991607666,16.260000228881836,0.027321172837900806,0.0019474372317175562,0.6555562161424673,0.07338494680804517,0.6041685380577672,0.08632199008093097,0.7316799661937646,0.1383713290689006
2021-11-01,61299.81,62437.74,59405.0,60911.11,44687.66672,87.64,88.47,84.77,85.45,4610.6201171875,4620.33984375,4595.06005859375,4613.669921875,3971540000,16.850000381469727,17.700000762939453,16.31999969482422,16.40999984741211,-0.021802543671529392,0.0017984589459023885,0.5650420410625776,0.07316778266870733,0.6001578170682932,0.08209545989349155,0.6692984076256367,0.12690561219089053
2021-11-02,60911.12,64270.0,60624.68,63219.99,46368.2841,85.45,88.22,85.33,87.23,4613.33984375,4635.14990234375,4613.33984375,4630.64990234375,3975250000,16.540000915527344,16.649999618530273,15.890000343322754,16.030000686645508,0.03720496031871912,0.003673607120388547,0.5871874524604257,0.07030268561848088,0.6102657092646578,0.0819606024885884,0.6428634290684294,0.12673755183564755
2021-11-03,63220.57,63500.0,60382.76,62896.48,43336.09049,87.23,87.56,84.41,85.84,4630.64990234375,4663.4599609375,4621.18994140625,4660.56982421875,4319660000,16.110000610351562,16.389999389648438,14.899999618530272,15.100000381469728,-0.005130348313391929,0.00644049461289024,0.541456982258083,0.07309367444004262,0.6117117554344662,0.05952229471228235,0.6258176733942598,0.12549237697025228
2021-11-04,62896.49,63086.31,60677.01,61395.01,35930.93314,85.84,86.54,83.99,84.73,4662.93017578125,4683.0,4662.58984375,4680.06005859375,4462300000,15.0600004196167,16.139999389648438,14.729999542236328,15.4399995803833,-0.024161638804099172,0.004173222342817036,0.48213446711757674,0.07297704319548706,0.5429881083625627,0.056886535138093657,0.6321564880719552,0.12200365405010322
2021-11-05,61395.01,62595.72,60721.0,60937.12,31604.48749,84.73,86.93,82.9,85.71,4699.259765625,4718.5,4681.31982421875,4697.52978515625,4467180000,15.59000015258789,17.020000457763672,14.949999809265137,16.479999542236328,-0.007486048650989339,0.003725850045284445,0.42684296212805484,0.04436359877061077,0.5430946688739435,0.0569201316638883,0.6110685510464781,0.12214353966349006
2021-11-08,63273.58,67789.0,63273.58,67525.83,54442.094554,86.59,88.92,86.05,86.69,4701.47998046875,4714.919921875,4694.39013671875,4701.7001953125,4269710000,17.229999542236328,17.690000534057617,16.440000534057617,17.219999313354492,0.1026676785057483,0.0008873940607025194,0.7136923700588966,0.029571988561312892,0.6864896329085542,0.05449810194468277,0.6592698594898323,0.12141837162357963
2021-11-09,67525.82,68524.25,66222.4,66947.66,44661.378068,86.69,87.72,84.33,84.68,4707.25,4708.52978515625,4670.8701171875,4685.25,4117080000,17.43000030517578,18.56999969482422,17.209999084472656,17.780000686645508,-0.008599071276880508,-0.0035049109264001276,0.7212399586750532,0.05034391854635761,0.6798900662321309,0.060507648012648206,0.6510435527128586,0.10260132435838905
2021-11-10,66947.67,69000.0,62822.9,64882.43,65171.504046,84.68,87.17,84.23,86.36,4670.259765625,4684.85009765625,4630.85986328125,4646.7099609375,4503720000,17.739999771118164,19.899999618530273,17.219999313354492,18.729999542236328,-0.03133425720348249,-0.008259842163861058,0.7410998458772139,0.08205132162148004,0.640792079998066,0.07511538831394132,0.6655001316712844,0.10719046586062894
2021-11-11,64882.42,65600.07,64100.0,64774.26,37237.98058,86.36,86.5,83.79,85.23,4659.39013671875,4664.5498046875,4648.31005859375,4649.27001953125,3926870000,18.34000015258789,18.38999938964844,17.270000457763672,17.65999984741211,-0.0016685606442103456,0.0005507883329889288,0.7152662736903496,0.07992026516147711,0.6289991877245243,0.07434667368747745,0.6566109654027186,0.09867261146091937
2021-11-12,64774.25,65450.7,62278.0,64122.23,44490.10816,85.23,89.09,84.14,88.44,4655.240234375,4688.47021484375,4650.77001953125,4682.85009765625,3728600000,17.489999771118164,17.690000534057617,16.149999618530273,16.290000915527344,-0.010117196545531833,0.007196697564130407,0.7184035248454349,0.08234395192758766,0.6117153029600941,0.07702860804248626,0.6129657091276695,0.09609241140607866
2021-11-15,65519.11,66401.82,63400.0,63606.74,37829.37124,87.22,87.67,84.6,85.04,4689.2998046875,4697.419921875,4672.85986328125,4682.7998046875,3488410000,17.030000686645508,17.459999084472656,16.489999771118164,16.489999771118164,-0.008071666102923142,-1.0739878017001878e-05,0.6993147380543845,0.0786351375665675,0.5774424971980812,0.07740895070147402,0.613807076799293,0.08458198519113934
2021-11-16,63606.73,63617.31,58574.07,60058.87,77455.15609,85.04,90.35,85.04,87.28,4679.419921875,4714.9501953125,4679.419921875,4700.89990234375,3972640000,16.860000610351562,17.079999923706055,16.030000686645508,16.3700008392334,-0.057394191714532264,0.0038577790571266367,0.7945375257568608,0.0788953416922526,0.6163795821340246,0.07139105133624417,0.6326172784258091,0.08151399673034776
2021-11-17,60058.87,60840.23,58373.0,60344.87,46289.38491,87.28,90.05,86.37,89.88,4701.5,4701.5,4684.41015625,4688.669921875,3969070000,16.360000610351562,17.190000534057617,16.280000686645508,17.110000610351562,0.004750691928607092,-0.0026050154828958787,0.3390370606277871,0.08020780396909905,0.5964854364658013,0.06532728496775474,0.6000389626294924,0.08276309559987616
2021-11-18,60344.86,60976.0,56474.26,56891.62,62146.99931,89.88,93.25,87.15,90.12,4700.72021484375,4708.7998046875,4672.77978515625,4704.5400390625,4226410000,16.809999465942383,18.149999618530273,16.3799991607666,17.59000015258789,-0.058927885424531284,0.0033790647401719144,0.41783150925992146,0.07963559548707587,0.6304170443639505,0.06583202410672044,0.6202157165512133,0.08094411165890088
2021-11-19,56891.62,58320.0,55600.0,58052.24,50715.88726,90.12,91.85,85.39,85.78,4708.43994140625,4717.75,4694.22021484375,4697.9599609375,4253180000,17.360000610351562,19.010000228881836,17.229999542236328,17.90999984741211,0.020195240460608506,-0.001399644604988097,0.4849630193727512,0.054203709793051016,0.6357280968538643,0.06695994154469122,0.6224849594175004,0.0807278873739205
2021-11-22,58617.7,59444.0,55610.0,56247.18,51724.32047,85.94,90.47,85.18,88.98,4712.0,4743.830078125,4682.169921875,4682.93994140625,4441100000,18.200000762939453,19.59000015258789,17.350000381469727,19.170000076293945,-0.03158738832958022,-0.003202258316960725,0.48132285992434715,0.06136349617448389,0.617210424212581,0.06855711677348043,0.6023843037429052,0.0777530932277276
2021-11-23,56243.83,58009.99,55317.0,57541.27,49917.85017,88.98,90.19,86.18,89.91,4678.47998046875,4699.39013671875,4652.66015625,4690.7001953125,4277590000,20.239999771118164,20.90999984741211,19.030000686645508,19.3799991607666,0.022746522987712518,0.001655761383195201,0.546158423005558,0.04473166181482344,0.6312003040032396,0.06376702010166795,0.6011765565393341,0.07645666728271333
2021-11-24,57541.26,57735.0,55837.0,57138.29,39612.04964,89.91,91.47,89.26,90.42,4675.77978515625,4702.8701171875,4659.89013671875,4701.4599609375,3418430000,19.170000076293945,20.959999084472656,18.520000457763672,18.579999923706055,-0.007027959623695437,0.0022912237766672798,0.5467877503690847,0.046296243586486624,0.6259956630634422,0.062121484124923146,0.5974737039433983,0.07644360372439217
2021-11-26,58960.37,59150.0,53500.0,53726.53,65927.87066,86.52,89.93,84.06,86.06,4664.6298828125,4664.6298828125,4585.43017578125,4594.6201171875,3517700000,26.6200008392334,28.989999771118164,23.8799991607666,28.6200008392334,-0.0615675493733936,-0.022987011159321162,0.5606721132691996,0.14376524931444037,0.6704117722410307,0.11481426806547305,0.6234458332791453,0.09596607644216852
2021-11-29,57274.89,58865.97,56666.67,57776.25,40125.28009,86.32,86.52,81.95,82.85,4628.75,4672.9501953125,4625.259765625,4655.27001953125,4336410000,25.309999465942383,25.690000534057617,21.709999084472656,22.959999084472656,0.07267087109685531,0.013113836082824229,0.7735252920327002,0.17446280876982195,0.5794735269442135,0.13055141062777603,0.6234155370204606,0.10050139164870729
2021-11-30,57776.25,59176.99,55875.55,56950.56,49161.05194,82.85,86.14,82.74,84.08,4640.25,4646.02001953125,4560.0,4567.0,6625990000,26.229999542236328,28.559999465942383,23.709999084472656,27.190000534057617,-0.014394268550105557,-0.019143381187850562,0.6874189753408183,0.20093204213348342,0.579502929193862,0.15212164254528232,0.6239584098807823,0.11646987249300245
2021-12-01,56950.56,59053.55,56458.01,57184.07,44956.63656,84.08,84.4,81.56,83.64,4602.81982421875,4652.93994140625,4510.27001953125,4513.0400390625,5366730000,24.920000076293945,32.61000061035156,22.3799991607666,31.1200008392334,0.004091840063051094,-0.011885541457955926,0.6743609070672055,0.2045269541558344,0.5755379765438049,0.15582684617101694,0.6134852675216221,0.12005150863372287
2021-12-02,57184.07,57375.47,55777.77,56480.34,37574.05976,83.63,85.27,83.07,85.26,4504.72998046875,4595.4599609375,4504.72998046875,4577.10009765625,5077180000,29.440000534057617,30.68000030517578,27.149999618530273,27.950000762939453,-0.012382750098007033,0.014094638396057768,0.6485029907974211,0.2372432034666618,0.574679011772771,0.17019931037904776,0.6070965306944444,0.12648982585509128
2021-12-03,56484.26,57600.0,51680.0,53601.05,58927.69027,85.26,85.51,81.21,84.55,4589.490234375,4608.02978515625,4495.1201171875,4538.43017578125,5240070000,26.950000762939453,35.31999969482422,25.88999938964844,30.670000076293945,-0.05232395555977342,-0.00848445514173865,0.6955038948478129,0.23620740451459868,0.6023802239170613,0.16834313727005887,0.6019061326552855,0.1287205971487038
2021-12-06,49396.32,50891.11,47100.0,50441.92,58571.21575,89.39,89.89,86.63,86.84,4548.3701171875,4612.60009765625,4540.509765625,4591.669921875,4770800000,28.989999771118164,30.81999969482422,26.75,27.18000030517578,-0.060746082037102606,0.011662599309686139,0.7573611148477474,0.2539100981412794,0.6349373216761596,0.17832553361624434,0.6209989632258249,0.13308780930778627
2021-12-07,50441.91,51936.33,50039.74,50588.95,38253.46877,86.84,88.62,85.57,86.0,4631.97021484375,4694.0400390625,4631.97021484375,4686.75,4492400000,24.579999923706055,24.690000534057617,21.579999923706055,21.88999938964844,0.0029105975984963822,0.020495603186252546,0.6973172178448939,0.24679039906070152,0.6108566022603477,0.20044095084397365,0.6070798313591316,0.14492151200461378
2021-12-08,50588.95,51200.0,48600.0,50471.19,38425.92466,86.0,88.43,85.65,87.16,4690.85986328125,4705.06005859375,4674.52001953125,4701.2099609375,4234600000,21.739999771118164,23.11000061035156,19.850000381469727,19.899999618530273,-0.002330494560926045,0.003080535586585806,0.42043607563530955,0.2363631567474359,0.6077658464133441,0.20057838343766468,0.5968338263853228,0.14503967915679594
2021-12-09,50471.19,50797.76,47320.0,47545.59,37692.68665,88.39,90.52,88.34,90.3,4691.0,4695.259765625,4665.97998046875,4667.4501953125,3903840000,20.309999465942383,22.1200008392334,19.940000534057617,21.579999923706055,-0.05971363822672122,-0.007206988232523656,0.48165215994306076,0.20098731642549245,0.6089308489347983,0.20233718585511698,0.6124497502738768,0.1459365942398252
2021-12-10,47535.9,50125.0,46852.0,47140.54,44233.57391,90.3,90.95,89.19,89.98,4687.64013671875,4713.56982421875,4670.240234375,4712.02001953125,3870110000,21.270000457763672,21.299999237060547,18.690000534057617,18.690000534057617,-0.008555687528783013,0.009503769118209724,0.4538794054155713,0.17299412544544537,0.5906581518707626,0.20670653487445328,0.5985890654064566,0.14579094066284107
2021-12-13,50053.9,50189.97,45672.75,46702.75,50869.52093,92.25,92.41,89.52,90.29,4710.2998046875,4710.2998046875,4667.60009765625,4668.97021484375,4397230000,19.290000915527344,21.18000030517578,18.959999084472656,20.309999465942383,-0.009330303231340643,-0.009178158342793815,0.4585211066199523,0.18417663479984864,0.5859781826682061,0.21014697670506285,0.5889529012808221,0.14858763520657614
2021-12-14,46702.76,48700.41,46290.0,48343.28,39955.98445,90.29,93.23,88.74,92.34,4642.990234375,4660.47021484375,4606.52001953125,4634.08984375,4485430000,19.670000076293945,23.0,19.670000076293945,21.88999938964844,0.034524176232671906,-0.0074987228546236715,0.5460460058006439,0.1817096991610103,0.6019289235424834,0.21214817155492252,0.6012917760370109,0.15029181017494403
2021-12-15,48336.95,49500.0,46547.0,48864.98,51629.181,92.34,92.38,89.19,89.34,4636.4599609375,4712.60009765625,4611.22021484375,4709.85009765625,4910130000,21.600000381469727,23.469999313354492,19.020000457763672,19.290000915527344,0.010733758816394861,0.016216267351890877,0.45378579297377686,0.1925776364010933,0.6096921908157502,0.22405877567736815,0.5888785517472428,0.15709168268527304
2021-12-16,48864.98,49436.43,47511.0,47632.38,31949.86739,89.34,89.42,85.88,86.78,4719.1298828125,4731.990234375,4651.89013671875,4668.669921875,4829500000,18.559999465942383,22.1299991607666,18.190000534057617,20.56999969482422,-0.025548202428183887,-0.008781863311112446,0.46612595490778536,0.16268797938353877,0.5698277936906643,0.20274338731944702,0.590807772636759,0.15833489283739072
2021-12-17,47632.38,47995.96,45456.0,46131.2,43104.4887,86.78,87.26,84.57,85.34,4652.5,4666.7001953125,4600.22021484375,4620.64013671875,7987090000,20.700000762939453,23.260000228881836,20.489999771118164,21.56999969482422,-0.03202327139996514,-0.01034096458405368,0.4830823718327993,0.16987280311071745,0.43832601290129225,0.20030203049726322,0.5929655872441347,0.16062819113924812
2021-12-20,46681.24,47537.57,45558.85,46914.16,35848.50609,87.83,88.53,86.56,87.31,4587.89990234375,4587.89990234375,4531.10009765625,4568.02001953125,4635700000,25.88999938964844,27.38999938964844,22.850000381469727,22.8700008392334,0.016830038188754264,-0.01145339832325659,0.37807236292125435,0.17662323655141116,0.46012697399977853,0.18877777138744525,0.5978610054989015,0.1632225423506204
2021-12-21,46914.17,49328.96,46630.0,48889.88,37713.92924,87.31,88.72,85.06,86.04,4594.9599609375,4651.14013671875,4583.16015625,4649.22998046875,4072430000,22.280000686645508,22.68000030517578,20.899999618530273,21.010000228881836,0.041250873237454126,0.017621755385195486,0.4521498323465719,0.2052964058656081,0.5122644962410013,0.19415015942620864,0.519838775350914,0.17182267711600543
2021-12-22,48887.59,49576.13,48421.87,48588.16,27004.2022,86.04,86.62,82.63,82.99,4650.35986328125,4697.669921875,4645.52978515625,4696.56005859375,3319610000,21.040000915527344,21.36000061035156,18.59000015258789,18.6299991607666,-0.0061905422711137255,0.010128728029127596,0.4482864539112668,0.20925804165806028,0.5126592694213876,0.1900967865965202,0.5199728158950142,0.17419117046846422
2021-12-23,48588.17,51375.0,47920.42,50838.81,35192.54046,82.99,83.5,80.96,82.99,4703.9599609375,4740.740234375,4703.9599609375,4725.7900390625,2913040000,18.809999465942383,18.93000030517578,17.6200008392334,17.959999084472656,0.04528015945422746,0.006204412685251626,0.4808430690419293,0.20235741164605253,0.5262924504356883,0.18477228517754848,0.5405389447001825,0.1732149389960856
2021-12-27,50775.48,52088.0,50449.0,50701.44,28792.21566,80.26,83.39,78.51,83.29,4733.990234375,4791.490234375,4733.990234375,4791.18994140625,2770290000,19.3700008392334,19.40999984741211,17.549999237060547,17.68000030517578,-0.0027057267203230554,0.013744051573605864,0.48343791097605093,0.195913997013601,0.45763989203792166,0.1868869570633222,0.5404395504445434,0.17737770361365926
2021-12-28,50701.44,50704.05,47313.01,47543.74,45853.33924,83.29,83.29,76.7,76.7,4795.490234375,4807.02001953125,4780.0400390625,4786.35009765625,2707920000,17.780000686645508,18.469999313354492,17.510000228881836,17.540000915527344,-0.06430418312979821,-0.0010106653988873737,0.6229891093114591,0.18228271978784558,0.5330344395049019,0.16940023970378942,0.564426750978368,0.1764798009213285
2021-12-29,47543.74,48139.08,46096.99,46464.66,39498.87,76.7,80.9,76.5,80.73,4788.64013671875,4804.06005859375,4778.080078125,4793.06005859375,2963310000,17.6299991607666,18.0,16.709999084472656,16.950000762939453,-0.02295810578396181,0.0014009134018576786,0.6057157318678695,0.15647133216265233,0.5386112450532635,0.16924666776357855,0.5656390770753077,0.17647582862353875
2021-12-30,46464.66,47900.0,45900.0,47120.87,30352.29569,80.74,81.81,76.61,80.68,4794.22998046875,4808.93017578125,4775.330078125,4778.72998046875,3124950000,17.299999237060547,17.790000915527344,16.6200008392334,17.329999923706055,0.01402397902343454,-0.002994233841904309,0.6028685991553921,0.12329642537440794,0.483895798958715,0.16601528260012055,0.5518577593268056,0.17655334087676636
2021-12-31,47120.88,48548.26,45678.0,46216.93,34937.99796,80.68,82.64,74.65,75.51,4775.2099609375,4786.830078125,4765.75,4766.18017578125,2677820000,17.6299991607666,18.270000457763672,16.989999771118164,17.219999313354492,-0.019369821492674983,-0.0026296343734744394,0.5374838208148345,0.10463483912023908,0.4894675366755322,0.16288680109297968,0.5514096269892135,0.17655717498877874
2022-01-03,47286.18,47570.0,45696.0,46446.1,27662.0771,72.06,73.37,70.32,71.94,4778.14013671875,4796.64013671875,4758.169921875,4796.56005859375,3831020000,17.600000381469727,18.540000915527344,16.559999465942383,16.600000381469727,0.0049463193085887746,0.006353824170388397,0.5432095687219934,0.09682506504095369,0.4887384697198602,0.15765839368884274,0.5317691399255957,0.17718128753798756
2022-01-04,46446.1,47557.54,45500.0,45832.01,35491.4136,71.94,73.49,70.16,72.52,4804.509765625,4818.6201171875,4774.27001953125,4793.5400390625,4683170000,16.56999969482422,17.809999465942383,16.34000015258789,16.90999984741211,-0.013309745191831738,-0.0006298202522032699,0.40510241044149226,0.09603432907686553,0.46400034008514973,0.1523012995847163,0.525843307014439,0.17711810196469044
2022-01-05,45832.01,47070.0,42500.0,43451.13,51784.11857,72.64,78.33,70.95,75.64,4787.990234375,4797.7001953125,4699.43994140625,4700.580078125,4887960000,17.06999969482422,20.170000076293945,16.579999923706055,19.729999542236328,-0.0533458970167032,-0.019583264304501073,0.4526964285880845,0.12815810848730075,0.5030664247678543,0.16465559089273385,0.5380087491222312,0.18635353157515838
2022-01-06,43451.14,43816.0,42430.58,43082.31,38880.37305,75.64,76.17,72.22,73.19,4693.39013671875,4725.009765625,4671.259765625,4696.0498046875,4295280000,20.290000915527344,21.059999465942383,19.079999923706055,19.61000061035156,-0.00852438625717462,-0.0009642337401809882,0.34487687538615097,0.128184533761447,0.496957044640394,0.15997672791776035,0.5297448138947857,0.18632126323410853
2022-01-07,43082.3,43145.83,40610.0,41566.48,54836.50818,73.19,75.22,72.07,73.86,4697.66015625,4707.9501953125,4662.740234375,4677.02978515625,4181510000,19.850000381469727,20.799999237060547,18.56999969482422,18.760000228881836,-0.03581839879060997,-0.004058441082336512,0.366726256998163,0.12495608743827297,0.5008813333229515,0.15389135170392268,0.5350533760656347,0.1865626870000482
2022-01-10,41864.62,42248.5,39650.0,41822.49,50729.17019,73.5,75.83,72.63,74.1,4655.33984375,4673.02001953125,4582.240234375,4670.2900390625,4511810000,19.579999923706055,23.329999923706055,19.290000915527344,19.399999618530273,0.0061401598875949455,-0.0014420705375388979,0.34190578616339073,0.1255659433757786,0.49282811323815584,0.1438920289603008,0.5146099522677747,0.17367395172152095
2022-01-11,41822.49,43100.0,41268.93,42729.29,37296.43729,74.1,77.27,74.08,75.37,4669.14013671875,4714.1298828125,4638.27001953125,4713.06982421875,4101590000,19.6200008392334,21.0,18.200000762939453,18.40999984741211,0.02145040043967803,0.009118286452399373,0.4109722257418718,0.14620601223055002,0.4604030949889873,0.12929983365118358,0.46339944875842504,0.17153404743686995
2022-01-12,42729.29,44322.0,42450.0,43902.66,33943.2928,75.37,75.94,70.71,71.81,4728.58984375,4748.830078125,4706.7099609375,4726.35009765625,4048220000,18.170000076293945,18.690000534057617,17.360000610351562,17.6200008392334,0.027090276943410884,0.0028137920146670695,0.46540406817896957,0.13950602213239954,0.4861414490843982,0.12282265150559754,0.4754657914825024,0.1612812215724356
2022-01-13,43902.65,44500.0,42311.22,42560.11,34910.87762,71.81,72.13,66.4,67.51,4733.56005859375,4744.1298828125,4650.2900390625,4659.02978515625,4251730000,18.059999465942383,20.61000061035156,17.450000762939453,20.309999465942383,-0.03105748088409937,-0.014346029234400533,0.48558056509400205,0.1566312650418144,0.43102403236610964,0.1345503488890836,0.47817115954155925,0.16315519188518937
2022-01-14,42558.35,43448.78,41725.95,43059.96,32640.88292,67.51,67.62,64.15,65.13,4637.990234375,4665.1298828125,4614.75,4662.85009765625,4338490000,20.11000061035156,22.06999969482422,19.049999237060547,19.190000534057617,0.011676133382902501,0.0008196442695905652,0.3929565142373559,0.11368905235529388,0.44167301986259033,0.11710929318679456,0.48212948260916993,0.15840759020837056
2022-01-18,42201.63,42691.0,41250.0,42352.12,29324.08257,65.23,67.38,63.8,67.27,4632.240234375,4632.240234375,4568.7001953125,4577.10986328125,4748700000,21.18000030517578,23.200000762939453,21.18000030517578,22.790000915527344,-0.01657508412238843,-0.0185591053980085,0.4020437143126217,0.1542517258501045,0.37240078828018175,0.1364762799072154,0.46507420493228563,0.16595008233552988
2022-01-19,42352.12,42559.13,41138.56,41660.01,31685.72159,67.27,67.69,64.99,65.96,4588.02978515625,4611.5498046875,4530.2001953125,4532.759765625,4465740000,23.1200008392334,23.989999771118164,21.850000381469727,23.850000381469727,-0.016476803005825883,-0.009736790941460195,0.3476783197548523,0.15856261857582615,0.3684359646621722,0.13738647879970592,0.43824733753445677,0.16478435523642107
2022-01-20,41660.0,43505.0,40553.31,40680.91,42330.33953,65.96,65.99,59.41,65.24,4547.35009765625,4602.10986328125,4477.9501953125,4482.72998046875,4640870000,23.459999084472656,25.88999938964844,21.68000030517578,25.59000015258789,-0.023782735226194826,-0.011098742304330734,0.3721390930435418,0.16136330423742187,0.35984760307180214,0.14051674760071217,0.4401566076636896,0.15507596711547464
2022-01-21,40680.92,41100.0,35440.45,36445.31,88860.891999,65.24,78.58,63.03,77.8,4471.3798828125,4494.52001953125,4395.33984375,4397.93994140625,5589100000,25.3799991607666,29.790000915527344,25.309999465942383,28.850000381469727,-0.109946159879111,-0.019095995324635427,0.6925586775581205,0.13859199603618094,0.5552669861322399,0.1529329748358624,0.530837918610804,0.1625441410657053
2022-01-24,36244.55,37550.0,32917.17,36660.35,91904.753211,77.29,87.93,76.25,78.59,4356.31982421875,4417.35009765625,4222.6201171875,4410.1298828125,6928110000,28.200000762939453,38.939998626708984,28.020000457763672,29.899999618530273,0.005883008790485508,0.0027679047582695165,0.6380343252135445,0.13841555103854897,0.5559972870580053,0.14811530533119957,0.5120850484061211,0.16245719597253405
2022-01-25,36660.35,37545.14,35701.0,36958.32,49232.40183,78.59,82.57,77.64,81.26,4366.64013671875,4411.009765625,4287.10986328125,4356.4501953125,5145050000,32.290000915527344,35.849998474121094,29.1299991607666,31.15999984741211,0.008095001638556682,-0.012246590556866267,0.6669566714412664,0.13613297913005684,0.5660027231972015,0.14815131415560298,0.5143850778747533,0.16142853003575233
2022-01-26,36958.32,38919.98,36234.63,36809.34,69830.16036,81.26,82.26,78.66,80.39,4408.43017578125,4453.22998046875,4304.7998046875,4349.93017578125,5570640000,29.350000381469727,33.040000915527344,26.899999618530273,31.959999084472656,-0.004039173875103207,-0.0014977569258856588,0.6416342209764634,0.12922311843904621,0.5399327388841211,0.1374548622533247,0.5145047047367354,0.16024563660647898
2022-01-27,36807.24,37234.47,35507.01,37160.1,53020.87934,80.39,83.23,77.38,80.14,4380.580078125,4428.740234375,4309.5,4326.509765625,5214200000,32.189998626708984,33.0,28.420000076293945,30.489999771118164,0.009483987687842301,-0.005398635199970923,0.6700035955573733,0.1157050719997586,0.5474357501100416,0.1358732772770582,0.501502270764362,0.15977525399818038
2022-01-28,37160.11,38000.0,36155.01,37716.56,42154.26956,80.14,80.28,73.49,74.77,4336.18994140625,4432.72021484375,4292.4599609375,4431.85009765625,5031090000,30.270000457763672,32.81999969482422,27.280000686645508,27.65999984741211,0.014863650295472364,0.024055967914736694,0.7000525817626312,0.2229174198023511,0.5443315224500405,0.18613589819312315,0.5030384217273064,0.16901408009134075
2022-01-31,37881.75,38744.0,36632.61,38466.9,36855.2458,74.32,74.52,70.16,70.99,4431.7900390625,4516.89013671875,4414.02001953125,4515.5498046875,5098610000,28.36000061035156,29.40999984741211,24.709999084472656,24.829999923706055,0.019698875942226617,0.018709826222984446,0.7232970740506066,0.24888332616435432,0.553609015032592,0.20936713783685382,0.5068951835712558,0.17800982656402883
2022-02-01,38466.9,39265.2,38000.0,38694.59,34574.44663,70.99,71.84,69.59,71.81,4519.56982421875,4550.490234375,4483.52978515625,4546.5400390625,4816830000,24.56999969482422,25.329999923706055,21.959999084472656,21.959999084472656,0.005901665736712944,0.006839560348317067,0.11912098395863027,0.20563517964337874,0.5424969151127266,0.20714703404317822,0.5026062043455405,0.1772319572243664
2022-02-02,38694.59,38855.92,36586.95,36896.36,35794.6813,71.81,75.02,71.06,75.0,4566.39013671875,4595.31005859375,4544.31982421875,4589.3798828125,4481580000,21.559999465942383,22.729999542236328,20.459999084472656,22.09000015258789,-0.04758689578779582,0.009378400448324454,0.35932907091476285,0.2067847240795286,0.5438205152733051,0.2122631858841579,0.5119253204829218,0.1763659540702587
2022-02-03,36896.37,37387.0,36250.0,37311.61,32081.10999,75.0,75.03,72.53,74.14,4535.41015625,4542.8798828125,4470.39013671875,4477.43994140625,4401970000,22.6299991607666,25.809999465942383,22.299999237060547,24.350000381469727,0.01119163707773322,-0.024693471720120656,0.3623945139904681,0.25902164589887017,0.5452897166065979,0.22780544229261476,0.4938873661846869,0.1824855079370542
2022-02-04,37311.98,41772.33,37026.73,41574.25,64703.95874,74.14,74.39,68.89,70.14,4482.7900390625,4539.66015625,4451.5,4500.52978515625,4706290000,23.770000457763672,26.260000228881836,22.06999969482422,23.219999313354492,0.108176446956934,0.005143678439863626,0.7305952542470591,0.25624468455835536,0.7374393834760542,0.2298811014501266,0.599497179402755,0.18034261077262387
2022-02-07,42380.87,44500.5,41645.85,43839.99,51060.62006,70.69,72.27,69.14,69.18,4505.75,4521.85986328125,4471.47021484375,4483.8701171875,4228480000,24.09000015258789,24.81999969482422,22.020000457763672,22.86000061035156,0.05306542930858216,-0.003708580927828488,0.7571019847109511,0.25358921727315364,0.7701516258383491,0.21814407534679975,0.6055870189992956,0.17898368680710688
2022-02-08,43839.99,45492.0,42666.0,44042.99,64880.29387,69.18,71.78,68.73,70.27,4480.02001953125,4531.31982421875,4465.39990234375,4521.5400390625,4459620000,23.09000015258789,23.479999542236328,21.31999969482422,21.440000534057617,0.004619787837026135,0.00836611346663433,0.7645340094166535,0.21952555482059202,0.7652785084085275,0.21836630438794916,0.6061934445972221,0.17558418858971447
2022-02-09,44043.0,44799.0,43117.92,44372.72,34428.16729,70.27,71.02,69.64,69.81,4547.0,4590.02978515625,4547.0,4587.18017578125,4524350000,21.270000457763672,21.299999237060547,19.93000030517578,19.959999084472656,0.007458663819307352,0.014412842079264784,0.7696938045165519,0.2076921627480399,0.7547195118530036,0.22044658051113997,0.5799855399457282,0.18186450725744316
2022-02-10,44372.71,45821.0,43174.01,43495.44,62357.29091,69.81,70.87,68.07,70.81,4553.240234375,4588.919921875,4484.31005859375,4504.080078125,5314860000,20.3700008392334,24.770000457763672,20.18000030517578,23.90999984741211,-0.019968761180241705,-0.01828182448505601,0.8050077367272173,0.2369952112736536,0.556913738886649,0.21898386776508424,0.5791244157019285,0.18805610305511516
2022-02-11,43495.44,43920.0,41938.51,42373.73,44975.1687,70.81,73.37,66.71,72.34,4506.27001953125,4526.330078125,4401.41015625,4418.64013671875,5251500000,24.38999938964844,30.989999771118164,23.329999923706055,27.36000061035156,-0.02612751026362113,-0.019151682638086528,0.7407552448304547,0.24450272833146913,0.5804931288932362,0.23600366908763018,0.581037924876919,0.1944653155950189
2022-02-14,42053.65,42842.4,41550.56,42535.94,34010.1306,73.05,73.45,70.83,72.16,4412.60986328125,4426.22021484375,4364.83984375,4401.669921875,4600390000,29.170000076293945,32.040000915527344,28.329999923706055,28.329999923706055,0.003820770881157255,-0.0038479907556283146,0.7456458881389498,0.20413181094559377,0.5810972319113131,0.23007601465260122,0.5794328736985674,0.1944983634310536
2022-02-15,42535.94,44751.4,42427.03,44544.86,38095.19576,72.16,72.26,69.41,70.59,4429.27978515625,4472.77001953125,4429.27978515625,4471.06982421875,4430830000,28.09000015258789,28.09000015258789,25.329999923706055,25.700000762939453,0.046147405647282806,0.015643717646064172,0.47790966974242255,0.22874893066599267,0.5963362150920664,0.23819819530375366,0.5962587386324302,0.2000214122863316
2022-02-16,44544.85,44549.97,43307.0,43873.56,28471.8727,70.59,70.84,67.59,68.07,4455.75,4489.5498046875,4429.68017578125,4475.009765625,4283640000,25.190000534057617,27.09000015258789,23.8799991607666,24.290000915527344,-0.015184910543850608,0.0008808197202838003,0.3852118398908186,0.22807086296809323,0.6087125530905259,0.23591567482763678,0.5966090591000563,0.2001816567437094
2022-02-17,43873.56,44164.71,40073.21,40515.7,47245.99494,68.07,72.84,65.15,71.54,4456.06005859375,4456.06005859375,4373.81005859375,4380.259765625,4539420000,24.829999923706055,28.3700008392334,24.760000228881836,28.11000061035156,-0.07962230741964704,-0.021400504136936647,0.609879566943464,0.24957771443156593,0.7212727467135037,0.23388760239885753,0.6208370413515678,0.20160985599142345
2022-02-18,40515.71,40959.88,39450.0,39974.44,43845.92241,71.54,72.07,66.98,68.83,4384.56982421875,4394.60009765625,4327.22021484375,4348.8701171875,4708060000,26.65999984741211,29.709999084472656,26.3799991607666,27.75,-0.013449303448535153,-0.007191961663866342,0.59468217657444,0.21143829976695863,0.7219894950585216,0.21714401236327768,0.6214277312592111,0.20204469089719027
2022-02-22,37008.16,38429.0,36350.0,38230.33,53785.94589,77.69,80.06,74.15,75.22,4332.740234375,4362.1201171875,4267.10986328125,4304.759765625,5121900000,31.799999237060547,32.040000915527344,28.399999618530273,28.809999465942383,-0.04461107023093021,-0.010194735435016016,0.6212686487713993,0.1995463938550735,0.7490102526235661,0.21467059688071982,0.6260302647661228,0.20321941897289336
2022-02-23,38230.33,39249.93,37036.79,37250.01,43560.732,71.56,74.3,71.25,73.78,4324.93017578125,4341.509765625,4221.509765625,4225.5,4797430000,28.040000915527344,31.06999969482422,27.200000762939453,31.020000457763672,-0.025976966353583753,-0.018583735748788438,0.6211909851975386,0.19805346549812178,0.7282006484731262,0.21391377573856407,0.6289631541273084,0.20826023712112682
2022-02-24,37250.02,39843.0,34322.28,38327.21,120476.29458,73.78,89.74,73.58,79.88,4155.77001953125,4294.72998046875,4114.64990234375,4288.7001953125,6752130000,37.5,37.790000915527344,29.450000762939453,30.31999969482422,0.028507874523143458,0.014846105252724002,0.6737364192593696,0.23619865894630104,0.736701736701724,0.21234839674197606,0.6317573783600655,0.2118671596764081
2022-02-25,38328.68,39683.53,38014.37,39219.17,56574.57125,79.88,79.88,69.99,71.44,4298.3798828125,4385.33984375,4286.830078125,4384.64990234375,5177060000,31.68000030517578,32.0,26.93000030517578,27.59000015258789,0.02300557006710982,0.022126080551265786,0.5954495749684255,0.26046761232071025,0.5678356331278748,0.2359979778674064,0.6301405709779375,0.22365293252716997
2022-02-28,37699.08,44225.84,37450.17,43160.0,73945.63858,80.65,81.2,75.09,77.47,4354.169921875,4388.83984375,4315.1201171875,4373.93994140625,6071370000,32.439998626708984,33.5099983215332,28.43000030517578,30.149999618530273,0.09574848251777222,-0.0024455914631261143,0.9086188178903757,0.25926145901674175,0.6707722440500224,0.23586733703896381,0.6870149525779214,0.22081787310601622
2022-03-01,43160.0,44949.0,42809.98,44421.2,61743.09873,77.47,78.05,74.66,76.99,4363.14013671875,4378.4501953125,4279.5400390625,4306.259765625,5846230000,29.450000762939453,35.189998626708984,29.440000534057617,33.31999969482422,0.028802692569624658,-0.015594467786613053,0.7382157160105215,0.2440993863452344,0.6825248656541886,0.23779988985922237,0.6912235025754961,0.22403002415978396
2022-03-02,44421.2,45400.0,43334.09,43892.98,57782.65081,76.99,77.83,73.62,73.8,4322.56005859375,4401.47998046875,4322.56005859375,4386.5400390625,5337870000,34.20000076293945,34.40999984741211,30.1200008392334,30.739999771118164,-0.01196243454904842,0.018471046780652183,0.7360164834620516,0.27025384651504447,0.6837202256691091,0.24425617758781654,0.6903308996938585,0.22687130216598006
2022-03-03,43892.99,44101.12,41832.28,42454.0,50940.61021,73.79,76.27,73.1,73.7,4401.31005859375,4416.77978515625,4345.56005859375,4363.490234375,5039890000,30.520000457763672,32.0099983215332,29.309999465942383,30.479999542236328,-0.033333261588257904,-0.005268520744245652,0.7009862917130567,0.2630253352169804,0.6932766096801799,0.23472873395132204,0.69578691670631,0.22581466797794
2022-03-04,42454.0,42527.3,38550.0,39148.66,61964.68498,73.7,80.98,72.11,79.28,4342.1201171875,4342.1201171875,4284.97998046875,4328.8701171875,5797380000,31.899999618530273,34.650001525878906,31.469999313354492,31.979999542236328,-0.0810549423019875,-0.007965684543001903,0.888839279476006,0.23439139612330784,0.766088082237884,0.22366629143752126,0.732100328908064,0.22480984275882182
2022-03-07,38420.8,39547.57,37155.0,37988.0,63994.11559,79.72,80.7,78.14,80.7,4327.009765625,4327.009765625,4199.85009765625,4201.08984375,6940470000,35.880001068115234,36.54999923706055,32.59000015258789,36.45000076293945,-0.030095874139558613,-0.029962586814416495,0.8990542871319539,0.2904080950357517,0.7714517873848888,0.25438874729615335,0.6623660897388289,0.2343455823770835
2022-03-08,37988.01,39362.08,37867.65,38730.63,55583.06638,80.7,82.53,79.94,80.93,4202.66015625,4276.93994140625,4157.8701171875,4170.7001953125,7243120000,36.189998626708984,37.52000045776367,32.779998779296875,35.130001068115234,0.019360439473765596,-0.007260043975698096,0.8951781902028284,0.23136425671611066,0.7427926623682347,0.23938863995473325,0.6643108503690267,0.23455094544173355
2022-03-09,38730.63,42594.06,38656.45,41941.71,67392.58799,80.93,81.28,78.69,81.01,4223.10009765625,4299.39990234375,4223.10009765625,4277.8798828125,5662670000,33.7400016784668,34.119998931884766,31.38999938964844,32.45000076293945,0.07965003732031377,0.025373598122141117,0.8238777208244119,0.3039331141875424,0.8333837752467345,0.2714006932302219,0.7015037445605089,0.24517756697105875
2022-03-10,41941.7,42039.63,38539.73,39422.0,71962.93154,81.01,83.87,80.13,80.13,4252.5498046875,4268.27978515625,4209.7998046875,4259.52001953125,4980830000,33.029998779296875,34.029998779296875,30.229999542236328,30.229999542236328,-0.06195676107004793,-0.004301049920247209,0.8512025407006703,0.29186066286907003,0.804870812825913,0.2585876190285823,0.7270451051582829,0.24540061858708614
2022-03-11,39422.01,40236.26,38223.6,38729.57,59018.7642,80.13,80.84,77.41,79.73,4279.5,4291.009765625,4200.490234375,4204.31005859375,4938640000,30.43000030517578,31.040000915527344,28.84000015258789,30.75,-0.017720645144228633,-0.013046278933238144,0.8504561462845366,0.2606035421136481,0.8062560975136144,0.2620375215504872,0.728977397607184,0.24766355079794952
2022-03-14,37777.35,39947.12,37555.0,39671.37,46945.45375,82.47,82.96,81.57,82.43,4202.75,4247.56982421875,4161.72021484375,4173.10986328125,5574920000,31.030000686645508,33.18000030517578,30.059999465942383,31.770000457763672,0.02402637788244582,-0.007448675095533314,0.8759320912983217,0.2606532071536498,0.7887654878485236,0.2607127064006847,0.7309313278068716,0.23660165843944
2022-03-15,39671.37,39887.61,38098.33,39280.33,46015.54926,82.43,83.74,80.69,81.98,4188.81982421875,4271.0498046875,4187.89990234375,4262.4501953125,5392470000,33.130001068115234,33.83000183105469,29.56999969482422,29.829999923706055,-0.009905884169983963,0.021182629724144964,0.7231519633009061,0.3076147706266716,0.7803640404723441,0.26684317894456616,0.7296259713767274,0.2385832124109866
2022-03-16,39280.33,41718.0,38828.48,41114.0,88120.76167,81.98,83.93,80.0,81.79,4288.14013671875,4358.89990234375,4251.990234375,4357.85986328125,6309750000,29.020000457763672,29.799999237060547,26.290000915527344,26.670000076293945,0.045624811430510115,0.022136921648393443,0.7313564549197059,0.26624000646347445,0.7941311821460039,0.27601212929265695,0.7410812310017021,0.24742101035729694
2022-03-17,41114.01,41478.82,40500.0,40917.9,37189.38087,81.79,82.02,75.05,75.18,4345.10986328125,4412.669921875,4335.64990234375,4411.669921875,4985090000,26.510000228881836,27.469999313354492,25.25,25.670000076293945,-0.004781075985047464,0.012272205068700267,0.7345145311569232,0.25321764813284275,0.7906704759085079,0.2644130139815991,0.726421008911433,0.24865682345463827
2022-03-18,40917.89,42325.02,40135.04,41757.51,45408.00969,75.18,76.12,70.75,70.75,4407.33984375,4465.39990234375,4390.56982421875,4463.1201171875,8278430000,26.36000061035156,26.81999969482422,23.850000381469727,23.8700008392334,0.02031169524144141,0.011594814411888112,0.5553179663010239,0.2255514178725218,0.6755900299470289,0.2681278553565155,0.7277454549898628,0.2411401078842788
2022-03-21,41262.11,41544.22,40467.94,41002.25,39426.24877,72.67,73.75,71.33,71.8,4462.39990234375,4481.75,4424.2998046875,4461.18017578125,4869820000,25.13999938964844,25.36000061035156,22.989999771118164,23.530000686645508,-0.018252372112531782,-0.0004347548543014596,0.38986580049956304,0.21919853699448866,0.6628936869500465,0.2569369038417863,0.6591176170544285,0.24062610484969554
2022-03-22,41002.26,43361.0,40875.51,42364.13,59454.94294,71.8,74.24,70.89,71.19,4469.10009765625,4522.0,4469.10009765625,4511.60986328125,4754840000,24.020000457763672,24.020000457763672,22.700000762939453,22.940000534057617,0.03267507037255884,0.011240699554074212,0.380317541426085,0.1708385053228473,0.6815361087823107,0.24997506136026912,0.6472712019200855,0.2426740520062635
2022-03-23,42364.13,43025.96,41751.47,42882.76,40828.87039,71.19,71.4,69.5,69.58,4493.10009765625,4501.06982421875,4455.81005859375,4456.240234375,4550670000,23.040000915527344,24.030000686645508,22.63999938964844,23.56999969482422,0.012167866742905374,-0.012348630252495208,0.3722031409869659,0.19303866335535905,0.6688972981500043,0.25570919903435885,0.6482239980526509,0.24404361264949878
2022-03-24,42882.76,44220.89,42560.46,43991.46,56195.12374,69.58,69.93,65.43,65.47,4469.97998046875,4520.580078125,4465.169921875,4520.16015625,4131390000,23.61000061035156,23.790000915527344,21.489999771118164,21.670000076293945,0.02552564380828476,0.014242012281618024,0.3480675681076245,0.17920856108578487,0.5603610193889823,0.257123912726764,0.6523477725387953,0.24395347921273564
2022-03-25,43991.46,45094.14,43579.0,44313.16,54614.43648,65.47,65.92,61.98,62.41,4522.91015625,4546.02978515625,4501.06982421875,4543.06005859375,4305020000,21.8700008392334,22.86000061035156,20.799999237060547,20.809999465942383,0.007286174227543661,0.005053380704237665,0.2815059774923178,0.15129329552662554,0.532416594499163,0.208121135560992,0.6499807747600241,0.2384788062402339
2022-03-28,46827.76,48189.84,46663.56,47122.21,58949.2614,68.62,69.0,62.82,63.04,4541.08984375,4575.64990234375,4517.68994140625,4575.52001953125,4312260000,22.13999938964844,23.329999923706055,19.540000915527344,19.6299991607666,0.061462741372866614,0.007119551020042568,0.38865407919675643,0.1452831319168744,0.5736022133620219,0.1996815599410166,0.6679837807143145,0.23193596266253982
2022-03-29,47122.21,48096.47,46950.85,47434.8,36772.28457,63.04,63.08,61.6,62.04,4602.85986328125,4637.2998046875,4589.66015625,4631.60009765625,5085910000,19.700000762939453,19.729999542236328,18.670000076293945,18.899999618530273,0.006611696768465159,0.01218204410139109,0.3970435770234207,0.14640549462703747,0.4890480420736324,0.1827904703536688,0.6680429283648311,0.2335739073154279
2022-03-30,47434.79,47700.22,46445.42,47067.99,40947.2085,62.04,62.71,60.9,62.44,4624.2001953125,4627.77001953125,4581.31982421875,4602.4501953125,4385570000,19.3799991607666,20.510000228881836,18.719999313354492,19.329999923706055,-0.007762984396878372,-0.006313588999088777,0.35982831481242655,0.15971060847539217,0.37866675010646006,0.18510432282106432,0.6564009633727713,0.23083458533617818
2022-03-31,47067.99,47600.0,45200.0,45510.34,48645.12667,61.7,64.11,61.7,64.11,4599.02001953125,4603.06982421875,4530.41015625,4530.41015625,4823020000,19.68000030517578,21.479999542236328,19.540000915527344,20.559999465942383,-0.03365359925692603,-0.015776335226881762,0.4643477495717405,0.19074023682488817,0.40832050366690414,0.19069351112069313,0.6627147430258603,0.2358808025984815
2022-04-01,45510.35,46720.09,44200.0,46283.49,56271.06474,64.11,64.35,58.86,59.54,4540.31982421875,4548.7001953125,4507.56982421875,4545.85986328125,4562940000,20.6200008392334,20.86000061035156,19.40999984741211,19.6299991607666,0.01684575714059203,0.0034044209614630277,0.4660113014768358,0.1678959479509878,0.4051829701955066,0.18194758193996424,0.6179193912710812,0.22672833964016778
2022-04-04,46407.36,46890.71,45118.0,46580.51,44641.87514,59.47,61.87,59.46,60.54,4547.97021484375,4583.5,4539.2099609375,4582.64013671875,4547350000,20.75,20.780000686645508,18.450000762939453,18.56999969482422,0.006396903274610281,0.008058382532133647,0.4547989626167184,0.15377073361351223,0.3946349978664155,0.16892808229791126,0.6156003870388428,0.2261091489934746
2022-04-05,46580.5,47200.0,45353.81,45497.55,42192.74852,60.54,62.9,60.1,62.88,4572.4501953125,4593.4501953125,4514.169921875,4525.1201171875,4800620000,18.790000915527344,21.56999969482422,18.549999237060547,21.030000686645508,-0.023523734948063195,-0.01263115907400537,0.493255775574951,0.17409948418387997,0.3900414153665976,0.16562039945011395,0.6037230674726674,0.22733409896813972
2022-04-06,45497.54,45507.14,43121.0,43170.47,60849.32936,62.88,66.63,62.87,66.05,4494.169921875,4503.93994140625,4450.0400390625,4481.14990234375,4986830000,21.270000457763672,24.780000686645508,21.239999771118164,22.100000381469727,-0.052501781655002897,-0.009764433912479721,0.39818873394132415,0.1722617783973539,0.4640652821742114,0.167286728649476,0.6205163869992405,0.22187990455798748
2022-04-07,43170.47,43900.99,42727.35,43444.19,37396.54156,66.05,67.1,61.69,61.74,4474.64990234375,4521.16015625,4450.2998046875,4500.2099609375,4821490000,21.969999313354492,23.81999969482422,21.1200008392334,21.549999237060547,0.006320429156202368,0.004244365552037262,0.39760460176781204,0.14776563848515792,0.45819080222344,0.16115601586937206,0.6165054666512759,0.21863255341723556
2022-04-08,43444.2,43970.62,42107.14,42252.01,42375.04203,61.74,62.56,59.28,62.19,4494.14990234375,4520.41015625,4474.60009765625,4488.27978515625,4083200000,21.25,22.34000015258789,20.280000686645508,21.15999984741211,-0.027825199218427053,-0.0026545466755523947,0.40559211091822,0.14710453971253773,0.4684144000923958,0.16170418702760644,0.6206042318700292,0.21004881453816093
2022-04-11,42158.85,42414.71,39200.0,39530.45,63560.44721,61.08,68.6,60.08,68.28,4462.64013671875,4464.35009765625,4408.3798828125,4412.52978515625,4266290000,23.09000015258789,24.420000076293945,22.09000015258789,24.3700008392334,-0.06658066563310494,-0.017021334584696127,0.5039515927038708,0.15155907263421606,0.5284500813942028,0.16936111150955663,0.5859845787759627,0.21615239697697838
2022-04-12,39530.45,40699.0,39254.63,40074.94,57751.01778,68.28,68.41,65.09,65.22,4437.58984375,4471.0,4381.33984375,4397.4501953125,4152090000,24.940000534057617,25.3799991607666,22.270000457763672,24.260000228881836,0.013679940298762482,-0.0034233005304522353,0.49446606219580014,0.14330304323586707,0.529437281956659,0.16245912198455764,0.580482045812548,0.21120045984330224
2022-04-13,40074.95,41561.31,39588.54,41147.79,41342.27254,65.22,66.38,63.38,63.61,4394.2998046875,4453.919921875,4392.7001953125,4446.58984375,3828150000,23.520000457763672,24.450000762939453,21.3700008392334,21.81999969482422,0.02641901842530263,0.011112603268901934,0.5516281728367274,0.15542040943624352,0.530443047898966,0.15724581076964678,0.5862113137342726,0.20685171194037344
2022-04-14,41147.78,41500.0,39551.94,39942.38,36807.01401,63.61,63.62,60.07,62.1,4449.1201171875,4460.4599609375,4390.77001953125,4392.58984375,4083090000,21.719999313354492,22.700000762939453,20.850000381469727,22.700000762939453,-0.029732304130666604,-0.012218480383508163,0.5556169168653544,0.15450897097097743,0.5373351346490504,0.16101938307028163,0.5846377391932941,0.20948620668205295
2022-04-18,39678.11,41116.73,38536.51,40801.13,54243.49575,63.59,64.91,62.62,63.47,4385.6298828125,4410.31005859375,4370.2998046875,4391.68994140625,3910490000,24.520000457763672,24.600000381469727,21.979999542236328,22.170000076293945,0.021271861508649632,-0.0002048892724065068,0.5427442402641097,0.1507711011426877,0.4587783933809854,0.1555250350320641,0.5377966137388626,0.20805318880212753
2022-04-19,40801.13,41760.0,40571.0,41493.18,35788.85843,63.47,63.48,61.31,62.46,4390.6298828125,4471.02978515625,4390.6298828125,4462.2099609375,4108120000,22.549999237060547,22.920000076293945,20.36000061035156,21.3700008392334,0.01681929927737526,0.01593004474938665,0.557875453280569,0.1861234739288299,0.46801827244642846,0.1632073415213355,0.5310851652623306,0.19156456720737453
2022-04-20,41493.19,42199.0,40820.0,41358.19,40877.35041,62.46,62.62,61.32,62.19,4472.259765625,4488.2900390625,4448.759765625,4459.4501953125,4290450000,21.1299991607666,21.31999969482422,19.75,20.31999969482422,-0.0032586092287824916,-0.0006186664061825758,0.537658987244423,0.18586114434258788,0.4687429636574517,0.16252395202941036,0.5290509525922666,0.18973011582126167
2022-04-21,41358.19,42976.0,39751.0,40480.01,59316.27657,62.19,63.94,60.64,63.51,4489.169921875,4512.93994140625,4384.47021484375,4393.66015625,4636890000,20.239999771118164,23.280000686645508,19.809999465942383,22.68000030517578,-0.02146219513885801,-0.014862855551311067,0.34871252659026386,0.17830542701906343,0.45918942859037726,0.1610905997459214,0.4792210640538981,0.18279484277979455
2022-04-22,40480.01,40795.06,39177.0,39709.18,46664.0196,63.51,63.64,59.99,61.12,4385.830078125,4385.830078125,4267.6201171875,4271.77978515625,4651940000,22.709999084472656,28.270000457763672,22.6200008392334,28.209999084472656,-0.019225876795201283,-0.028132076377366966,0.3635126247386269,0.2441437608294163,0.44611350638010155,0.1923875900096469,0.44705433240848047,0.20083449694136563
2022-04-25,39450.12,40616.0,38200.0,40426.08,63037.12784,62.62,66.38,62.62,65.57,4255.33984375,4299.02001953125,4200.81982421875,4296.1201171875,5240040000,30.040000915527344,31.600000381469727,26.799999237060547,27.020000457763672,0.017892726027751202,0.0056817651441118085,0.3389674113232123,0.2317518836879495,0.4573009748954335,0.18963882687570477,0.44653522574284515,0.19749232149336488
2022-04-26,40426.08,40797.31,37702.26,38112.65,66650.258,65.57,67.36,63.58,66.78,4278.14013671875,4278.14013671875,4175.0400390625,4175.2001953125,4689970000,27.3799991607666,33.810001373291016,27.059999465942383,33.52000045776367,-0.05892887322404605,-0.028550008928597752,0.46076667205457134,0.2707879808837438,0.5000833155358491,0.2132453972857507,0.4739411947184226,0.21386713258792564
2022-04-27,38112.64,39474.72,37881.31,39235.72,57083.12272,64.91,66.48,64.48,65.09,4186.52001953125,4240.7099609375,4162.89990234375,4183.9599609375,4769680000,31.11000061035156,32.77000045776367,29.81999969482422,31.600000381469727,0.02904130834995406,0.0020958490249645954,0.4824247495886423,0.27363923291879916,0.4937480133992916,0.21484669572987564,0.48120828769010787,0.20439729313551053
2022-04-28,39235.72,40372.63,38881.43,39742.07,56086.6715,60.38,63.55,59.78,63.0,4222.580078125,4308.4501953125,4188.6298828125,4287.5,4854180000,29.90999984741211,32.0,28.0,29.989999771118164,0.012822767969639432,0.024445655340832175,0.4751694628132183,0.3063258346025072,0.49785774359986446,0.24630819463183484,0.4632152353924731,0.20672714405499587
2022-04-29,39742.06,39925.25,38175.0,38596.11,51453.65715,63.0,63.18,57.99,60.54,4253.75,4269.68017578125,4124.27978515625,4131.93017578125,5084030000,28.969999313354492,34.34000015258789,28.540000915527344,33.400001525878906,-0.02925883015250115,-0.03695915978469415,0.49374703041230084,0.35475255105131154,0.49909144862007543,0.28421980391458657,0.47027008129143927,0.2283221476395693
2022-05-02,38468.35,39167.34,38052.0,38525.16,53200.92628,62.44,63.23,59.72,62.42,4130.60986328125,4169.81005859375,4062.510009765625,4155.3798828125,5163790000,33.349998474121094,36.63999938964844,31.739999771118164,32.34000015258789,-0.0018399598454870698,0.005659199293818601,0.48841280377203755,0.36629884445878613,0.41671076794379863,0.2833178288481826,0.4655175101909299,0.22584421018695164
2022-05-03,38525.16,38651.51,37517.8,37728.95,40316.45358,62.42,64.92,60.23,64.92,4159.77978515625,4200.10009765625,4147.080078125,4175.47998046875,4582050000,31.760000228881836,32.81999969482422,29.059999465942383,29.25,-0.02088383006942929,0.004825465075359521,0.49024362874731536,0.34270732535152265,0.41755811430890605,0.28595552347452874,0.46634389996870756,0.2267509685545128
2022-05-04,37728.95,40023.77,37670.0,39690.0,62574.61736,64.92,64.98,60.32,60.58,4181.18017578125,4307.66015625,4148.91015625,4300.169921875,5136360000,29.1200008392334,29.420000076293945,24.940000534057617,25.420000076293945,0.05067156251954114,0.029425221557325833,0.5902599572606851,0.39442608024729126,0.46242194187225266,0.31356517394510725,0.4809202032768684,0.24175059450364608
2022-05-05,39690.0,39845.51,35571.9,36552.97,88722.43355,60.58,66.25,58.72,63.13,4270.43017578125,4270.43017578125,4106.009765625,4146.8701171875,5077030000,25.969999313354492,33.20000076293945,25.780000686645508,31.200000762939453,-0.08233682535055205,-0.03630067756409906,0.6919831212869053,0.4200117253071708,0.5648246168722939,0.34341967369477766,0.531743618359168,0.2602628951598779
2022-05-06,36552.97,36675.63,35258.0,36013.77,68437.80187,63.13,65.06,59.8,62.19,4128.169921875,4157.68994140625,4067.909912109375,4123.33984375,5116940000,32.22999954223633,35.34000015258789,29.829999923706055,30.190000534057617,-0.014861076122788424,-0.00569038441395277,0.6473919112696855,0.42022070672429357,0.5512312940997434,0.3429982923483378,0.5242132601038123,0.25555757953199926
2022-05-09,34038.39,34243.15,30033.33,30076.31,191876.926428,68.59,85.99,68.33,84.91,4081.27001953125,4081.27001953125,3975.47998046875,3991.239990234375,5954520000,31.899999618530273,35.47999954223633,31.899999618530273,34.75,-0.18016354663726708,-0.03256151953960419,1.1634375793297915,0.40808619305196175,0.8976455695751789,0.3486527121532961,0.724215876227065,0.2681211622424748
2022-05-10,30074.23,32658.99,29730.4,31017.1,165532.00311,84.92,88.51,76.95,81.61,4035.179931640625,4068.820068359375,3958.169921875,4001.050048828125,5885820000,33.65999984741211,34.84000015258789,32.2400016784668,32.9900016784668,0.03080084662153245,0.002454881760409255,1.2396279789474303,0.36600674169695946,0.9234156231758794,0.3501491264519082,0.701961280832683,0.2667294843530866
2022-05-11,31017.11,32162.59,27785.0,29103.94,207063.739278,81.61,109.04,79.65,101.25,3990.080078125,4049.090087890625,3928.820068359375,3935.179931640625,5816140000,32.869998931884766,34.38999938964844,30.690000534057617,32.560001373291016,-0.0636651051045502,-0.016600232095697796,1.2335511024668786,0.36416889096642074,0.9414057295990795,0.3509102350311069,0.713536613387841,0.2641451516501818
2022-05-12,29103.94,30243.0,26700.0,29029.75,204507.263138,101.25,139.73,99.57,114.58,3903.949951171875,3964.800048828125,3858.8701171875,3930.080078125,6286450000,33.7400016784668,34.7599983215332,31.700000762939453,31.770000457763672,-0.00255239398280821,-0.0012968049941124407,1.250311168339658,0.35705273546849253,0.9455447461900364,0.3391489092833339,0.7142367120754481,0.2643996366882869
2022-05-13,29029.74,31083.37,28751.67,29287.05,97872.36957,114.58,115.12,91.7,99.66,3963.89990234375,4038.8798828125,3963.89990234375,4023.889892578125,5183340000,31.09000015258789,31.200000762939453,28.780000686645508,28.8700008392334,0.008824272580558484,0.023589267956869442,1.147423377276582,0.3317320469427015,0.9388171512278874,0.3589891050302917,0.715778441637576,0.27519530592336605
2022-05-16,31328.89,31328.9,29087.04,29874.01,73082.19658,92.34,97.55,92.29,96.37,4013.02001953125,4046.4599609375,3983.989990234375,4008.010009765625,4415030000,30.010000228881836,30.229999542236328,27.36000061035156,27.469999313354492,0.01984343282818371,-0.003954208517722458,1.1655203652959194,0.27359793862549486,0.9399022539413296,0.34204821475067565,0.7169779348738063,0.2743109545755069
2022-05-17,29874.01,30788.37,29450.38,30444.93,56724.13307,96.37,96.39,88.6,91.46,4052.0,4090.719970703125,4033.929931640625,4088.85009765625,4841410000,27.06999969482422,27.170000076293945,25.510000228881836,26.100000381469727,0.018930606202495235,0.01996891958146264,1.1996588510364459,0.31109554967573927,0.9311569455266038,0.35527736741371635,0.7210750051362895,0.28102498250282426
2022-05-18,30444.93,30709.99,28654.47,28715.32,59749.15799,89.74,100.59,87.3,100.59,4051.97998046875,4051.97998046875,3911.909912109375,3923.679931640625,5103220000,26.739999771118164,31.489999771118164,26.209999084472656,30.959999084472656,-0.05848869957421896,-0.041233809291248875,0.6132110734346727,0.3497627511922849,0.9343683880339576,0.37073036636090995,0.7320513861961714,0.3003945851938272
2022-05-19,28715.33,30545.18,28691.38,30319.23,67877.36415,100.59,100.95,91.05,91.11,3899.0,3945.9599609375,3876.580078125,3900.7900390625,5113550000,31.239999771118164,33.11000061035156,29.059999465942383,29.350000381469727,0.05435138641776955,-0.005850864777347809,0.6855747419788716,0.34842959383582295,0.9895848446489559,0.3434014796345177,0.7501986916620484,0.3000412685309006
2022-05-20,30319.22,30777.33,28730.0,29201.01,60517.25325,91.11,93.33,83.02,88.56,3927.760009765625,3943.419921875,3810.320068359375,3901.360107421875,5130730000,28.780000686645508,32.90999984741211,28.059999465942383,29.43000030517578,-0.03757886695618367,0.0001461310919903067,0.6017709119515934,0.33652252176571523,0.9904192341729426,0.3411498694067151,0.7517827061859086,0.29922273733697785
2022-05-23,30293.93,30670.51,28866.35,29109.15,63901.49932,82.49,83.59,80.03,82.54,3919.419921875,3981.8798828125,3909.0400390625,3973.75,4420030000,28.979999542236328,30.38999938964844,28.290000915527344,28.479999542236328,-0.0031507399736996552,0.018384995412060758,0.6019080603986255,0.3564932614421341,0.9928952344648616,0.3529844309106136,0.751024604409299,0.3066308210992726
2022-05-24,29109.14,29845.86,28669.0,29654.58,59442.96036,82.54,84.5,80.65,82.27,3942.93994140625,3955.679931640625,3875.1298828125,3941.47998046875,4923190000,29.43000030517578,31.06999969482422,29.040000915527344,29.450000762939453,0.018564024573910418,-0.008153950903558081,0.6104167584222203,0.32353109552487674,0.958258832902351,0.3193653334731205,0.7380990103564712,0.30444258720408357
2022-05-25,29654.58,30223.74,29294.21,29542.15,59537.38659,82.27,83.16,80.45,82.57,3929.590087890625,3999.330078125,3925.030029296875,3978.72998046875,4802560000,29.329999923706055,30.229999542236328,28.15999984741211,28.3700008392334,-0.003798525195082192,0.009406385648931585,0.5973785111057482,0.33162993504777405,0.9175939369513786,0.2937638081185347,0.7350443818032533,0.3068284426736714
2022-05-26,29542.14,29886.64,28019.56,29201.35,94581.65463,82.57,90.14,80.25,81.63,3984.60009765625,4075.139892578125,3984.60009765625,4057.840087890625,4709970000,28.420000076293945,28.459999084472656,27.11000061035156,27.5,-0.011603116040031471,0.019688166007720866,0.5811861188348026,0.33088610719366424,0.9177220724404094,0.3085459052373807,0.72681475334239,0.3113112990587149
2022-05-27,29201.35,29397.66,28282.9,28629.8,90998.5201,81.64,84.76,79.62,84.72,4077.429931640625,4158.490234375,4077.429931640625,4158.240234375,4375620000,27.5,27.540000915527344,25.56999969482422,25.719999313354492,-0.0197668076759755,0.024441130195822013,0.46999051452630497,0.2080532240181931,0.5273518373408181,0.29026947974428785,0.7252064388244022,0.3199406470926671
2022-05-31,31734.23,32399.0,31200.01,31801.04,62433.11632,75.39,75.52,72.26,73.06,4151.08984375,4168.33984375,4104.8798828125,4132.14990234375,6822640000,27.469999313354492,28.350000381469727,25.940000534057617,26.190000534057617,0.10505086024760327,-0.006294135193666945,0.7393988825757718,0.20933207795868466,0.6900243824969483,0.29290718013934747,0.7949949267513482,0.3201589566731844
2022-06-01,31801.05,31982.97,29301.0,29805.83,103395.63382,73.06,76.81,71.89,74.75,4149.77978515625,4166.5400390625,4073.85009765625,4101.22998046875,4531800000,26.049999237060547,27.729999542236328,25.3799991607666,25.690000534057617,-0.06479498169315473,-0.007510905041155451,0.8215056784424012,0.22612138244311972,0.6921152652477831,0.28393747326023994,0.807669015689784,0.3159120990202887
2022-06-02,29805.84,30689.0,29594.55,30452.62,56961.42928,71.74,74.12,71.74,73.43,4095.409912109375,4177.509765625,4074.3701171875,4176.81982421875,4405790000,25.729999542236328,26.5,24.329999923706055,24.719999313354492,0.021468021186670065,0.018263225415545106,0.8271145636789895,0.22586802603776618,0.6967403435076567,0.29031893576407763,0.8128982664709348,0.3217374593835982
2022-06-03,30452.63,30699.0,29282.36,29700.21,54067.44727,73.43,74.3,70.84,71.33,4137.56982421875,4142.669921875,4098.669921875,4108.5400390625,3711110000,24.90999984741211,25.959999084472656,24.760000228881836,24.790000915527344,-0.025017916656657774,-0.016482405609817057,0.8415060260363595,0.2533750910817372,0.7063774243685829,0.2886142586185636,0.8133913878630569,0.32232582097686724
2022-06-06,29919.2,31765.64,29890.23,31373.1,68836.92456,72.04,72.04,67.6,68.51,4134.72021484375,4168.77978515625,4109.18017578125,4121.43017578125,4332700000,25.3700008392334,25.809999465942383,24.81999969482422,25.06999969482422,0.05479672135860066,0.003132489407036025,0.9010868142923137,0.25255492494180204,0.7392525769580576,0.28758861397790636,0.834372399477917,0.3131040952765481
2022-06-07,31373.1,31589.6,29218.96,31125.33,110674.51658,68.51,73.49,68.51,71.51,4096.47021484375,4164.85986328125,4080.18994140625,4160.68017578125,4248210000,25.540000915527344,26.239999771118164,23.8799991607666,24.020000457763672,-0.007928880711022794,0.00947833153171984,0.8978925362235932,0.2344542760905381,0.7371628693821423,0.27816762931497196,0.8307970439831386,0.31402061840250733
2022-06-08,31125.32,31327.22,29843.88,30204.77,68542.61276,71.51,72.79,69.11,71.7,4147.1201171875,4160.14013671875,4107.2001953125,4115.77001953125,4159470000,24.3700008392334,24.780000686645508,23.739999771118164,23.959999084472656,-0.030022098209930834,-0.010852623040155319,0.9137163026646195,0.19481280378472174,0.7012155283504854,0.20966382490752541,0.819766063444472,0.3046098274736385
2022-06-09,30204.77,30700.0,29944.1,30109.93,46291.1865,71.7,72.62,70.51,72.57,4101.64990234375,4119.10009765625,4017.169921875,4017.820068359375,4134170000,24.290000915527344,26.239999771118164,23.81999969482422,26.09000015258789,-0.00314484124646771,-0.02408645766515553,0.609167551677611,0.23783079341277016,0.6618955355908698,0.2376860418425288,0.8124884192072177,0.31204860712807103
2022-06-10,30109.93,30382.8,28850.0,29091.88,76204.2498,72.57,74.77,71.68,72.55,3974.389892578125,3974.389892578125,3900.159912109375,3900.860107421875,4889640000,26.260000228881836,29.6299991607666,26.049999237060547,27.75,-0.0343959202434377,-0.029542414811409477,0.5087543236381543,0.2837594996207466,0.6585680463929312,0.2731705010525037,0.8130816793364981,0.31249623697435686
2022-06-13,26574.53,26895.84,21925.77,22487.41,254611.034966,93.99,107.5,92.78,106.0,3838.14990234375,3838.14990234375,3734.300048828125,3749.6298828125,5636890000,31.3700008392334,35.04999923706055,31.290000915527344,34.02000045776367,-0.2575035003932837,-0.03953993199003993,1.573625762109178,0.27817648512613796,1.2754058652398912,0.3061203022046187,1.0832910665468396,0.3150019763440448
2022-06-14,22485.27,23362.88,20846.0,22136.41,187201.64671,106.0,113.43,97.87,103.09,3763.52001953125,3778.179931640625,3705.679931640625,3735.47998046875,5153890000,33.0099983215332,34.0,32.060001373291016,32.689998626708984,-0.01573183286725236,-0.003780818039489633,1.5791377188606641,0.2864426134853171,1.2643719285116244,0.30557235936353,1.0822372603260522,0.3138716390168703
2022-06-15,22136.42,22800.0,20111.62,22583.72,200774.493467,103.09,142.02,89.15,89.15,3764.050048828125,3837.56005859375,3722.300048828125,3789.989990234375,5530480000,32.38999938964844,32.77000045776367,27.760000228881836,29.6200008392334,0.020005528538409763,0.014487058836534478,1.5014645592900142,0.3203883973210073,1.2745997253887429,0.3105594465591618,1.0879182660873183,0.31734210138796276
2022-06-16,22583.72,22995.73,20232.0,20401.31,99673.59429,89.15,119.65,88.53,119.65,3728.179931640625,3728.179931640625,3639.77001953125,3666.77001953125,5644930000,30.350000381469727,34.81999969482422,30.350000381469727,32.95000076293945,-0.10163017824163617,-0.033052207113840666,1.5044139361730753,0.3018571348104556,1.32061711527186,0.314897777264505,1.094992713199595,0.3131110496721711
2022-06-17,20400.6,21365.43,20246.66,20468.81,86694.33663,119.65,121.89,105.53,108.67,3665.89990234375,3707.7099609375,3636.8701171875,3674.840087890625,8520740000,32.84000015258789,33.310001373291016,30.469999313354492,31.1299991607666,0.0033031496542327322,0.0021984473410133873,1.5453570963390277,0.3242572458058946,1.3262128787184613,0.28416101897733764,1.082167316100489,0.2995902747937169
2022-06-21,20573.9,21723.0,20348.4,20723.52,104371.0749,99.27,99.52,93.8,97.96,3715.31005859375,3779.64990234375,3715.31005859375,3764.7900390625,5292260000,30.6299991607666,30.649999618530273,29.329999923706055,30.190000534057617,0.012367023003545896,0.024182474960671992,1.5700702634531847,0.3962246502879819,1.2041039949916847,0.3169533052155741,1.0860145921847193,0.31046320792885496
2022-06-22,20723.51,20900.0,19770.51,19987.99,92133.97938,97.96,100.67,96.79,99.76,3733.889892578125,3801.7900390625,3717.68994140625,3759.889892578125,5058990000,31.450000762939453,31.56999969482422,28.780000686645508,28.950000762939453,-0.03613769395083157,-0.0013024200953574458,1.56922078079152,0.3710361308834171,1.1944219925198443,0.31772014911848084,0.9740738685681806,0.29757899585538883
2022-06-23,19988.0,21233.0,19890.07,21110.13,83127.08716,99.76,99.84,91.29,91.46,3774.7099609375,3802.580078125,3743.52001953125,3795.72998046875,5098640000,29.290000915527344,29.770000457763672,28.739999771118164,29.049999237060547,0.05462142687846785,0.00948707248555652,0.7899871357492222,0.2881279810119079,1.2291080577509208,0.3066049940639429,0.9858883766955525,0.29918544869119906
2022-06-24,21110.12,21558.41,20736.72,21237.69,77430.36622,91.46,93.09,88.23,90.66,3821.75,3913.64990234375,3821.75,3911.739990234375,8120260000,29.06999969482422,29.719999313354492,26.829999923706055,27.229999542236328,0.0060244133369918825,0.030105539729901033,0.793013243692987,0.32958328401231907,1.2367060125475653,0.3400697008785955,0.9752936620437826,0.3094942120775599
2022-06-27,21038.08,21539.85,20510.0,20742.56,64475.0013,90.26,91.0,87.5,89.09,3920.760009765625,3927.719970703125,3889.659912109375,3900.110107421875,4325310000,28.299999237060547,28.65999984741211,26.93000030517578,26.950000762939453,-0.023589805233205877,-0.0029774998903406716,0.7761102443955982,0.3286568529791388,1.1835180776349692,0.3387430141097313,0.9757091762527446,0.309584329406583
2022-06-28,20742.57,21212.1,20202.01,20281.29,63801.0832,89.09,90.02,85.93,87.5,3913.0,3945.860107421875,3820.139892578125,3821.550048828125,4270120000,26.899999618530273,28.68000030517578,26.469999313354492,28.36000061035156,-0.022488841996465433,-0.0203486731494949,0.4826665946971349,0.2723764446821804,1.1799676686350609,0.3394717205355319,0.9743433953116712,0.30635133379655966
2022-06-29,20281.28,20432.31,19854.92,20123.01,77309.04379,87.5,91.54,86.17,91.37,3825.090087890625,3836.5,3799.02001953125,3818.830078125,4211240000,28.799999237060547,29.36000061035156,27.850000381469727,28.15999984741211,-0.007834849739538354,-0.0007119988201726959,0.48327425782257766,0.274591311871448,1.1839244112138405,0.3394303482925814,0.9697129235854434,0.30628995229992806
2022-06-30,20123.0,20179.08,18626.0,19942.21,93846.64806,91.37,99.17,90.93,94.14,3785.989990234375,3818.989990234375,3738.669921875,3785.3798828125,4840070000,29.420000076293945,30.219999313354492,28.280000686645508,28.709999084472656,-0.009025345538186133,-0.008797866246367652,0.4726858331170831,0.2505489956827776,1.1816948493400024,0.32911081337248804,0.9650447663874415,0.2999593475400729
2022-07-01,19942.21,20918.35,18975.0,19279.8,111844.59494,94.14,95.49,90.28,92.97,3781.0,3829.820068359375,3752.10009765625,3825.330078125,4046950000,29.530000686645508,29.59000015258789,26.690000534057617,26.700000762939453,-0.03378067520510561,0.010498511296639174,0.46643755421113253,0.25636848619876285,1.181647610055852,0.3129223547266454,0.9577994381618363,0.27873812501827216
2022-07-05,20236.71,20750.0,19304.4,20175.83,96041.13756,86.99,87.51,84.43,86.08,3792.610107421875,3832.18994140625,3742.06005859375,3831.389892578125,5076590000,27.3700008392334,29.81999969482422,27.299999237060547,27.540000915527344,0.045427437649956465,0.0015828751061934918,0.41766405117655114,0.2516180315029987,0.6074491117575274,0.2599000303863241,0.9526593103570983,0.2784107721231554
2022-07-06,20175.84,20675.22,19761.25,20564.51,82439.5808,81.78,84.1,81.62,82.25,3831.97998046875,3870.909912109375,3809.3701171875,3845.080078125,4417720000,27.84000015258789,28.06999969482422,26.43000030517578,26.729999542236328,0.019081421173606727,0.003566795705066178,0.44077314748903546,0.15662576876444634,0.6164689268327684,0.2588510973565165,0.9544063862069653,0.2786666582385565
2022-07-07,20564.51,21838.1,20251.68,21624.98,85014.58261,82.25,82.97,80.73,81.35,3858.85009765625,3910.6298828125,3858.85009765625,3902.6201171875,4057770000,26.729999542236328,26.790000915527344,25.65999984741211,26.079999923706055,0.05028235345384914,0.014853723180930391,0.5224070846224246,0.18760575929295098,0.6528342995403817,0.259196615646962,0.9709800218539609,0.2767703394025508
2022-07-08,21624.99,22527.37,21189.26,21594.75,403081.57349,81.35,82.71,77.8,78.39,3888.260009765625,3918.5,3869.340087890625,3899.3798828125,3521620000,26.40999984741211,26.61000061035156,24.43000030517578,24.63999938964844,-0.0013988983702488548,-0.00083061639612735,0.48840306862487737,0.12408709126353491,0.4734377368036024,0.20486328433754417,0.9676115145135994,0.2758462635585528
2022-07-11,20861.11,20868.48,19875.23,19963.61,137535.40724,75.86,80.67,75.5,80.52,3880.93994140625,3880.93994140625,3847.219970703125,3854.429931640625,3423480000,26.420000076293945,26.739999771118164,25.790000915527344,26.170000076293945,-0.07853911333852,-0.011594417660525545,0.7199158619660689,0.1514750638919762,0.5891638779172295,0.21579393094290641,0.9871155645443512,0.27610153821760114
2022-07-12,19963.61,20059.42,19240.0,19328.75,139506.45862,80.52,86.07,80.4,85.86,3851.949951171875,3873.409912109375,3802.360107421875,3818.800048828125,3817210000,27.13999938964844,27.75,25.81999969482422,27.290000915527344,-0.032317491445751946,-0.00928686849749371,0.743804616416762,0.1528696689530531,0.5987803405075117,0.1994345683139035,0.9886737029476196,0.2698837578587607
2022-07-13,19331.28,20366.61,18910.94,20234.87,209250.24888,85.86,86.43,80.89,80.89,3779.669921875,3829.43994140625,3759.070068359375,3801.780029296875,4109390000,27.350000381469727,29.059999465942383,26.229999542236328,26.81999969482422,0.045813728987704215,-0.00446686411181668,0.7650508892830775,0.14075774543987649,0.6167839576325892,0.20059661326377232,1.0033690514770743,0.2579939367367566
2022-07-14,20234.87,20900.0,19616.07,20588.84,174809.21696,80.89,84.68,79.51,81.35,3763.989990234375,3796.409912109375,3721.56005859375,3790.3798828125,4199690000,27.469999313354492,28.450000762939453,26.200000762939453,26.399999618530273,0.017341827629275455,-0.003003138812764307,0.7230648555730131,0.14007237515733975,0.5725042863588065,0.19706939210970234,0.9453067261350804,0.2578036471391884
2022-07-15,20588.84,21200.0,20382.29,20830.04,143343.3049,81.35,81.45,77.99,78.7,3818.0,3863.6201171875,3817.179931640625,3863.159912109375,4143800000,26.719999313354492,26.719999313354492,24.1299991607666,24.229999542236328,0.011646994153803221,0.01901923165863364,0.717428838127696,0.186658681019295,0.5744847563062955,0.16752839594907046,0.9358743270501051,0.26502603018625254
2022-07-18,20799.58,22777.63,20762.45,22432.58,239942.73132,81.29,83.39,79.8,83.39,3883.7900390625,3902.43994140625,3818.6298828125,3830.85009765625,4046870000,24.829999923706055,25.90999984741211,24.3799991607666,25.299999237060547,0.0741181908597491,-0.008398742485835936,0.7950872209302888,0.1631023749033959,0.6463439446962539,0.17039065079022206,0.9642190172909085,0.25850297827047375
2022-07-19,22432.58,23800.0,21579.54,23396.62,263770.76574,83.38,84.5,81.15,82.9,3860.72998046875,3939.81005859375,3860.72998046875,3936.68994140625,4041070000,25.1200008392334,25.40999984741211,24.229999542236328,24.5,0.04207720104807247,0.02725351764373082,0.8221753754784132,0.24349979352698486,0.6500001647719196,0.18608844282868808,0.9748030908504063,0.2693584706496297
2022-07-20,23398.48,24276.74,22906.19,23223.3,238762.17094,82.9,87.1,79.76,83.99,3935.320068359375,3974.1298828125,3922.030029296875,3959.89990234375,4185300000,24.229999542236328,24.729999542236328,23.399999618530273,23.8799991607666,-0.007435482451242203,0.0058784939410571665,0.5661337827328157,0.22642649467761747,0.6497874621588194,0.18624461434623235,0.9565076247456117,0.26987921472994636
2022-07-21,23223.3,23442.77,22341.46,23152.19,184817.68191,83.99,85.37,82.37,82.38,3955.469970703125,3999.2900390625,3927.639892578125,3998.949951171875,4132790000,24.06999969482422,24.670000076293945,22.920000076293945,23.11000061035156,-0.003066708544995841,0.00981306668950467,0.4677763910284798,0.20812219933650725,0.6468488543291038,0.1808430263176369,0.9567040654653355,0.2699974530395756
2022-07-22,23152.19,23756.49,22500.0,22684.83,171598.43966,82.38,84.89,80.01,84.28,3998.429931640625,4012.43994140625,3938.860107421875,3961.6298828125,3979240000,23.299999237060547,23.809999465942383,22.40999984741211,23.030000686645508,-0.02039295734074819,-0.009376287293813849,0.5150029662084411,0.22077197773084176,0.6313264503783771,0.18640198259305496,0.9553471495149092,0.2695781664777063
2022-07-25,22577.13,22666.0,21250.0,21310.9,180344.76643,83.17,83.98,79.81,81.35,3965.719970703125,3975.300048828125,3943.4599609375,3966.840087890625,3568340000,24.329999923706055,24.56999969482422,23.190000534057617,23.36000061035156,-0.062477740237311154,0.001314302973305868,0.69841659493666,0.21491476961901573,0.6831647831099112,0.1864310995868181,0.9672959516123133,0.2608080132261801
2022-07-26,21310.9,21347.82,20706.5,21254.67,177817.24326,81.35,82.87,80.08,81.39,3953.219970703125,3953.219970703125,3910.739990234375,3921.050048828125,3778950000,23.950000762939453,25.309999465942383,23.81999969482422,24.690000534057617,-0.002642042980227913,-0.011610342599263359,0.6979017726821397,0.21852526372449899,0.6800225571964111,0.19561244896526306,0.9651464154356993,0.2482896795152131
2022-07-27,21254.67,23112.63,21042.53,22952.45,210971.19796,81.39,81.95,74.84,76.49,3951.429931640625,4039.56005859375,3951.429931640625,4023.610107421875,4112180000,24.270000457763672,24.40999984741211,23.020000457763672,23.239999771118164,0.07684804868982513,0.025820048778629066,0.7096971056052035,0.24424946961253835,0.7242188143906904,0.21482529622329605,0.6595812442893355,0.22895987649901292
2022-07-28,22954.31,24199.72,22582.13,23842.93,236029.0741,76.49,77.75,74.09,76.89,4026.1298828125,4078.949951171875,3992.969970703125,4072.429931640625,4413000000,23.329999923706055,23.540000915527344,22.219999313354492,22.329999923706055,0.03806305270838894,0.012060319791912806,0.7008321496449523,0.20527201734914158,0.7374772888855698,0.21825685086258687,0.6663409189211035,0.2298748915600233
2022-07-29,23845.25,24442.66,23414.03,23773.75,198298.50623,76.89,77.69,73.34,75.03,4087.330078125,4140.14990234375,4079.219970703125,4130.2900390625,4616360000,22.1299991607666,22.15999984741211,21.209999084472656,21.329999923706055,-0.0029057065160629104,0.014107775781753557,0.6986043418673171,0.21281563195426045,0.6291270854927704,0.2118560798467295,0.6644090920326925,0.22971102749300962
2022-08-01,23296.36,23509.68,22850.0,23268.01,144210.16219,78.66,78.66,77.02,77.69,4112.3798828125,4144.9501953125,4096.02001953125,4118.6298828125,4202810000,22.40999984741211,23.270000457763672,22.260000228881836,22.84000015258789,-0.021502574990513112,-0.002827076544916728,0.7142936538958666,0.21682543891084113,0.6157310473348833,0.20511401773640123,0.5928414406602491,0.20389563282001713
2022-08-02,23266.9,23459.89,22654.37,22987.79,158073.28225,77.69,78.66,76.59,77.79,4104.2099609375,4140.47021484375,4079.81005859375,4091.18994140625,4727710000,24.079999923706055,24.68000030517578,22.670000076293945,23.93000030517578,-0.012116250420426194,-0.00668468837887098,0.7056967322282831,0.21024198623900997,0.6053044125593681,0.20738511812893987,0.5947667026272438,0.20614290131202517
2022-08-03,22985.93,23647.68,22681.22,22818.37,145948.80995,77.79,78.23,75.05,75.87,4107.9599609375,4167.66015625,4107.9599609375,4155.169921875,4351760000,23.86000061035156,23.920000076293945,21.68000030517578,21.950000762939453,-0.007397292091435454,0.015517456270090707,0.5562269652736495,0.21805333794535645,0.6078780040139632,0.20799919280263465,0.5950711016123491,0.20005661709192385
2022-08-04,22816.91,23223.32,22400.0,22622.98,154854.67016,75.87,75.87,72.98,73.67,4154.85009765625,4161.2900390625,4135.419921875,4151.93994140625,4283320000,22.059999465942383,22.65999984741211,21.440000534057617,21.440000534057617,-0.008599709479179367,-0.0007776424495837734,0.5629162355144022,0.18755657388515054,0.6111602076750533,0.20188649632255182,0.5845068618305724,0.1999577230074537
2022-08-05,22622.41,23472.86,22586.95,23312.42,175251.69749,73.67,74.23,70.63,71.85,4115.8701171875,4151.580078125,4107.31005859375,4145.18994140625,4085940000,21.5,22.579999923706055,20.760000228881836,21.149999618530273,0.030020061930577643,-0.0016270690189191196,0.35859571212435787,0.14701455765794622,0.5402661217186825,0.19500450003812106,0.5702134670583386,0.19956658165741678
2022-08-08,23174.39,24245.0,23154.25,23810.0,170958.44152,73.6,76.12,72.82,75.17,4155.93017578125,4186.6201171875,4128.97021484375,4140.06005859375,4221090000,21.739999771118164,22.010000228881836,20.829999923706055,21.290000915527344,0.02111939473601405,-0.0012383171221209141,0.29650662823605534,0.13877414771193133,0.5175306030766078,0.16957801802328284,0.57251208986518,0.18242521175609536
2022-08-09,23810.98,23933.25,22865.0,23149.95,143182.50858,75.17,75.35,73.68,74.67,4133.10986328125,4137.2998046875,4112.08984375,4122.47021484375,3913090000,21.40999984741211,22.229999542236328,21.40999984741211,21.770000457763672,-0.028113039796074532,-0.004257744235926498,0.34135825144115295,0.11518041578201717,0.5315050139906247,0.17236546596719832,0.5745397687435405,0.18275953380163307
2022-08-10,23151.32,24226.0,22664.69,23954.05,208916.54953,74.67,75.85,70.87,70.87,4181.02001953125,4211.02978515625,4177.259765625,4210.240234375,4546010000,22.280000686645508,22.34000015258789,19.540000915527344,19.739999771118164,0.03414479115449657,0.021067158460407496,0.3811148130000071,0.16937909377344607,0.5507484611175404,0.18712911641592278,0.5755871678211846,0.17841650170582107
2022-08-11,23954.05,24918.54,23852.13,23934.39,249759.79557,70.87,72.97,70.1,71.48,4227.39990234375,4257.91015625,4201.41015625,4207.27001953125,4630200000,19.84000015258789,20.850000381469727,19.709999084472656,20.200000762939453,-0.0008210750278983731,-0.0007057229222018175,0.3666156094926373,0.15824205670094715,0.5412020353389152,0.1788362602186487,0.5745280830079247,0.1784152980752056
2022-08-12,23933.09,24456.5,23583.0,24403.68,174207.5704,71.48,71.62,69.71,70.27,4225.02001953125,4280.47021484375,4219.77978515625,4280.14990234375,3788010000,20.34000015258789,20.350000381469727,19.1200008392334,19.530000686645508,0.01941760376984897,0.017174046951492668,0.36144927185932485,0.16353126221516004,0.4506601233131784,0.18621488474411454,0.5740720381083992,0.17907971637475217
2022-08-15,24305.25,25211.32,23773.22,24094.82,242539.54758,70.89,71.1,68.94,70.2,4269.3701171875,4301.7900390625,4256.89990234375,4297.14013671875,3696830000,20.739999771118164,21.15999984741211,19.809999465942383,19.950000762939453,-0.012737060964301482,0.003961684056233163,0.3709249345976021,0.1598627929950267,0.4579861746502332,0.1695680576939971,0.5643251356087389,0.17804766839094954
2022-08-16,24093.04,24247.49,23671.22,23854.74,179324.94821,70.2,71.61,69.76,71.55,4290.4599609375,4325.27978515625,4277.77001953125,4305.2001953125,4329820000,20.229999542236328,20.38999938964844,19.5,19.690000534057617,-0.01001393990872997,0.0018739228259478625,0.3530022185403001,0.15516040110186988,0.34196308361092337,0.14552580997771383,0.5546817086203719,0.17801707912677733
2022-08-17,23856.15,24446.71,23180.4,23342.66,210668.68766,71.55,75.42,70.68,75.32,4280.39990234375,4302.18017578125,4253.080078125,4274.0400390625,3885030000,19.739999771118164,20.6299991607666,19.40999984741211,19.899999618530273,-0.021700351923622782,-0.007264114867648021,0.3556272396355901,0.16955070342505874,0.31530726782537155,0.1499464932420014,0.5586370321857957,0.18092998191167034
2022-08-18,23342.66,23600.0,23111.04,23191.2,144185.97011,74.09,75.05,73.44,74.82,4273.1298828125,4292.52978515625,4261.97998046875,4283.740234375,3340330000,20.510000228881836,20.61000061035156,19.43000030517578,19.559999465942383,-0.0065096914314182845,0.0022669896063847975,0.3120814504885016,0.1595392461506747,0.3159854948810417,0.1418299426026286,0.5419484512571251,0.1777312624263892
2022-08-19,23191.45,23208.67,20783.57,20834.39,283995.87747,74.82,82.7,74.76,81.24,4266.31005859375,4266.31005859375,4218.7001953125,4228.47998046875,3761340000,20.15999984741211,21.270000457763672,20.079999923706055,20.600000381469727,-0.10716790958304105,-0.012983928713038868,0.643428328233274,0.1503855652955168,0.5454073977930197,0.155280066458793,0.6281206225309173,0.1834681782124093
2022-08-22,21516.7,21548.71,20890.18,21399.83,222222.04526,79.02,80.97,78.42,80.35,4195.080078125,4195.080078125,4129.85986328125,4137.990234375,3907430000,22.40999984741211,24.6200008392334,22.38999938964844,23.799999237060547,0.02677799128298866,-0.021632366466494565,0.6969430235346487,0.2017602618906415,0.5642054079536597,0.18192608645580305,0.5883362335873575,0.19235593128109163
2022-08-23,21400.75,21684.87,20890.14,21529.12,200967.77164,80.35,80.47,77.73,77.78,4133.08984375,4159.77001953125,4124.02978515625,4128.72998046875,3823520000,24.1299991607666,24.209999084472656,23.06999969482422,24.11000061035156,0.00602345926973469,-0.002240370434437464,0.6725698230670589,0.14966781144968502,0.5660222872217824,0.16926152024256466,0.579146171638858,0.1897124486874446
2022-08-24,21529.11,21900.0,21145.0,21368.08,174383.22046,77.78,78.37,73.91,75.59,4126.5498046875,4156.56005859375,4119.97021484375,4140.77001953125,3583630000,24.3700008392334,24.86000061035156,22.729999542236328,22.81999969482422,-0.007508217623966096,0.002911916698724165,0.6749843274244606,0.14709539257798274,0.5658750379229927,0.16984840278327215,0.5658341027317695,0.18852527150854384
2022-08-25,21368.05,21819.88,21310.15,21559.04,169915.78301,75.59,75.59,72.66,73.83,4153.259765625,4200.5400390625,4147.58984375,4199.1201171875,3566870000,22.40999984741211,23.1299991607666,21.770000457763672,21.780000686645508,0.008896998430986994,0.013993241836107048,0.6926940880970616,0.184995174967879,0.5480178091998729,0.17992101053056386,0.5643480125636068,0.1903687882705498
2022-08-26,21559.04,21886.77,20107.9,20241.05,273811.61955,73.83,75.64,70.61,72.6,4198.740234375,4203.0400390625,4057.659912109375,4057.659912109375,3832750000,22.06999969482422,25.899999618530273,21.670000076293945,25.559999465942383,-0.06308249760374372,-0.03426857631703952,0.752767340581848,0.2624289061913274,0.5837530020387443,0.23404620883918612,0.5935194686140511,0.21363613935351244
2022-08-29,19555.61,20433.62,19550.79,20285.73,210509.49545,76.16,76.92,72.75,73.2,4034.580078125,4062.989990234375,4017.419921875,4030.610107421875,3396510000,26.86000061035156,27.670000076293945,25.469999313354492,26.209999084472656,0.002204962649503583,-0.0066886751973248065,0.7612731214512017,0.2539046610820424,0.5812940026764448,0.23484023216857133,0.5494342750013179,0.21299458537828395
2022-08-30,20287.2,20576.25,19540.0,19811.66,256634.35529,73.2,77.69,71.62,75.78,4041.25,4044.97998046875,3965.2099609375,3986.159912109375,3835860000,25.75,27.690000534057617,25.1299991607666,26.209999084472656,-0.023647029931174457,-0.011089416492117008,0.4614716597918587,0.2528146478135504,0.5480700425349038,0.21328836164917012,0.5350427639423893,0.20170340485981325
2022-08-31,19813.03,20490.0,19797.94,20050.02,276946.60765,75.78,76.01,71.17,75.04,4000.669921875,4015.3701171875,3954.530029296875,3955.0,4542490000,25.86000061035156,26.6200008392334,25.309999465942383,25.8700008392334,0.011959497995954903,-0.007847738208153028,0.42258573933184307,0.2355193999310411,0.5564476088328636,0.2133630807357193,0.5373946344631649,0.20239534553576877
2022-09-01,20048.44,20208.37,19565.66,20131.46,245289.97263,75.04,79.91,74.45,77.83,3936.72998046875,3970.22998046875,3903.64990234375,3966.85009765625,4152250000,26.8799991607666,27.450000762939453,25.25,25.559999465942383,0.004053614327647557,0.0029917522671948716,0.41973994605298354,0.24147466856469296,0.542938669058318,0.19306193597753657,0.5380013217953147,0.20046571135975452
2022-09-02,20132.64,20441.26,19755.29,19951.86,245986.6033,77.83,77.83,72.23,74.66,3994.659912109375,4018.429931640625,3906.2099609375,3924.260009765625,3665850000,25.510000228881836,26.280000686645508,23.190000534057617,25.469999313354492,-0.008961393513317224,-0.010794552570724387,0.4195278960557754,0.23482318651497125,0.5433109175267496,0.18926081425630523,0.5361132975793567,0.20106687248580554
2022-09-06,19795.34,20180.0,18649.51,18790.61,356315.05718,76.88,81.46,74.97,81.46,3930.889892578125,3942.550048828125,3886.75,3908.18994140625,4127340000,25.459999084472656,27.799999237060547,25.329999923706055,26.90999984741211,-0.0599650950975818,-0.004103464690895143,0.48845057566155364,0.18438482847090046,0.5774018597172278,0.1858117165761201,0.5337874869964193,0.20129815781034735
2022-09-07,18790.61,19464.06,18510.77,19292.84,287394.7788,81.46,84.32,75.62,76.12,3909.429931640625,3987.889892578125,3906.030029296875,3979.8701171875,3890320000,26.93000030517578,27.149999618530273,24.540000915527344,24.63999938964844,0.02637676564806005,0.018174848666169877,0.4474296868849259,0.16502465588548343,0.6052441871052441,0.21406994078873554,0.5410970684231619,0.20547516582858394
2022-09-08,19292.85,19458.25,19012.0,19319.77,262813.28273,76.12,76.14,74.09,75.72,3959.93994140625,4010.5,3944.81005859375,4006.179931640625,3966850000,24.700000762939453,25.899999618530273,23.559999465942383,23.61000061035156,0.0013948813284810479,0.006588966880442448,0.4467667274525186,0.17089172590500062,0.6079648948461872,0.2177050942129419,0.4853895286947087,0.19199709281761837
2022-09-09,19320.54,21597.22,19291.75,21360.11,428919.74652,75.72,77.73,72.02,75.12,4022.93994140625,4076.81005859375,4022.93994140625,4067.360107421875,3901940000,23.489999771118164,23.56999969482422,22.63999938964844,22.790000915527344,0.10039623993986292,0.01515601498121106,0.7614147906545662,0.17739343983094982,0.622659154648706,0.22957364917455117,0.5618685093118704,0.19390726430394237
2022-09-12,21826.87,22488.0,21538.51,22395.74,395395.61828,78.91,79.35,76.34,79.15,4083.669921875,4119.27978515625,4083.669921875,4110.41015625,3814200000,23.579999923706055,24.229999542236328,23.15999984741211,23.8700008392334,0.04734559831186007,0.010528651483995635,0.7927320219141383,0.16451301585988895,0.6444005314174669,0.2186536578685665,0.5810088901263003,0.19190494389987595
2022-09-13,22395.44,22799.0,19860.0,20173.57,431915.03333,79.15,83.44,78.25,81.07,4037.1201171875,4037.1201171875,3921.280029296875,3932.68994140625,4224550000,23.670000076293945,28.149999618530273,23.530000686645508,27.270000457763672,-0.10449743036114226,-0.04419916303197406,1.0769325598343955,0.34234864620346367,0.7894505477030813,0.2869957268728441,0.6508271840844224,0.2304830706174035
2022-09-14,20173.62,20541.48,19617.62,20226.71,340826.40151,81.07,81.25,76.02,78.19,3940.72998046875,3961.93994140625,3912.179931640625,3946.010009765625,4293240000,26.729999542236328,27.559999465942383,26.15999984741211,26.15999984741211,0.002630676354029713,0.003381289078844715,1.0749905098632806,0.33623555893581347,0.7899095759659372,0.2872050346411854,0.6507815618513221,0.2303769477706501
2022-09-15,20227.17,20330.24,19497.0,19701.88,333069.76076,78.19,79.61,75.28,76.05,3932.409912109375,3959.139892578125,3888.280029296875,3901.35009765625,4441830000,26.100000381469727,26.93000030517578,25.420000076293945,26.270000457763672,-0.026289945533484776,-0.011382272168149512,1.0105821935152344,0.34344341644135606,0.7929422157452212,0.2773543155666021,0.6538679019320418,0.22657076064821624
2022-09-16,19701.88,19890.0,19320.01,19803.3,283791.07064,76.05,76.54,70.57,70.57,3880.949951171875,3880.949951171875,3837.080078125,3873.330078125,7954650000,27.469999313354492,28.450000762939453,26.13999938964844,26.299999237060547,0.00513452781707948,-0.007208049775663175,1.0012626961538535,0.3191591755958079,0.7501352892543754,0.2442670446283006,0.6544031256598869,0.2270104735737763
2022-09-19,19417.45,19686.2,18232.56,19537.02,380512.40306,74.86,74.86,70.23,70.23,3849.909912109375,3900.449951171875,3838.5,3899.889892578125,3766850000,27.690000534057617,27.950000762939453,25.559999465942383,25.760000228881836,-0.013537463172212771,0.006833697724705768,1.0067193637631324,0.3194994138686753,0.7515749418180395,0.24737052945395543,0.6466036179566266,0.22855256437483445
2022-09-20,19537.02,19634.62,18711.87,18875.0,324098.3286,70.23,75.86,70.23,75.86,3875.22998046875,3876.010009765625,3827.5400390625,3855.929931640625,4058050000,25.649999618530273,27.809999465942383,25.61000061035156,27.15999984741211,-0.03447283217250921,-0.011336114736600402,0.7409590186208601,0.29166790126321807,0.7587963448267241,0.2475415385304943,0.6464997704888331,0.2301157615808612
2022-09-21,18874.31,19956.0,18125.98,18461.36,385034.10021,75.86,78.59,72.77,76.7,3871.39990234375,3907.070068359375,3789.489990234375,3789.929931640625,4078330000,28.030000686645508,30.18000030517578,25.549999237060547,27.989999771118164,-0.022158395968022992,-0.01726467409850635,0.5859598876095545,0.2655079958530112,0.7591636315558721,0.25469970604217657,0.6450981893843901,0.2340963890608407
2022-09-22,18461.36,19550.17,18356.39,19401.63,379321.72111,76.7,77.43,74.55,74.81,3782.360107421875,3790.89990234375,3749.449951171875,3757.989990234375,4284600000,28.15999984741211,28.3799991607666,26.709999084472656,27.350000381469727,0.049677183991239306,-0.008463293830453985,0.45074632209985477,0.13638618292131777,0.7946044151894839,0.2540724829151799,0.6553103993612647,0.22332811294306343
2022-09-23,19401.63,19500.0,18531.42,19289.91,385886.91829,74.81,78.28,73.73,74.23,3727.139892578125,3727.139892578125,3647.469970703125,3693.22998046875,5144270000,27.68000030517578,32.310001373291016,27.579999923706055,29.920000076293945,-0.005774921881411174,-0.017382828767330778,0.4471273784715789,0.1300108852485505,0.7942277514265716,0.25904533518931405,0.6550600354502275,0.2265356269946419
2022-09-26,18809.13,19318.96,18680.72,19227.82,439239.21943,75.88,77.43,74.61,76.71,3682.719970703125,3715.669921875,3644.760009765625,3655.0400390625,4886140000,31.739999771118164,32.880001068115234,29.829999923706055,32.2599983215332,-0.0032239726370311356,-0.010394360890280502,0.42575157831421834,0.12953088854221867,0.7497596208556201,0.26030868138323826,0.6503379332591935,0.21769916797223696
2022-09-27,19226.68,20385.86,18816.32,19079.13,593260.74161,76.71,79.19,71.29,76.88,3686.43994140625,3717.530029296875,3623.2900390625,3647.2900390625,4577740000,31.200000762939453,34.13999938964844,30.299999237060547,32.599998474121094,-0.00776312114359553,-0.0021226109548247284,0.4218063779660582,0.1364183293872971,0.7418772895862017,0.23897731469907016,0.6501792638016295,0.2161677362386914
2022-09-28,19078.1,19790.0,18471.28,19412.82,521385.45547,76.88,84.19,76.1,79.4,3651.93994140625,3736.739990234375,3640.610107421875,3719.0400390625,4684850000,34.5,34.880001068115234,30.030000686645508,30.18000030517578,0.01733860506675769,0.019481144181152356,0.4369586251131408,0.20187715590581973,0.7458629722205334,0.25789663854701944,0.654183244850806,0.22710897405004693
2022-09-29,19412.82,19645.52,18843.01,19591.51,406424.93256,79.4,81.89,77.01,77.52,3687.010009765625,3687.010009765625,3610.39990234375,3640.469970703125,4681810000,31.670000076293945,33.459999084472656,31.15999984741211,31.84000015258789,0.009162636565833372,-0.0213527948230975,0.36940787691892946,0.21953859020052938,0.5935002608990614,0.24805540720049304,0.6542181184028012,0.23201272850961768
2022-09-30,19590.54,20185.0,19155.36,19422.61,444322.9534,77.52,77.78,71.6,74.06,3633.47998046875,3671.43994140625,3584.1298828125,3585.6201171875,5645360000,31.61000061035156,33.25,29.38999938964844,31.6200008392334,-0.008658457767896248,-0.0151813515462093,0.33445454522939094,0.21626284165015566,0.5408292376890804,0.23460741696618,0.6542668851379353,0.23254677445060754
2022-10-03,19057.74,19719.1,18959.68,19629.08,293585.75212,76.42,76.42,70.06,70.07,3609.780029296875,3698.35009765625,3604.929931640625,3678.429931640625,4806680000,33.0,33.060001373291016,29.6299991607666,30.100000381469727,0.010574288788869707,0.02555457753093017,0.16598410731474306,0.2947323477309156,0.3317267511469941,0.2224364571389807,0.5807897951319907,0.24865474489143616
2022-10-04,19629.08,20475.0,19490.6,20337.82,327012.00127,70.07,72.06,69.26,69.87,3726.4599609375,3791.919921875,3726.4599609375,3790.929931640625,5146580000,29.520000457763672,29.6200008392334,28.559999465942383,29.06999969482422,0.0354700667521785,0.030125341416799834,0.25102961054650397,0.3330912352892665,0.36782031837533574,0.2660982502696167,0.5850612302296929,0.26277641535648927
2022-10-05,20337.82,20365.6,19730.0,20158.26,312239.75224,69.87,71.75,69.8,71.16,3753.25,3806.909912109375,3722.659912109375,3783.280029296875,4293180000,29.36000061035156,30.11000061035156,28.5,28.549999237060547,-0.008868076947532767,-0.0020199875589381176,0.26319965718532284,0.32177432591422706,0.35033383349685726,0.26323771378679844,0.584945636859237,0.262782144275372
2022-10-06,20158.26,20456.6,19853.0,19960.67,320122.1702,71.16,72.25,68.67,68.73,3771.969970703125,3797.929931640625,3739.219970703125,3744.52001953125,4252100000,28.600000381469727,30.739999771118164,28.559999465942383,30.520000457763672,-0.009850292500254246,-0.010297922911395202,0.2682825184865437,0.3328445526281731,0.353189707145649,0.26470069466030755,0.5851699072329088,0.26302674802133813
2022-10-07,19960.67,20068.82,19320.0,19530.09,220874.83913,68.73,70.02,65.99,65.99,3706.739990234375,3706.739990234375,3620.72998046875,3639.659912109375,4449660000,30.3700008392334,32.02000045776367,29.8799991607666,31.36000061035156,-0.02180748428132239,-0.028403196531478058,0.30223604087369016,0.3606785628867918,0.36124193120668585,0.2824538023384299,0.5868419486521609,0.26739612120119927
2022-10-10,19439.96,19525.0,19020.25,19131.87,212509.09849,67.51,70.59,66.52,68.98,3647.510009765625,3652.169921875,3588.10009765625,3612.389892578125,3834320000,32.93000030517578,33.9900016784668,32.04999923706055,32.45000076293945,-0.020600822276534543,-0.007520673133652772,0.3201265248482298,0.34021792495193254,0.33975493163365383,0.28123830788951365,0.5616060678895675,0.2525786436852559
2022-10-11,19131.87,19268.09,18860.0,19060.0,243473.84286,68.98,72.46,68.94,70.6,3595.860107421875,3640.659912109375,3568.449951171875,3588.840087890625,4759030000,33.560001373291016,34.43000030517578,32.45000076293945,33.630001068115234,-0.003763632670309744,-0.006540518412323781,0.31808482076136946,0.3289680135376721,0.3240882407862113,0.2755441677177336,0.5614953541606772,0.25256466434180347
2022-10-12,19060.0,19238.31,18965.88,19155.53,213826.26731,70.6,71.35,69.99,70.2,3590.830078125,3608.340087890625,3573.860107421875,3577.030029296875,4006830000,33.540000915527344,34.529998779296875,33.11000061035156,33.56999969482422,0.00499954855969873,-0.0032961996501662937,0.3099746880168006,0.2767043754509527,0.2426197503375416,0.2747541862835327,0.5580607043917548,0.2516370861267745
2022-10-13,19155.1,19513.79,18190.0,19375.13,399756.68337,70.2,75.28,65.99,66.11,3520.3701171875,3685.409912109375,3491.580078125,3669.909912109375,5021680000,33.599998474121094,33.869998931884766,31.6299991607666,31.940000534057617,0.011398838108565434,0.025634259307631132,0.1953705723488089,0.2538112166853298,0.24685079817485434,0.29272382526219526,0.5579488501867266,0.2650886491336579
2022-10-14,19375.58,19951.87,19070.37,19176.93,351634.32601,66.11,66.22,61.84,62.08,3690.409912109375,3712.0,3579.679931640625,3583.070068359375,4243030000,31.88999938964844,32.97999954223633,31.13999938964844,32.02000045776367,-0.010282290815579725,-0.023947120744528417,0.1961433129364973,0.2773311506175188,0.25060020242241826,0.30694821790406523,0.5583358860439065,0.2716609716784988
2022-10-17,19262.98,19676.96,19152.03,19549.86,222813.87634,63.27,63.68,59.46,60.01,3638.64990234375,3689.72998046875,3638.64990234375,3677.949951171875,4352780000,32.27000045776367,32.59000015258789,30.700000762939453,31.3700008392334,0.019260131201673598,0.026135524557561848,0.24965173377092573,0.3419856763604687,0.2607876559806229,0.3283617178083958,0.5610953974364495,0.28373331878467895
2022-10-18,19548.48,19706.66,19091.0,19327.44,260313.07848,60.01,62.96,59.21,62.26,3746.260009765625,3762.7900390625,3686.530029296875,3719.97998046875,4483740000,31.100000381469727,31.93000030517578,30.420000076293945,30.5,-0.011442277457683746,0.011362768207087462,0.22314362591743864,0.2959148807278324,0.2559613770521683,0.32103644734170644,0.5334880908516332,0.2863419700292723
2022-10-19,19327.44,19360.16,19065.97,19123.97,186137.29538,62.26,62.49,60.02,60.9,3703.110107421875,3728.580078125,3666.510009765625,3695.159912109375,4223800000,30.940000534057617,31.899999618530273,30.760000228881836,30.760000228881836,-0.010583325769578811,-0.006694455239684375,0.19319567548910624,0.2947063333015001,0.2554978085829253,0.3078751580397542,0.5289088781881762,0.2803935167000811
2022-10-20,19123.35,19347.82,18900.0,19041.92,223530.13068,60.9,62.17,59.92,61.44,3689.050048828125,3736.0,3656.43994140625,3665.780029296875,4496620000,31.299999237060547,31.31999969482422,29.760000228881836,29.979999542236328,-0.004299657437842867,-0.007982686738766696,0.1936536022680602,0.2968351139999357,0.25386904866838844,0.30196974261798026,0.5290084544478276,0.27947973680602245
2022-10-21,19041.92,19250.0,18650.0,19164.37,269310.75769,61.44,63.02,59.37,62.19,3657.10009765625,3757.889892578125,3647.419921875,3752.75,5078020000,30.209999084472656,30.440000534057617,29.239999771118164,29.690000534057617,0.006409961253210738,0.023447759860447268,0.1954014159872512,0.31566955966514987,0.2506514955704447,0.29884331239636314,0.4350552339278235,0.2851263566203848
2022-10-24,19570.4,19601.15,19157.0,19329.72,256168.14467,64.07,65.39,62.68,64.31,3762.010009765625,3810.739990234375,3741.64990234375,3797.340087890625,4747930000,30.649999618530273,30.950000762939453,29.780000686645508,29.850000381469727,0.00859098199072924,0.011811940205111494,0.1891892075230077,0.2910607810346223,0.192574169197917,0.2738059867631894,0.4093473707024102,0.28566683234059814
2022-10-25,19330.6,20415.87,19237.0,20080.07,326370.67061,64.31,67.64,63.48,65.61,3799.43994140625,3862.85009765625,3799.43994140625,3859.110107421875,4843120000,29.799999237060547,30.0,28.219999313354492,28.459999084472656,0.03808397301398036,0.01613577001587496,0.2821250328261275,0.21332637626607737,0.2592937875881478,0.2817734979906327,0.30257620464175367,0.2619289492974656
2022-10-26,20079.02,21020.0,20050.41,20771.59,380492.69576,65.61,68.51,63.78,66.28,3825.969970703125,3886.14990234375,3824.070068359375,3830.60009765625,4817310000,28.440000534057617,28.520000457763672,27.270000457763672,27.280000686645508,0.033858406805051616,-0.007415140398989885,0.32065963619910687,0.2055603262399911,0.29223267747479875,0.2797079479591323,0.31820677094873706,0.2623610634076017
2022-10-27,20771.61,20872.21,20200.0,20295.11,328643.57791,66.28,66.29,60.35,61.41,3834.68994140625,3859.949951171875,3803.7900390625,3807.300048828125,4687320000,27.510000228881836,27.670000076293945,26.940000534057617,27.38999938964844,-0.023206217347907374,-0.006101185053184453,0.3573078022268336,0.21233952106773,0.29457083093920977,0.2474416967807714,0.3160363612683586,0.26098607647701627
2022-10-28,20295.11,20750.0,20000.09,20591.84,287039.94569,61.41,61.76,54.57,55.08,3808.260009765625,3905.419921875,3808.260009765625,3901.06005859375,4459410000,27.43000030517578,27.59000015258789,25.75,25.75,0.014514910485440964,0.024328036770856338,0.33663020425249335,0.23162874565283487,0.2778226499656858,0.2573477786585866,0.3182671143605858,0.27011663515762824
2022-10-31,20627.48,20845.92,20237.95,20490.74,303567.61628,60.36,62.59,59.1,59.63,3881.85009765625,3893.72998046875,3863.179931640625,3871.97998046875,4820620000,26.90999984741211,27.06999969482422,25.84000015258789,25.8799991607666,-0.004921804039007355,-0.007482327030336412,0.33780266541132803,0.2302168405978165,0.27859364741325054,0.25823084018803333,0.3157460651358651,0.2702655829515359
2022-11-01,20490.74,20700.0,20330.74,20483.62,279932.43771,59.63,60.65,59.42,59.92,3901.7900390625,3911.7900390625,3843.800048828125,3856.10009765625,4481210000,25.959999084472656,26.350000381469727,25.65999984741211,25.809999465942383,-0.00034753441282134187,-0.0041096637203590055,0.3436020878766652,0.21013827723490003,0.27957899802809016,0.258785803699901,0.2968004357158899,0.2684930231965109
2022-11-02,20482.81,20800.0,20048.04,20151.84,373716.27299,59.92,60.63,56.41,56.41,3852.89990234375,3894.43994140625,3758.679931640625,3759.68994140625,4899000000,26.040000915527344,26.6200008392334,25.38999938964844,25.86000061035156,-0.016329943003790245,-0.025319843737482882,0.3772862715271414,0.26278665997514544,0.2913721092944717,0.27141265467851655,0.29301054103501795,0.2739538070225244
2022-11-03,20151.84,20393.32,20031.24,20207.82,319185.1544,56.41,56.41,52.98,53.98,3733.25,3750.590087890625,3698.14990234375,3719.889892578125,4625290000,25.979999542236328,26.8700008392334,25.100000381469727,25.299999237060547,0.002774058844848819,-0.010642422531956597,0.30318264054431804,0.23531721181460477,0.28520216082838123,0.2522070055674349,0.2573343228336988,0.27459239492236687
2022-11-04,20207.12,21302.05,20180.96,21148.52,453694.39165,53.98,57.08,53.26,54.19,3766.97998046875,3796.340087890625,3708.840087890625,3770.550048828125,5400180000,25.6299991607666,25.709999084472656,24.0,24.549999237060547,0.04550026847944526,0.013526823285563951,0.35919857324017196,0.2595225129658566,0.3309422031098791,0.2345264218443236,0.28626953228769364,0.27252708513396207
2022-11-07,20905.58,21069.77,20384.89,20591.13,386977.60337,56.76,59.69,56.31,59.48,3780.7099609375,3813.949951171875,3764.699951171875,3806.800048828125,4341620000,25.670000076293945,25.670000076293945,24.34000015258789,24.350000381469727,-0.02670952614049962,0.00956806167935914,0.3702034010146035,0.26670463455885923,0.3518724042040424,0.23322432411739782,0.29858144852450735,0.2716111937344181
2022-11-08,20590.67,20700.88,17166.83,18547.23,760705.362783,59.48,94.83,59.31,76.66,3817.02001953125,3859.39990234375,3786.280029296875,3828.110107421875,4607640000,24.709999084472656,26.15999984741211,24.239999771118164,25.540000915527344,-0.10453994878635704,0.005582282828760321,0.723081153928519,0.21317681852887596,0.5811586668652255,0.23051222874771143,0.42979136774051,0.27167166826727157
2022-11-09,18545.38,18587.76,15588.0,15922.81,731926.929729,76.66,122.01,75.83,114.72,3810.93994140625,3818.199951171875,3744.219970703125,3748.570068359375,4645010000,25.34000015258789,26.350000381469727,25.020000457763672,26.09000015258789,-0.15256777937932994,-0.020996784712303443,1.087834528024892,0.23969167402502867,0.8634753249202445,0.24796373283832582,0.6109270810425335,0.2738588179266114
2022-11-10,15922.68,18199.0,15754.26,17601.15,608448.36432,114.72,115.37,85.05,93.12,3859.889892578125,3958.330078125,3859.889892578125,3956.3701171875,5781260000,26.510000228881836,26.59000015258789,22.84000015258789,23.530000686645508,0.10021156844027021,0.05395251566479769,1.359721234119676,0.4258413294656491,0.9867855715636125,0.3226135969206831,0.6839729223837105,0.30715393105150973
2022-11-11,17602.45,17695.0,16361.6,17070.31,393552.86492,93.12,107.16,82.51,102.11,3963.719970703125,4001.47998046875,3944.820068359375,3992.929931640625,5593310000,23.88999938964844,23.90999984741211,22.3700008392334,22.520000457763672,-0.030623543661599414,0.009198312304769028,1.3600699260457854,0.37441446546662094,0.9895072788388641,0.3215400995242646,0.6883412775661056,0.30286729279870617
2022-11-14,16331.78,17190.0,15815.21,16619.46,380210.7775,107.88,112.14,89.9,98.18,3977.969970703125,4008.969970703125,3956.39990234375,3957.25,4561930000,23.989999771118164,24.329999923706055,22.86000061035156,23.729999542236328,-0.026766399232243786,-0.008975940544918012,1.3474023319874697,0.37093497186169505,0.967859073315957,0.32019095139923714,0.689834189722601,0.29759193919958127
2022-11-15,16617.72,17134.69,16527.72,16900.57,282461.84391,98.18,98.18,82.7,89.99,4006.409912109375,4028.840087890625,3953.169921875,3991.72998046875,5015310000,23.770000457763672,26.219999313354492,23.18000030517578,24.540000915527344,0.01677305124617919,0.008675376414669186,1.2915160193664168,0.36949783159999094,0.9542686952484213,0.3184931058837819,0.6822603827574132,0.28653693613926906
2022-11-16,16900.57,17015.92,16378.61,16662.76,261493.40809,89.99,103.25,81.08,98.64,3976.820068359375,3983.090087890625,3954.340087890625,3958.7900390625,4165320000,24.290000915527344,24.719999313354492,23.989999771118164,24.11000061035156,-0.014171059886846265,-0.008286283111873759,1.295869932706072,0.38192668086450565,0.9534828400071541,0.3198280538475118,0.6826155617480687,0.28782043318021466
2022-11-17,16661.61,16751.0,16410.74,16692.56,228038.97873,98.64,98.64,75.19,76.97,3919.260009765625,3954.330078125,3906.5400390625,3946.56005859375,4051780000,24.049999237060547,25.18000030517578,23.809999465942383,23.93000030517578,0.0017868218880000477,-0.0030941046442292835,1.192758023342585,0.3854681714683819,0.947592876616914,0.30483517979008407,0.682929877645494,0.28600350023235205
2022-11-18,16692.56,17011.0,16546.04,16700.45,214224.18184,76.97,77.03,72.35,74.71,3966.389892578125,3979.889892578125,3935.97998046875,3965.340087890625,4037360000,24.030000686645508,24.1200008392334,22.979999542236328,23.1200008392334,0.00047255399539148176,0.00474729564815821,0.7056976284771942,0.3429655408646906,0.9489798359215258,0.30278093823333013,0.6814885594913274,0.27139639966545054
2022-11-21,16279.5,16319.0,15476.0,15781.29,324096.997753,80.26,82.89,79.09,80.81,3956.22998046875,3962.0,3933.340087890625,3949.93994140625,3850690000,24.049999237060547,24.1200008392334,22.299999237060547,22.36000061035156,-0.05661060404156763,-0.003891249800275618,0.39115709387844955,0.12227412096278906,0.9625135601397508,0.30270108196394685,0.6963808827112551,0.2703924619709499
2022-11-22,15781.29,16315.0,15616.63,16226.94,239548.06623,80.81,83.39,79.09,79.71,3965.510009765625,4005.8798828125,3956.8798828125,4003.580078125,3887990000,22.59000015258789,22.709999084472656,21.280000686645508,21.290000915527344,0.02784776288354211,0.01348860626982839,0.4497242343159054,0.13788499845988653,0.9825982952287589,0.2793887879186696,0.7034190654634808,0.27049706020687503
2022-11-23,16227.96,16706.0,16160.2,16603.11,264927.70408,79.71,79.88,74.5,75.27,4000.300048828125,4033.780029296875,3998.659912109375,4027.260009765625,3279720000,21.489999771118164,21.780000686645508,20.31999969482422,20.350000381469727,0.02291720320295262,0.0058972660417383116,0.4578398339537356,0.1236382464676824,0.9935052281295156,0.2707012444229206,0.707617340318549,0.2697582906450416
2022-11-25,16599.55,16666.0,16342.81,16522.14,182089.49533,72.21,73.27,64.8,64.89,4023.340087890625,4034.02001953125,4020.760009765625,4026.1201171875,1706460000,20.61000061035156,21.11000061035156,20.459999084472656,20.5,-0.004888727557550368,-0.0002830842622024787,0.4424180942442762,0.11632923689660238,0.9573151611058429,0.26926925941005053,0.7059566302447567,0.2620029493618638
2022-11-28,16428.77,16487.04,15995.27,16212.91,252695.40367,67.12,70.39,66.46,67.44,4005.360107421875,4012.27001953125,3955.77001953125,3963.93994140625,3615430000,22.09000015258789,22.5,21.649999618530273,22.209999084472656,-0.018893461203274536,-0.015564696794064813,0.4481904553354363,0.14579086328012075,0.9564526659521587,0.2812778865330498,0.706924205160309,0.2555333526916655
2022-11-29,16212.18,16548.71,16100.0,16442.53,248106.25009,67.44,68.14,64.52,64.8,3964.18994140625,3976.77001953125,3937.64990234375,3957.6298828125,3546040000,22.09000015258789,22.56999969482422,21.829999923706055,21.88999938964844,0.014063432280211978,-0.0015931337016243704,0.4606245386039155,0.14464631154146879,0.8751150032630729,0.28159340574841385,0.7054953836177389,0.24654359628606115
2022-11-30,16442.91,17249.0,16428.3,17163.64,303019.80719,64.8,65.38,62.62,64.05,3957.179931640625,4080.110107421875,3938.580078125,4080.110107421875,6579360000,21.700000762939453,22.6299991607666,20.309999465942383,20.579999923706055,0.042921922045645745,0.030478643521294944,0.535180157621645,0.23271079978000583,0.6021754092344683,0.28345046486740033,0.7191594508441304,0.25848903076923546
2022-12-01,17165.53,17324.0,16855.01,16977.37,232818.18218,64.05,64.38,59.68,60.05,4087.139892578125,4100.509765625,4050.8701171875,4076.570068359375,4527130000,20.829999923706055,21.059999465942383,19.799999237060547,19.84000015258789,-0.010911911994265286,-0.0008680098296065889,0.3595638074576788,0.22904157393608002,0.41982166233428136,0.1806579966272356,0.7191863866021135,0.257122463207561
2022-12-02,16978.0,17105.73,16787.85,17092.74,202372.2062,60.05,64.18,58.57,58.75,4040.169921875,4080.47998046875,4026.6298828125,4071.699951171875,4012620000,20.420000076293945,20.959999084472656,18.950000762939453,19.059999465942383,0.006772531170246441,-0.001195374663761461,0.3383086906456375,0.22168693448070062,0.40094984713084997,0.17814811967697738,0.7198577354607101,0.2552862236131046
2022-12-05,17106.65,17424.25,16867.0,16966.35,233703.29225,61.84,62.0,55.17,56.01,4052.02001953125,4052.449951171875,3984.489990234375,3998.840087890625,4280820000,20.299999237060547,21.290000915527344,19.780000686645508,20.75,-0.007421841286354764,-0.01805624963097222,0.3288006365283192,0.2505685554732927,0.38386476515252416,0.19202076176314878,0.719302480304266,0.2554460397671017
2022-12-06,16966.35,17107.01,16906.37,17088.96,218730.76883,56.01,59.36,55.25,56.74,3996.6298828125,4001.510009765625,3918.389892578125,3941.260009765625,4368380000,20.690000534057617,22.600000381469727,20.3799991607666,22.170000076293945,0.007200670308000258,-0.014503869422986057,0.3244490412660217,0.26304855330735977,0.37858207996460047,0.19853968377457526,0.7191012424825854,0.2581394169817328
2022-12-07,17088.96,17142.21,16678.83,16836.64,220657.41334,56.74,61.91,56.54,61.83,3933.280029296875,3957.570068359375,3922.679931640625,3933.919921875,4118050000,22.31999969482422,23.010000228881836,22.18000030517578,22.68000030517578,-0.014875177009226765,-0.001864107253381664,0.3128014257727791,0.24807589988445922,0.37913292239037566,0.195764032045015,0.7084020785224407,0.2543575074350956
2022-12-08,16836.64,17299.0,16733.49,17224.1,236417.97804,57.05,57.24,55.45,55.71,3947.7900390625,3974.18994140625,3935.830078125,3963.510009765625,4006900000,22.809999465942383,23.280000686645508,22.059999465942383,22.290000915527344,0.022752101931693153,0.007493634413933237,0.3269414663191317,0.25323323350905547,0.39051655774572214,0.19813145312316138,0.7037050650892182,0.2539246029913952
2022-12-09,17224.1,17360.0,17058.21,17128.56,238422.06465,56.63,58.86,56.39,58.71,3954.169921875,3977.02001953125,3933.0400390625,3934.3798828125,3888260000,22.549999237060547,23.209999084472656,22.18000030517578,22.829999923706055,-0.005562320142259912,-0.0073767194642132125,0.2091122069809538,0.13954568641443374,0.3918826801568786,0.199535458398583,0.7018647174348671,0.25426723154308556
2022-12-12,17085.05,17241.89,16871.85,17209.83,226227.49694,61.79,62.4,60.35,61.15,3939.2900390625,3990.7099609375,3935.300048828125,3990.56005859375,3904130000,24.399999618530273,25.049999237060547,24.18000030517578,25.0,0.004733486441493517,0.01417830729965003,0.19642676750671598,0.18191473034413022,0.28700704507290714,0.20822534248163782,0.699992205749984,0.2478283063666795
2022-12-13,17208.93,18000.0,17080.14,17774.7,284462.9139,60.25,60.73,60.08,60.66,4069.3798828125,4100.9599609375,3993.030029296875,4019.64990234375,5079360000,25.239999771118164,25.84000015258789,21.459999084472656,22.549999237060547,0.032295365713004065,0.007263223255457212,0.2690520610857634,0.19231184215032765,0.29404695103224665,0.20242591675233992,0.7087374919131122,0.2472530054086956
2022-12-14,17775.82,18387.95,17660.94,17803.15,266681.22209,60.67,60.76,55.08,55.19,4015.5400390625,4053.760009765625,3965.64990234375,3995.320068359375,4472340000,22.829999923706055,23.469999313354492,21.06999969482422,21.13999938964844,0.0015993100237424041,-0.006071116623835963,0.25585053942108943,0.16070853788017342,0.28474794086613475,0.20236357447282313,0.708864786117911,0.2476872807652626
2022-12-15,17804.01,17854.82,17275.51,17356.34,223701.96882,55.19,57.81,52.82,57.74,3958.3701171875,3958.3701171875,3879.449951171875,3895.75,4493900000,21.520000457763672,23.670000076293945,21.25,22.829999923706055,-0.025417550422032496,-0.02523747790182607,0.320743730785253,0.20721583030130328,0.31068518086672603,0.22777979143062824,0.7106502192748478,0.2476108021101738
2022-12-16,17356.96,17531.73,16527.32,16632.12,253379.04116,57.74,64.86,52.81,63.31,3890.909912109375,3890.909912109375,3827.909912109375,3852.360107421875,7493660000,23.260000228881836,23.829999923706055,22.09000015258789,22.6200008392334,-0.042622091974556034,-0.011200239946011676,0.41283426753343117,0.2150278897048982,0.35675994777694264,0.22358599360722528,0.718483531881732,0.247847500921273
2022-12-19,16739.0,16815.99,16256.3,16438.88,179094.28305,66.48,66.67,60.62,63.62,3853.7900390625,3854.860107421875,3800.0400390625,3817.659912109375,3969610000,22.6299991607666,22.86000061035156,21.61000061035156,22.420000076293945,-0.011686504750262847,-0.0090483289411038,0.37717334214813875,0.20375620392520108,0.3563614201771691,0.2255263436721112,0.7014391023653588,0.24669787569457172
2022-12-20,16438.88,17061.27,16397.2,16895.56,248808.92324,63.61,65.81,59.36,60.1,3810.469970703125,3838.239990234375,3795.6201171875,3821.6201171875,3985370000,23.170000076293945,23.38999938964844,21.350000381469727,21.479999542236328,0.027401604731458414,0.001036800697890769,0.42945715503246956,0.2064869371454826,0.32479713969419655,0.1695278978224363,0.7066761011113671,0.24518146114156636
2022-12-21,16896.15,16925.0,16723.0,16824.67,156810.96362,60.1,60.34,58.83,59.12,3839.489990234375,3889.820068359375,3839.489990234375,3878.43994140625,3775200000,21.25,21.290000915527344,19.940000534057617,20.06999969482422,-0.004204603849787203,0.014758548669054294,0.4269502723345293,0.20866840486131857,0.32211467236964036,0.1882590852971128,0.6427757683664554,0.24837643412867647
2022-12-22,16824.68,16868.52,16559.85,16821.43,176044.27235,59.12,59.18,53.48,56.14,3853.260009765625,3853.260009765625,3764.489990234375,3822.389892578125,3956950000,20.079999923706055,24.299999237060547,20.010000228881836,21.969999313354492,-0.00019259290140687945,-0.014557142498145655,0.351177317214586,0.19977008865432216,0.32035608938005883,0.19347051542993626,0.46127167759298887,0.24421420411558592
2022-12-23,16821.9,16955.14,16731.13,16778.5,161612.00947,56.14,56.31,52.86,53.67,3815.110107421875,3845.800048828125,3797.010009765625,3844.820068359375,2819280000,22.170000076293945,22.63999938964844,20.780000686645508,20.8700008392334,-0.002555363857047274,0.005850952271915072,0.3473335277450311,0.214811323138603,0.3191702671566548,0.18752666697040513,0.3546450104126039,0.18578695694243386
2022-12-27,16919.39,16972.83,16592.37,16706.36,173749.58616,53.22,54.44,53.11,54.05,3843.340087890625,3846.64990234375,3813.219970703125,3829.25,3030300000,21.670000076293945,22.799999237060547,21.59000015258789,21.649999618530273,-0.004308819664297759,-0.004057844034659477,0.3265392345753979,0.16477782428991933,0.31731087667644586,0.1799798866305679,0.34396853780303016,0.18345060026765578
2022-12-28,16706.06,16785.19,16465.33,16547.31,193037.56577,54.05,57.33,53.53,57.19,3829.56005859375,3848.320068359375,3780.780029296875,3783.219970703125,3083520000,21.469999313354492,22.260000228881836,20.959999084472656,22.13999938964844,-0.00956593439752758,-0.012093470442948605,0.20677600186950626,0.16684206875020618,0.3137907791527677,0.1849292560351519,0.33617398965670764,0.18478768942585153
2022-12-29,16547.32,16664.41,16488.91,16633.47,160998.47158,57.19,57.29,54.54,54.59,3805.449951171875,3858.18994140625,3805.449951171875,3849.280029296875,3003680000,22.25,22.309999465942383,21.36000061035156,21.440000534057617,0.005193379640446887,0.01731063431499432,0.1935947329658502,0.1963236946341446,0.29611338944199656,0.19961839131030779,0.33276807252164387,0.19052505268005654
2022-12-30,16633.47,16677.35,16333.0,16607.48,164916.31174,54.59,54.95,48.5,49.82,3829.06005859375,3839.85009765625,3800.340087890625,3839.5,2979870000,21.829999923706055,22.399999618530273,21.59000015258789,21.670000076293945,-0.0015637342071172207,-0.002543975646110833,0.07143050838689784,0.1976035444749604,0.29579557073526475,0.1981846479724322,0.3302742811716358,0.18939564993632843
2023-01-03,16672.78,16778.4,16605.28,16675.18,159541.53733,50.02,50.44,48.79,48.95,3853.2900390625,3878.4599609375,3794.330078125,3824.139892578125,3959140000,23.09000015258789,23.760000228881836,22.729999542236328,22.899999618530273,0.004068190064767602,-0.004008572481273608,0.07969666318538687,0.17178995148508538,0.29550630775897263,0.1844029439592586,0.33045431855073604,0.1895011927886484
2023-01-04,16675.65,16991.87,16652.66,16850.36,220362.18862,48.95,48.95,41.96,46.87,3840.360107421875,3873.159912109375,3815.77001953125,3852.969970703125,4414080000,22.93000030517578,23.270000457763672,21.940000534057617,22.010000228881836,0.010450635209181243,0.007510694562138916,0.10675798256167622,0.15424843777370642,0.25817292812705184,0.18467383700485887,0.3318498855420736,0.19040295572396948
2023-01-05,16850.36,16879.82,16753.0,16831.85,163473.56641,46.87,47.48,45.41,45.45,3839.739990234375,3839.739990234375,3802.419921875,3808.10009765625,3893450000,22.200000762939453,22.920000076293945,21.969999313354492,22.459999084472656,-0.0010990966366733739,-0.011713869136457158,0.10550353265277068,0.16717121377262048,0.25732848928394525,0.18799982369156992,0.28479224178695955,0.19278500187778635
2023-01-06,16831.85,17041.0,16679.0,16950.65,207401.28415,45.45,45.56,42.71,43.61,3823.3701171875,3906.18994140625,3809.56005859375,3895.080078125,3923560000,22.690000534057617,22.899999618530273,21.0,21.1299991607666,0.007033256255153627,0.02258383558903089,0.10594758190128743,0.21791094505442035,0.24132318999123004,0.18992955092632766,0.27468033246757234,0.20046382594543252
2023-01-09,17127.83,17398.8,17104.66,17178.26,266211.52723,42.79,45.03,42.79,44.06,3910.820068359375,3950.570068359375,3890.419921875,3892.090087890625,4311770000,21.75,21.979999542236328,21.270000457763672,21.969999313354492,0.013338449694311597,-0.0007679273259905782,0.08784289014058194,0.19565579720925524,0.1606236860210092,0.1830498063295249,0.26953117661876275,0.199423442729309
2023-01-10,17179.04,17499.0,17146.34,17440.66,221382.42581,44.06,45.47,43.01,45.47,3888.570068359375,3919.830078125,3877.2900390625,3919.25,3851030000,22.219999313354492,22.459999084472656,20.579999923706055,20.579999923706055,0.015159630933365425,0.006953997970593733,0.10566199348580041,0.1749541305733187,0.15558770721571005,0.1790204730480646,0.2718904974808307,0.2007914084556837
2023-01-11,17440.64,18000.0,17315.6,17943.26,262221.60653,45.47,47.55,45.2,47.55,3932.35009765625,3970.070068359375,3928.5400390625,3969.610107421875,4303360000,20.799999237060547,21.25,20.6200008392334,21.09000015258789,0.02841029515457346,0.012767571192293676,0.1500883559265874,0.1801860911194768,0.15853133035633016,0.18478016362466604,0.27514652431499875,0.19959357204850547
2023-01-12,17943.26,19117.04,17892.05,18846.62,454568.32178,47.55,52.07,43.13,51.42,3977.570068359375,3997.760009765625,3937.56005859375,3983.169921875,4440260000,21.559999465942383,21.799999237060547,18.829999923706055,18.829999923706055,0.04911903051513352,0.0034100849120427303,0.2629907430730798,0.17024553896690917,0.24235762387982573,0.1765291785397744,0.30419892845495283,0.19976284557888335
2023-01-13,18846.62,20000.0,18714.12,19930.01,368615.87823,51.42,61.12,47.08,61.12,3960.60009765625,4003.949951171875,3947.669921875,3999.090087890625,3939700000,19.0,19.40999984741211,18.010000228881836,18.350000381469727,0.055893048509553726,0.003988892144656051,0.3415316988975369,0.17008844684262203,0.3119503958235179,0.15974510340032103,0.32031347956258516,0.17851241789176975
2023-01-17,21185.65,21647.45,20841.31,21134.81,275407.74409,64.92,66.37,62.93,63.35,3999.280029296875,4015.389892578125,3984.570068359375,3990.969970703125,4235560000,19.88999938964844,20.219999313354492,19.209999084472656,19.36000061035156,0.05869480817031994,-0.002032555430996314,0.34553507158874547,0.13584493215136428,0.36057074974035797,0.16073424696857033,0.35224063645333437,0.17855562603932817
2023-01-18,21132.29,21650.0,20407.15,20677.47,350916.01949,63.35,64.55,59.36,63.34,4002.25,4014.159912109375,3926.590087890625,3928.860107421875,4298710000,19.280000686645508,20.579999923706055,18.709999084472656,20.34000015258789,-0.021876742420547574,-0.015684966977744675,0.45975954060554197,0.1418373371381773,0.3869506631025273,0.1769161516882316,0.3622586383897734,0.18376224139687097
2023-01-19,20677.47,21192.0,20659.19,21071.59,251385.84925,63.34,63.37,56.23,56.9,3911.840087890625,3922.93994140625,3885.5400390625,3898.85009765625,3991500000,20.43000030517578,21.709999084472656,20.170000076293945,20.520000457763672,0.018880985981668756,-0.007667671901812428,0.45329524795958354,0.151630132353176,0.3700642630895985,0.1710617061142309,0.36159227868039356,0.17784836029000922
2023-01-20,21071.59,22755.93,20861.28,22667.21,338079.13659,56.9,59.5,53.78,59.48,3909.0400390625,3972.9599609375,3897.860107421875,3972.610107421875,4013360000,20.280000686645508,20.700000762939453,19.40999984741211,19.850000381469727,0.0729936990967774,0.01874167355235196,0.5077028754064601,0.18610213902608091,0.433545708379754,0.17360893109227618,0.4087597972816204,0.18171918995356573
2023-01-23,22706.02,23180.0,22500.0,22916.45,293588.37938,61.99,66.6,61.26,64.38,3978.139892578125,4039.31005859375,3971.639892578125,4019.81005859375,3945210000,20.209999084472656,20.329999923706055,19.549999237060547,19.809999465942383,0.010935606479479647,0.011811315951328555,0.5310528916007115,0.18383835897680711,0.4234422432984819,0.1765782102041455,0.4022239933906961,0.18462664963302422
2023-01-24,22917.81,23162.2,22462.93,22632.89,293158.78254,64.38,65.84,61.26,61.33,4001.739990234375,4023.919921875,3989.7900390625,4016.949951171875,3320430000,19.88999938964844,20.469999313354492,18.90999984741211,19.200000762939453,-0.012450835212587299,-0.0007117563642918193,0.587537473791277,0.18398113006962816,0.44310238133568836,0.17448257283925853,0.4056615061939996,0.18353910458081113
2023-01-25,22631.94,23816.73,22300.0,23060.94,346042.83223,65.73,65.85,58.02,61.49,3982.7099609375,4019.550048828125,3949.06005859375,4016.219970703125,3724020000,19.559999465942383,20.899999618530273,18.989999771118164,19.079999923706055,0.018736119160646474,-0.00018174157346566321,0.5496170775826594,0.18303129238369267,0.44036718187993656,0.1741183984516852,0.4041381596451558,0.1820527826883852
2023-01-26,23060.42,23282.47,22850.01,23009.65,288924.43581,61.49,61.52,56.59,57.0,4036.080078125,4061.570068359375,4013.2900390625,4060.429931640625,3809590000,19.049999237060547,19.479999542236328,18.670000076293945,18.729999542236328,-0.0022265840828143047,0.010947708029114303,0.49193131941012286,0.19153076969602292,0.4415584339875743,0.16329557597692004,0.4054147287644062,0.18020367861743017
2023-01-27,23009.65,23500.0,22534.88,23074.16,280833.86315,57.0,57.69,54.98,55.0,4053.719970703125,4094.2099609375,4048.699951171875,4070.56005859375,3907760000,18.899999618530273,19.0,17.969999313354492,18.510000228881836,0.0027996835390564157,0.002491734021703855,0.43977671067170776,0.14445107187331102,0.44475543976941484,0.14110232912798706,0.40009581199644106,0.17919342576472444
2023-01-30,23743.37,23800.51,22500.0,22826.15,302405.90121,58.92,58.92,55.41,56.4,4049.27001953125,4063.85009765625,4015.550048828125,4017.77001953125,3802000000,19.760000228881836,20.25,19.540000915527344,19.940000534057617,-0.010806568129301197,-0.013053569315292663,0.4659583442661231,0.1663409710430399,0.46522708235743004,0.15649829601917117,0.40360867855514404,0.18250332530523827
2023-01-31,22827.38,23320.0,22714.77,23125.13,264649.34909,56.4,59.21,54.76,58.82,4020.85009765625,4077.159912109375,4020.43994140625,4076.60009765625,4679320000,20.1200008392334,20.700000762939453,19.1299991607666,19.399999618530273,0.013013096440887308,0.014536304416419527,0.1908713607818724,0.15232101109663745,0.46577604451300575,0.16402272776335458,0.3908920459528578,0.1703572416224072
2023-02-01,23125.13,23812.66,22760.23,23732.66,310790.42271,58.82,60.43,56.27,58.04,4070.070068359375,4148.9501953125,4037.199951171875,4119.2099609375,4856930000,19.6200008392334,20.040000915527344,17.700000762939453,17.8700008392334,0.025932253556535844,0.01039805629688473,0.2338904685132363,0.1493641538877492,0.4650423445935508,0.16152375707649266,0.360688862436345,0.16783369918822588
2023-02-02,23731.41,24255.0,23363.27,23488.94,364177.20751,58.04,58.32,55.11,57.71,4158.68017578125,4195.43994140625,4141.8798828125,4179.759765625,5624360000,17.739999771118164,19.25,17.059999465942383,18.729999542236328,-0.010322486493569127,0.014592384626854379,0.22748190267754298,0.1591869765092391,0.46119319052498847,0.16933260062519137,0.3599362747434171,0.16801170052904893
2023-02-03,23489.33,23715.7,23204.62,23431.9,332571.02904,57.71,57.82,54.14,54.25,4136.68994140625,4182.35986328125,4123.35986328125,4136.47998046875,4694510000,18.56999969482422,19.299999237060547,17.93000030517578,18.329999923706055,-0.002431330219096245,-0.010408592637285455,0.20974838843676233,0.18476381150673996,0.42791372645482756,0.17916181459577626,0.35915300540158396,0.17240329952036237
2023-02-06,22932.91,23158.25,22628.13,22762.52,265371.6069,55.23,55.73,53.33,54.56,4119.56982421875,4124.6298828125,4093.3798828125,4111.080078125,4114240000,19.229999542236328,19.809999465942383,19.209999084472656,19.43000030517578,-0.02898301815672845,-0.006159393193939262,0.28265728122919076,0.18707777240718954,0.4015847967200166,0.18198003089894124,0.3750379064229291,0.17027178134743334
2023-02-07,22762.52,23350.25,22745.78,23240.46,308006.72482,54.56,54.66,52.82,53.31,4105.35009765625,4176.5400390625,4088.389892578125,4164.0,4355860000,19.540000915527344,19.989999771118164,18.43000030517578,18.65999984741211,0.020779401555923737,0.012790364037397075,0.3131948904022829,0.1985946185480253,0.38610812605509026,0.16750549394011308,0.3749738736963469,0.16562943998827992
2023-02-08,23242.42,23452.0,22665.85,22963.0,280056.30717,53.31,53.94,52.52,52.99,4153.47021484375,4156.85009765625,4111.669921875,4117.85986328125,4029820000,18.8799991607666,20.1200008392334,18.549999237060547,19.6299991607666,-0.01201050031064175,-0.011142573012411353,0.3151822353220183,0.19223795310483272,0.3919693855097051,0.17282293029893186,0.37887571714261076,0.17021621971910728
2023-02-09,22961.85,23011.39,21688.0,21796.35,402894.6955,52.99,53.11,49.03,51.95,4144.25,4156.22998046875,4069.669921875,4081.5,4270200000,19.239999771118164,21.079999923706055,19.020000457763672,20.709999084472656,-0.052141700352517424,-0.008869009831037385,0.4308339892829901,0.18710581158198064,0.33341396415938684,0.16645370869526868,0.41838121953440105,0.17233256344197978
2023-02-10,21797.83,21938.16,21451.0,21625.19,338591.94247,51.95,52.02,48.4,48.69,4068.919921875,4094.360107421875,4060.7900390625,4090.4599609375,3891520000,20.739999771118164,21.940000534057617,20.440000534057617,20.530000686645508,-0.007883685677702989,0.0021928557092171274,0.35931786193323056,0.17430963594419793,0.3279015587695849,0.1602745236077584,0.4177651981962945,0.16697997884993546
2023-02-13,21782.37,21894.99,21351.07,21773.97,295730.76791,47.51,51.73,47.4,50.65,4096.6201171875,4138.89990234375,4092.669921875,4137.2900390625,3448620000,21.65999984741211,21.690000534057617,20.329999923706055,20.34000015258789,0.006856380761501577,0.011383569951155146,0.3794839198169142,0.16294659288511862,0.328649242157891,0.1655413382593927,0.41766404149196446,0.1632861602617264
2023-02-14,21774.63,22319.08,21532.77,22199.84,361958.40109,50.65,51.16,47.87,49.17,4126.7001953125,4159.77001953125,4095.010009765625,4136.1298828125,3929200000,20.719999313354492,20.75,18.479999542236328,18.90999984741211,0.01936986197704005,-0.0002804538554937624,0.42011927677309546,0.15043413219770285,0.32946288600867607,0.16556833807476906,0.4174800155639696,0.1628211177629367
2023-02-15,22199.84,24380.0,22047.28,24324.05,375669.16111,49.17,52.91,46.92,52.67,4119.5,4148.10986328125,4103.97998046875,4147.60009765625,4075980000,19.3700008392334,19.40999984741211,18.11000061035156,18.229999542236328,0.09138049119365944,0.002769337533076689,0.6950011351379513,0.1445332831417189,0.517736543279407,0.16066089095613306,0.4793948583655483,0.16165462170572223
2023-02-16,24322.87,25250.0,23505.25,23517.72,450080.68366,52.67,59.55,51.15,58.8,4114.75,4136.5400390625,4089.489990234375,4090.409912109375,4143660000,18.260000228881836,20.270000457763672,18.229999542236328,20.170000076293945,-0.033711393282664585,-0.013884689204881605,0.7336164942345454,0.14379689781481803,0.5419408940270233,0.17326444803373459,0.4978351237228126,0.16790193572198528
2023-02-17,23517.72,25021.11,23339.37,24569.97,496813.21376,58.8,62.41,54.1,60.77,4077.389892578125,4081.510009765625,4047.949951171875,4079.090087890625,4045480000,20.940000534057617,21.299999237060547,19.81999969482422,20.020000457763672,0.043770785975072134,-0.0027712421722827342,0.765502360861096,0.13098190367686793,0.5670737854344785,0.16303827401828583,0.5052016446646043,0.16350070364478567
2023-02-21,24843.89,25250.0,24148.34,24452.16,376000.82868,60.75,62.33,59.35,60.82,4052.35009765625,4052.35009765625,3995.18994140625,3997.340087890625,4121590000,21.799999237060547,23.34000015258789,21.799999237060547,22.8700008392334,-0.004806409954020479,-0.020244783973471698,0.6487765661284005,0.17028958756993692,0.5673896468236819,0.1738221493905393,0.5074971580712212,0.16442704558624333
2023-02-22,24450.67,24476.05,23574.69,24182.21,379425.75365,59.47,60.16,56.69,56.83,4001.830078125,4017.3701171875,3976.89990234375,3991.050048828125,4079320000,23.030000686645508,23.6299991607666,22.020000457763672,22.290000915527344,-0.011101316717520895,-0.0015747954856433837,0.6541054670312066,0.16695377584529203,0.5613444388735683,0.1652782223060108,0.5119501831096589,0.16451323309086882
2023-02-23,24182.21,24599.59,23608.0,23940.2,398400.45437,56.83,57.54,54.87,54.93,4018.60009765625,4028.300048828125,3969.18994140625,4012.320068359375,3952940000,21.959999084472656,22.43000030517578,20.88999938964844,21.13999938964844,-0.01005818454576867,0.005315278263237728,0.6716368683637296,0.14698649501917305,0.5612391021343243,0.1510154568251366,0.5155450940582269,0.16405166382570976
2023-02-24,23940.2,24132.35,22841.19,23185.29,343582.57453,54.93,54.97,50.45,50.49,3973.239990234375,3978.25,3943.080078125,3970.0400390625,3877700000,21.350000381469727,22.899999618530273,21.31999969482422,21.670000076293945,-0.032041028461487375,-0.010593464619774184,0.7218794822478427,0.1479226566963105,0.5788971538266958,0.1511950879101755,0.5269992833687962,0.16319052570231865
2023-02-27,23554.85,23897.99,23106.77,23492.09,283706.0859,51.34,51.49,49.9,50.44,3992.360107421875,4018.050048828125,3973.550048828125,3982.239990234375,3836950000,21.989999771118164,22.020000457763672,20.68000030517578,20.950000762939453,0.013145742892045703,0.0030682925395522777,0.42626635513785,0.1486637272522379,0.5665379871806521,0.15244209960023547,0.5130604345151762,0.16313152401923472
2023-02-28,23492.09,23600.0,23020.97,23141.57,264140.99894,50.44,50.62,49.16,50.37,3977.18994140625,3997.5,3968.97998046875,3970.14990234375,5043400000,21.299999237060547,21.3700008392334,20.100000381469727,20.700000762939453,-0.015033201397948169,-0.0030406198309477117,0.3862263794857269,0.1377716861285172,0.5642066449826589,0.1360282761344887,0.49562481101027217,0.16290704697309208
2023-03-01,23141.57,24000.0,23020.03,23628.97,315287.41737,50.37,55.83,50.34,54.71,3963.340087890625,3971.72998046875,3939.050048828125,3951.389892578125,4249480000,20.38999938964844,21.31999969482422,20.219999313354492,20.579999923706055,0.020842934243896633,-0.004736464203492832,0.28170814852624515,0.1373819774839889,0.5681967528766505,0.13160819835018928,0.4715331796349931,0.16335316520713397
2023-03-02,23629.76,23796.93,23195.9,23465.32,239315.45219,54.71,55.36,53.19,53.72,3938.679931640625,3990.840087890625,3928.159912109375,3981.35009765625,4244900000,21.40999984741211,21.420000076293945,19.549999237060547,19.59000015258789,-0.006949915104728103,0.0075535937311959735,0.2817548904814385,0.10014982899520851,0.514466861399545,0.13566587665995355,0.46644968079560434,0.15817712336588122
2023-03-03,23465.32,23476.95,21971.13,22354.34,319954.19785,53.72,55.91,50.53,52.2,3998.02001953125,4048.2900390625,3995.169921875,4045.639892578125,4084730000,19.760000228881836,19.760000228881836,18.15999984741211,18.489999771118164,-0.048503100831987105,0.01601874917648306,0.3822752397251241,0.14032841077640276,0.5613281943786913,0.15483096429286172,0.48840805209273025,0.16246309536093706
2023-03-06,22430.24,22602.19,22258.0,22410.0,203751.82957,50.84,52.55,50.4,51.78,4055.14990234375,4078.489990234375,4044.610107421875,4048.419921875,4000870000,19.049999237060547,19.190000534057617,18.489999771118164,18.61000061035156,0.00248680215923242,0.0006869307788483012,0.3911940183703911,0.1383881995241453,0.5609570227714651,0.14486207621600924,0.4396257428431299,0.15374735467804054
2023-03-07,22409.41,22557.91,21927.0,22197.96,292519.80912,51.78,52.56,50.73,51.46,4048.260009765625,4050.0,3980.31005859375,3986.3701171875,3922500000,18.63999938964844,19.739999771118164,18.510000228881836,19.59000015258789,-0.009506895048812334,-0.015445590479262547,0.35850344190773525,0.15760089588489432,0.5570454670406684,0.15613348802922902,0.439045334599397,0.15678753030233158
2023-03-08,22198.56,22287.0,21580.0,21705.44,301460.57272,51.46,52.56,49.62,50.12,3987.550048828125,4000.409912109375,3969.760009765625,3992.010009765625,3535570000,19.709999084472656,20.010000228881836,19.0,19.11000061035156,-0.022437472391169118,0.0014137941356032722,0.34092844203124084,0.1568172860842527,0.3744672671820002,0.15532792538972803,0.4422389057161543,0.15685749604382343
2023-03-09,21704.37,21834.99,20042.72,20362.22,443658.28584,50.12,56.03,48.47,54.39,3998.659912109375,4017.81005859375,3908.699951171875,3918.320068359375,4445260000,19.329999923706055,23.13999938964844,18.8799991607666,22.61000061035156,-0.06388169730657518,-0.018631857945482354,0.4663178874190859,0.1943796001399759,0.4318857602138858,0.16304957093625502,0.47329324911131954,0.16569670878316273
2023-03-10,20362.21,20367.78,19549.09,20150.69,618456.4671,54.39,59.38,53.44,54.2,3912.77001953125,3934.050048828125,3846.320068359375,3861.590087890625,5518190000,23.34000015258789,28.969999313354492,21.790000915527344,24.799999237060547,-0.010442692083692516,-0.01458396943606664,0.3871408598599921,0.208900869639284,0.3546849645336417,0.1701763746758437,0.4736022451835329,0.16645816421024603
2023-03-13,21998.05,24500.0,21813.88,24113.48,687889.31259,58.87,70.39,54.56,62.24,3835.1201171875,3905.050048828125,3808.860107421875,3855.760009765625,6558020000,24.049999237060547,30.809999465942383,23.850000381469727,26.520000457763672,0.17953248924347806,-0.001510901840738768,1.2842390456589523,0.19582018084843816,0.8968428810739296,0.1530234391536706,0.7133383975412426,0.1659913854656786
2023-03-14,24112.27,26386.87,23976.42,24670.41,699360.93423,62.24,68.19,59.71,63.46,3894.010009765625,3937.2900390625,3873.6298828125,3919.2900390625,5665870000,26.850000381469727,27.239999771118164,22.270000457763672,23.729999542236328,0.022833529552860565,0.016342388235363665,1.2322751177780298,0.19725434643092257,0.9009777895902411,0.17288711914065294,0.7149692392438033,0.17048796313617548
2023-03-15,24670.41,25196.97,23896.95,24285.66,581450.72984,63.46,70.1,61.88,64.15,3876.739990234375,3894.260009765625,3838.239990234375,3891.929931640625,6594010000,23.209999084472656,29.90999984741211,23.190000534057617,26.13999938964844,-0.015718497080592527,-0.007005363929353597,1.244253852545881,0.19407921166902198,0.9026949679411896,0.17165189831482566,0.7161777664799284,0.16496158904680477
2023-03-16,24285.66,25167.4,24123.0,24998.78,439421.32998,64.15,64.15,56.98,62.45,3878.929931640625,3964.4599609375,3864.110107421875,3960.280029296875,5695790000,26.190000534057617,27.489999771118164,22.969999313354492,22.989999771118164,0.028940970979109415,0.017409576249031722,1.238384376016688,0.22235670854069087,0.8964513528655548,0.18558287399279702,0.7171173327856647,0.17053046821035056
2023-03-17,24998.78,27756.84,24890.0,27395.13,624460.68091,62.45,69.46,60.76,66.59,3958.68994140625,3958.909912109375,3901.27001953125,3916.639892578125,9354280000,22.920000076293945,26.13999938964844,22.579999923706055,25.510000228881836,0.0915382366931726,-0.011080621273953702,1.2743299637848364,0.22933414500350302,0.9684245388013074,0.1904335124810301,0.7616244512901943,0.16589485124124417
2023-03-20,27972.87,28472.0,27124.47,27717.01,477378.23373,73.34,73.83,68.08,68.23,3917.469970703125,3956.6201171875,3916.889892578125,3951.570068359375,5347140000,27.770000457763672,28.90999984741211,24.0,24.149999618530273,0.011681043775445269,0.008878869635940853,1.1013166968028996,0.20754882479351816,0.9611199409939977,0.19484719985608528,0.761505581612223,0.16698340272562814
2023-03-21,27717.01,28438.55,27303.1,28105.47,420929.7422,68.23,71.75,67.0,70.06,3975.889892578125,4009.080078125,3971.18994140625,4002.8701171875,4920240000,24.15999984741211,24.15999984741211,21.290000915527344,21.3799991607666,0.013917915171174959,0.012898647518559103,1.0595989632149034,0.18388230719243612,0.9604575539558762,0.20138059189655885,0.7546969295764439,0.17146204172669863
2023-03-22,28107.81,28868.05,26601.8,27250.97,224113.41296,68.92,70.11,63.29,63.89,4002.0400390625,4039.489990234375,3936.169921875,3936.969970703125,4533010000,21.799999237060547,22.3799991607666,19.940000534057617,22.260000228881836,-0.030875102511240874,-0.016600248639842885,0.6192858543307052,0.22456837095776866,0.9750503391898033,0.21177326760379006,0.7613380298249416,0.17224368281298805
2023-03-23,27250.97,28750.0,27105.0,28295.41,128649.60818,63.89,67.31,61.07,66.43,3959.2099609375,4007.659912109375,3919.050048828125,3948.719970703125,4991600000,21.540000915527344,24.90999984741211,20.15999984741211,22.61000061035156,0.037610483876124916,0.0029800838691824228,0.6308949562804754,0.20459158432751173,0.9415975867713375,0.19850902069973775,0.7651043314987227,0.17049074483670185
2023-03-24,28295.42,28374.3,27000.0,27454.47,86242.06544,66.43,67.76,64.5,65.06,3939.2099609375,3972.739990234375,3909.159912109375,3970.989990234375,4583970000,22.11000061035156,25.209999084472656,21.600000381469727,21.739999771118164,-0.030170604453767236,0.005623963084303207,0.6696306231926551,0.1975708145325139,0.9612327670113887,0.2007674460473269,0.7529089093375269,0.17014616753997674
2023-03-27,27968.05,28023.86,26508.14,27124.91,88039.46898,63.23,65.95,61.97,62.12,3982.929931640625,4003.830078125,3970.489990234375,3977.530029296875,4233540000,22.049999237060547,22.93000030517578,20.56999969482422,20.600000381469727,-0.012076502345582685,0.0016455995637670831,0.6852909056080713,0.1695029156619403,0.9625378155557459,0.1903813993251552,0.7537602621401828,0.17006668015983126
2023-03-28,27124.9,27520.0,26631.78,27261.07,78602.44341,62.12,63.42,59.73,60.13,3974.1298828125,3979.199951171875,3951.530029296875,3971.27001953125,4014600000,20.530000686645508,21.399999618530273,19.90999984741211,19.969999313354492,0.005007183266062188,-0.0015750832883878866,0.39822118433781756,0.15046850434431838,0.9491726288330486,0.19032518928268816,0.7537941685596181,0.1660101411555811
2023-03-29,27261.06,28650.0,27240.1,28348.6,89486.16008,60.13,64.96,58.82,64.49,3999.530029296875,4030.590087890625,3999.530029296875,4027.81005859375,4145250000,19.38999938964844,19.450000762939453,19.09000015258789,19.1200008392334,0.039117969089514086,0.014136870775046802,0.46283562762733904,0.16335115894672955,0.8785174742508205,0.17987304926245606,0.7586555913697601,0.17198015616362394
2023-03-30,28348.6,29184.68,27686.0,28028.53,98865.43256,64.49,66.82,62.34,62.74,4046.739990234375,4057.85009765625,4032.10009765625,4050.830078125,3930860000,19.1200008392334,20.079999923706055,18.850000381469727,19.020000457763672,-0.011354726247076305,0.005698999199482652,0.46313820705738784,0.14966611760470908,0.8792115159302213,0.16353387540165457,0.7180602750758769,0.17272901378085184
2023-03-31,28028.53,28656.69,27511.71,28465.36,78198.12139,62.74,62.99,57.97,58.52,4056.179931640625,4110.75,4056.179931640625,4109.31005859375,4525120000,19.209999084472656,19.43000030517578,18.520000457763672,18.700000762939453,0.01546498944228887,0.014333327782036555,0.41610636197776574,0.09639672132156064,0.5152667689788167,0.16803206954626365,0.7092774374338957,0.1734952490296738
2023-04-03,28171.87,28500.99,27200.24,27800.0,79180.01405,60.28,62.44,58.38,61.83,4102.2001953125,4127.66015625,4098.7900390625,4124.509765625,4234700000,19.790000915527344,19.829999923706055,18.540000915527344,18.549999237060547,-0.02365188873696634,0.003692022565802823,0.38309513291931896,0.09551317530544287,0.5334824753362502,0.1591583350251204,0.7052858447082246,0.17355965821668043
2023-04-04,27800.0,28444.44,27662.79,28165.47,49722.55691,61.83,61.83,59.45,59.65,4128.02978515625,4133.1298828125,4086.8701171875,4100.60009765625,4227800000,18.790000915527344,20.030000686645508,18.579999923706055,19.0,0.01306073888880465,-0.005813839745162529,0.3371126906814347,0.12003007594872736,0.5219729920301827,0.15768614664763944,0.7052225180823484,0.163408420818302
2023-04-05,28165.47,28775.0,27805.1,28170.01,60737.64732,59.65,60.56,57.93,58.02,4094.5,4099.68994140625,4072.56005859375,4090.3798828125,3968020000,19.420000076293945,20.079999923706055,19.0,19.079999923706055,0.00016117729039769833,-0.002495481657121423,0.32072956075898235,0.12668140249042584,0.5166095062148855,0.14642607089257725,0.7037818974624457,0.16354887181969366
2023-04-06,28170.01,28182.05,27711.0,28033.82,40118.94963,58.02,59.81,56.61,57.06,4081.14990234375,4107.31982421875,4069.840087890625,4105.02001953125,3486690000,19.299999237060547,19.8799991607666,18.350000381469727,18.399999618530273,-0.0048462984303144436,0.0035727731328032467,0.32663206492799773,0.12080086126896555,0.3520319951738768,0.1330377841130579,0.7029688518020658,0.16321026007172368
2023-04-10,28323.76,29770.0,28170.0,29637.34,67754.0622,58.56,63.05,57.17,62.16,4085.199951171875,4109.5,4072.550048828125,4109.10986328125,3423650000,19.38999938964844,20.049999237060547,18.93000030517578,18.969999313354492,0.05562341436546638,0.0009958070170100843,0.4064419502530107,0.10211829197993634,0.41925986105780144,0.13087992818413938,0.7084399081078401,0.1596207584305761
2023-04-11,29637.35,30550.0,29590.0,30200.42,67990.07621,62.16,63.03,60.12,60.18,4110.2900390625,4124.259765625,4102.60986328125,4108.93994140625,3665830000,19.079999923706055,19.280000686645508,18.559999465942383,19.100000381469727,0.018820778757940998,-4.135333298352082e-05,0.3912743998568222,0.10120752006080486,0.4218382630410188,0.12277416141225934,0.7089760303854422,0.15955004468610554
2023-04-12,30200.43,30486.0,29637.4,29888.07,62049.48451,60.18,60.27,55.86,55.87,4121.72021484375,4134.3701171875,4086.93994140625,4091.949951171875,3633120000,19.3799991607666,19.979999542236328,18.25,19.09000015258789,-0.010396427448109471,-0.0041434563234613855,0.40833658246879345,0.0586945759131319,0.39611393442589926,0.09459109073693224,0.7077721664449182,0.15982716179987966
2023-04-13,29888.07,30595.0,29854.59,30373.84,51934.11731,55.87,56.77,55.03,55.47,4100.0400390625,4150.259765625,4099.39990234375,4146.22021484375,3596590000,18.829999923706055,19.059999465942383,17.770000457763672,17.799999237060547,0.01612230751029388,0.013175510497831548,0.3484112407924686,0.10052693819812458,0.3733384737319555,0.10443346310008388,0.707190402146044,0.16263996967373145
2023-04-14,30373.84,31000.0,29966.0,30466.93,75984.19452,55.47,57.07,53.14,53.46,4140.10986328125,4163.18994140625,4113.2001953125,4137.64013671875,3575690000,17.940000534057617,18.1200008392334,17.06999969482422,17.06999969482422,0.003060121449609667,-0.0020715175845779886,0.35305138180040946,0.09244711989618502,0.33744061397396313,0.10646358278999497,0.7058999479009983,0.16197153564506933
2023-04-17,30304.66,30316.06,29240.65,29430.27,56441.81127,56.4,57.31,53.72,55.6,4137.169921875,4151.72021484375,4123.18017578125,4151.31982421875,3611180000,17.579999923706055,17.790000915527344,16.899999618530273,16.950000762939453,-0.0346180965654564,0.0033007035826147536,0.4477731756550734,0.08896891185449173,0.3742530071005663,0.10630603709593527,0.6972155091929738,0.1560016658310917
2023-04-18,29430.27,30485.0,29096.78,30380.01,62004.89434,55.6,56.44,55.01,55.63,4164.259765625,4169.47998046875,4140.35986328125,4154.8701171875,3536640000,16.940000534057617,17.34000015258789,16.579999923706055,16.829999923706055,0.031761089816271876,0.0008548548034659753,0.4632668359685208,0.08858919705602349,0.38999918469667055,0.10474303117019881,0.6999354126471709,0.15600081034635568
2023-04-19,30380.01,30413.53,28520.0,28797.1,86575.48656,55.63,56.1,54.35,55.71,4139.330078125,4162.56982421875,4134.490234375,4154.52001953125,3572560000,17.299999237060547,17.719999313354492,16.170000076293945,16.459999084472656,-0.053510138704066394,-8.426554793962826e-05,0.48859582052681194,0.08919720296515805,0.4402814455102023,0.09272021401216794,0.7219426855341206,0.14820235303225107
2023-04-20,28797.1,29088.3,28010.0,28243.65,76879.09372,55.14,56.16,54.02,56.11,4130.47998046875,4148.56982421875,4114.56982421875,4129.7900390625,3772080000,16.850000381469727,17.690000534057617,16.329999923706055,17.170000076293945,-0.01940603406257386,-0.005970335188311131,0.466588446124422,0.10012085763103493,0.44599198855832956,0.0973180254082487,0.7208600781443958,0.14972392470932996
2023-04-21,28243.65,28374.02,27125.0,27262.84,77684.7679,56.11,56.22,53.15,54.82,4132.14013671875,4138.02001953125,4113.85986328125,4133.52001953125,3611750000,17.510000228881836,17.709999084472656,16.579999923706055,16.770000457763672,-0.03534405077145466,0.0009027812573008861,0.49177566560414254,0.09422348930195557,0.4647465091078226,0.07728110846998007,0.7003171545699652,0.13752538127751748
2023-04-24,27590.59,28000.0,26942.82,27510.93,53111.56874,54.22,54.3,52.42,52.72,4132.06982421875,4142.41015625,4117.77001953125,4137.0400390625,3290940000,18.219999313354492,18.239999771118164,16.739999771118164,16.889999389648438,0.009058777460443366,0.0008512167782723126,0.47568992531087734,0.046915511538204085,0.4573449692774645,0.0758763488713769,0.6977122380307579,0.12854654001775453
2023-04-25,27510.93,28399.99,27192.0,28300.79,52325.14637,52.72,53.53,52.08,52.38,4126.43017578125,4126.43017578125,4071.3798828125,4071.6298828125,3978640000,17.6200008392334,19.86000061035156,17.329999923706055,18.760000228881836,0.028306339200071688,-0.01593718381857645,0.5345164412483497,0.10567036830127421,0.4706475426825886,0.09984346945616378,0.4840789632045612,0.1386616124943995
2023-04-26,28300.8,30036.0,27235.0,28415.29,129228.40403,52.39,58.62,51.68,55.47,4087.780029296875,4089.669921875,4049.35009765625,4055.989990234375,3837030000,18.65999984741211,19.61000061035156,17.8700008392334,18.84000015258789,0.004037661120266265,-0.0038485835033448754,0.5111799393995597,0.09820563754893023,0.47090590242269925,0.1005286908859006,0.48123250688790403,0.132491793600001
2023-04-27,28415.29,29890.0,28378.86,29472.77,95430.82431,55.46,56.97,53.47,55.07,4075.2900390625,4138.240234375,4075.2900390625,4135.35009765625,3750550000,18.43000030517578,18.43000030517578,16.719999313354492,17.030000686645508,0.0365394056503652,0.019377193402696356,0.5262010362471129,0.16878623334889806,0.49377416313358596,0.13099885368471356,0.48576764725077015,0.1402311720797347
2023-04-28,29472.77,29599.54,28891.0,29311.7,54298.16578,55.07,55.1,50.61,50.73,4129.6298828125,4170.06005859375,4127.18017578125,4169.47998046875,4087800000,17.209999084472656,17.649999618530273,15.720000267028809,15.779999732971191,-0.005480032501360423,0.008219331313243467,0.4018974399999194,0.17714808598680404,0.43326656675952974,0.13502425476501018,0.48215120553961166,0.133852835378714
2023-05-01,29233.2,29337.34,27666.95,28068.26,64433.65958,53.3,55.07,53.02,53.19,4166.7900390625,4186.919921875,4164.1201171875,4167.8701171875,3321370000,16.40999984741211,16.6200008392334,15.529999732971191,16.079999923706055,-0.04334735315814921,-0.0003861810485107871,0.47568034106939655,0.17164691652558187,0.4582833224893933,0.13508578664432908,0.4279621734987295,0.12844809830398776
2023-05-02,28068.26,28879.88,27872.0,28669.86,50824.5224,53.19,53.55,51.95,53.21,4164.10009765625,4164.10009765625,4089.719970703125,4119.580078125,4486130000,16.270000457763672,19.809999465942383,16.260000228881836,17.780000686645508,0.021206996165195773,-0.011653906680571788,0.4215843578061637,0.1885990708943667,0.47081965813268917,0.1441045766983639,0.43094519644918594,0.13270810659480445
2023-05-03,28669.85,29266.66,28113.69,29026.16,64615.79213,53.21,54.41,50.94,52.92,4122.25,4148.2998046875,4088.860107421875,4090.75,4246510000,17.81999969482422,18.829999923706055,17.190000534057617,18.34000015258789,0.012351095602062214,-0.007022908054892971,0.4226591192674326,0.19214437871967463,0.46811897394772906,0.13479121949044984,0.43056483248466915,0.13023005026041698
2023-05-04,29026.16,29379.83,28663.64,28838.16,42575.47501,52.92,54.03,51.6,51.9,4082.550048828125,4082.610107421875,4048.280029296875,4061.219970703125,4920090000,19.170000076293945,21.329999923706055,18.670000076293945,20.09000015258789,-0.006497982228264741,-0.007244913455062742,0.40235017965860415,0.17081161105286874,0.46738056215442275,0.13737884916578785,0.42052593135480293,0.12197677728030867
2023-05-05,28838.16,29677.0,28800.0,29505.61,58415.83048,51.9,52.6,51.41,51.67,4084.72998046875,4147.02001953125,4084.72998046875,4136.25,4186270000,19.5,19.6299991607666,16.690000534057617,17.190000534057617,0.02288090465334252,0.018306166381879797,0.42048281809856486,0.2009103476720083,0.45774773975881544,0.16006478046133898,0.4117276751041808,0.13179260516766284
2023-05-08,28430.09,28631.01,27262.0,27668.79,68244.36179,51.68,51.87,50.79,51.34,4136.97998046875,4142.2998046875,4123.81005859375,4138.1201171875,3641640000,17.729999542236328,17.8799991607666,16.829999923706055,16.979999542236328,-0.06427535158583327,0.0004520264848820656,0.5280302815384621,0.16402626592069966,0.5079095761274115,0.16001952189937846,0.4449720000899431,0.1312535317126031
2023-05-09,27668.8,27818.0,27353.0,27628.27,40113.31069,51.34,52.02,51.07,51.98,4124.25,4130.35009765625,4116.64990234375,4119.169921875,3810140000,17.290000915527344,17.860000610351562,17.219999313354492,17.709999084472656,-0.0014655392981985705,-0.004589938949059595,0.5297083584855489,0.1551467189030618,0.46068571872525277,0.16104652766290461,0.4434760600576413,0.1323808412276005
2023-05-10,27628.28,28331.42,26777.0,27598.75,71155.11355,51.98,52.31,50.55,50.86,4143.740234375,4154.27978515625,4098.919921875,4137.64013671875,4057160000,17.579999923706055,18.309999465942383,16.360000610351562,16.940000534057617,-0.0010690420309266652,0.004473942241914432,0.4701108847725728,0.15959698379609247,0.4545237431328763,0.16040305338004293,0.44330250314440034,0.13245318986357035
2023-05-11,27598.74,27630.14,26702.05,26968.62,47635.31365,50.86,51.98,48.61,51.21,4132.240234375,4132.7998046875,4109.2900390625,4130.6201171875,3752900000,16.799999237060547,18.190000534057617,16.6299991607666,16.93000030517578,-0.0230965139643067,-0.0016980648897067581,0.45141458280042385,0.14199685228083303,0.4396509357298697,0.1605414162594972,0.4326408441684779,0.12702797884668748
2023-05-12,26968.61,27091.12,25811.46,26795.01,67207.93494,51.21,52.86,50.09,50.09,4138.5400390625,4143.740234375,4099.1201171875,4124.080078125,3533740000,16.829999923706055,17.920000076293945,16.3799991607666,17.030000686645508,-0.00645829172740886,-0.0015845615894390477,0.42800665307233504,0.1335850257267222,0.43784825733813826,0.1606089151560012,0.43191989529646196,0.1263593350078298
2023-05-15,26917.61,27663.59,26726.0,27162.14,40430.08333,48.02,53.18,47.94,52.28,4126.64990234375,4141.25,4110.27001953125,4136.27978515625,3562170000,17.440000534057617,18.15999984741211,17.079999923706055,17.1200008392334,0.013608415777521022,0.002953797680316935,0.45394535472160613,0.11995702029446634,0.4223703105871629,0.1439124438607886,0.4313193132654129,0.11974093248654168
2023-05-16,27162.15,27296.89,26852.11,27033.84,33270.45451,52.28,52.51,50.33,50.57,4127.9501953125,4135.5400390625,4109.85986328125,4109.89990234375,3654200000,17.540000915527344,18.299999237060547,17.260000228881836,17.989999771118164,-0.004734677357132959,-0.006398107681917463,0.40075147688160423,0.06165503558108678,0.4212019255674294,0.14601171593289744,0.42635662631844606,0.12076385102985915
2023-05-17,27033.85,27500.0,26544.71,27405.61,42958.97785,50.57,50.57,49.16,49.72,4122.85009765625,4164.669921875,4113.6201171875,4158.77001953125,4039080000,17.959999084472656,18.260000228881836,16.68000030517578,16.8700008392334,0.013658322391184448,0.011820688622071574,0.20075198095965482,0.09878137483271243,0.38892611330951027,0.13017985691269843,0.426530527274117,0.12430028161224704
2023-05-18,27405.62,27485.33,26361.2,26821.28,49198.65143,49.72,49.91,46.1,46.28,4157.68017578125,4202.2001953125,4153.5,4198.0498046875,3980500000,16.920000076293945,17.149999618530273,16.049999237060547,16.049999237060547,-0.021552134669642054,0.009400723063727155,0.23451098436292467,0.1028322781906684,0.39508383673076947,0.1316430810913926,0.430678281935504,0.1265950817280795
2023-05-19,26821.28,27183.6,26630.0,26880.26,28754.13544,46.28,46.95,45.07,46.52,4204.14990234375,4212.91015625,4180.2001953125,4191.97998046875,4041900000,16.1299991607666,17.360000610351562,15.850000381469728,16.809999465942383,0.002196585934586688,-0.0014469138806754414,0.23716605553207706,0.1046857215020727,0.3578933660555071,0.13185633737468241,0.43070573139739426,0.1264983906112451
2023-05-22,26747.78,27099.89,26538.21,26849.27,26458.83828,47.02,48.0,45.54,47.58,4190.77978515625,4209.22021484375,4179.68017578125,4192.6298828125,3728520000,17.450000762939453,18.1299991607666,16.81999969482422,17.209999084472656,-0.0011535557238824357,0.00015502267980239146,0.1948220309636943,0.10260732392243599,0.3406247942390167,0.11988392921483336,0.39537031557827,0.1265047046324034
2023-05-23,26849.28,27495.83,26798.11,27219.61,38700.83858,47.58,50.25,46.2,50.08,4176.7998046875,4185.68017578125,4142.5400390625,4145.580078125,4155320000,17.350000381469727,19.309999465942383,17.299999237060547,18.530000686645508,0.01369903691712277,-0.011285468768284297,0.20668972372023986,0.13016126842960724,0.34197705347867263,0.12675671138794473,0.39315342932233,0.1311663229720385
2023-05-24,27219.61,27219.61,26080.5,26329.01,54393.0657,50.08,52.23,48.91,51.3,4132.9599609375,4132.9599609375,4103.97998046875,4115.240234375,0,18.799999237060547,20.809999465942383,18.799999237060547,20.030000686645508,-0.03326629631528951,-0.007345512678305211,0.27763643779054165,0.1372875623751007,0.36307873083693204,0.1268834563099744,0.4021423668247264,0.132430284203496
2023-05-25,26329.0,26631.98,25871.89,26473.79,37435.44895,51.3,51.56,47.31,47.77,4155.7099609375,4165.740234375,4129.72998046875,4151.27978515625,4147760000,19.540000915527344,19.950000762939453,18.700000762939453,19.13999938964844,0.005483813844004058,0.008719456079011883,0.2838961138970632,0.14098105755369603,0.3427186522484803,0.10630455127020749,0.3986313246265174,0.12922411632456116
2023-05-26,26473.8,26932.16,26327.24,26705.92,35061.18713,47.77,47.79,43.56,45.24,4156.16015625,4212.8701171875,4156.16015625,4205.4501953125,3715460000,19.06999969482422,19.559999465942383,17.270000457763672,17.950000762939453,0.008730076726596555,0.012964680931640788,0.2730918478429764,0.14464148643028918,0.23106251769511899,0.11921600393330783,0.39991239477716195,0.13433560920379556
2023-05-30,27736.39,28038.59,27554.0,27694.4,32686.75371,47.12,47.38,44.22,44.68,4226.7099609375,4231.10009765625,4192.18017578125,4205.52001953125,4228510000,17.559999465942383,18.34000015258789,16.979999542236328,17.459999084472656,0.036344963014229154,1.660313066576836e-05,0.32925135733425104,0.13393302477182237,0.2840486853139186,0.1164852138232742,0.4061435927309354,0.13408650317635928
2023-05-31,27694.39,27835.51,26839.01,27210.35,46588.80573,44.68,45.94,43.69,43.93,4190.740234375,4195.43994140625,4166.14990234375,4179.830078125,5980670000,18.040000915527344,18.399999618530273,17.1200008392334,17.940000534057617,-0.017632811059524262,-0.006127358186214099,0.3557046208980672,0.13926740662584558,0.29396984108062263,0.11984168702155996,0.3955278461308902,0.13541579139559534
2023-06-01,27210.36,27350.0,26605.05,26817.93,39217.8088,43.86,44.06,41.54,42.13,4183.02978515625,4232.43017578125,4171.64013671875,4221.02001953125,4391860000,17.239999771118164,17.59000015258789,15.579999923706056,15.649999618530272,-0.014526721963616974,0.009806215085853812,0.3690780224094625,0.15234987995479388,0.2835540144025592,0.12515488702867242,0.3680256104972296,0.13824014002891213
2023-06-02,26817.93,27300.0,26505.0,27242.59,36380.90269,42.13,43.61,39.89,41.4,4241.009765625,4290.669921875,4241.009765625,4282.3701171875,4454200000,15.649999618530272,15.649999618530272,14.420000076293944,14.600000381469728,0.015710863858149307,0.014429812390107408,0.37243460999156064,0.14337483675658985,0.2899009814914555,0.13541100182085838,0.36797635461290945,0.14248416155798807
2023-06-05,27115.2,27129.33,25388.0,25728.2,65805.60305,41.69,42.61,39.18,40.11,4282.990234375,4299.27978515625,4266.81982421875,4273.7900390625,3813290000,15.279999732971191,15.289999961853027,14.65999984741211,14.729999542236328,-0.05719389092682314,-0.002005591490657713,0.475839724587905,0.12730971987340098,0.3743922841686365,0.1368509711018067,0.3903607072648676,0.1427875475221762
2023-06-06,25728.2,27355.33,25351.02,27230.08,68392.60438,40.11,43.65,39.76,43.65,4271.33984375,4288.330078125,4263.08984375,4283.85009765625,3996560000,14.90999984741211,14.970000267028809,13.949999809265137,13.960000038146973,0.05673457801927024,0.002351130233850576,0.5989886268651723,0.12606486211662937,0.4540165299859911,0.13093298740460477,0.42494770214640093,0.1428298758651424
2023-06-07,27230.07,27391.77,26125.01,26339.34,59619.44364,43.64,45.7,41.64,45.63,4285.47021484375,4299.18994140625,4263.9599609375,4267.52001953125,4537800000,14.140000343322754,14.289999961853027,13.770000457763672,13.9399995803833,-0.03325860556385626,-0.003819293926420617,0.6369129575393899,0.11868723175791666,0.4710081914768021,0.1271782801376644,0.4263403275991911,0.13428580544317073
2023-06-08,26339.34,26810.0,26210.0,26498.61,31075.51083,45.63,46.13,41.35,41.35,4268.68994140625,4298.009765625,4261.06982421875,4293.93017578125,3826740000,14.140000343322754,14.210000038146973,13.529999732971191,13.649999618530272,0.00602863973269374,0.00616957160752325,0.5840904821992279,0.11990146443676569,0.4642487380447923,0.1241595491565351,0.42664027797855253,0.1339139635200615
2023-06-09,26498.62,26783.33,26269.91,26477.81,27934.7097,41.35,41.78,40.44,40.8,4304.8798828125,4322.6201171875,4291.7001953125,4298.85986328125,3786510000,13.779999732971191,14.140000343322754,13.5,13.829999923706056,-0.0007852550651334101,0.0011474010230505239,0.579093666265497,0.10354265501912593,0.4640399336952193,0.12340573192787982,0.4105020590324483,0.12323724015139441
2023-06-12,25925.54,26106.48,25602.11,25905.19,29900.50893,42.81,46.46,39.85,46.45,4308.31982421875,4340.1298828125,4304.3701171875,4338.93017578125,3945670000,14.4399995803833,15.020000457763672,14.31999969482422,15.010000228881836,-0.02186368898989145,0.00927797498175416,0.5863766226846782,0.10234253627346454,0.4723499657458409,0.12706636457229786,0.4138961135204323,0.12379124767030183
2023-06-13,25905.2,26433.21,25712.57,25934.25,41065.60853,46.45,46.45,45.33,45.38,4352.60986328125,4375.3701171875,4349.31005859375,4369.009765625,4275400000,14.989999771118164,15.0600004196167,14.470000267028809,14.609999656677246,0.0011211542039807445,0.006908570725908897,0.5711250561296991,0.07668484687386906,0.4669424276557017,0.11142586205122568,0.3969923755323384,0.12471551784418082
2023-06-14,25934.24,26098.0,24820.56,25128.6,45077.31608,45.38,47.54,42.05,44.66,4366.2900390625,4391.81982421875,4337.85009765625,4372.58984375,4252110000,14.479999542236328,14.729999542236328,13.829999923706056,13.880000114440918,-0.03155784923802867,0.0008190899801265841,0.4917531298832131,0.0708025271193385,0.46487979896969234,0.10051685027104944,0.398905202744681,0.11829622269970154
2023-06-15,25128.6,25759.01,24800.0,25598.49,48664.86063,44.66,48.4,43.76,46.63,4365.330078125,4439.2001953125,4362.60009765625,4425.83984375,4176690000,14.09000015258789,14.520000457763672,13.789999961853027,14.5,0.018526725673652867,0.012104580493589997,0.3185534169110057,0.08768700679849406,0.4728993385968317,0.10433411760007782,0.40155076255136,0.11862628000543421
2023-06-16,25598.49,26518.0,25175.56,26345.0,51596.91662,46.63,46.78,43.14,45.06,4440.9501953125,4448.47021484375,4407.43994140625,4409.58984375,6848600000,14.489999771118164,14.539999961853027,13.479999542236328,13.539999961853027,0.028745138290379006,-0.0036783764677510893,0.3356030654358919,0.0871170278597066,0.4893694225623756,0.10226339700695385,0.41262827356410275,0.11647877647636037
2023-06-20,26844.35,28402.74,26652.0,28307.99,69666.95525,45.22,53.13,45.14,52.71,4396.10986328125,4400.14990234375,4367.18994140625,4388.7099609375,4055790000,14.359999656677246,14.670000076293944,13.859999656677246,13.880000114440918,0.07186559329519707,-0.004746353835236048,0.5494015257899417,0.10252674801392204,0.5599845114252088,0.10718338288128355,0.46093684094416587,0.10861010058849446
2023-06-20,26844.35,28402.74,26652.0,28307.99,69666.95525,45.22,53.13,45.14,52.71,4396.10986328125,4400.14990234375,4367.18994140625,4388.7099609375,4055790000,14.359999656677246,14.670000076293944,13.859999656677246,13.880000114440918,0.0,0.0,0.5488078244869803,0.10367812489789317,0.5532224931229724,0.09992513661397161,0.4206058207236272,0.10867305798145305
2023-06-21,28308.0,30800.0,28257.99,29993.89,108926.40412,52.71,59.24,51.99,55.83,4380.009765625,4386.22021484375,4360.14013671875,4365.68994140625,3709330000,13.880000114440918,13.890000343322754,13.100000381469728,13.199999809265137,0.057849597296170514,-0.005259086366925201,0.5653410099935487,0.10313055763799132,0.5930069781172268,0.10186896102818985,0.45184875992695506,0.10904019261611
2023-06-22,29993.89,30500.0,29525.61,29884.92,59054.5646,55.83,56.2,50.91,51.05,4355.39990234375,4382.25,4351.81982421875,4381.89013671875,3511000000,13.880000114440918,13.979999542236328,12.729999542236328,12.90999984741211,-0.0036396889082070654,0.0037039303873345254,0.5730187585895062,0.09686251600581405,0.5938083894425605,0.0863054631798896,0.452098347396823,0.10890730260295195
2023-06-23,29884.92,31431.94,29800.0,30688.5,73931.89635,51.05,53.97,49.39,52.71,4354.169921875,4366.5498046875,4341.33984375,4348.330078125,6053620000,13.239999771118164,13.800000190734863,12.880000114440918,13.4399995803833,0.026533986237444202,-0.007688288056502158,0.4438504959198914,0.10818065013555773,0.5212252020336292,0.09398561013073868,0.4504151236787983,0.11197332809157798
2023-06-26,30462.67,30666.0,29930.0,30267.99,45180.41489,49.51,52.12,48.66,49.51,4344.83984375,4362.06005859375,4328.080078125,4328.81982421875,3415030000,14.43000030517578,14.710000038146973,13.779999732971191,14.25,-0.013797273131554646,-0.004496934363132171,0.5117079732819914,0.06030329467810125,0.4904254411422724,0.09685614458022565,0.4524370727244354,0.1130315759947125
2023-06-27,30267.99,30994.97,30226.17,30692.44,42699.64157,49.51,50.67,48.87,48.92,4337.35986328125,4384.419921875,4335.0,4378.41015625,3573500000,14.109999656677246,14.34000015258789,13.59000015258789,13.739999771118164,0.013925651745678577,0.01139073352418076,0.513581179323737,0.1056564783168444,0.45379672353771977,0.10417919810963727,0.4524961657672719,0.11649189163660859
2023-06-28,30692.44,30709.74,29858.8,30077.41,40463.51937,48.92,48.92,46.94,48.44,4367.47998046875,4390.35009765625,4360.22021484375,4376.85986328125,3739330000,13.899999618530272,13.960000038146973,13.359999656677246,13.43000030517578,-0.020241978544881276,-0.0003541393883898215,0.4265860797184954,0.10237501931368176,0.47258986871866115,0.10257872773933928,0.4573254047535438,0.11404369699472018
2023-06-29,30077.4,30843.98,30049.98,30447.31,36330.62903,48.44,48.59,43.41,43.52,4374.93994140625,4398.39013671875,4371.97021484375,4396.43994140625,3696660000,13.640000343322754,13.850000381469728,13.40999984741211,13.539999961853027,0.012223257058951633,0.00446356811449,0.4224466543256009,0.10650216304589458,0.4705609408797984,0.10340304468247544,0.4570687832394113,0.11053254626929915
2023-06-30,30447.31,31282.0,29500.0,30472.0,89419.07618,43.52,47.17,42.92,46.06,4422.43994140625,4458.47998046875,4422.43994140625,4450.3798828125,3923450000,13.510000228881836,13.59000015258789,12.960000038146973,13.59000015258789,0.0008105804662547625,0.0121943502618858,0.2613002607762195,0.11929065619318917,0.4502121814443666,0.10822676887702434,0.45096887190512885,0.1124698861426984
2023-07-03,30617.02,31380.0,30570.27,31156.2,43761.64311,47.88,49.62,46.67,49.05,4450.47998046875,4456.4599609375,4442.2900390625,4455.58984375,2034280000,13.850000381469728,13.850000381469728,13.470000267028809,13.56999969482422,0.022205033170077774,0.0011699930926736418,0.28198890056524994,0.11940371721503676,0.44958773129526175,0.10569677927469134,0.4538947201349332,0.11203886130111322
2023-07-05,30766.52,30878.07,30200.0,30504.81,33215.67122,46.61,46.65,45.22,46.45,4442.0400390625,4454.06005859375,4436.60986328125,4446.81982421875,3482620000,14.1899995803833,14.739999771118164,14.050000190734863,14.18000030517578,-0.021128886249095338,-0.0019702580976127164,0.2808812791349868,0.10294188083805016,0.4313111040658174,0.10665296891522165,0.45987047875721254,0.11251670074550803
2023-07-06,30504.8,31500.0,29850.45,29895.43,71319.6261,46.45,49.92,45.36,47.96,4422.6201171875,4422.6201171875,4385.0498046875,4411.58984375,3682020000,14.850000381469728,17.079999923706055,14.789999961853027,15.4399995803833,-0.02017875019166179,-0.007954061175894762,0.29545986736251834,0.11516232395761691,0.45384482320271474,0.10069248856196632,0.46428558152598787,0.10948166666540894
2023-07-07,29895.42,30449.0,29701.02,30344.7,34070.53895,47.96,48.37,44.81,45.04,4404.5400390625,4440.39013671875,4397.39990234375,4398.9501953125,3630480000,15.970000267028809,16.059999465942383,14.329999923706056,14.829999923706056,0.014916247025860701,-0.002869212795733482,0.29772107108471,0.10089413732796702,0.44715601947402267,0.10021275311002507,0.45231445027840705,0.10687295654788055
2023-07-10,30160.71,31045.78,29950.0,30411.57,41262.87652,43.89,44.83,43.55,44.26,4394.22998046875,4412.60009765625,4389.919921875,4409.52978515625,3429600000,16.079999923706055,16.209999084472656,15.039999961853027,15.06999969482422,0.0022012551791503647,0.002402138610626312,0.26772920073681383,0.10107585242851559,0.34709537666479606,0.09846229199564456,0.4523670694701413,0.1050891639166081
2023-07-11,30411.57,30813.63,30300.0,30622.1,28476.83311,44.26,44.53,43.07,43.96,4415.5498046875,4443.64013671875,4408.4599609375,4439.259765625,3624220000,15.020000457763672,15.25,14.630000114440918,14.84000015258789,0.006898842392956891,0.006719583998254874,0.26065029788420363,0.10509091756473155,0.3463560334172218,0.1020759835939547,0.4522536906668634,0.10090865744351038
2023-07-12,30622.1,30983.25,30210.0,30380.0,38108.99669,43.96,46.49,41.23,41.26,4467.68994140625,4488.33984375,4463.22998046875,4472.16015625,3920290000,14.81999969482422,14.81999969482422,13.510000228881836,13.539999961853027,-0.007937473335964864,0.007383905235389679,0.26589260574665746,0.08665563091411474,0.2542330956263859,0.10157741198934106,0.4433334399046839,0.10202787745756431
2023-07-13,30380.0,31804.2,30251.0,31454.23,70772.51836,41.26,46.55,40.63,45.15,4491.5,4517.3798828125,4489.35986328125,4510.0400390625,3839530000,13.4399995803833,13.609999656677246,13.119999885559082,13.609999656677246,0.034748976139702924,0.008434482989627111,0.3165689474634961,0.09847527041256157,0.2904895549940782,0.10528261481662095,0.44803137202614446,0.10060628320575053
2023-07-14,31454.23,31630.0,29900.0,30312.01,60749.48424,45.15,45.45,42.08,42.21,4514.60986328125,4527.759765625,4499.56005859375,4505.419921875,3647450000,13.720000267028809,13.760000228881836,13.220000267028809,13.34000015258789,-0.03698946968873567,-0.001024932196907484,0.3731403576083683,0.09713550962391501,0.31729265282319674,0.0967759743099993,0.4610071839852805,0.09868257350808296
2023-07-17,30232.0,30336.96,29659.2,30138.0,30882.76839,42.1,43.47,41.79,42.9,4508.85986328125,4532.85009765625,4504.89990234375,4522.7900390625,3538240000,13.779999732971191,14.0,13.43000030517578,13.479999542236328,-0.005757169622631501,0.0038479695744204137,0.35124569843074116,0.06863029725393091,0.3127496041488177,0.09134588520468527,0.4605001920195494,0.09178693027501938
2023-07-18,30138.01,30239.78,29512.0,29859.13,30003.8601,42.9,43.57,42.06,42.67,4521.77978515625,4562.2998046875,4514.58984375,4554.97998046875,4090010000,13.609999656677246,13.670000076293944,13.289999961853027,13.300000190734863,-0.00929617827722886,0.007092066941428338,0.34130471490762837,0.0539052966246096,0.30774169048353833,0.08544092514002567,0.4253458669303298,0.09227730016620997
2023-07-19,29859.14,30189.09,29761.96,29909.21,25657.36137,42.67,42.68,40.52,40.53,4563.8701171875,4578.43017578125,4557.47998046875,4565.72021484375,4115670000,13.31999969482422,13.84000015258789,13.119999885559082,13.760000228881836,0.0016758040032582482,0.002355134827233639,0.3410278217345955,0.054000333870653755,0.296348289243187,0.08425234841094596,0.39603596701669863,0.0922773865474575
2023-07-20,29909.21,30417.46,29570.96,29800.0,37540.68193,40.53,42.05,40.08,41.62,4554.3798828125,4564.740234375,4527.56005859375,4534.8701171875,3761770000,13.960000038146973,14.229999542236328,13.579999923706056,13.989999771118164,-0.00365806621063334,-0.006779827396257691,0.3347898473628536,0.08657639579999055,0.29084296731580356,0.09350702033032782,0.38142602475340986,0.09431087755065165
2023-07-21,29800.0,30061.7,29726.34,29901.72,23881.40865,41.62,41.79,38.63,38.76,4550.16015625,4555.0,4535.7900390625,4536.33984375,3570190000,13.869999885559082,13.890000343322754,13.369999885559082,13.600000381469728,0.0034076103143899864,0.0003240420146130911,0.33594405739926886,0.08195213613865136,0.29145701715591593,0.08177426105715535,0.38138738988383225,0.09359789051849081
2023-07-24,30083.75,30099.58,28861.9,29176.5,39628.99691,39.27,39.65,37.58,38.25,4543.39013671875,4563.41015625,4541.2900390625,4554.64013671875,3856250000,14.289999961853027,14.300000190734863,13.729999542236328,13.90999984741211,-0.024552413093029253,0.004026038496874852,0.23467007018159908,0.07103668315837705,0.285659703008561,0.08253542831420069,0.3901143914475834,0.09378695273310501
2023-07-25,29176.5,29376.0,29047.65,29228.91,21565.7478,38.25,38.38,36.47,37.77,4555.18994140625,4580.6201171875,4552.419921875,4567.4599609375,3812470000,14.020000457763672,14.09000015258789,13.81999969482422,13.859999656677246,0.0017946972401168204,0.0028107195758387046,0.15394671302840002,0.06922922970861717,0.2764957795196857,0.08103850219646108,0.38284598927462743,0.09121980323218228
2023-07-26,29228.91,29690.0,29096.94,29351.96,33931.63366,37.77,39.35,37.58,38.15,4558.9599609375,4582.47021484375,4547.580078125,4566.75,3990290000,13.859999656677246,14.15999984741211,13.149999618530272,13.1899995803833,0.004201036310069169,-0.00015545097867591856,0.163712516996686,0.06879436502669632,0.26638423697369606,0.06840323284824724,0.38274712511667086,0.09001177195341623
2023-07-27,29351.95,29567.49,29083.85,29222.78,22476.47626,38.15,38.15,36.34,36.36,4598.259765625,4607.06982421875,4528.56005859375,4537.41015625,4553210000,13.140000343322754,15.020000457763672,12.739999771118164,14.40999984741211,-0.004410782171051959,-0.006445393055197076,0.15935936363081094,0.06954664253796292,0.2559797004521067,0.07516204176240292,0.3685784528826552,0.0928885594838022
2023-07-28,29222.78,29542.22,29123.12,29314.14,23993.61627,36.36,36.55,35.05,35.47,4565.75,4590.16015625,4564.009765625,4582.22998046875,3981010000,14.029999732971191,14.18000030517578,13.270000457763672,13.329999923706056,0.0031214513568593983,0.009829375810433848,0.1613934659556584,0.09312958805647739,0.25635011156163784,0.08183257062699324,0.3663747251796692,0.0907849298171286
2023-07-31,29281.09,29530.0,29101.8,29232.25,22605.48964,36.33,37.19,35.75,36.77,4584.81982421875,4594.22021484375,4573.14013671875,4588.9599609375,4503600000,13.979999542236328,14.09000015258789,13.56999969482422,13.630000114440918,-0.002797441598149239,0.0014676354365687912,0.16129975409947597,0.07789516559943868,0.25264092976805047,0.0798974551136043,0.3595925371217156,0.089620605767818
2023-08-01,29232.26,29739.25,28585.7,29705.99,44719.65162,36.17,37.07,35.59,36.56,4578.830078125,4584.6201171875,4567.52978515625,4576.72998046875,4042370000,13.75,14.300000190734863,13.75,13.93000030517578,0.016076157104390566,-0.0026686453076827116,0.19582094609714093,0.08206357303397455,0.26439811722159956,0.0790449712969952,0.2985513547302163,0.08859309688254936
2023-08-02,29705.99,30047.5,28927.5,29186.01,48181.65141,36.56,37.46,36.4,36.82,4550.93017578125,4550.93017578125,4505.75,4513.39013671875,4270710000,15.699999809265137,16.479999542236328,14.949999809265137,16.09000015258789,-0.017659224099430867,-0.013936200638336184,0.16242882920436913,0.11910336311793479,0.21327339258718517,0.09681341996899204,0.30371957080440565,0.09909005692806076
2023-08-03,29186.0,29433.33,28968.0,29193.64,26476.91994,36.82,37.08,35.74,36.21,4494.27001953125,4519.490234375,4485.5400390625,4501.89013671875,4149120000,16.770000457763672,17.420000076293945,15.720000267028809,15.920000076293944,0.0002613924558795061,-0.0025512254502915274,0.16199569452572077,0.1156255887817186,0.15736493831862214,0.09735788377471752,0.2514438430090088,0.09792339738981662
2023-08-04,29193.65,29333.08,28807.54,29113.99,23551.95217,36.21,36.26,34.21,34.37,4513.9599609375,4540.33984375,4474.5498046875,4478.02978515625,4143310000,16.010000228881836,17.389999389648438,14.56999969482422,17.100000381469727,-0.002732062666357572,-0.0053141693739379705,0.15945530420975723,0.11618756108624019,0.15674235407110518,0.09799410391806536,0.2513717026017949,0.09925782517804121
2023-08-07,29088.43,29276.78,28701.03,29211.06,30966.87746,34.03,36.75,33.93,36.29,4491.580078125,4519.83984375,4491.14990234375,4518.43994140625,3493920000,16.899999618530273,17.360000610351562,15.770000457763672,15.770000457763672,0.0033285900183196966,0.008983618964856572,0.1595959443861923,0.1317132939439476,0.15522751767746085,0.10119009662541564,0.23803092657056923,0.09874032622839914
2023-08-08,29211.06,30244.0,29146.45,29770.42,45700.53392,36.29,41.23,34.76,39.85,4498.02978515625,4503.31005859375,4464.39013671875,4499.3798828125,3884910000,16.280000686645508,18.13999938964844,15.960000038146973,15.989999771118164,0.01896787840738051,-0.004227205100058866,0.19682998022774437,0.11022149716055961,0.177910359280348,0.10134840048639202,0.2423973350292351,0.09860621933948183
2023-08-09,29770.41,30160.0,29376.67,29581.99,38003.88725,39.85,40.64,38.51,38.73,4501.56982421875,4502.43994140625,4461.330078125,4467.7099609375,3803100000,15.8100004196167,16.8700008392334,15.380000114440918,15.960000038146973,-0.006349552885029144,-0.007063619102045116,0.20171595072902154,0.10885422238377386,0.1792471217729056,0.10166631443370651,0.23897262384959533,0.0966632197158897
2023-08-10,29581.99,29738.0,29320.2,29455.75,23463.45373,38.73,38.73,36.04,36.2,4487.16015625,4527.3701171875,4457.919921875,4468.830078125,4504370000,15.579999923706056,16.860000610351562,14.600000381469728,15.850000381469728,-0.004276592986209428,0.00025068252108086326,0.17613112857159932,0.1115334116151871,0.17894403016405805,0.10164734954138005,0.2323216736610367,0.09662325851588496
2023-08-11,29455.76,29564.52,29252.45,29426.03,20637.0443,36.2,36.22,32.74,32.74,4450.68994140625,4476.22998046875,4443.97998046875,4464.0498046875,3753290000,15.529999732971191,16.510000228881836,14.84000015258789,14.84000015258789,-0.0010094804377126705,-0.0010702648992294865,0.134142696375247,0.08379116291313997,0.14341375560311784,0.09895764673031694,0.22907004932509173,0.09607640117703752
2023-08-14,29303.85,29695.32,29102.45,29430.93,31443.11532,33.76,35.03,32.21,35.01,4458.1298828125,4490.330078125,4453.43994140625,4489.72021484375,3896410000,15.880000114440918,16.059999465942383,14.770000457763672,14.81999969482422,0.00016650537205192955,0.005734004879419051,0.1341708961912812,0.0938589603627572,0.14331899040787918,0.10211571912930456,0.22903006071510024,0.09093534340975098
2023-08-15,29430.92,29499.26,29059.6,29200.0,27503.87691,35.01,36.53,34.43,34.58,4478.8701171875,4478.8701171875,4432.18994140625,4437.85986328125,3832250000,14.949999809265137,16.56999969482422,14.90999984741211,16.459999084472656,-0.0078774528796102,-0.011618139396096483,0.14365097990231926,0.11335520227224566,0.14638819193439762,0.11098133140230931,0.21872704463770873,0.09720139946197005
2023-08-16,29200.01,29259.85,28723.08,28730.51,32996.69854,34.58,37.43,34.23,36.56,4433.7900390625,4449.9501953125,4403.5498046875,4404.330078125,3753910000,16.540000915527344,16.93000030517578,15.800000190734863,16.780000686645508,-0.016209084961303622,-0.007584081792624527,0.1720650904421801,0.09185383903664396,0.16057102388651248,0.1119573870023269,0.2154601410199689,0.09945902794714899
2023-08-17,28730.51,28783.48,25166.0,26623.41,100271.54033,36.56,53.59,36.3,52.3,4416.31982421875,4421.169921875,4364.830078125,4370.35986328125,3943700000,16.959999084472656,18.1299991607666,16.399999618530273,17.889999389648438,-0.07616872037641167,-0.0077428113775290805,0.43002654559377823,0.09513840837078942,0.354432099389624,0.0997376596168701,0.30074510973823476,0.09931991603399291
2023-08-18,26623.41,26832.6,25619.0,26054.0,69790.65711,52.3,52.3,41.49,43.58,4344.8798828125,4381.81982421875,4335.31005859375,4369.7099609375,3940400000,17.799999237060547,18.8799991607666,17.139999389648438,17.299999237060547,-0.021619596661148415,-0.00014871788395720285,0.4254281800271031,0.09530990050701987,0.3591963841446014,0.09844165847650033,0.2995592952711712,0.09902401717533796
2023-08-21,26190.0,26258.42,25812.0,26126.92,30267.24233,43.18,43.92,42.3,42.63,4380.27978515625,4407.5498046875,4360.2998046875,4399.77001953125,3726850000,18.030000686645508,18.11000061035156,16.8799991607666,17.1299991607666,0.0027948931321038965,0.006855634859799785,0.43706464512016274,0.11203345433288305,0.3459568161458206,0.10783974856404344,0.29968962248600894,0.10087362049695249
2023-08-22,26126.92,26139.42,25300.0,26056.0,34247.06688,42.63,44.11,41.89,42.13,4415.330078125,4418.58984375,4382.77001953125,4387.5498046875,3522760000,16.959999084472656,17.579999923706055,16.610000610351562,16.969999313354492,-0.0027181324335439115,-0.0027813310465456837,0.4345303377135243,0.11176286078764551,0.3446549753341995,0.09518575694754894,0.29764354359315165,0.09905556199670741
2023-08-23,26055.99,26819.27,25812.82,26432.72,44023.69978,42.13,44.02,40.05,43.38,4396.43994140625,4443.18017578125,4396.43994140625,4436.009765625,3837270000,16.639999389648438,17.100000381469727,15.90999984741211,15.979999542236328,0.01435456870308414,0.010984330710791359,0.4658009192234042,0.13077160902316418,0.35627559068588915,0.1099057542150746,0.3029456575891813,0.10201649288684396
2023-08-24,26432.71,26577.87,25864.0,26180.05,30205.22116,43.38,43.38,41.37,41.72,4455.16015625,4458.2998046875,4375.5498046875,4376.31005859375,3723470000,15.56999969482422,17.31999969482422,15.479999542236328,17.200000762939453,-0.009604966342235453,-0.01354935398400801,0.4647512406693706,0.13726357260927188,0.3558365858411865,0.12108044077136257,0.27917555244242437,0.10555148943362341
2023-08-25,26180.05,26314.05,25777.15,26060.01,27753.33772,41.72,42.18,36.25,36.31,4389.3798828125,4418.4599609375,4356.2900390625,4405.7099609375,3296180000,17.209999084472656,17.360000610351562,15.449999809265137,15.68000030517578,-0.004595714908301547,0.006695501060295156,0.46930889224580313,0.13956407245252733,0.35269878207162497,0.1175253013816428,0.26338838384309826,0.10788374363890428
2023-08-28,26101.78,26253.99,25864.5,26120.0,22692.62655,36.05,37.6,35.82,36.42,4426.02978515625,4439.56005859375,4414.97998046875,4433.31005859375,2957230000,16.239999771118164,16.280000686645508,15.0,15.079999923706056,0.0022993489817507945,0.006245078594196461,0.17810418241509188,0.1318016614288491,0.3344714799142787,0.12166625756824265,0.2642309169114075,0.10898878127468847
2023-08-29,26120.0,28142.85,25922.0,27716.34,74251.99488,36.42,44.99,36.08,40.6,4432.75,4500.14013671875,4431.68017578125,4497.6298828125,3354820000,15.079999923706056,15.300000190734863,14.34000015258789,14.449999809265137,0.059320826564098275,0.014404068712056505,0.3729875031283191,0.14938752290155066,0.44398357317442544,0.13453130441962202,0.32244305759943154,0.11538436016311024
2023-08-30,27716.34,27768.57,27017.24,27299.99,35448.25848,40.6,40.6,38.08,38.18,4500.33984375,4521.64990234375,4493.58984375,4514.8701171875,3064110000,14.529999732971191,14.699999809265137,13.829999923706056,13.880000114440918,-0.0151357950818478,0.003825854181192944,0.39974085402001197,0.14815997970335668,0.4461899792364535,0.13526791842641908,0.3242356103333625,0.11577008558563888
2023-08-31,27299.99,27587.51,25655.01,25940.78,51032.80401,38.18,39.52,35.98,35.98,4517.009765625,4532.259765625,4507.39013671875,4507.66015625,3946360000,13.979999542236328,14.0,13.4399995803833,13.56999969482422,-0.05107008806335594,-0.0015982129743398576,0.529604504640482,0.14614623168362834,0.485404622518417,0.13542273990620055,0.3528713193943344,0.11424238123645658
2023-09-01,25940.77,26156.0,25333.75,25805.05,41032.15056,35.98,38.09,35.24,36.09,4530.60009765625,4541.25,4501.35009765625,4515.77001953125,3246260000,13.5600004196167,13.5600004196167,13.020000457763672,13.09000015258789,-0.005246038619321044,0.001797512765518541,0.5192639577255828,0.13746940625841758,0.48396334315478934,0.1336006371573466,0.35205033368038724,0.11438091724781811
2023-09-05,25826.03,25915.49,25562.62,25792.1,21323.39337,39.51,40.19,39.09,39.79,4510.06005859375,4514.2900390625,4496.009765625,4496.830078125,3526250000,14.149999618530272,14.470000267028809,13.699999809265137,14.010000228881836,-0.0005019657198863958,-0.004202997821381205,0.5175895413603274,0.0969866208041389,0.48541992608085655,0.1240164332281805,0.34725883388408696,0.11425571278646522
2023-09-06,25792.11,26040.0,25372.51,25759.95,27262.52386,39.79,40.83,37.77,39.41,4490.35009765625,4490.35009765625,4442.3798828125,4465.47998046875,3418850000,14.270000457763672,15.300000190734863,14.130000114440918,14.449999809265137,-0.0012472832474370724,-0.006996014491432261,0.5173101761841346,0.11365704591518543,0.4851819420761788,0.1232554046813911,0.3469211290961888,0.11537157465978481
2023-09-07,25759.95,26443.14,25615.38,26255.0,27687.49567,39.41,41.0,38.8,39.74,4434.5498046875,4457.81005859375,4430.4599609375,4451.14013671875,3763760000,14.8100004196167,15.6899995803833,14.399999618530272,14.399999618530272,0.019035486849342184,-0.003216433115732967,0.5322139774245046,0.1127263429708093,0.3823427218936298,0.11844452643965875,0.35266354052363724,0.11557479608698396
2023-09-08,26255.0,26445.5,25647.26,25910.5,28999.76471,39.74,41.31,39.45,40.0,4451.2998046875,4473.52978515625,4448.3798828125,4457.490234375,3259290000,14.220000267028809,14.869999885559082,13.579999923706056,13.84000015258789,-0.01320815513349337,0.0014256060622570594,0.3401566570666558,0.060770173137404675,0.3751450606795017,0.11825732445289706,0.35373406780600664,0.11451276277539432
2023-09-11,25841.6,25900.69,24901.0,25162.52,41682.32,40.52,45.54,40.46,44.33,4480.97998046875,4490.77001953125,4467.89013671875,4487.4599609375,3369920000,14.170000076293944,14.329999923706056,13.739999771118164,13.800000190734863,-0.02929270615715353,0.006700951498135517,0.35982652975991847,0.0722763015299759,0.394080227657253,0.11812126046511001,0.360466471072333,0.11237773883828855
2023-09-12,25162.53,26567.0,25131.48,25840.1,56434.38537,44.33,44.83,41.62,43.57,4473.27001953125,4487.10986328125,4456.830078125,4461.89990234375,3435740000,14.020000457763672,14.420000076293944,13.710000038146973,14.229999542236328,0.02657196307677719,-0.005712169023003997,0.29896558771315224,0.07800526375896037,0.4131654011767762,0.12076195678416128,0.37195699990119496,0.11310046608957659
2023-09-13,25840.1,26405.22,25764.17,26222.0,31610.82753,43.57,44.26,42.66,44.05,4462.64990234375,4479.39013671875,4453.52001953125,4467.43994140625,3529430000,14.420000076293944,14.68000030517578,13.40999984741211,13.479999542236328,0.014671204201257093,0.0012408621175346041,0.3095384439552688,0.07709584385981262,0.4133896003787743,0.1122336154547294,0.3713161270081092,0.11314758718819672
2023-09-14,26222.0,26860.49,26126.77,26522.73,38333.1725,44.05,44.23,41.14,41.71,4487.77978515625,4511.990234375,4478.68994140625,4505.10009765625,3648720000,13.390000343322754,13.460000038146973,12.789999961853027,12.81999969482422,0.011403348118842957,0.00839458553366625,0.31324858350172013,0.09399982278744322,0.4140988688409625,0.09647744072875737,0.3716873052111272,0.10906542681736593
2023-09-15,26522.73,26888.0,26224.0,26600.0,26227.29369,41.71,41.85,38.81,39.14,4497.97998046875,4497.97998046875,4447.2099609375,4450.31982421875,6932230000,12.699999809265137,14.170000076293944,12.68000030517578,13.789999961853027,0.0029091145916004006,-0.012234145842493929,0.3113163571847962,0.11409424524164037,0.4133814928626531,0.11119592319207797,0.3719800249724393,0.11446334073042848
2023-09-18,26527.5,27409.0,26377.35,26762.51,43000.43256,39.83,43.03,39.54,41.48,4445.1298828125,4466.35986328125,4442.10986328125,4453.52978515625,3161230000,14.399999618530272,14.75,13.859999656677246,14.0,0.006090811785247521,0.0007210276941755188,0.2953585741887333,0.11257213306964321,0.41384255766717937,0.10830721980151203,0.37293383018331905,0.11353724498305798
2023-09-19,26762.5,27483.57,26667.79,27210.26,36190.52187,41.48,42.76,41.35,42.53,4445.41015625,4449.85009765625,4416.60986328125,4443.9501953125,3614880000,14.109999656677246,14.880000114440918,13.859999656677246,14.109999656677246,0.01659208048714994,-0.0021533273615331264,0.28159759202599455,0.112818751411941,0.32975133406141544,0.08733572244647853,0.37679137483881964,0.11026501870182387
2023-09-20,27210.25,27388.63,26800.0,27125.0,34207.21867,42.53,43.83,41.96,43.01,4452.81005859375,4461.02978515625,4401.3798828125,4402.2001953125,3308450000,14.18000030517578,15.149999618530272,13.56999969482422,15.140000343322754,-0.003138296199427117,-0.009439204206291041,0.155583163907291,0.11149908343254229,0.323881061133555,0.09157637989904922,0.37132297900294803,0.11277975339368994
2023-09-21,27125.01,27159.6,26377.7,26568.08,34476.82662,43.01,43.28,40.79,41.37,4374.35986328125,4375.7001953125,4329.169921875,4330.0,3662340000,15.489999771118164,17.540000915527344,15.100000381469728,17.540000915527344,-0.020745316649489014,-0.016536918318488084,0.20453749657099757,0.13911353425690198,0.2488978376940118,0.11083030997259237,0.3747453250888919,0.12048334596816417
2023-09-22,26568.08,26743.38,26468.77,26580.14,18198.2292,41.37,41.42,36.8,37.29,4341.740234375,4357.39990234375,4316.490234375,4320.06005859375,3349570000,17.309999465942383,17.40999984741211,15.93000030517578,17.200000762939453,0.0004538251782273123,-0.0022982374027607495,0.1906074103469231,0.13475984715049097,0.2469787582824831,0.10882928275656663,0.3749198684292479,0.12047188898423643
2023-09-25,26248.39,26446.15,25990.46,26304.81,26266.2039,38.6,40.34,38.0,39.25,4310.6201171875,4338.509765625,4302.7001953125,4337.43994140625,3195650000,17.25,18.40999984741211,16.790000915527344,16.899999618530273,-0.010412508194091312,0.0040149942038066174,0.19005014092767666,0.1183192857820599,0.25253021925941815,0.11282134873799825,0.37538381349593086,0.1213913196230248
2023-09-26,26304.8,26397.46,26088.34,26221.67,18495.35066,39.25,40.45,38.51,38.67,4312.8798828125,4313.009765625,4265.97998046875,4273.52978515625,3472340000,18.030000686645508,19.5,17.170000076293945,18.940000534057617,-0.0031656440496646743,-0.014844165482264943,0.18804698516406898,0.1254554966922018,0.25305154597179375,0.12321392794577767,0.37520685794246517,0.12609223609313117
2023-09-27,26221.68,26850.0,26112.06,26372.99,34771.57978,38.67,39.64,35.54,36.06,4282.6298828125,4292.06982421875,4238.6298828125,4274.509765625,3875880000,18.290000915527344,19.709999084472656,18.030000686645508,18.219999313354492,0.005754212215801185,0.00022928777229479233,0.18744511707734687,0.12441385303679717,0.24096071674360875,0.12403609082195288,0.37601414600950106,0.12257577274982177
2023-09-28,26373.0,27308.48,26342.4,27021.39,44517.83491,36.06,40.38,35.39,38.63,4269.64990234375,4317.27001953125,4264.3798828125,4299.7001953125,3846230000,18.219999313354492,18.770000457763672,17.059999465942383,17.34000015258789,0.024288394222757907,0.005875877143000698,0.22214584481025512,0.14247935260371652,0.25239543163905426,0.12839940603752828,0.38228749326314204,0.12273946153864647
2023-09-29,27021.39,27244.89,26665.16,26906.96,28478.76219,38.63,38.85,33.04,33.04,4328.18017578125,4333.14990234375,4274.85986328125,4288.0498046875,3865960000,16.8700008392334,17.739999771118164,15.829999923706056,17.520000457763672,-0.0042437853832940535,-0.002713259648289315,0.2226921565638668,0.1387779975424129,0.20889841571290968,0.12122868027495225,0.3113562274114827,0.12112273892267011
2023-10-02,27992.58,28580.0,27281.44,27494.51,57071.14241,37.49,40.8,36.2,38.17,4284.52001953125,4300.580078125,4260.2099609375,4288.39013671875,3938660000,17.309999465942383,18.549999237060547,16.93000030517578,17.610000610351562,0.021601359178026584,7.936440615299324e-05,0.21084625757207973,0.10656390501838522,0.1997131081015487,0.12143550728052258,0.3100475798630844,0.12113247953307908
2023-10-03,27494.51,27676.52,27160.5,27426.46,28928.96555,37.53,38.35,36.94,37.96,4269.75,4281.14990234375,4216.4501953125,4229.4501953125,3953830000,17.809999465942383,20.479999542236328,17.520000457763672,19.780000686645508,-0.0024781075361443865,-0.013839395863449198,0.21414895144304963,0.13054398771983913,0.19588752793913472,0.12828952254671008,0.3102762023924965,0.12481874074186537
2023-10-04,27426.45,27839.72,27202.0,27778.57,29816.142,37.96,38.19,37.04,37.28,4233.830078125,4268.5,4220.47998046875,4263.75,3777600000,20.719999313354492,20.8799991607666,18.299999237060547,18.579999923706055,0.012756619276586195,0.008077047607828946,0.19027729631419393,0.14155904611867526,0.19706564499221618,0.1277048760751147,0.31163548016956233,0.1276463562794116
2023-10-05,27778.57,28120.39,27352.0,27410.39,30681.49619,37.28,38.35,36.65,36.75,4259.31005859375,4267.1298828125,4225.91015625,4258.18994140625,3581470000,18.670000076293945,19.579999923706055,18.260000228881836,18.489999771118164,-0.013342721522066095,-0.0013048811469951228,0.22203086417546838,0.11198179800451014,0.20937568561413236,0.1222343278769733,0.31253496689575266,0.12252518699438625
2023-10-06,27410.39,28295.0,27175.94,27931.09,37983.24277,36.75,36.8,34.47,35.06,4234.7900390625,4324.10009765625,4219.5498046875,4308.5,3902030000,18.729999542236328,19.93000030517578,17.190000534057617,17.450000762939453,0.018818266735082634,0.011745642093961117,0.23410655202015382,0.13428785955145156,0.22068446330042668,0.13705655092880548,0.3148358970355758,0.12259739761595616
2023-10-09,27917.06,27987.93,27260.0,27590.12,31534.74639,37.85,39.05,36.76,36.81,4289.02001953125,4341.72998046875,4283.7900390625,4335.66015625,3174630000,19.540000915527344,19.600000381469727,17.559999465942383,17.700000762939453,-0.012282667710662713,0.006284068119387409,0.2313671749462419,0.13491443013067606,0.22034635124495758,0.14189815452662605,0.31704930099132544,0.12239259014842047
2023-10-10,27590.12,27735.0,27298.0,27390.12,22776.84383,36.81,39.06,36.67,38.53,4339.75,4385.4599609375,4339.64013671875,4358.240234375,3520240000,17.700000762939453,17.860000610351562,16.510000228881836,17.030000686645508,-0.007275373195296091,0.005194476099985354,0.23600860317362543,0.13364303376135048,0.22253713434549505,0.14012209969295103,0.3181574904536046,0.12192389302030787
2023-10-11,27390.12,27477.39,26538.66,26875.52,37349.44706,38.53,38.64,36.09,36.88,4366.58984375,4378.64013671875,4345.33984375,4376.9501953125,3601660000,16.950000762939453,17.780000686645508,16.09000015258789,16.09000015258789,-0.01896652932854734,0.004283819500095073,0.22360725435715792,0.13306276437953066,0.219319800546004,0.12110841564536372,0.2723043909272526,0.11442116846710473
2023-10-12,26875.52,26947.04,26555.0,26759.63,23428.64112,36.88,37.82,35.16,35.19,4380.93994140625,4385.85009765625,4325.43017578125,4349.60986328125,3713140000,16.079999923706055,18.079999923706055,15.4399995803833,16.690000534057617,-0.004321426540286491,-0.006266024940654918,0.22361250691569307,0.09543968047965533,0.2204081566213029,0.12418800432308934,0.2692217441187299,0.11453245600587662
2023-10-13,26759.63,27130.0,26685.0,26862.0,24115.76499,35.19,36.86,34.97,35.37,4360.490234375,4377.10009765625,4311.97021484375,4327.77978515625,3566560000,16.530000686645508,20.780000686645508,16.5,19.31999969482422,0.0038182399293200187,-0.005031495660219892,0.2016449660376136,0.10395994248509556,0.21497686277281527,0.12513343221646472,0.22294868031205048,0.11505603957067939
2023-10-16,27154.14,30000.0,27112.66,28500.78,78399.22445,38.17,45.18,36.27,42.63,4342.3701171875,4383.330078125,4342.3701171875,4373.6298828125,3409960000,19.100000381469727,19.56999969482422,17.139999389648438,17.209999084472656,0.05921880683426545,0.010538642302589985,0.42201429994037704,0.1115381912371074,0.32402200332727543,0.11315713543240923,0.27826874837200094,0.11982904377961481
2023-10-17,28500.77,28613.65,28069.32,28395.91,38428.44532,42.63,42.68,40.81,41.08,4345.22998046875,4393.56982421875,4337.5400390625,4373.2001953125,3794850000,17.40999984741211,18.540000915527344,16.969999313354492,17.8799991607666,-0.0036863346095197267,-9.824987944376507e-05,0.413871231327752,0.09801503785287109,0.32659965108510564,0.11324556206787043,0.27880055478715765,0.1194853570022735
2023-10-18,28395.91,28982.36,28142.87,28320.0,32162.47591,41.08,41.09,39.21,39.24,4357.35009765625,4364.2001953125,4303.83984375,4314.60009765625,3686030000,18.36000061035156,20.149999618530273,17.8799991607666,19.219999313354492,-0.0026768518861103275,-0.013490408251151898,0.40348226538203974,0.1295482697630042,0.316042153717589,0.1280153936433253,0.2790296669080042,0.12375694747475809
2023-10-19,28320.0,28916.89,28100.66,28713.71,35895.50179,39.24,40.58,39.04,39.18,4321.35986328125,4339.5400390625,4269.68994140625,4278.0,3969730000,19.729999542236328,21.399999618530273,18.549999237060547,21.399999618530273,0.01380644022600064,-0.008519032328057976,0.3991348595468694,0.1294910640556267,0.31690878781572807,0.13289469371252194,0.27684717051878,0.1254702982862378
2023-10-20,28713.71,30207.55,28578.29,29669.04,59422.0992,39.18,46.59,39.08,44.26,4273.85009765625,4276.56005859375,4223.02978515625,4224.16015625,4004030000,21.59000015258789,21.829999923706055,20.420000076293945,21.709999084472656,0.03272936881268124,-0.012665149196155915,0.3793155569295085,0.1312674170580344,0.33162749354721943,0.14304748176961796,0.2853828028420697,0.12937401672276866
2023-10-23,29992.46,34741.91,29883.6,33069.99,93513.64246,48.81,64.06,47.91,55.37,4210.39990234375,4255.83984375,4189.22021484375,4217.0400390625,3776100000,21.829999923706055,23.079999923706055,19.479999542236328,20.3700008392334,0.1085221467405827,-0.0016869920654349177,0.6537763034545251,0.13239418823467342,0.5456134746241509,0.13079911019864596,0.4000122147771482,0.12684849019756175
2023-10-24,33069.99,35280.0,32832.34,33922.73,115265.02418,55.37,63.84,53.06,54.19,4235.7900390625,4259.3798828125,4219.43017578125,4247.68017578125,3821820000,20.030000686645508,20.239999771118164,18.649999618530273,18.969999313354492,0.02545906657086265,0.0072395235196288195,0.6294755429676668,0.14940075337182407,0.5479949965040919,0.12981507947323695,0.39960282583021356,0.1291518016361998
2023-10-25,33922.73,35132.85,33679.05,34496.05,54887.02529,54.19,60.04,53.32,58.36,4232.419921875,4232.419921875,4181.419921875,4186.77001953125,3869370000,19.38999938964844,21.239999771118164,18.86000061035156,20.190000534057617,0.016759533553249224,-0.014443434657238052,0.6073197993330883,0.1306620483581643,0.5332734606681643,0.14313079966577683,0.39990282634396074,0.1340196887601523
2023-10-26,34496.05,34824.13,33751.0,34151.66,39744.66255,58.36,60.82,54.75,55.02,4175.990234375,4183.60009765625,4127.89990234375,4137.22998046875,4277640000,21.780000686645508,21.959999084472656,20.219999313354492,20.68000030517578,-0.01003363081588025,-0.011903081205584871,0.6219281074695469,0.126496735671215,0.5446881226030332,0.1366620611357375,0.4036579988659204,0.13303306602476658
2023-10-27,34151.66,34245.0,33390.95,33892.02,32330.40106,55.02,55.02,47.19,47.19,4152.93017578125,4156.7001953125,4103.77978515625,4117.3701171875,4019500000,20.38999938964844,22.06999969482422,19.719999313354492,21.270000457763672,-0.00763160546721126,-0.00481183857862075,0.6322706799144976,0.12105786102031811,0.5406199976198779,0.13016524030267596,0.406058980123786,0.13018714909349163
2023-10-30,34525.88,34856.0,34062.84,34474.73,33657.95976,54.21,57.29,53.07,53.89,4139.39013671875,4177.47021484375,4132.93994140625,4166.81982421875,3911140000,21.1299991607666,21.15999984741211,19.549999237060547,19.75,0.017047003440746823,0.011938474300285915,0.6300142614330758,0.1629983649164376,0.5312266516005293,0.14172005739431145,0.4068344721075002,0.13657072668051704
2023-10-31,34474.74,34720.49,34025.0,34639.77,32737.89822,53.89,54.76,53.32,54.76,4171.330078125,4195.5498046875,4153.1201171875,4193.7998046875,4249470000,19.86000061035156,19.86000061035156,17.969999313354492,18.13999938964844,0.004775852062776867,0.006454084821688244,0.6399475717697244,0.15946519765426653,0.5096716536171988,0.1442211260046508,0.4062181643434016,0.1388653755976842
2023-11-01,34639.78,35582.0,34097.39,35421.43,53473.28165,54.76,60.03,54.57,59.78,4201.27001953125,4245.64013671875,4197.740234375,4237.85986328125,4224900000,18.020000457763672,18.420000076293945,16.6299991607666,16.8700008392334,0.022314560261213128,0.010451194990191868,0.22684901472905014,0.17338924867080105,0.49935318690710545,0.15410335336752823,0.4068258762697749,0.14146199275657442
2023-11-02,35421.43,35984.99,34300.0,34941.59,48015.57732,59.78,61.94,58.84,60.0,4268.259765625,4319.72021484375,4268.259765625,4317.77978515625,4669780000,16.59000015258789,16.6200008392334,15.579999923706056,15.65999984741211,-0.013639193957310053,0.018682938934086474,0.23474875998945954,0.2026345700587856,0.5155693443688416,0.17593730859588766,0.40282857089206814,0.1452075920906946
2023-11-03,34941.58,34946.5,34120.0,34716.78,39071.20644,60.0,60.62,57.33,57.89,4334.22998046875,4373.6201171875,4334.22998046875,4358.33984375,4570960000,15.699999809265137,15.829999923706056,14.90999984741211,14.90999984741211,-0.0064546666973641625,0.00934988354455146,0.22376321754691308,0.16703433093062434,0.4904002466749331,0.17460257925309777,0.4046155450823405,0.1475763202081266
2023-11-06,35011.89,35276.33,34725.9,35046.09,22346.47086,60.1,60.97,57.32,57.36,4364.27001953125,4372.2099609375,4347.52978515625,4365.97998046875,3656340000,15.390000343322754,15.579999923706056,14.84000015258789,14.890000343322754,0.009440908780479053,0.0017514577241005862,0.2140538436327162,0.11991355734794486,0.4842996239472541,0.17481000875354294,0.40045028248979936,0.1472257855260433
2023-11-07,35046.09,35888.0,34523.06,35399.12,38688.73692,55.68,57.02,52.02,55.48,4366.2099609375,4386.259765625,4355.41015625,4378.3798828125,3791230000,15.100000381469728,15.170000076293944,14.710000038146973,14.8100004196167,0.010022908737337355,0.0028360934017119537,0.20061168302241517,0.0919493854401538,0.47825843345591385,0.16398860180512587,0.39862743377678866,0.14025993926563948
2023-11-08,35399.13,36106.0,35100.0,35624.72,33401.34137,55.48,58.03,54.31,57.58,4384.3701171875,4391.2001953125,4359.759765625,4382.77978515625,3729510000,14.90999984741211,15.09000015258789,14.300000190734863,14.449999809265137,0.0063528178351219345,0.0010044110324198868,0.18609674744443877,0.09928861587002445,0.4799446120649558,0.15808993059669307,0.39857575884549157,0.14025014130805274
2023-11-09,35624.72,37972.24,35534.05,36701.09,82537.88885,57.58,65.12,57.53,58.87,4391.41015625,4393.39990234375,4343.93994140625,4347.35009765625,3900780000,14.609999656677246,15.56999969482422,14.130000114440918,15.289999961853027,0.029766675983155067,-0.008116690699068705,0.239375752107756,0.13578291554574418,0.4780323066227908,0.15108493387355054,0.40059068060468617,0.1417343088881037
2023-11-10,36701.1,37526.0,36324.71,37301.63,43414.04898,58.87,59.33,55.91,56.84,4364.14990234375,4418.02978515625,4353.33984375,4415.240234375,3665080000,15.09000015258789,15.449999809265137,14.15999984741211,14.170000076293944,0.01623057053490802,0.015495759270772258,0.22682474659029744,0.14698623184210308,0.21885080383701142,0.160154518867361,0.39856307504387956,0.14798273901448886
2023-11-13,37064.13,37417.99,36333.0,36462.93,32798.18252,58.33,59.04,56.12,56.26,4406.66015625,4421.759765625,4393.81982421875,4411.5498046875,3326240000,15.15999984741211,15.1899995803833,14.579999923706056,14.760000228881836,-0.022740897364614175,-0.0008361884413700847,0.2655341349134392,0.11955108413424459,0.24127007345927265,0.159949650186539,0.4087946844439116,0.14805462776835385
2023-11-14,36462.93,36744.0,34800.0,35551.19,45503.68416,56.26,57.45,55.64,56.24,4458.97021484375,4508.669921875,4458.97021484375,4495.7001953125,4700350000,14.829999923706056,14.859999656677246,13.90999984741211,14.15999984741211,-0.0253224983929354,0.01889537047457725,0.3212531242657737,0.15036154856480674,0.2667573867187094,0.15305988693299194,0.4197817445546465,0.15003677005730093
2023-11-15,35551.2,37980.0,35360.0,37858.2,53569.13385,56.24,60.51,54.0,60.51,4505.2998046875,4521.169921875,4495.31005859375,4502.8798828125,4347170000,14.210000038146973,14.350000381469728,13.970000267028809,14.18000030517578,0.06287397140001015,0.0015957382078471765,0.482837979146739,0.1504810370622594,0.3638613946060579,0.13347907163615377,0.4482112173952189,0.14894063152323245
2023-11-16,37858.2,37929.54,35500.0,36163.51,47490.39566,60.51,61.88,55.07,55.35,4497.080078125,4511.990234375,4487.830078125,4508.240234375,3964520000,14.119999885559082,14.420000076293944,13.68000030517578,14.31999969482422,-0.04579700167213188,0.0011897193967137305,0.5916147097996383,0.15152516312363382,0.42520079263434124,0.1262452654459315,0.472320951682385,0.14866120478202893
2023-11-17,36163.51,36800.0,35861.1,36613.92,38283.61112,55.35,56.53,54.48,55.4,4509.5498046875,4520.1201171875,4499.66015625,4514.02001953125,3777240000,14.18000030517578,14.1899995803833,13.670000076293944,13.800000190734863,0.012377896572665345,0.0012812279371779871,0.5941257555393831,0.15129077563174248,0.42301428640780236,0.12540389411141514,0.4715539684094486,0.14570448328934912
2023-11-20,37359.85,37750.0,36677.0,37448.78,36022.70291,56.54,58.15,54.37,57.94,4511.7001953125,4557.10986328125,4510.35986328125,4547.3798828125,3644790000,14.260000228881836,14.3100004196167,13.390000343322754,13.40999984741211,0.022545636693706843,0.007363103793795633,0.5823919503493898,0.12442043574592482,0.430061148739393,0.12556669226334044,0.4686750750135837,0.1460420924343373
2023-11-21,37448.79,37649.44,35735.0,35741.65,47646.54804,57.94,59.34,55.34,55.72,4538.77001953125,4542.14013671875,4525.509765625,4538.18994140625,3511080000,13.449999809265137,14.3100004196167,13.130000114440918,13.350000381469728,-0.046657457238005864,-0.002022975931757968,0.6411217318105219,0.11481645415876807,0.4751891081758024,0.12770926948321817,0.49460488339248176,0.1459919260440728
2023-11-22,35741.65,37861.1,35632.01,37408.34,45051.30697,55.72,56.92,53.49,55.5,4553.0400390625,4568.43017578125,4545.0498046875,4556.6201171875,3042810000,13.079999923706056,13.25,12.81999969482422,12.850000381469728,0.045576998787717926,0.004052905094313324,0.6953996287347354,0.10994780436203798,0.506097348701339,0.11108307865196329,0.4983985786790252,0.145953113003518
2023-11-24,37294.27,38414.0,37251.51,37713.57,44680.80646,53.87,55.28,50.94,53.65,4555.83984375,4560.31005859375,4552.7998046875,4559.33984375,1639500000,13.029999732971191,13.170000076293944,12.449999809265137,12.460000038146973,0.008126302424924204,0.0005966956096450322,0.6651579915313637,0.04694269447868624,0.50354563627684,0.10886097282054195,0.4963700957722503,0.14418961342873746
2023-11-27,37447.42,37569.23,36707.0,37242.7,30001.07376,53.19,53.28,50.39,50.62,4554.85986328125,4560.52001953125,4546.31982421875,4550.43017578125,3403990000,13.140000343322754,13.279999732971191,12.640000343322754,12.6899995803833,-0.012564024172246616,-0.0019560693168983586,0.5498545600209959,0.05273315272973845,0.5091810184171328,0.11094723228131978,0.5008063055042291,0.14323849608001046
2023-11-28,37242.7,38377.0,36868.41,37818.87,37544.46667,50.62,51.88,49.67,50.58,4545.5498046875,4568.14013671875,4540.509765625,4554.89013671875,3586240000,12.779999732971191,14.300000190734863,12.5600004196167,12.6899995803833,0.01535223194675372,0.0009796385280502918,0.46232281299081635,0.05280020161339453,0.5108328848317013,0.11126512877252276,0.47971606784665516,0.14075456272335815
2023-11-29,37818.88,38450.0,37570.0,37854.64,32994.19107,50.58,52.37,50.33,51.9,4571.83984375,4587.64013671875,4547.14990234375,4550.580078125,4418760000,12.710000038146973,13.100000381469728,12.479999542236328,12.979999542236328,0.0009453771250752638,-0.0009466966151019382,0.46119528547256344,0.05479052363079923,0.5110135744568287,0.11218742605752482,0.47880263097826314,0.14085205698236378
2023-11-30,37854.65,38145.85,37500.0,37723.96,24740.29147,51.9,52.79,49.64,49.8,4554.8701171875,4569.89013671875,4537.240234375,4567.7998046875,5399300000,13.06999969482422,13.390000343322754,12.81999969482422,12.920000076293944,-0.0034581251896556686,0.003776931264994605,0.44519238988871157,0.039925839726331465,0.49824541489023494,0.10075785051018252,0.4789817942240705,0.13378242031619134
2023-12-01,37723.97,38999.0,37615.86,38682.52,43415.66324,49.8,52.41,49.61,51.46,4559.43017578125,4599.39013671875,4554.7099609375,4594.6298828125,4397120000,12.9399995803833,12.960000038146973,12.479999542236328,12.630000114440918,0.025092382063089787,0.005856558953846637,0.30986802115261625,0.04545980292356917,0.5045430997026649,0.08575633215923327,0.4809645195161627,0.13050044594495813
2023-12-04,39972.26,42420.0,39972.26,41991.1,79272.33059,54.72,55.85,53.55,55.09,4564.3701171875,4572.3701171875,4546.72021484375,4569.77978515625,4369910000,13.279999732971191,13.699999809265137,12.979999542236328,13.079999923706056,0.08206987265525567,-0.005423188063826943,0.49904494990771353,0.05898027333319548,0.5910518927723868,0.09158312870975369,0.5208875703945502,0.12480911455576917
2023-12-05,41991.1,44488.0,41414.0,44073.32,67490.74644,55.09,55.72,53.08,55.71,4557.25,4578.56005859375,4551.68017578125,4567.18017578125,3909950000,13.260000228881836,13.760000228881836,12.8100004196167,12.850000381469728,0.04839691964470645,-0.0005690315939348026,0.5282716787749427,0.05924108668258944,0.5881954297897537,0.053363002336268735,0.44764982479424326,0.12451547150975001
2023-12-06,44073.82,44297.21,43335.28,43762.69,51431.10492,55.71,57.1,53.51,53.71,4586.22998046875,4590.740234375,4546.5,4549.33984375,4245680000,12.779999732971191,13.029999732971191,12.640000343322754,12.970000267028809,-0.007072982823143485,-0.003913851944943747,0.5138997610654872,0.06332092181147005,0.5524142857460468,0.05739193593450539,0.447548164502068,0.12514438172736367
2023-12-07,43762.69,44047.33,42821.1,43273.14,47103.26845,53.71,54.02,52.29,52.4,4568.83984375,4590.919921875,4565.22021484375,4585.58984375,3818880000,13.170000076293944,13.279999732971191,12.949999809265137,13.0600004196167,-0.011249508685349425,0.007936610684821922,0.5538607331542525,0.07965182010940348,0.5014375921367542,0.06505853932141312,0.45040396157712526,0.11559025476358821
2023-12-08,43273.15,44700.0,43081.1,44170.99,42900.37556,52.4,53.83,51.89,53.72,4576.2001953125,4609.22998046875,4574.06005859375,4604.3701171875,3707010000,13.140000343322754,13.239999771118164,12.350000381469728,12.350000381469728,0.020536119557329653,0.0040871341465037936,0.5389453046501309,0.08031539607772384,0.5024916032048486,0.06619304747791921,0.4487409504221046,0.10657468962554616
2023-12-11,43789.5,43804.5,40222.0,41253.4,76663.89804,55.03,58.92,54.25,55.59,4593.39013671875,4623.7099609375,4593.39013671875,4622.43994140625,3823210000,13.050000190734863,13.140000343322754,12.609999656677246,12.630000114440918,-0.0683347051335975,0.003916813547781492,0.7622121738725639,0.08047310899089867,0.6074131145406877,0.06164942704502099,0.49941883992598624,0.10357247325334606
2023-12-12,41253.41,42104.12,40680.0,41492.39,42722.69773,53.83,54.73,53.46,53.87,4618.2998046875,4643.93017578125,4608.08984375,4643.7001953125,3808380000,12.6899995803833,12.739999771118164,11.8100004196167,12.06999969482422,0.005776503301278852,0.0045888127956924,0.7579028823716345,0.07804491503725718,0.5563653556325961,0.06139400039598201,0.4984279766767325,0.10074091951528755
2023-12-13,41492.38,43475.2,40555.0,42869.03,45865.99773,53.87,54.77,52.95,53.46,4646.2001953125,4709.68994140625,4643.22998046875,4707.08984375,5063650000,12.199999809265137,12.460000038146973,11.81999969482422,12.1899995803833,0.032639616880829996,0.01355834517501981,0.6026653907738624,0.0894147900851614,0.5431759405650067,0.07927277201943533,0.5042559244450934,0.10451600792202742
2023-12-14,42869.03,43420.0,41400.0,43022.26,42047.05709,53.46,54.07,52.32,53.13,4721.0400390625,4738.56982421875,4694.33984375,4719.5498046875,6314040000,11.960000038146973,12.739999771118164,11.84000015258789,12.479999542236328,0.0035680023564587876,0.002643565185154432,0.5142359883642463,0.08409336601881064,0.5437811790339259,0.07888462093349964,0.5022656059858782,0.10266332876182846
2023-12-15,43022.26,43080.81,41666.0,41940.3,33421.7932,53.13,54.9,52.53,54.15,4714.22998046875,4725.52978515625,4704.68994140625,4719.18994140625,8218980000,12.119999885559082,12.539999961853027,12.010000228881836,12.279999732971191,-0.025470477640977214,-7.625240044859478e-05,0.5312488051577575,0.06949048569886689,0.5564980235661078,0.07722728629850488,0.507526815990459,0.09259948174939572
2023-12-18,41374.64,42757.81,40542.93,42657.8,46734.0925,54.6,56.22,54.17,56.02,4725.580078125,4749.52001953125,4725.580078125,4740.56005859375,4060340000,12.619999885559082,12.640000343322754,12.399999618530272,12.5600004196167,0.016962962631484585,0.004518122263400515,0.5464610347324057,0.06688992151716418,0.5569251130205407,0.07724629708971424,0.5070367062779513,0.09074393822182417
2023-12-19,42657.8,43497.0,41811.1,42275.99,40927.86444,56.02,57.67,56.02,57.62,4743.72021484375,4768.68994140625,4743.72021484375,4768.3701171875,4026970000,12.600000381469728,12.600000381469728,12.329999923706056,12.529999732971191,-0.008990828549252048,0.005849267450818904,0.5234465819041181,0.06699412981520823,0.561151894953072,0.07613788055460496,0.5090335907696436,0.09110811849709276
2023-12-20,42275.99,44283.0,42206.0,43668.93,48710.2947,57.62,58.86,56.99,58.1,4764.72998046875,4778.009765625,4697.81982421875,4698.35009765625,4201320000,12.630000114440918,13.93000030517578,12.289999961853027,13.670000076293944,0.03241755264462973,-0.014793147965305628,0.337813443330448,0.1370859114868993,0.5676920292211927,0.10811636213896654,0.5145830131389687,0.10460770779909961
2023-12-21,43668.92,44242.35,43286.72,43861.8,34624.29384,57.24,59.09,57.24,58.63,4724.2900390625,4748.7099609375,4708.35009765625,4746.75,3431180000,13.399999618530272,14.489999771118164,13.34000015258789,13.649999618530272,0.004406916568444891,0.010248769307271876,0.33831361078293776,0.1449868219719873,0.5641241062457242,0.11265395473510073,0.514635127527561,0.10697786310598387
2023-12-22,43861.79,44398.26,43412.54,43969.04,32783.19638,58.63,59.04,56.86,57.24,4753.919921875,4772.93994140625,4736.77001953125,4754.6298828125,3046770000,13.720000267028809,13.960000038146973,13.0,13.029999732971191,0.0024419680670525194,0.0016586821527610754,0.2908858118517842,0.1253016079519657,0.4546603970318975,0.10707895446928847,0.5101744296861568,0.10205996359646272
2023-12-26,43576.12,43592.68,41637.6,42508.93,41010.04282,58.26,60.13,57.62,59.98,4758.85986328125,4784.72021484375,4758.4501953125,4774.75,2513910000,13.770000457763672,13.800000190734863,12.960000038146973,12.989999771118164,-0.0337715783805641,0.004222761046978559,0.36738085498653716,0.12629534876856244,0.429587820849111,0.10605330904402553,0.5219281901905953,0.09504029745727569
2023-12-27,42508.93,43677.0,42098.69,43428.85,36191.21136,59.98,64.6,59.69,64.35,4773.4501953125,4785.39013671875,4768.89990234375,4781.580078125,2748450000,13.020000457763672,13.039999961853027,12.369999885559082,12.43000030517578,0.02140979529821103,0.0014294356164229985,0.34718796732465096,0.1257473062354502,0.4406685184217157,0.10145338741292816,0.5176788670337378,0.09455215091750058
2023-12-28,43428.86,43787.57,42241.79,42563.76,35150.52485,64.35,64.94,62.5,63.75,4786.43994140625,4793.2998046875,4780.97998046875,4783.35009765625,2698860000,12.4399995803833,12.649999618530272,12.380000114440918,12.470000267028809,-0.02012077980823538,0.0003701061103271183,0.36431711111516213,0.12454434123989644,0.44641491980003695,0.10019175250347602,0.5151724527306797,0.08126365640763723
2023-12-29,42563.76,43111.0,41300.0,42066.95,42597.18912,63.75,64.26,61.38,62.5,4782.8798828125,4788.43017578125,4751.990234375,4769.830078125,3126060000,12.550000190734863,13.1899995803833,12.359999656677246,12.449999809265137,-0.011740790238734814,-0.0028304770367338357,0.36742784850203253,0.1220438788554857,0.4368791313352536,0.10301674200061292,0.48828094506400527,0.08249015708984841
2024-01-02,44179.55,45879.63,44148.34,44946.91,65146.40661,66.81,68.04,63.73,63.75,4745.2001953125,4754.330078125,4722.669921875,4742.830078125,3743050000,13.220000267028809,14.229999542236328,13.100000381469728,13.199999809265137,0.06621961874983721,-0.005676660799723162,0.519800232469714,0.08077636414693294,0.4224499909204304,0.10839840609155518,0.49781747279370514,0.08536851321734368
2024-01-03,44946.91,45500.0,40750.0,42845.23,81194.55173,63.75,67.12,62.13,65.17,4725.06982421875,4729.2900390625,4699.7099609375,4704.81005859375,3950760000,13.350000381469728,14.220000267028809,13.329999923706056,14.039999961853027,-0.04788769521256018,-0.008048618327197648,0.6061231828629386,0.06995835312674088,0.4806516983297555,0.11522340131877673,0.5224531779205862,0.08991883700458497
2024-01-04,42845.23,44729.58,42613.77,44151.1,48038.06334,65.17,66.59,63.74,65.34,4697.419921875,4726.77978515625,4687.52978515625,4688.68017578125,3715480000,13.93000030517578,14.199999809265137,13.640000343322754,14.130000114440918,0.03002352150755492,-0.003434271663317429,0.6388982500175562,0.06764585948888552,0.4775680501439879,0.10078201618849997,0.5250487954759684,0.08911759144566003
2024-01-05,44151.1,44357.46,42450.0,44145.11,48075.25327,65.34,68.25,65.27,67.64,4690.56982421875,4721.490234375,4682.10986328125,4697.240234375,3844370000,14.239999771118164,14.579999923706056,13.289999961853027,13.350000381469728,-0.0001356796630157846,0.0018240216394339805,0.5931558363448014,0.05941535039619721,0.47760659932570404,0.10038036049811679,0.5016927310565215,0.08867250075981724
2024-01-08,43929.01,47248.99,43175.0,46951.04,72814.57589,71.81,73.59,67.15,67.16,4703.7001953125,4764.5400390625,4699.81982421875,4763.5400390625,3742320000,14.0,14.18000030517578,13.020000457763672,13.079999923706056,0.06162319449477854,0.014015945436353141,0.6812821868076062,0.11496332878869901,0.5219455863507806,0.11744822702326399,0.5143983236281578,0.09591434360834798
2024-01-09,46951.04,47972.0,44748.67,46110.0,69927.66617,67.16,67.48,63.68,64.17,4741.93017578125,4765.47021484375,4730.35009765625,4756.5,3529960000,13.199999809265137,13.449999809265137,12.739999771118164,12.760000228881836,-0.018075510415030107,-0.0014789938523175842,0.6774402500309169,0.11488383887292912,0.5314447730145686,0.11638869445235323,0.5197315666977078,0.09626852513865344
2024-01-10,46110.0,47695.93,44300.36,46653.99,89911.41203,64.17,68.04,61.79,62.7,4759.93994140625,4790.7998046875,4756.2001953125,4783.4501953125,3498680000,12.859999656677246,12.949999809265137,12.670000076293944,12.6899995803833,0.01172860796383382,0.005649980650495912,0.6580807532642151,0.11976593663179909,0.5277060562506929,0.11620543453529454,0.5166670187925759,0.09648046999015611
2024-01-11,46654.0,48969.48,45606.06,46339.16,87470.3296,62.7,63.25,57.3,57.3,4792.1298828125,4798.5,4739.580078125,4780.240234375,3759890000,12.640000343322754,13.3100004196167,12.350000381469728,12.4399995803833,-0.006771062230729273,-0.0006712808369611647,0.5563356963985153,0.11264007377866045,0.517260516634339,0.09418466981555369,0.5177266621368722,0.09670072697383995
2024-01-12,46339.16,46515.53,41500.0,42782.73,86327.93707,57.3,58.36,54.8,57.42,4791.18017578125,4802.39990234375,4768.97998046875,4783.830078125,3486340000,12.65999984741211,13.079999923706056,12.470000267028809,12.699999809265137,-0.0798528754667809,0.0007506937530339595,0.6975504313763023,0.09325505543563316,0.6283357329876761,0.08470623975303454,0.5753797423811802,0.0964355813421438
2024-01-16,42511.1,43578.01,42050.0,43137.95,45045.74589,56.2,56.5,54.0,55.16,4772.35009765625,4782.33984375,4747.1201171875,4765.97998046875,4260550000,14.119999885559082,14.350000381469728,13.520000457763672,13.84000015258789,0.008268603643684043,-0.0037383190523568345,0.6696029309128717,0.09406548525565708,0.6295795679913262,0.0864215349461852,0.5750485411588518,0.09746058648991698
2024-01-17,43137.94,43198.0,42200.69,42776.1,33266.21388,55.16,55.19,50.79,50.79,4739.1298828125,4744.22998046875,4714.81982421875,4739.2099609375,3928600000,14.59000015258789,15.399999618530272,14.380000114440918,14.789999961853027,-0.008423584725432613,-0.005632731271107821,0.6697958969129028,0.105691627699751,0.613259505242851,0.08757073661768597,0.5728041956258489,0.09859345114799191
2024-01-18,42776.09,42930.0,40683.28,41327.5,43907.51641,50.79,50.79,46.81,48.31,4760.10009765625,4785.7900390625,4740.56982421875,4780.93994140625,4019000000,14.850000381469728,14.890000343322754,13.890000343322754,14.130000114440918,-0.03445139745815894,0.008766720726243148,0.49727612546372646,0.08088806331420074,0.6219789710613277,0.0958962980371897,0.5317395601882113,0.09909559016284447
2024-01-19,41327.51,42196.86,40280.0,41659.03,48342.74559,48.3,48.7,45.9,48.04,4796.27978515625,4842.06982421875,4785.8701171875,4839.81005859375,4287200000,13.800000190734863,14.579999923706056,13.279999732971191,13.300000190734863,0.007990013891329613,0.012238308232548512,0.5216036455463517,0.1049402198374329,0.618881438961813,0.10911539673824718,0.5119594282836608,0.10361449140765973
2024-01-22,41580.32,41689.65,39431.58,39568.02,55426.19911,47.82,49.04,47.24,48.98,4853.419921875,4868.41015625,4844.0498046875,4850.43017578125,4297610000,13.770000457763672,13.84000015258789,13.170000076293944,13.1899995803833,-0.05149693559847043,0.0021919211872316853,0.5259958894752353,0.10257815328122086,0.6536015920550899,0.10791604399971258,0.5316866269773453,0.10212111597454848
2024-01-23,39568.02,40176.74,38555.0,39897.6,57956.63351,48.98,53.2,46.88,49.59,4856.7998046875,4866.47998046875,4844.3701171875,4864.60009765625,3912800000,13.199999809265137,13.289999961853027,12.529999732971191,12.550000190734863,0.008294955472882228,0.002917115340764486,0.5532244157985882,0.10091937574473853,0.5736351611780064,0.10336890837912703,0.5321833144546024,0.1006695586162157
2024-01-24,39897.59,40555.0,39484.19,40084.88,39293.82861,49.59,50.23,47.19,47.54,4888.56005859375,4903.68017578125,4865.93994140625,4868.5498046875,4330030000,12.65999984741211,13.18000030517578,12.40999984741211,13.140000343322754,0.004683034141144241,0.0008115989762168653,0.38486271424194446,0.10087571075412094,0.5463978363094968,0.09333521817052176,0.528134710157463,0.1005181508338536
2024-01-25,40084.89,40300.24,39550.0,39961.09,31022.11853,47.54,47.71,44.6,45.01,4886.66015625,4898.14990234375,4869.33984375,4894.16015625,4020430000,13.18000030517578,13.579999923706056,13.0600004196167,13.449999809265137,-0.003092975166303934,0.00524657813497798,0.36877442609181665,0.09147670268439402,0.5231030038146728,0.08994268917192431,0.49078278533847364,0.10082803894430663
2024-01-26,39961.09,42246.82,39822.52,41823.51,47384.96726,45.01,45.64,43.34,43.73,4888.91015625,4906.68994140625,4881.47021484375,4890.97021484375,3353400000,13.729999542236328,14.100000381469728,13.199999809265137,13.260000228881836,0.04555239092628425,-0.0006519977554263648,0.502227778220246,0.07292597995392645,0.5688455102856546,0.09120876427438292,0.5088065553614929,0.10075947295400715
2024-01-29,42031.05,43333.0,41804.88,43302.7,31542.74207,45.25,46.33,44.18,45.36,4892.9501953125,4929.31005859375,4887.39990234375,4927.93017578125,3525160000,13.979999542236328,15.350000381469728,13.59000015258789,13.600000381469728,0.03475636711071345,0.007528365505246204,0.49303588267311876,0.07021306226663034,0.5180459547243482,0.07923039492987868,0.5100124863086796,0.09601174106412358
2024-01-30,43302.71,43882.36,42683.99,42941.1,37619.24546,45.36,47.29,45.25,46.91,4925.89013671875,4931.08984375,4916.27001953125,4924.97021484375,3836130000,13.6899995803833,13.739999771118164,13.229999542236328,13.3100004196167,-0.008385579459892248,-0.0006008303969786162,0.5009209318179842,0.048279351098955064,0.5152104938840717,0.0784759572736719,0.5105305695792534,0.09614462776914386
2024-01-31,42941.1,43745.11,42276.84,42580.0,39871.13688,46.91,47.19,45.77,45.79,4899.18994140625,4906.75,4845.14990234375,4845.64990234375,4696120000,13.420000076293944,14.609999656677246,13.18000030517578,14.350000381469728,-0.008444749797383772,-0.016236851740733683,0.34022813059973706,0.12256204465619804,0.5095258699795716,0.10998388944833176,0.5055278851381185,0.10889379143465602
2024-02-01,42580.0,43285.13,41884.28,43082.94,35231.04664,45.79,46.07,44.32,44.76,4861.10986328125,4906.97021484375,4853.52001953125,4906.18994140625,4386090000,14.210000038146973,14.630000114440918,13.869999885559082,13.880000114440918,0.011742435619609937,0.012416286114049784,0.3399266675361959,0.14390948253395047,0.5153743423663941,0.11987803598509478,0.50427583767203,0.11349467563577428
2024-02-02,43082.95,43488.0,42546.79,43200.0,29672.14418,44.76,45.25,42.27,42.41,4916.06005859375,4975.2900390625,4907.990234375,4958.60986328125,3974350000,13.949999809265137,14.229999542236328,13.390000343322754,13.850000381469728,0.0027134001651212595,0.01062777072263312,0.3416584085575712,0.15441894885094673,0.38648124003867046,0.12531115972392798,0.5035362448242162,0.11603251533543588
2024-02-05,42582.88,43569.76,42258.1,42708.7,29467.75905,42.69,43.34,41.78,42.37,4957.18994140625,4957.18994140625,4918.08984375,4942.81005859375,4023640000,14.369999885559082,14.529999732971191,13.579999923706056,13.670000076293944,-0.0114378486965022,-0.0031914247092839714,0.3590264211209169,0.15667044495980906,0.3880339821519426,0.12479848835452981,0.4955258242111904,0.10652939233217315
2024-02-06,42708.7,43399.98,42574.0,43098.95,24675.85433,42.37,43.58,41.83,42.87,4950.16015625,4957.77001953125,4934.8798828125,4954.22998046875,4440880000,13.56999969482422,13.779999732971191,12.979999542236328,13.0600004196167,0.009095988310426472,0.0023077459317481074,0.25756610290109877,0.15603712197363626,0.3884056117799564,0.11905667147197467,0.49613512910625324,0.10342691436846009
2024-02-07,43098.96,44396.5,42788.0,44349.6,34392.59915,42.87,44.09,41.81,43.82,4973.0498046875,4999.89013671875,4969.0498046875,4995.06005859375,4895590000,13.0600004196167,13.130000114440918,12.8100004196167,12.829999923706056,0.028605054685199374,0.008207682594008628,0.22794943239158064,0.1571274178622103,0.36999246910494105,0.1185698215526998,0.5032655401657723,0.10527998313744574
2024-02-08,44349.6,45614.3,44331.1,45288.65,45439.62231,43.82,46.07,43.81,44.91,4995.16015625,5000.39990234375,4987.08984375,4997.91015625,4341860000,12.949999809265137,13.170000076293944,12.739999771118164,12.789999961853027,0.02095275967005496,0.000570420540090595,0.23210270438294206,0.1564900281527132,0.37603325011463634,0.11130533036304179,0.496023934925983,0.10503457779987783
2024-02-09,45288.66,48200.0,45242.12,47132.77,73503.481,44.91,48.67,44.74,47.79,5004.169921875,5030.06005859375,5000.33984375,5026.60986328125,3912990000,12.789999961853027,13.010000228881836,12.6899995803833,12.93000030517578,0.039912063594217916,0.0057259171287955156,0.2699340204596488,0.08958024437524201,0.29691391984497906,0.11224712586920124,0.5050949154979358,0.10573725592899282
2024-02-12,48300.0,50334.82,47710.01,49917.27,59009.96705,51.29,55.53,50.27,54.28,5026.830078125,5048.39013671875,5016.830078125,5021.83984375,3805740000,13.479999542236328,13.9399995803833,13.34000015258789,13.93000030517578,0.05739852225229491,-0.0009494041426524416,0.3705186702962583,0.07997670118399788,0.3515120942098612,0.11319564448100093,0.5242286680607564,0.10594671409386772
2024-02-13,49917.28,50368.61,48300.95,49699.59,55551.56706,54.56,55.31,52.1,52.19,4967.93994140625,4971.2998046875,4920.31005859375,4953.169921875,4302190000,13.960000038146973,17.940000534057617,13.43000030517578,15.850000381469728,-0.004370351494182536,-0.013768609419845444,0.38728815367250763,0.11342079260879448,0.35917899341773896,0.13215674625542606,0.5225778896821025,0.11435068125512214
2024-02-14,49699.6,52043.71,49225.01,51795.17,57046.37401,52.19,56.44,51.72,55.13,4976.43994140625,5002.52001953125,4956.4501953125,5000.6201171875,3845600000,15.380000114440918,15.470000267028809,14.220000267028809,14.380000114440918,0.041300218103198914,0.009534168304216807,0.33279213833741833,0.12429920160004024,0.36432011687046,0.1358816802294753,0.5020282025268922,0.11483283158644951
2024-02-15,51795.17,52816.62,51314.0,51880.0,53816.03055,55.13,57.37,54.38,55.08,5003.14013671875,5032.72021484375,4999.43994140625,5029.72998046875,4137970000,14.270000457763672,14.640000343322754,13.9399995803833,14.010000228881836,0.0016364577734705157,0.00580437267404004,0.35259192902192255,0.1268083722439923,0.3484717721964396,0.13662433546750866,0.4768114182028389,0.11151717189465263
2024-02-16,51880.01,52572.08,51566.0,52124.11,37772.25318,55.08,55.9,54.05,55.24,5031.1298828125,5038.7001953125,4999.52001953125,5005.56982421875,3833270000,13.9399995803833,14.710000038146973,13.75,14.239999771118164,0.004694246184426713,-0.0048150435759610425,0.3750419755638453,0.12478281063220689,0.3393077463571403,0.13697547958963385,0.4715182245222658,0.11219591781467109
2024-02-20,51774.74,52985.0,50760.37,52258.82,49614.47318,56.83,57.83,55.59,55.63,4989.31982421875,4993.7099609375,4955.02001953125,4975.509765625,4034880000,15.09000015258789,15.90999984741211,15.06999969482422,15.420000076293944,0.0025810747942387395,-0.0060234264658172495,0.39507215597760836,0.13033169237851658,0.3287832771402406,0.14018778853952707,0.47130006871832164,0.11468987114167274
2024-02-21,52258.82,52366.8,50625.0,51849.39,43079.40049,55.63,55.63,53.1,54.01,4963.02978515625,4983.2099609375,4946.0,4981.7998046875,3788390000,15.539999961853027,16.1200008392334,15.220000267028809,15.34000015258789,-0.007865510526459354,0.0012634014951035982,0.4001911408703758,0.12375919894329791,0.3280241456782882,0.11685142917236464,0.4416521480590477,0.10880559480710587
2024-02-22,51849.38,52065.78,50940.78,51288.42,35309.44574,54.01,55.76,52.89,55.38,5038.830078125,5094.39013671875,5038.830078125,5087.02978515625,4051710000,14.279999732971191,14.640000343322754,14.119999885559082,14.539999961853027,-0.01087817419895304,0.02090288866640342,0.2773488146986267,0.1819685808096534,0.3447465528286599,0.13558995336413632,0.43910933947676273,0.12202640563006813
2024-02-23,51288.42,51548.54,50521.0,50744.15,30545.79544,55.38,55.54,51.54,52.23,5100.919921875,5111.06005859375,5081.4599609375,5088.7998046875,3672790000,14.3100004196167,14.3100004196167,13.640000343322754,13.75,-0.010668655359765033,0.000347887026502183,0.2875946059612502,0.14756357417306207,0.3565480113694727,0.13069658012888566,0.440279922195329,0.1217058434134552
2024-02-26,51728.85,54910.0,50901.44,54476.47,51256.72199,55.17,57.09,54.46,56.05,5093.0,5097.66015625,5068.91015625,5069.52978515625,3683930000,14.170000076293944,14.199999809265137,13.65999984741211,13.739999771118164,0.07097252498030607,-0.003793939244668484,0.4581924607234735,0.14770407908730399,0.41963900185154945,0.13117134179564652,0.48133471089048424,0.12264824058401051
2024-02-27,54476.48,57588.15,54450.13,57037.34,67194.98562,56.05,62.57,56.05,58.36,5074.60009765625,5080.68994140625,5057.2900390625,5078.18017578125,3925950000,13.630000114440918,13.75,13.40999984741211,13.43000030517578,0.045937275755513214,0.001704895538720964,0.5097557139798381,0.14524462766768967,0.4343858901488707,0.13115176697189543,0.42218284082656704,0.12259775029879054
2024-02-28,57037.35,64000.0,56691.85,62432.1,118763.46984,58.36,73.6,54.99,67.76,5067.2001953125,5077.3701171875,5058.35009765625,5069.759765625,3789370000,13.520000457763672,13.899999618530272,13.4399995803833,13.84000015258789,0.09037342510456357,-0.001659531321112244,0.678578034654962,0.14076634219508702,0.5271984497845206,0.12840841873172862,0.4826852160300032,0.12189972050164005
2024-02-29,62432.11,63676.35,60364.7,61130.98,78425.07603,67.76,73.2,65.32,65.54,5085.35986328125,5104.990234375,5061.89013671875,5096.27001953125,5219740000,14.140000343322754,14.149999618530272,13.300000190734863,13.399999618530272,-0.021060790861507746,0.0052154704557999644,0.7257125897099918,0.13022061219092856,0.5615776059858686,0.1295719161634578,0.48875646070365764,0.11999083676539926
2024-03-01,61130.99,63114.23,60777.0,62387.9,47737.93473,65.54,66.45,63.23,65.37,5098.509765625,5140.330078125,5094.16015625,5137.080078125,4748110000,13.34000015258789,13.65999984741211,13.079999923706056,13.109999656677246,0.02035257099534111,0.007975936433387976,0.695400459456878,0.13175806441122442,0.555191446742444,0.13136991918269736,0.469002338268981,0.11964884697912935
2024-03-04,63113.97,68499.0,62300.0,68245.71,84835.16005,71.71,78.68,70.73,74.81,5130.990234375,5149.669921875,5127.18017578125,5130.9501953125,4758440000,13.489999771118164,13.579999923706056,13.31999969482422,13.489999771118164,0.08974322863067177,-0.0011939745749630112,0.7298710735120896,0.06540742463875755,0.611497896375154,0.13146428282319145,0.5176413505037002,0.1163337841636792
2024-03-05,68245.71,69000.0,59005.0,63724.01,132696.7813,74.81,77.17,73.14,73.19,5110.52001953125,5114.5400390625,5056.81982421875,5078.64990234375,4418410000,13.75,15.100000381469728,13.75,14.460000038146973,-0.06855316030923639,-0.010245406275917994,0.9505915824811915,0.09540034408335493,0.7173152078999775,0.12416077626898694,0.5390161443977003,0.12157310427539521
2024-03-06,63724.01,67641.1,62779.14,66074.04,78738.85491,73.19,77.52,70.88,74.85,5108.02978515625,5127.97021484375,5092.22021484375,5104.759765625,4559050000,14.270000457763672,14.93000030517578,13.890000343322754,14.5,0.03621451680304252,0.005127932853001643,0.913728639436268,0.09662947041272482,0.714397796070523,0.12017463348693598,0.541667348467589,0.1219601284029697
2024-03-07,66074.04,67980.0,65551.0,66823.17,53059.8869,74.85,75.08,69.68,69.68,5132.3798828125,5165.6201171875,5128.2099609375,5157.35986328125,4137980000,14.979999542236328,14.979999542236328,14.25,14.4399995803833,0.011273945248864211,0.010251402284983627,0.908120277767028,0.1117161689249196,0.7114418054142857,0.1246788054595543,0.5407205508207896,0.12446855082468664
2024-03-08,66823.18,69990.0,66082.66,68124.19,74261.932842,69.68,76.0,68.52,71.87,5164.4599609375,5189.259765625,5117.5,5123.68994140625,4208870000,14.220000267028809,15.529999732971191,13.970000267028809,14.739999771118164,0.019282486315176334,-0.006549922992050337,0.7759045149874639,0.12219312289658106,0.7088086053433635,0.1266618673804257,0.537361231025046,0.12641020547343426
2024-03-11,68955.88,72800.0,67024.96,72078.1,75292.825726,80.12,85.28,77.26,83.02,5111.9599609375,5124.66015625,5091.14013671875,5117.93994140625,3896430000,15.510000228881836,16.040000915527344,15.130000114440918,15.220000267028809,0.05641789034775246,-0.0011228682680281005,0.7745599144245089,0.12002268274930245,0.7211497450906497,0.12253404230287672,0.5431325995185589,0.12648810283623882
2024-03-12,72078.1,73000.0,68620.82,71452.01,68783.546691,83.02,83.03,76.37,78.08,5134.2998046875,5179.8701171875,5114.47998046875,5175.27001953125,4080510000,14.970000267028809,15.199999809265137,13.8100004196167,13.84000015258789,-0.008724217811494954,0.011139512586668012,0.7988415454774747,0.1293220328295543,0.7218702752111646,0.12838263597593796,0.5461864851370957,0.12839921805534568
2024-03-13,71452.0,73650.25,71333.31,73072.41,52659.711647,78.08,81.86,77.19,77.5,5173.490234375,5179.14013671875,5151.8798828125,5165.31005859375,4282890000,13.890000343322754,14.039999961853027,13.670000076293944,13.75,0.022424831790492365,-0.0019263840021219723,0.6351385531631412,0.1299309517546523,0.7052946878713122,0.09885016910967695,0.5411696555346821,0.12865677796732075
2024-03-14,73072.4,73777.0,68555.0,71388.94,71757.628746,77.5,77.9,73.09,74.58,5175.14013671875,5176.85009765625,5123.2998046875,5150.47998046875,4687970000,13.619999885559082,15.329999923706056,13.420000076293944,14.399999618530272,-0.02330791194500903,-0.002875221051495188,0.4236175648364318,0.10910722456446202,0.7196761566325703,0.10025556539668465,0.5490711346897568,0.11795328430271682
2024-03-15,71388.94,72419.71,65600.0,69499.85,103334.03546,74.58,78.25,73.22,76.7,5123.31005859375,5136.85986328125,5104.35009765625,5117.08984375,7753670000,14.329999923706056,15.529999732971191,14.140000343322754,14.40999984741211,-0.02681836109117046,-0.0065040228597376655,0.4654570150240442,0.11715469810655897,0.7165408730655077,0.10330740089892708,0.5635989232308729,0.11621507783855123
2024-03-18,68393.47,68956.0,66565.2,67609.99,55691.08088,75.93,77.81,73.26,74.08,5154.77001953125,5175.60009765625,5145.47021484375,5149.419921875,4036220000,14.75,14.850000381469728,14.260000228881836,14.329999923706056,-0.027568841099574817,0.006298184238480456,0.5076834802363855,0.10487176901718152,0.7275669485977908,0.10600479916599001,0.5764612521304016,0.11388274926586003
2024-03-19,67610.0,68124.11,61555.0,61937.4,101005.32487,74.08,76.61,71.35,76.61,5139.08984375,5180.31005859375,5131.58984375,5178.509765625,4031760000,14.5,14.859999656677246,13.800000190734863,13.81999969482422,-0.08763155563733493,0.00563325304434312,0.7149063392462488,0.09931619208170919,0.7482271041073194,0.10697564739733569,0.6449732072163086,0.11375825541397107
2024-03-20,61937.41,68100.0,60775.0,67840.51,90420.58592,76.61,79.78,75.28,77.73,5181.68994140625,5226.18994140625,5171.5498046875,5224.6201171875,4064850000,13.829999923706056,14.170000076293944,13.010000228881836,13.039999961853027,0.09103531158594273,0.008864765516360184,0.8705389687872092,0.106005894776793,0.8348444724937397,0.11048486334911846,0.6838834870723448,0.11570707884843331
2024-03-21,67840.51,68240.47,64529.01,65501.27,53357.48002,77.73,78.12,74.29,75.26,5253.43017578125,5261.10009765625,5240.66015625,5241.52978515625,4207730000,12.979999542236328,13.079999923706056,12.399999618530272,12.920000076293944,-0.03508997737785613,0.003231309094528888,0.8848814017128606,0.08970275769190907,0.8511973845816855,0.1071064041020987,0.6977467460134411,0.11419061002667999
2024-03-22,65501.28,66649.62,62260.0,63796.64,51482.37821,75.26,75.55,71.72,72.46,5242.47998046875,5246.08984375,5229.8701171875,5234.18017578125,3374700000,12.920000076293944,13.149999618530272,12.579999923706056,13.0600004196167,-0.026369007379098856,-0.0014031718343267125,0.8519963171543209,0.08883636982911465,0.7608455125667444,0.10720967288615366,0.7064839814822947,0.11448893258072396
2024-03-25,67210.0,71150.0,66385.06,69880.01,53431.14486,72.62,77.0,72.45,76.25,5219.52001953125,5229.08984375,5216.08984375,5218.18994140625,3331360000,13.670000076293944,13.670000076293944,13.109999656677246,13.1899995803833,0.09107910398119277,-0.0030596403820319297,1.0767164777276874,0.08925792679585157,0.8019401186136997,0.09577441617292012,0.7392202453958873,0.11452901123430338
2024-03-26,69880.0,71561.1,69280.0,69988.0,38934.38417,76.25,76.63,75.13,75.39,5228.85009765625,5235.16015625,5203.419921875,5203.580078125,3871790000,13.119999885559082,13.43000030517578,12.84000015258789,13.239999771118164,0.0015441704140665396,-0.002803721982805726,1.0637929824193149,0.0765398050749081,0.7905194226929112,0.09655895414673372,0.7277893550041115,0.11496327761019189
2024-03-27,69987.99,71769.54,68359.18,69469.99,49119.35685,75.39,76.52,74.11,75.78,5226.31005859375,5249.259765625,5213.919921875,5248.490234375,3850500000,13.130000114440918,13.34000015258789,12.65999984741211,12.779999732971191,-0.007428938024621631,0.008593595582706042,1.0478198684577666,0.0824665032334351,0.7912162633572757,0.09382029078095303,0.728414067358636,0.10772908367605646
2024-03-28,69469.99,71552.06,68903.62,70780.6,35439.03239,75.78,77.25,75.57,76.53,5248.02978515625,5264.85009765625,5245.81982421875,5254.35009765625,3998270000,12.93000030517578,13.100000381469728,12.84000015258789,13.010000228881836,0.01869009109453202,0.0011158627007616052,0.8292263167926068,0.08019222308930359,0.790980632726558,0.08684215878670182,0.7232143654923561,0.10530139905724252
2024-04-01,71280.0,71288.23,68062.86,69649.8,41445.32039,76.64,76.83,73.49,73.81,5257.97021484375,5263.9501953125,5229.2001953125,5243.77001953125,3325930000,13.609999656677246,14.149999618530272,13.550000190734863,13.649999618530272,-0.016105123130950732,-0.0020156145269577246,0.6731657613379428,0.06699908386455924,0.7545709440387739,0.08750442422548566,0.7269030976945002,0.105059191048307
2024-04-02,69649.81,69674.23,64550.0,65463.99,71799.82793,73.81,75.34,73.58,74.37,5204.2900390625,5208.33984375,5184.0498046875,5205.81005859375,3886590000,13.739999771118164,15.43000030517578,13.68000030517578,14.609999656677246,-0.06197960825197718,-0.007265388203672426,0.7529499960837079,0.07789161424625658,0.7958557173369926,0.08392706922256292,0.7560865523291426,0.10654612204246604
2024-04-03,65463.99,66903.63,64493.07,65963.28,39887.21778,74.38,74.72,72.15,72.45,5194.3701171875,5228.75,5194.3701171875,5211.490234375,3703250000,15.0,15.18000030517578,14.25,14.329999923706056,0.007598003093028574,0.001090527523337898,0.730386348221785,0.07875070018971649,0.7879462464792886,0.08326530995248071,0.755937209926731,0.1042632555272175
2024-04-04,65963.27,69309.91,65064.52,68487.79,41510.48453,72.45,72.73,69.99,72.31,5244.0498046875,5256.58984375,5146.06005859375,5147.2099609375,4075680000,14.289999961853027,16.920000076293945,13.739999771118164,16.350000381469727,0.03755725764251874,-0.01241103561926225,0.49856076195308735,0.10614004982271551,0.8060976692502154,0.09933721296152616,0.7592330269340856,0.11184083330729187
2024-04-05,68487.8,68756.67,65952.56,67820.62,37915.23073,72.31,73.54,71.68,71.96,5158.9501953125,5222.18017578125,5157.2099609375,5204.33984375,3386780000,16.450000762939453,16.75,15.529999732971191,16.030000686645508,-0.009789202703133824,0.011038050135699558,0.4989788741086606,0.13106521607622457,0.799539921153975,0.10494966995376362,0.758988340300395,0.09964340178608094
2024-04-08,69360.38,72797.99,69043.24,71620.0,45723.87624,77.43,79.77,74.72,76.25,5211.3701171875,5219.56982421875,5197.35009765625,5202.39013671875,3278180000,16.239999771118164,16.5,15.109999656677246,15.1899995803833,0.05450808606851755,-0.0003747011900415767,0.6097646653460275,0.1166851432254374,0.823624139047585,0.10246457678822553,0.7675365671229554,0.09969136505175277
2024-04-09,71620.0,71758.19,68210.0,69146.0,39293.90242,76.25,76.3,73.68,73.69,5217.02978515625,5224.81005859375,5160.77978515625,5209.91015625,3400680000,15.34000015258789,16.6299991607666,14.9399995803833,14.979999542236328,-0.03515415339654028,0.0014444494736345207,0.641361264192565,0.11698245800874242,0.7357079050259877,0.10009350736177149,0.7576298126191331,0.09877488635630095
2024-04-10,69146.0,71172.08,67518.0,70631.08,42006.02377,73.69,74.1,72.12,72.32,5167.8798828125,5178.43017578125,5138.7001953125,5160.64013671875,3845930000,15.239999771118164,16.6200008392334,14.59000015258789,15.800000190734863,0.02125006308303191,-0.009501981832212592,0.6492436602921782,0.1273068139777833,0.6355344994747234,0.1004289359410381,0.7502155502364708,0.1032315018579613
2024-04-11,70631.08,71305.89,69567.21,70006.23,31917.25595,72.32,72.36,68.23,68.42,5172.9501953125,5211.77978515625,5138.77001953125,5199.06005859375,3509380000,16.020000457763672,17.610000610351562,14.90999984741211,14.90999984741211,-0.00888603616768445,0.007417221983342437,0.48750867160988853,0.13350181005616182,0.6145652573115099,0.10520733794190501,0.7085027000727436,0.10489190648901495
2024-04-12,70006.22,71227.46,65086.86,67116.52,56072.86229,68.42,68.76,65.71,66.94,5171.509765625,5175.02978515625,5107.93994140625,5123.41015625,3963220000,14.90999984741211,19.200000762939453,14.90999984741211,17.309999465942383,-0.04215402471169341,-0.014657587802248536,0.5788537470049436,0.15831316600225281,0.6334193649642924,0.12105058035938303,0.7175187963482326,0.1131742700554924
2024-04-15,65661.85,66867.07,62274.4,63419.99,52389.53069,71.99,72.97,68.4,70.48,5149.669921875,5168.43017578125,5052.47021484375,5061.81982421875,3950210000,16.940000534057617,19.459999084472656,16.260000228881836,19.229999542236328,-0.05665110194617727,-0.012094195787459195,0.6139737614700136,0.1574838628080565,0.541446378102138,0.12906970201232,0.7359152924201966,0.11606777543335726
2024-04-16,63419.99,64365.0,61600.0,63793.39,53435.29331,70.48,73.61,70.38,70.88,5064.58984375,5079.83984375,5039.830078125,5051.41015625,4006200000,19.489999771118164,19.559999465942383,17.639999389648438,18.399999618530273,0.005870468536476564,-0.0020586245275039964,0.6223836086756992,0.12729380457517867,0.5430673988030605,0.12903784974023763,0.6860358857570653,0.11614025012497849
2024-04-17,63793.4,64499.0,59678.16,61277.37,50610.54509,70.88,71.79,67.83,70.72,5068.97021484375,5077.9599609375,5007.25,5022.2099609375,3596130000,18.239999771118164,19.11000061035156,17.540000915527344,18.209999084472656,-0.040238973210926274,-0.005797375076004185,0.45509990846173703,0.12446759667706221,0.5615413444071924,0.12000494816579939,0.6668975609338778,0.11359138112760372
2024-04-18,61277.38,64117.09,60803.35,63470.08,43601.60918,70.72,71.22,67.89,69.98,5031.52001953125,5056.66015625,5001.89013671875,5011.1201171875,3619760000,17.90999984741211,18.3700008392334,17.209999084472656,18.0,0.035158006998813135,-0.0022106017004853043,0.5559301147287369,0.11825242861650577,0.5812618321322753,0.11853477207521966,0.666387890928833,0.11248936246515943
2024-04-19,63470.09,65450.0,59600.01,63818.01,69774.30271,69.98,73.06,68.88,70.4,5005.43994140625,5019.02001953125,4953.56005859375,4967.22998046875,3878750000,21.329999923706055,21.36000061035156,18.170000076293945,18.709999084472656,0.005466825160537417,-0.008797129654056974,0.5230973104740796,0.11733705505549022,0.5824816060684262,0.120491218297177,0.6656448153538722,0.11001698127752942
2024-04-22,64941.15,67232.35,64500.0,66819.32,31397.99371,72.05,72.06,69.1,69.37,4987.330078125,5038.83984375,4969.39990234375,5010.60009765625,3820250000,18.59000015258789,18.719999313354492,16.690000534057617,16.940000534057617,0.045956821366870564,0.00869335115683908,0.638536548688557,0.12331524707646795,0.561930870938943,0.1303900772926238,0.6772812137148297,0.1124813188246873
2024-04-23,66819.32,67183.01,65765.81,66414.0,22599.90004,69.37,69.42,64.11,64.16,5028.85009765625,5076.1201171875,5027.9599609375,5070.5498046875,3751400000,16.719999313354492,16.760000228881836,15.6899995803833,15.6899995803833,-0.006084382651452649,0.01189356656772209,0.5890771710302709,0.1402087229864748,0.5620338742356445,0.1438832770825415,0.6553935674913648,0.11827732770272496
2024-04-24,66414.0,67070.43,63606.06,64289.59,33595.69637,64.16,66.04,62.39,62.44,5084.85986328125,5089.47998046875,5047.02001953125,5071.6298828125,3656740000,15.760000228881836,16.3799991607666,15.579999923706056,15.970000267028809,-0.03251015685090299,0.00021298737793290078,0.5061235771689764,0.11891141075243356,0.5509542263045205,0.13584985197055324,0.6608872119389565,0.113217337250565
2024-04-25,64289.58,65297.94,62794.0,64498.34,31341.46338,62.44,62.44,57.82,59.29,5019.8798828125,5057.75,4990.580078125,5048.419921875,3958050000,16.25,17.549999237060547,15.270000457763672,15.369999885559082,0.0032417662557915235,-0.0045869342701194095,0.5055127746612667,0.12192619811128537,0.5513114030153453,0.12459188484035946,0.6566681056926562,0.11373442393340054
2024-04-26,64498.33,64820.01,63297.48,63770.01,27085.19346,59.29,59.43,54.23,55.12,5084.64990234375,5114.6201171875,5073.14013671875,5099.9599609375,3604140000,15.489999771118164,16.059999465942383,14.920000076293944,15.029999732971191,-0.011356469895713836,0.010157381332325343,0.4291157718551079,0.12795968118975865,0.4834069889024754,0.13510712990777865,0.6545500281060844,0.11782968242651085
2024-04-29,63118.62,64228.35,61765.53,63866.0,28150.22947,56.79,56.92,55.09,55.33,5114.1298828125,5123.490234375,5088.64990234375,5116.169921875,3447450000,15.369999885559082,15.420000076293944,14.630000114440918,14.670000076293944,0.0015041212600919662,0.0031734080766393944,0.37633311155930793,0.12419711152183405,0.4687160504885205,0.1360138790566968,0.6510184216621386,0.11675566713937145
2024-04-30,63866.0,64734.0,59191.6,60672.0,54947.65535,55.33,62.84,52.22,59.81,5103.77978515625,5110.830078125,5035.31005859375,5035.68994140625,4082470000,14.81999969482422,15.899999618530272,14.670000076293944,15.649999618530272,-0.051304831768252054,-0.015855551118928123,0.4856145576839581,0.15553660227901395,0.4885862515672239,0.14576521634699402,0.6623953910884293,0.12380344005181998
2024-05-01,60672.01,60841.63,56552.82,58364.97,81166.46823,59.81,63.57,58.29,61.22,5029.02978515625,5096.1201171875,5013.4501953125,5018.39013671875,4544170000,15.75,16.219999313354492,14.350000381469728,15.390000343322754,-0.03876642553474422,-0.0034413534856316866,0.3402512109088097,0.15041488059161645,0.5024989458909296,0.13967944210707767,0.6224707016912441,0.12252831826523577
2024-05-02,58364.97,59625.0,56911.84,59060.61,47583.81961,61.22,62.23,55.84,56.77,5049.31982421875,5073.2099609375,5011.0498046875,5064.2001953125,4381660000,15.140000343322754,16.09000015258789,14.600000381469728,14.68000030517578,0.011848323644138173,0.009087024725084856,0.38378783497297797,0.14197398999836955,0.4939031717202192,0.13598276823927732,0.5586887933509166,0.12268614340109843
2024-05-03,59060.6,63333.0,58811.32,62882.01,43628.40143,56.77,57.08,54.3,55.88,5122.77978515625,5139.1201171875,5101.22021484375,5127.7900390625,3924990000,14.510000228881836,14.579999923706056,13.479999542236328,13.489999771118164,0.06269590851696512,0.012478557659508005,0.5896374180972034,0.1611722021470577,0.5295871605410268,0.13648929496124612,0.5836712499827378,0.1282831131086633
2024-05-06,64012.0,65500.0,62700.0,63165.19,34674.91949,58.65,59.08,55.56,55.57,5142.419921875,5181.0,5142.419921875,5180.740234375,3683250000,13.979999542236328,14.020000457763672,13.4399995803833,13.489999771118164,0.004493245013495029,0.010273173691247842,0.5902558030794113,0.16197744993371677,0.5292927022397489,0.14120990146433057,0.5790156898415174,0.13215689510417525
2024-05-07,63165.18,64422.41,62261.0,62312.08,25598.79472,55.57,56.04,53.72,53.76,5187.2001953125,5200.22998046875,5178.9599609375,5187.7001953125,3987890000,13.520000457763672,13.640000343322754,13.15999984741211,13.229999542236328,-0.013598050793730939,0.0013425282288256131,0.5917426195752624,0.1557231718606656,0.502091036269178,0.1369424478289461,0.5108862021783628,0.13198605042005754
2024-05-08,62312.07,63020.22,60888.0,61193.03,26121.19004,53.76,55.49,52.28,55.43,5168.97998046875,5191.9501953125,5165.85986328125,5187.669921875,3842100000,13.239999771118164,13.510000228881836,12.9399995803833,13.0,-0.018122013335120257,-5.835635193424912e-06,0.5967406604125941,0.15625898606164326,0.48274260001976677,0.13584488621413127,0.5122692815687805,0.13175447060248116
2024-05-09,61193.03,63429.03,60630.0,63074.01,30660.8061,55.43,55.48,52.15,52.17,5189.02978515625,5215.2998046875,5180.41015625,5214.080078125,3727370000,13.079999923706056,13.289999961853027,12.68000030517578,12.6899995803833,0.030275504659909153,0.005078032639106711,0.5347592370792105,0.0939443535938645,0.5018834183103902,0.12592275295923316,0.5219451151983239,0.13012213152952076
2024-05-10,63074.0,63469.13,60187.12,60799.99,36529.34025,52.17,55.02,50.76,54.27,5225.490234375,5239.66015625,5209.68017578125,5222.68017578125,3617900000,12.770000457763672,12.960000038146973,12.5,12.550000190734863,-0.03671917430504504,0.001648040080166728,0.527728952921664,0.07849031605881925,0.47427126188306995,0.12378096763281386,0.5264198446856811,0.1301787097843623
2024-05-13,61484.0,63450.0,60749.21,62940.08,32733.41839,54.52,57.73,54.4,56.13,5233.080078125,5237.259765625,5211.16015625,5221.419921875,4255710000,13.260000228881836,13.65999984741211,13.25,13.600000381469728,0.034593538188824796,-0.00024133317386520824,0.5555208897614066,0.08148340687368892,0.5057236928070833,0.11734540851148585,0.5375710387221578,0.13006537311807687
2024-05-14,62940.09,63118.36,61142.77,61577.49,29088.72041,56.13,57.09,55.61,56.23,5221.10009765625,5250.3701171875,5217.97998046875,5246.68017578125,4763580000,13.710000038146973,14.029999732971191,13.270000457763672,13.420000076293944,-0.021886781008613777,0.004826148527454041,0.4304387291744487,0.059446922704276504,0.4959624295701764,0.11754377105006317,0.5115186268346055,0.12902820515531244
2024-05-15,61577.49,66444.16,61319.47,66206.5,43559.74719,56.23,60.82,55.67,58.61,5263.259765625,5311.759765625,5263.259765625,5308.14990234375,4360810000,13.729999542236328,13.9399995803833,12.380000114440918,12.449999809265137,0.07248226375544757,0.01164782778729962,0.6280546576368605,0.06640873916271599,0.5909667883238989,0.11894590479048509,0.5548724254736704,0.13317947854052478
2024-05-16,66206.51,66752.01,64602.77,65235.21,31106.3671,58.61,58.72,57.24,57.49,5310.06982421875,5325.490234375,5296.18994140625,5297.10009765625,3817470000,12.520000457763672,12.670000076293944,12.329999923706056,12.420000076293944,-0.014779291590717515,-0.0020838374740880464,0.6296973234682736,0.07379227637665459,0.5926275350153485,0.11715587900274282,0.5448325284349436,0.12765252975922153
2024-05-17,65235.21,67451.2,65106.38,67024.0,26292.23409,57.49,57.67,54.81,55.26,5303.10009765625,5305.4501953125,5283.58984375,5303.27001953125,3578120000,12.279999732971191,12.479999542236328,11.90999984741211,11.989999771118164,0.027051410361314365,0.0011640956878937513,0.6134861855387008,0.07211807688470474,0.6023603608012053,0.11731154889509192,0.5504670474589569,0.12403290806778484
2024-05-20,66274.0,71515.56,66060.31,71446.62,50816.7011,57.32,61.94,56.76,61.94,5305.35009765625,5325.31982421875,5302.39990234375,5308.1298828125,3420100000,12.270000457763672,12.59000015258789,12.06999969482422,12.149999618530272,0.0638998332439847,0.0009159703084911664,0.6825345239824858,0.07176364023097818,0.5976544995790548,0.08274883107431251,0.5592102470347275,0.12399867186349939
2024-05-21,71446.62,71979.0,69162.94,70148.34,49607.4336,61.94,62.13,58.18,58.59,5298.68994140625,5324.31982421875,5297.8701171875,5321.41015625,3662240000,12.300000190734863,12.5600004196167,11.84000015258789,11.859999656677246,-0.018338454758227797,0.0024987497668926086,0.6275589603843689,0.07149367156441745,0.5698709218564627,0.07631032869041891,0.5521243756682107,0.12409345187593512
2024-05-22,70148.34,70666.0,68842.19,69166.62,27673.18026,58.59,59.7,55.95,56.8,5319.27978515625,5323.18017578125,5286.009765625,5307.009765625,3847130000,12.050000190734863,12.8100004196167,11.779999732971191,12.289999961853027,-0.014093766386815483,-0.0027097912093521476,0.6490368211782781,0.07704209275371843,0.5815163411794247,0.07802278202144229,0.5500693463872511,0.12075487229511964
2024-05-23,69166.62,70096.12,66312.16,67969.65,40513.17374,56.8,56.86,53.16,53.18,5340.259765625,5341.8798828125,5256.93017578125,5267.83984375,3869520000,11.529999732971191,13.369999885559082,11.520000457763672,12.770000457763672,-0.017457094288918538,-0.007408162283471933,0.6393721556519623,0.09354781911776446,0.5422513278622034,0.07851397639106994,0.55173634881017,0.12147884812665186
2024-05-24,67969.66,69250.0,66600.12,68549.99,28095.83664,53.18,53.29,51.0,52.29,5281.4501953125,5311.64990234375,5278.39013671875,5304.72021484375,3005510000,12.859999656677246,12.890000343322754,11.890000343322754,11.93000030517578,0.008501978114690344,0.0069766490766732595,0.49238743200027196,0.07205524099084124,0.542365561516668,0.07275358441009584,0.5382592650196708,0.1140739011509866
2024-05-28,69436.43,69591.81,67277.91,68398.39,32622.97042,53.91,55.85,52.89,54.76,5315.91015625,5315.91015625,5280.89013671875,5306.0400390625,3751540000,12.510000228881836,13.4399995803833,12.359999656677246,12.920000076293944,-0.0022139737896068115,0.00024877090688591537,0.4767441874895547,0.07069386283476624,0.5365748392423825,0.07300218288471672,0.5102476775897022,0.1070026347739898
2024-05-29,68398.4,68935.68,67124.65,67652.42,23159.83149,54.76,55.13,52.85,53.24,5278.72998046875,5282.27001953125,5262.7001953125,5266.9501953125,3552750000,13.75,14.31999969482422,13.6899995803833,14.279999732971191,-0.010966160005080427,-0.007394317215742535,0.46317451277708166,0.0834913193142856,0.5309990437654386,0.08231096761223874,0.5116182069365512,0.10965972081508624
2024-05-30,67652.41,69500.0,67128.0,68352.17,28478.2184,53.24,53.57,52.13,53.27,5259.77001953125,5260.2099609375,5222.10009765625,5235.47998046875,3818750000,14.81999969482422,14.880000114440918,13.670000076293944,14.470000267028809,0.010290184685345129,-0.005992957535754186,0.19037774433328777,0.08710836155717541,0.5208121027802995,0.08524508003217411,0.4961294673910025,0.10977256366980469
2024-05-31,68352.17,69044.1,66670.0,67540.01,26690.32184,53.27,53.27,50.23,51.99,5243.2099609375,5280.330078125,5191.68017578125,5277.509765625,5437160000,14.5,14.869999885559082,12.84000015258789,12.920000076293944,-0.011953148002230988,0.007995824231928897,0.17682774662222508,0.10362713372287892,0.49144455858231934,0.09124474713424519,0.4888598649236589,0.11084690203023947
2024-06-03,67765.62,70288.0,67612.48,68809.9,29633.374,51.11,53.78,50.9,52.77,5297.14990234375,5302.10986328125,5234.31982421875,5283.39990234375,4046920000,13.079999923706056,14.3100004196167,13.0,13.109999656677246,0.018627466918373168,0.0011154602235352391,0.21436667760496875,0.10380222205950404,0.4788959302055687,0.09114167923501591,0.4911368516716856,0.10629895630194937
2024-06-04,68809.89,71063.45,68567.32,70537.84,29619.78489,51.71,54.77,51.52,53.95,5278.240234375,5298.7998046875,5257.6298828125,5291.33984375,3707900000,13.510000228881836,14.079999923706056,13.109999656677246,13.15999984741211,0.02480167347858517,0.0015016810037827531,0.22560147289597768,0.09254741604138982,0.4662971437160213,0.08939995809382267,0.4785406511454834,0.10442439290452224
2024-06-05,70537.83,71758.0,70383.66,71108.0,28703.18082,53.95,57.13,53.94,55.62,5314.47998046875,5354.16015625,5297.64013671875,5354.02978515625,3591460000,13.140000343322754,13.25,12.600000381469728,12.630000114440918,0.008050544645661345,0.011778015849957281,0.22534834340042584,0.10932641743794838,0.3678864050092741,0.08971282965027977,0.478269083657389,0.10432799576511355
2024-06-06,71108.0,71700.0,70117.64,70799.06,21842.00449,55.62,55.72,51.81,51.87,5357.7998046875,5362.35009765625,5335.35986328125,5352.9599609375,3609990000,12.75,12.979999542236328,12.539999961853027,12.579999923706056,-0.004354124285061161,-0.00019983660163685183,0.22866060071829347,0.10954425969227734,0.3595293895968598,0.08896727290617931,0.46730967116518324,0.10438986615281225
2024-06-07,70799.06,71997.02,68420.0,69355.6,35598.45045,51.87,54.27,50.02,50.02,5343.81005859375,5375.080078125,5331.330078125,5346.990234375,3692760000,12.6899995803833,13.079999923706056,12.109999656677246,12.220000267028809,-0.020598830454873523,-0.0011158420502790662,0.2616997714533959,0.09410651513637729,0.36188039244315706,0.0892864886266809,0.4723786119945756,0.10302030701583156
2024-06-10,69648.15,70195.94,69172.29,69540.0,17122.66941,51.79,52.16,50.79,50.88,5341.22021484375,5365.7900390625,5331.52001953125,5360.7900390625,3622280000,13.09000015258789,13.279999732971191,12.619999885559082,12.739999771118164,0.0026552332592109083,0.002577529978240972,0.2574176345071711,0.07506491270400122,0.22923604814998028,0.08968276497066452,0.47056974723162726,0.10005021577554694
2024-06-11,69540.0,69590.01,66051.0,67314.24,41436.01588,50.88,53.05,50.44,52.49,5353.0,5375.9501953125,5327.25,5375.31982421875,3568030000,12.850000381469728,13.470000267028809,12.779999732971191,12.850000381469728,-0.032530322415029955,0.0027067148552095224,0.3262238732155765,0.06775420492122966,0.25534578604999514,0.08976769002226893,0.4816472951121495,0.0999981076214465
2024-06-12,67314.23,69999.0,66905.0,68263.99,37175.32356,52.49,53.9,50.51,50.56,5409.1298828125,5447.25,5409.1298828125,5421.02978515625,3962840000,13.100000381469728,13.149999618530272,11.9399995803833,12.039999961853027,0.014010590579490376,0.008467720241887338,0.31587941987515833,0.07486893182856022,0.2593687376969461,0.09391927472784128,0.45562230841530804,0.0870086586077021
2024-06-13,68263.98,68449.3,66251.78,66773.01,29079.55571,50.56,50.65,48.57,49.23,5441.93017578125,5441.93017578125,5402.509765625,5433.740234375,3530380000,12.050000190734863,12.68000030517578,11.880000114440918,11.9399995803833,-0.02208343776467173,0.00234191143711672,0.2770495150424927,0.07400994493420086,0.2657446276745922,0.08460333573229402,0.44446624307545823,0.08519701425563861
2024-06-14,66773.01,67370.24,65078.0,66043.99,28408.18797,49.23,49.87,47.45,48.56,5424.080078125,5432.39013671875,5403.75,5431.60009765625,3438650000,12.220000267028809,13.449999809265137,12.119999885559082,12.65999984741211,-0.010977921824138023,-0.00039393828099749413,0.25376932393119334,0.051455160940272034,0.26471032682280937,0.08230965370121827,0.44610125593239724,0.08338496490969778
2024-06-17,66676.86,67298.81,65130.0,66504.33,27386.16851,47.9,49.55,47.9,48.81,5431.10986328125,5488.5,5420.39990234375,5473.22998046875,3447840000,13.06999969482422,13.289999961853027,12.5,12.75,0.006946023168652186,0.007635164372320518,0.27364381737938037,0.058083091392275646,0.26784381434452126,0.08570120307527375,0.40985067567288813,0.07934882608606877
2024-06-18,66504.33,66588.23,64060.0,65175.32,42350.10244,48.81,50.52,48.33,50.06,5476.14990234375,5490.3798828125,5471.31982421875,5487.02978515625,3544330000,12.699999809265137,12.739999771118164,12.239999771118164,12.300000190734863,-0.020186188658431685,0.0025181541815171163,0.27291563655516926,0.05039350452727957,0.27653816131035436,0.07362141965861894,0.41468943950549453,0.07556267203864006
2024-06-20,64974.37,66482.94,64559.15,64869.99,24265.29031,48.6,49.39,48.28,48.28,5499.990234375,5505.52978515625,5455.56005859375,5473.169921875,3847060000,12.5,13.550000190734863,12.18000030517578,13.279999732971191,-0.004695756595097168,-0.0025291273954115403,0.2632583047911441,0.06290422026400887,0.27016515477018016,0.06662300580108055,0.41275615554665956,0.07664284968117363
2024-06-21,64869.99,65066.66,63379.35,64143.56,25993.56442,48.28,48.4,46.25,47.11,5466.77001953125,5478.31005859375,5452.02978515625,5464.6201171875,6773800000,13.220000267028809,13.779999732971191,12.989999771118164,13.199999809265137,-0.011261416759841722,-0.0015633517188252497,0.2126368902108408,0.0685970735670676,0.2697729172545025,0.06553991825139002,0.41041733832706584,0.07709082116694525
2024-06-24,63210.01,63369.8,58402.0,60293.3,52161.35414,49.32,53.06,49.13,50.96,5459.580078125,5490.66015625,5447.58984375,5447.8701171875,3696750000,13.850000381469728,13.880000114440918,13.149999618530272,13.329999923706056,-0.06190270986191575,-0.0030698791558664423,0.34551793869823866,0.05976935291821458,0.34618832522282056,0.06952406302160853,0.44026032505636653,0.07763426068008282
2024-06-25,60293.3,62420.0,60257.06,61806.01,31189.24361,50.96,50.97,47.82,48.14,5460.72998046875,5472.8798828125,5446.56005859375,5469.2998046875,3591960000,13.479999542236328,13.520000457763672,12.84000015258789,12.84000015258789,0.024779622477455705,0.003925873679181344,0.4258350992451185,0.06229300273300041,0.34614605889887207,0.06981918944627584,0.43354290509508087,0.07796168379128915
2024-06-26,61806.01,62487.81,60712.0,60864.99,22485.66463,48.14,48.14,46.66,47.05,5460.7099609375,5483.14013671875,5451.8701171875,5477.89990234375,3563920000,12.8100004196167,13.239999771118164,12.369999885559082,12.550000190734863,-0.015342476362678105,0.0015711962247204525,0.42661175279472835,0.061648949771003284,0.33735046844571437,0.05499310372869493,0.42350721188092144,0.0777789853415475
2024-06-27,60864.98,62389.22,60606.63,61706.47,18344.28631,47.05,48.07,46.58,47.94,5473.58984375,5490.81005859375,5467.5400390625,5482.8701171875,3589530000,12.6899995803833,12.770000457763672,12.210000038146973,12.239999771118164,0.013730655086801458,0.0009069098567990731,0.4407515699564547,0.042431304540401615,0.3527453163238651,0.05447582106777602,0.42090176339941615,0.07719290999046355
2024-06-28,61706.46,62225.31,60063.0,60427.84,24821.19255,47.94,47.98,44.38,45.4,5488.47998046875,5523.64013671875,5451.1201171875,5460.47998046875,7199220000,12.239999771118164,12.760000228881836,11.869999885559082,12.4399995803833,-0.020938861751513153,-0.0040920134623695995,0.441454751018557,0.045986786678130144,0.3529496504258156,0.05876589273161923,0.3645555782254955,0.07249174919119308
2024-07-01,62772.01,63861.76,62497.2,62899.99,24547.10538,45.44,45.45,43.76,44.71,5471.080078125,5479.5498046875,5446.52978515625,5475.08984375,3488760000,12.979999542236328,13.260000228881836,12.100000381469728,12.220000267028809,0.0400960788250724,0.0026719909814295235,0.5386031364610061,0.047816445145384585,0.4098139623088531,0.0588008173430827,0.3834111602554288,0.07207536089043066
2024-07-02,62900.0,63288.83,61806.28,62135.47,18573.11875,44.71,44.81,42.29,42.33,5461.83984375,5509.68994140625,5458.43017578125,5509.009765625,3329950000,12.670000076293944,12.880000114440918,11.850000381469728,12.029999732971191,-0.012229003319739846,0.0061762057711850496,0.5391514312341088,0.05825714705428099,0.3942137294526678,0.06193212611901809,0.3750577258560131,0.07356165138081731
2024-07-03,62135.46,62285.94,59400.0,60208.58,32160.11127,41.41,45.88,41.23,45.36,5507.43994140625,5539.27001953125,5507.419921875,5537.02001953125,2179470000,12.130000114440918,12.229999542236328,11.949999809265137,12.09000015258789,-0.0315021343281225,0.0050715622695336636,0.4212847432960312,0.05376108729531678,0.3973392643215536,0.056207903225355876,0.3270907578894981,0.07437002365726238
2024-07-05,57050.02,57546.0,53485.93,56628.79,81348.24756,47.53,54.86,47.53,48.98,5537.91015625,5570.330078125,5531.6298828125,5567.18994140625,3253080000,12.369999885559082,12.609999656677246,11.84000015258789,12.479999542236328,-0.06129735394529828,0.00543397436096954,0.5134131415422841,0.05635347641237613,0.45331587200086865,0.058573784122860524,0.36321168660737224,0.0752260050767133
2024-07-08,55857.81,58236.73,54260.16,56714.62,48090.2049,50.99,53.54,50.4,51.03,5572.75,5583.10986328125,5562.509765625,5572.85009765625,3185670000,12.90999984741211,12.90999984741211,12.3100004196167,12.369999885559082,0.001514512690345891,0.0010161824764044329,0.519417380852815,0.05684806890767533,0.456823868975504,0.0578826319161034,0.36343071469092836,0.0741797501269072
2024-07-09,56714.61,58296.0,56289.45,58050.0,27732.20788,51.03,52.16,50.04,50.05,5584.240234375,5590.75,5574.56982421875,5576.97998046875,3232920000,12.479999542236328,12.609999656677246,12.350000381469728,12.510000228881836,0.023272682322844962,0.0007407974780654752,0.5405226697197569,0.05704644692295019,0.47409713806508924,0.051529903260329864,0.371944875334291,0.06914138469854739
2024-07-10,58050.0,59470.0,57157.79,57725.85,24951.73799,50.05,50.21,48.45,48.69,5591.259765625,5635.39013671875,5586.43994140625,5633.91015625,3336100000,12.510000228881836,12.920000076293944,12.390000343322754,12.850000381469728,-0.0055996280225802065,0.010156314878105886,0.5337597170182394,0.05249200208677962,0.47188391789669687,0.06367078410452816,0.3696498293962602,0.07173524416032605
2024-07-11,57725.85,59650.0,57050.0,57339.89,29761.05735,48.69,49.2,48.14,48.54,5635.2099609375,5642.4501953125,5576.52978515625,5584.5400390625,4020950000,12.880000114440918,13.329999923706056,12.229999542236328,12.920000076293944,-0.006708538049520128,-0.008801649969266724,0.4247699830441753,0.09604344222803962,0.4716325397789928,0.07639413913875415,0.36950798262887263,0.07816984638748589
2024-07-12,57339.89,58526.68,56542.47,57889.1,23652.4569,48.54,48.54,46.14,46.32,5590.759765625,5655.56005859375,5590.43994140625,5615.35009765625,3700280000,12.869999885559082,12.890000343322754,12.109999656677246,12.460000038146973,0.009532569171711086,0.00550186402496512,0.4464212149713853,0.09513692260704594,0.4777518350302315,0.07689102170724844,0.37182426856433537,0.07394656373163641
2024-07-15,60797.91,64900.0,60632.3,64724.14,38690.9782,49.3,54.56,48.89,54.52,5638.16015625,5666.93994140625,5614.75,5631.22021484375,3620470000,12.779999732971191,13.260000228881836,12.75,13.119999885559082,0.11160512732242599,0.0028222164233526843,0.8242792873975779,0.09376030951849658,0.6348434777082324,0.07342962465046313,0.5017401847690683,0.06982554375383826
2024-07-16,64724.06,65388.97,62373.24,65043.99,42530.52915,54.52,56.54,54.13,56.49,5644.08984375,5669.669921875,5639.02001953125,5667.2001953125,4041760000,13.380000114440918,13.470000267028809,12.949999809265137,13.1899995803833,0.004929571655444641,0.0063690499714532745,0.6624633628783484,0.0951840236262061,0.6284481327633796,0.07514823907858978,0.5011623192054019,0.06885090839694473
2024-07-17,65044.0,66128.63,63854.0,64087.99,29567.52954,56.49,62.85,56.49,58.28,5610.06982421875,5622.490234375,5584.81005859375,5588.27001953125,4246450000,13.600000381469728,14.880000114440918,13.539999961853027,14.479999542236328,-0.014806827344029673,-0.014025441523645543,0.6881179820958836,0.13832868303939083,0.6281384112196335,0.10300966438324936,0.4989994980510065,0.08365090958479496
2024-07-18,64087.99,65133.3,63238.48,63987.92,22568.7225,58.28,58.3,55.87,57.1,5608.56005859375,5614.0498046875,5522.81005859375,5544.58984375,4007510000,14.270000457763672,16.43000030517578,14.079999923706056,15.93000030517578,-0.0015626673332034774,-0.007847112145350072,0.6954036238846483,0.14676600432017786,0.6267471646715325,0.11030034775115097,0.49233058162837967,0.08826934171124591
2024-07-19,63987.92,67386.0,63300.67,66660.0,35634.72739,57.1,62.25,55.99,60.8,5543.3701171875,5557.5,5497.0400390625,5505.0,3760570000,16.440000534057617,17.190000534057617,10.619999885559082,16.520000457763672,0.040910757335444886,-0.007165879226406085,0.6965840969535799,0.12788080524954595,0.6365862080684552,0.11366256641414987,0.5078507796269595,0.08626333137047815
2024-07-22,68165.35,68474.55,66559.97,67532.01,21451.04303,66.0,68.27,61.61,67.63,5544.5400390625,5570.35986328125,5529.0400390625,5564.41015625,3375180000,16.790000915527344,16.889999389648438,14.75,14.90999984741211,0.012996634813290766,0.010734217246220293,0.67385227441328,0.1451744917012058,0.6194359743351787,0.12142097873597592,0.5096837610821843,0.09072761849209575
2024-07-23,67532.0,67750.98,65441.08,65936.01,31406.15316,67.63,68.62,63.9,63.91,5565.2998046875,5585.33984375,5550.89990234375,5555.740234375,3500210000,15.210000038146973,15.350000381469728,13.899999618530272,14.720000267028809,-0.023916981434216472,-0.0015593176939461904,0.7302343963466751,0.138928936704026,0.6276950698699668,0.11964341325350017,0.5108493745159624,0.09083890110286112
2024-07-24,65936.0,67102.01,65111.0,65376.0,23082.56277,63.91,63.97,61.14,61.39,5505.83984375,5508.0400390625,5419.97998046875,5427.1298828125,3945550000,15.350000381469728,18.459999084472656,15.18000030517578,18.040000915527344,-0.008529507623456263,-0.02342124222289286,0.33793294662606677,0.1857761421710061,0.609644898698164,0.15489309447951718,0.5110520164195124,0.11550651108927723
2024-07-25,65376.01,66175.49,63456.7,65799.95,35126.42934,61.39,62.34,59.83,61.81,5428.7001953125,5491.58984375,5390.9501953125,5399.22021484375,4592120000,18.40999984741211,19.36000061035156,16.420000076293945,18.459999084472656,0.006463859817351855,-0.005155889019717259,0.3387244384697603,0.16740126765892463,0.5270989324472006,0.152288023183392,0.5032852660854431,0.11639245697377436
2024-07-26,65799.95,68200.0,65722.63,67907.99,24244.36023,61.81,62.69,59.66,60.1,5433.669921875,5488.31982421875,5430.7001953125,5459.10009765625,3638770000,17.969999313354492,18.049999237060547,16.3700008392334,16.389999389648438,0.03153462223775808,0.011029420409570924,0.3577446044786517,0.18885992726737097,0.5322962996777714,0.1619888885856339,0.5102681796328433,0.11820630889255275
2024-07-29,68249.88,70079.99,66428.0,66784.69,36467.29633,52.65,56.35,51.73,51.73,5476.5498046875,5487.740234375,5444.43994140625,5463.5400390625,3379970000,16.59000015258789,17.209999084472656,16.229999542236328,16.600000381469727,-0.01667983803290009,0.0008129795718284517,0.38561042071885704,0.1873229445379568,0.5440142981997593,0.16200829956770293,0.5084893110040412,0.11805226500943197
2024-07-30,66784.68,67000.0,65302.67,66188.0,23132.25441,51.73,51.73,49.49,50.62,5478.72998046875,5489.4599609375,5401.7001953125,5436.43994140625,3777740000,16.639999389648438,18.31999969482422,16.260000228881836,17.690000534057617,-0.008974685027823451,-0.0049725143613676215,0.30407380358259684,0.18528465086174503,0.5460763331228671,0.15345544851097542,0.5081463276533457,0.11898858274080243
2024-07-31,66188.0,66849.24,64530.0,64628.0,22625.43905,50.62,50.65,48.54,48.73,5505.58984375,5551.509765625,5493.75,5522.2998046875,4546910000,16.65999984741211,16.770000457763672,15.710000038146973,16.360000610351562,-0.02385142421501373,0.015669980701917767,0.3130035344762526,0.20099790146065313,0.5607510616280486,0.16850945008950377,0.5123485416074164,0.12554918425835787
2024-08-01,64628.01,65659.78,62302.0,65354.02,35542.26854,48.73,50.43,47.23,49.81,5537.83984375,5566.16015625,5410.419921875,5446.68017578125,4703620000,16.200000762939453,19.479999542236328,15.949999809265137,18.59000015258789,0.011171199683345215,-0.013788123791990166,0.30051255719669334,0.21510631274751643,0.5608500045268159,0.17429856897551196,0.5101761014783098,0.13178316391971023
2024-08-02,65354.02,65596.14,61230.01,61498.33,38820.42937,49.81,51.49,46.91,51.4,5376.6298828125,5383.89013671875,5302.02978515625,5346.56005859375,5156450000,20.520000457763672,29.65999984741211,20.010000228881836,23.38999938964844,-0.06080893312569105,-0.01855290660855327,0.4696763761535532,0.19673399084138998,0.40191184436285476,0.18563436524404855,0.5398119915013704,0.14198380834328708
2024-08-05,58161.0,58305.59,49000.0,54018.81,162065.59186,56.13,92.71,56.02,63.08,5151.14013671875,5250.89013671875,5119.259765625,5186.330078125,5333250000,23.38999938964844,65.7300033569336,23.38999938964844,38.56999969482422,-0.1296777007286013,-0.0304270413923931,0.8450005624523237,0.2609674352275598,0.6655033397722189,0.21085487548461046,0.6547516203894181,0.16598320511483503
2024-08-06,54018.82,57040.99,53950.0,56022.01,55884.77676,63.08,63.21,59.24,61.54,5206.419921875,5312.33984375,5193.56005859375,5240.02978515625,4690190000,33.709999084472656,34.77000045776367,24.020000457763672,27.709999084472656,0.03641232998749407,0.010300849493599515,0.859855074979289,0.25902973255953665,0.6978949291847957,0.218762982205959,0.6433562371050318,0.1695395100085851
2024-08-07,56022.0,57736.05,54558.62,55134.16,44269.37684,61.54,61.54,58.44,60.88,5293.1298828125,5330.64013671875,5195.5400390625,5199.5,4558260000,24.770000457763672,29.760000228881836,21.969999313354492,27.850000381469727,-0.015975161468007117,-0.007764715388769489,0.8602373703843412,0.25484037933927545,0.697352750052621,0.21873952254095128,0.6391974158491959,0.16979576742090943
2024-08-08,55133.76,62745.14,54730.0,61685.99,48349.52949,60.73,60.99,55.56,56.81,5252.56982421875,5328.02978515625,5233.85009765625,5319.31005859375,4016830000,28.34000015258789,29.469999313354492,23.36000061035156,23.790000915527344,0.11228735091416127,0.02278113959089888,1.207025673045859,0.3123745568013629,0.8489105331277172,0.24698010033263207,0.7209844502944225,0.1838754730454639
2024-08-09,61686.0,61744.37,59535.0,60837.99,30972.48017,56.8,56.86,54.44,55.02,5314.66015625,5358.669921875,5300.83984375,5344.16015625,3516400000,23.780000686645508,24.520000457763672,20.260000228881836,20.3700008392334,-0.013842409307287744,0.004660798434381699,1.2037129691975181,0.2908135531153151,0.8451793165292791,0.24198868745476204,0.7209987233265351,0.1845307948752678
2024-08-12,58712.59,60711.09,57642.21,59346.64,37009.91743,57.11,58.41,56.9,57.48,5351.8798828125,5371.2001953125,5324.3701171875,5344.39013671875,3360160000,20.790000915527344,21.190000534057617,18.88999938964844,20.709999084472656,-0.02481892322778218,4.30330517200971e-05,1.1981998338408926,0.2843982411523245,0.8455284221862686,0.2422541622026095,0.7220427448389273,0.1842893253965053
2024-08-13,59346.64,61578.1,58392.88,60587.15,27858.95851,57.48,57.8,56.68,56.92,5376.97998046875,5436.5,5376.97998046875,5434.43017578125,3648980000,20.059999465942383,20.790000915527344,17.950000762939453,18.1200008392334,0.020687318243458014,0.016707233419049988,1.1630996649686092,0.2805553188913041,0.8538974106256572,0.23567918563063195,0.7146902570274645,0.19090243196866877
2024-08-14,60587.16,61800.0,58433.18,58683.39,28422.76326,56.92,57.4,55.3,55.31,5442.35986328125,5463.22021484375,5415.91015625,5455.2099609375,3380050000,18.40999984741211,18.489999771118164,16.1200008392334,16.190000534057617,-0.031926101818424826,0.00381643656119841,0.8059176156455278,0.16341655121400553,0.8590466837529862,0.2348762425346882,0.7195831666030998,0.19033399781501859
2024-08-15,58683.39,59849.38,56078.54,57541.06,37686.17622,55.31,55.91,53.43,55.64,5501.1298828125,5546.22998046875,5501.1298828125,5543.22021484375,3723310000,16.270000457763672,16.68000030517578,14.770000457763672,15.229999542236328,-0.019657942646201854,0.01600448993130413,0.8043084135428783,0.1713237570947894,0.8404285377461637,0.2399949808537452,0.7161606021650098,0.19559361118819757
2024-08-16,57541.05,59817.76,57098.62,58874.6,27610.84344,55.64,55.65,53.12,53.12,5530.5,5561.97998046875,5525.169921875,5554.25,3357690000,15.289999961853027,15.760000228881836,14.649999618530272,14.800000190734863,0.022910978337253942,0.0019878023683961516,0.7979239027326804,0.14082662851862304,0.852697896044302,0.2400202370914164,0.6963862400817965,0.19502154280467177
2024-08-19,58427.35,59617.63,57787.3,59438.5,22809.31251,54.4,54.44,53.67,53.68,5557.22998046875,5608.2998046875,5550.740234375,5608.25,3222050000,15.9399995803833,16.06999969482422,14.460000038146973,14.649999618530272,0.0095324063011534,0.009675327436177775,0.3585121615495712,0.1063768974882535,0.8563179168170358,0.2407904248086687,0.696795662185812,0.19704780946776945
2024-08-20,59438.5,61400.0,58548.23,59013.8,31477.44548,53.68,54.44,52.91,54.06,5602.8798828125,5620.509765625,5585.5,5597.1201171875,2994420000,14.890000343322754,15.93000030517578,14.779999732971191,15.880000114440918,-0.007170849698593443,-0.001986527237609709,0.3540441131282882,0.12051403356626234,0.8531309893812529,0.23320879469717753,0.6941350150249777,0.1971426194410555
2024-08-21,59013.8,61820.93,58783.47,61156.03,27983.6422,54.06,55.77,53.88,54.68,5603.08984375,5632.68017578125,5591.56982421875,5620.85009765625,3119670000,16.25,17.170000076293945,15.920000076293944,16.270000457763672,0.03565715238614722,0.004230714721006796,0.39118424128134704,0.11334036205819158,0.8691326238166511,0.22344344890604897,0.7012222683428616,0.19526035848377027
2024-08-22,61156.03,61400.0,59724.87,60375.84,21241.20588,54.68,55.49,53.84,53.99,5637.77001953125,5643.22021484375,5560.9501953125,5570.64013671875,2981530000,16.270000457763672,18.059999465942383,15.760000228881836,17.549999237060547,-0.012839442327577983,-0.00897294225665722,0.38381370656657204,0.12684462136679764,0.8321906104619747,0.20941154419884234,0.7021027170856792,0.19532748337848724
2024-08-23,60375.83,64955.0,60342.14,64037.24,38118.07089,53.99,55.85,52.27,55.43,5602.490234375,5641.81982421875,5585.16015625,5634.60986328125,3291940000,17.1200008392334,17.209999084472656,15.609999656677246,15.859999656677246,0.05887576421662603,0.01141793740166443,0.4521364339324233,0.1354566506588792,0.6278133729817345,0.14578046795710078,0.7211796044790778,0.19753747194745366
2024-08-26,64219.99,64481.0,62800.0,62834.0,19470.05276,54.2,54.34,50.77,51.58,5639.66015625,5651.6201171875,5602.33984375,5616.83984375,2938570000,16.270000457763672,16.670000076293945,15.8100004196167,16.149999618530273,-0.01896846089281066,-0.0031587101696058145,0.4500928596792809,0.11509505159644165,0.6302921941595441,0.14908931474072523,0.6462873822334321,0.19758553381536842
2024-08-27,62834.0,63212.0,58034.01,59415.0,35135.94178,51.58,55.13,49.13,52.69,5602.89013671875,5631.18017578125,5593.47998046875,5625.7998046875,2798990000,16.209999084472656,16.809999465942383,15.369999885559082,15.43000030517578,-0.05594960850125526,0.0015939251127232035,0.5983082909811158,0.11510450913339872,0.6808026611389183,0.13851791280812203,0.6652511885877058,0.19671285691316884
2024-08-28,59415.0,60234.98,57860.0,59034.9,36868.54275,52.69,54.86,50.98,52.91,5624.509765625,5627.02978515625,5560.9501953125,5592.18017578125,3053450000,15.510000228881836,17.889999389648438,15.460000038146973,17.110000610351562,-0.006417925294743356,-0.005993900794735212,0.5967484806619094,0.10844291905451227,0.47429018684178514,0.12229533802842496,0.6644030697198259,0.1931688425291565
2024-08-29,59034.9,61166.99,58713.09,59359.01,27020.90743,52.91,53.58,51.7,52.98,5607.2998046875,5646.9501953125,5583.7099609375,5591.9599609375,3065640000,16.540000915527344,16.56999969482422,15.1899995803833,15.649999618530272,0.005475126375226921,-3.937984343658622e-05,0.5960557979552229,0.10788182180870079,0.4729177186542722,0.12310818750678443,0.664824190839398,0.19172456680167244
2024-08-30,59359.0,59944.07,57701.1,59123.99,28519.32195,52.98,53.22,50.5,51.96,5612.740234375,5651.3701171875,5581.7900390625,5648.39990234375,4185850000,15.670000076293944,16.040000915527344,14.779999732971191,15.0,-0.003967156608714223,0.010042457079144168,0.5439634170675802,0.12240971854529832,0.4613402246924142,0.12536748932987166,0.6519575019811201,0.19240029768116265
2024-09-03,59132.12,59809.65,57415.0,57487.73,22828.18447,52.78,55.73,52.57,55.29,5623.89013671875,5623.89013671875,5504.330078125,5528.93017578125,3866350000,15.760000228881836,21.989999771118164,15.710000038146973,20.719999313354492,-0.02806523048596581,-0.021377963372397696,0.5607932191981377,0.17493375739838318,0.46476754267643905,0.15163054908286647,0.6535159733304703,0.20041866046642734
2024-09-04,57487.74,58519.0,55606.0,57970.9,35560.82146,55.29,58.72,55.08,55.73,5506.68017578125,5552.990234375,5503.66015625,5520.06982421875,3478140000,23.200000762939453,23.309999465942383,19.34000015258789,21.31999969482422,0.008369626775024829,-0.0016038290273809634,0.35613311711769424,0.15179770710321008,0.4485753854799075,0.15158308969485781,0.6522508172320156,0.20042129980048104
2024-09-05,57970.9,58327.07,55643.65,56180.0,27806.91413,55.73,57.3,55.51,56.79,5520.080078125,5546.2998046875,5480.5400390625,5503.41015625,3521650000,20.75,21.530000686645508,19.209999084472656,19.899999618530273,-0.03138033882672037,-0.003022581014674196,0.37058054431559734,0.15179143749811913,0.4606850424873186,0.13531733319295333,0.6568868569027675,0.1882469786692229
2024-09-06,56180.0,57008.0,52550.0,53962.97,54447.76826,56.79,60.77,56.06,59.46,5507.330078125,5522.47021484375,5402.6201171875,5408.419921875,3822800000,21.979999542236328,23.760000228881836,18.829999923706055,22.3799991607666,-0.040262751080288636,-0.017410944507424406,0.3058351664274749,0.16984129173514606,0.4730391141075677,0.1523227391811639,0.6636927112423684,0.1946681936311649
2024-09-09,54869.95,58088.0,54591.96,57042.0,32384.51737,59.32,59.35,58.01,58.82,5442.06982421875,5484.2001953125,5434.490234375,5471.0498046875,3825940000,21.31999969482422,21.40999984741211,19.290000915527344,19.450000762939453,0.055489768009139365,0.011513534435818254,0.5192638915152291,0.19835438659063626,0.5383809241100949,0.15520308444053574,0.6791090903132765,0.1949102193630795
2024-09-10,57042.01,58044.36,56386.4,57635.99,23626.78126,58.82,58.83,56.61,57.18,5490.509765625,5497.91015625,5441.72021484375,5495.52001953125,3848180000,19.86000061035156,20.739999771118164,18.899999618530273,19.079999923706055,0.010359360363052208,0.004462699977793541,0.5241687304245968,0.2030820546457143,0.5408418148678842,0.15742399363302453,0.6798702808205245,0.19531725312439818
2024-09-11,57635.99,57981.71,55545.19,57338.0,33026.56757,57.18,57.2,54.09,54.84,5496.419921875,5560.41015625,5406.9599609375,5554.1298828125,3839450000,19.40999984741211,21.40999984741211,17.549999237060547,17.690000534057617,-0.005183618786241656,0.01060855564984334,0.524196060122818,0.20457169390462138,0.5132281921801408,0.163963853217735,0.6797621476140495,0.19694902099406725
2024-09-12,57338.0,58588.0,57324.0,58132.32,31074.40631,54.84,55.56,53.81,53.96,5557.47998046875,5600.7099609375,5535.5,5595.759765625,3655070000,17.6200008392334,18.59000015258789,16.889999389648438,17.06999969482422,0.013758211280425158,0.00746735215680267,0.5045286080313593,0.16071806522656656,0.5173446812863732,0.16301452717002746,0.6793346428786609,0.1929300838480565
2024-09-13,58132.31,60625.0,57632.62,60498.0,29825.23333,53.96,54.26,52.4,52.51,5603.33984375,5636.27001953125,5601.64990234375,5626.02001953125,3500790000,17.030000686645508,17.18000030517578,16.229999542236328,16.559999465942383,0.039888515176949337,0.0053931422343560355,0.5552071282173754,0.1601290773601866,0.4783346629817367,0.15695605478434274,0.6897539532034558,0.1885983632861165
2024-09-16,59132.0,59210.7,57493.3,58213.99,26477.5642,53.21,54.18,52.81,53.29,5615.2099609375,5636.0498046875,5604.52978515625,5633.08984375,3437070000,17.15999984741211,17.690000534057617,16.90999984741211,17.139999389648438,-0.0384846027810325,0.0012558408673102855,0.5765726006095947,0.15568537516599787,0.4969298035750233,0.15640982506363293,0.6762785302926171,0.17918304642319918
2024-09-17,58213.99,61320.0,57610.01,60313.99,33116.25878,53.29,55.12,53.12,53.12,5655.509765625,5670.81005859375,5614.0498046875,5634.580078125,3443600000,17.15999984741211,18.079999923706055,16.670000076293945,17.610000610351562,0.035438379599161005,0.00026451509389645083,0.5004053750145777,0.0685160284145267,0.46729715132465344,0.15628285082906168,0.565235186037069,0.15119921768260283
2024-09-18,60313.99,61786.24,59174.8,61759.99,36087.02469,53.12,55.24,51.38,51.59,5641.68017578125,5689.75,5615.080078125,5618.259765625,3691390000,17.579999923706055,19.38999938964844,17.110000610351562,18.229999542236328,0.023691660342147144,-0.0029006587083132912,0.42549616072359203,0.07293470179147048,0.47533276232721355,0.1544810451913898,0.560011140612127,0.15031889363482803
2024-09-19,61759.98,63850.0,61555.0,62947.99,34332.52608,51.59,52.67,50.38,51.95,5702.6298828125,5733.56982421875,5686.419921875,5713.64013671875,4024530000,17.209999084472656,17.270000457763672,16.209999084472656,16.329999923706055,0.01905308607791393,0.016834356892725128,0.42783476799027986,0.10735666537014232,0.48004695798039543,0.16954714890656017,0.5587622293954866,0.1528594565929964
2024-09-20,62948.0,64133.32,62350.0,63201.05,25466.37794,51.95,52.89,49.91,50.15,5709.64013671875,5715.14013671875,5674.490234375,5702.5498046875,7867260000,16.350000381469727,16.68000030517578,15.8100004196167,16.149999618530273,0.004012085061529829,-0.0019429136300157343,0.4151556992999757,0.10897030975137026,0.47860914131892457,0.16546910512063331,0.45575187881631735,0.14164235775107994
2024-09-23,63578.76,64745.88,62538.75,63339.99,24078.05287,51.13,51.58,50.38,50.45,5711.89990234375,5725.35986328125,5704.22021484375,5718.56982421875,3529550000,16.709999084472656,16.950000762939453,15.75,15.890000343322754,0.002195968293510382,0.0028053344257131223,0.4210850217934022,0.10586794383582562,0.45501171530758894,0.13124308716667055,0.45363717217940247,0.1414777761093283
2024-09-24,63339.99,64688.0,62700.0,64262.7,23185.04759,50.45,51.6,50.06,51.52,5727.66015625,5735.31982421875,5698.990234375,5732.93017578125,3872710000,15.869999885559082,16.670000076293945,15.270000457763672,15.390000343322754,0.01446248637939056,0.002508031103345345,0.3762575901338279,0.10465310401742897,0.45611971633201875,0.12995922222162157,0.44820477906931494,0.14132285334664213
2024-09-25,64262.7,64817.99,62947.08,63152.01,17813.11168,51.52,51.67,49.52,49.75,5733.64990234375,5741.02978515625,5712.06005859375,5722.259765625,3624910000,15.81999969482422,15.81999969482422,15.170000076293944,15.40999984741211,-0.017434692343162504,-0.001862983206212128,0.2724407878024305,0.10806462703565177,0.4365781662389858,0.12905897314802042,0.4484937585957676,0.13502535130306587
2024-09-26,63152.01,65839.0,62670.0,65173.99,28373.30593,49.75,52.52,49.6,52.38,5762.22021484375,5767.3701171875,5721.009765625,5745.3701171875,4391180000,15.0600004196167,15.829999923706056,14.899999618530272,15.369999885559082,0.03151578569135097,0.004030542158199222,0.2587151274915948,0.10752884382682439,0.38476379624269474,0.09023780291665272,0.4452311706330586,0.1350556562529614
2024-09-27,65173.99,66498.0,64819.9,65769.95,22048.80487,52.38,53.39,51.29,51.91,5755.35986328125,5763.77978515625,5727.33984375,5738.169921875,3898530000,15.640000343322754,16.969999313354492,15.199999809265137,16.959999084472656,0.009102584128001627,-0.0012540029000721238,0.24316515503785713,0.10427890710583408,0.3335121052040587,0.08668807835684673,0.44000612148780677,0.12829555321166472
2024-09-30,65602.01,65618.8,62856.3,63327.59,30011.08752,54.02,55.56,53.63,54.21,5726.52001953125,5765.14013671875,5703.52978515625,5762.47998046875,4425730000,17.010000228881836,17.790000915527344,16.469999313354492,16.729999542236328,-0.037841951918155564,0.004227603658441509,0.35714716486376913,0.04430974865115467,0.3907638914614926,0.08663819747551757,0.45290503445642843,0.12858622712960352
2024-10-01,63327.6,64130.63,60164.0,60805.78,43671.48108,54.21,57.23,54.19,56.64,5757.72998046875,5757.72998046875,5681.27978515625,5708.75,4025180000,16.959999084472656,20.729999542236328,16.610000610351562,19.260000228881836,-0.04063624492665931,-0.009367848694454447,0.4330048805281688,0.07692973551430213,0.43782509432244865,0.09537948490517816,0.4691190062885496,0.12955508333246527
2024-10-02,60804.92,62390.31,60000.0,60649.28,31534.70118,56.64,57.34,56.06,56.35,5698.14013671875,5719.6298828125,5674.0,5709.5400390625,3829050000,19.649999618530273,20.36000061035156,18.579999923706055,18.899999618530273,-0.002577086316775542,0.00013838132698647728,0.4303719226186842,0.07470310689809503,0.4363910235821749,0.09219335825077875,0.46863299728664887,0.12933376338408636
2024-10-03,60649.27,61477.19,59828.11,60752.71,26221.43472,56.35,57.78,55.97,57.45,5698.18994140625,5718.77978515625,5677.3701171875,5699.93994140625,3597450000,19.6299991607666,20.75,19.15999984741211,20.489999771118164,0.001703926352847916,-0.0016828286544586894,0.4110162116237934,0.07246000837229312,0.40263356347095763,0.0911909961712875,0.45694373567756036,0.1290515078748831
2024-10-04,60752.72,62484.85,60459.9,62086.0,21294.65994,57.45,57.98,55.29,55.53,5737.47998046875,5753.2099609375,5702.830078125,5751.06982421875,3479400000,20.479999542236328,20.479999542236328,18.479999542236328,19.209999084472656,0.02170883041003728,0.008930255699186382,0.4394895293996834,0.09220991134578133,0.3698948991082288,0.09732510460786305,0.45961612374322586,0.1281010969652018
2024-10-07,62819.91,64478.19,62128.0,62224.0,25966.1852,57.17,57.45,55.48,56.6,5737.7998046875,5739.33984375,5686.85009765625,5695.93994140625,3637790000,20.760000228881836,23.030000686645508,20.649999618530273,22.63999938964844,0.0022202567241526422,-0.009632263829388773,0.3748435134186958,0.10686676861736748,0.3420070381447794,0.10817481938024007,0.4256235150946915,0.12784217666467593
2024-10-08,62224.01,63200.0,61860.31,62160.49,19702.22371,55.72,56.01,54.35,55.63,5719.14013671875,5757.60009765625,5714.56005859375,5751.1298828125,3393400000,22.920000076293945,23.13999938964844,21.13999938964844,21.420000076293945,-0.0010211885021863328,0.009642706804694385,0.36170341226403957,0.12520834145979232,0.3277140854147969,0.11290278652937406,0.42218861202624036,0.1301428069170879
2024-10-09,62160.5,62543.75,60301.0,60636.02,20011.15684,55.63,56.85,55.52,56.11,5751.7998046875,5796.7998046875,5745.02001953125,5792.0400390625,3650340000,21.979999542236328,22.010000228881836,20.709999084472656,20.86000061035156,-0.024830482976427176,0.007088231016994585,0.3230745697978782,0.13003900468753363,0.332310428043728,0.09341736173165238,0.39536425675231224,0.13140670014949696
2024-10-10,60636.01,61321.68,58946.0,60326.39,23967.92481,56.12,56.64,54.47,54.97,5778.35986328125,5795.02978515625,5764.759765625,5780.0498046875,3208790000,20.90999984741211,21.38999938964844,20.63999938964844,20.93000030517578,-0.005119452832531935,-0.0020722685059824846,0.21694535330954556,0.11241631457566696,0.3310053413422974,0.09349722013645786,0.3951796120572953,0.13008547539014265
2024-10-11,60326.4,63417.56,60087.64,62540.0,23641.35209,54.97,57.63,54.66,57.51,5775.08984375,5822.1298828125,5775.08984375,5815.02978515625,3208720000,20.8700008392334,21.15999984741211,20.13999938964844,20.459999084472656,0.03603669892744918,0.00603360870729872,0.30992073978292184,0.11436351527771192,0.3707041409690727,0.09570659915477048,0.4080900848397083,0.13081141483773354
2024-10-14,62870.02,66500.0,62457.81,66083.99,37669.95222,57.14,59.53,57.05,57.85,5829.81005859375,5871.41015625,5829.56982421875,5859.85009765625,3005250000,20.86000061035156,20.86000061035156,19.690000534057617,19.700000762939453,0.05512015671607892,0.007678114574594323,0.43213106551274927,0.11337484451379701,0.4374976685116124,0.09951941325487366,0.4358942331857545,0.12961291994616253
2024-10-15,66084.0,67950.0,64800.01,67074.14,43683.95423,57.85,59.48,56.4,58.15,5866.740234375,5870.35986328125,5804.47998046875,5815.259765625,3882120000,19.61000061035156,20.88999938964844,19.440000534057617,20.63999938964844,0.014872066015212413,-0.0076385660375134215,0.42761396059952966,0.12573390960533704,0.4311077680112858,0.1061692922579172,0.4263555347826675,0.11396494284039804
2024-10-16,67074.14,68424.0,66750.49,67620.01,29938.25544,58.15,60.16,57.18,57.44,5816.580078125,5846.52001953125,5808.33984375,5842.47021484375,3467230000,20.770000457763672,21.010000228881836,19.450000762939453,19.579999923706055,0.008105370403983361,0.004668232782779766,0.4239583055926174,0.09846694424462356,0.41354698309644755,0.10653832663917806,0.4263388328554647,0.11384275051188199
2024-10-17,67620.0,67939.4,66666.0,67421.78,25328.22861,57.44,58.17,55.91,56.4,5875.6201171875,5878.4599609375,5840.25,5841.47021484375,3480010000,19.549999237060547,19.649999618530273,18.8799991607666,19.11000061035156,-0.0029358340463448997,-0.00017117512853816633,0.4265531502090884,0.09058222181020377,0.41304918283219627,0.10615376669372051,0.4129302424672353,0.11307041416997608
2024-10-18,67421.78,69000.0,67192.36,68428.0,28725.635,56.4,56.53,54.44,55.18,5859.43017578125,5872.169921875,5846.10986328125,5864.669921875,3374490000,19.299999237060547,19.31999969482422,17.989999771118164,18.030000686645508,0.014813986471420449,0.003963686942774387,0.3423254103399989,0.08532646736437749,0.3736958629162958,0.10601726093123273,0.38940085360031373,0.09703985259382081
2024-10-21,69032.0,69519.52,66840.67,67377.5,31374.42184,56.66,57.2,54.29,55.69,5857.81982421875,5866.919921875,5824.7900390625,5853.97998046875,3407010000,18.780000686645508,19.34000015258789,18.36000061035156,18.3700008392334,-0.015470963297894094,-0.001824432756419033,0.37485040337339115,0.08486822184885186,0.32558165594372185,0.09569255564142115,0.3677777618845634,0.09417007338231051
2024-10-22,67377.5,67836.01,66571.42,67426.0,24598.96268,55.7,55.92,54.61,55.77,5832.7001953125,5863.0400390625,5821.169921875,5851.2001953125,3342080000,18.790000915527344,19.440000534057617,18.049999237060547,18.200000762939453,0.0007195659176902162,-0.0004749666671957937,0.3540562615860813,0.0801347671123849,0.3239332774938659,0.09593339036731778,0.36774374380825164,0.09425154132492901
2024-10-23,67426.01,67472.83,65260.0,66668.65,25530.2407,55.77,56.55,54.53,56.29,5834.5,5834.85009765625,5762.41015625,5797.419921875,3532650000,18.209999084472656,20.469999313354492,18.18000030517578,19.239999771118164,-0.01129587277243706,-0.009233824267679564,0.19130045895410178,0.08407705568060674,0.333060167885365,0.10599364678244656,0.3696693505175411,0.09619334799525955
2024-10-24,66668.65,68850.0,66510.0,68198.28,22589.83877,56.29,57.31,54.37,57.3,5817.7998046875,5817.7998046875,5784.919921875,5809.85986328125,3543030000,18.8700008392334,20.239999771118164,18.6299991607666,19.079999923706055,0.02268451715263484,0.0021434731305568283,0.21846524049398908,0.07412487380299751,0.3339405836134111,0.10016349481368043,0.3723968736736717,0.09451216994059876
2024-10-25,68198.27,68771.49,65596.29,66698.33,34479.71125,57.3,58.09,54.62,58.08,5826.75,5862.81982421875,5799.97998046875,5808.1201171875,3501280000,19.219999313354492,20.510000228881836,18.229999542236328,20.329999923706055,-0.022239429463163648,-0.00029949201318627087,0.2574258443995326,0.06617804129206155,0.35572467585893536,0.08861430550502063,0.36576072770645,0.093781765678021
2024-10-28,68021.69,70270.0,67618.0,69962.21,29046.75459,57.18,57.81,55.42,57.78,5833.93017578125,5842.919921875,5823.080078125,5823.52001953125,3691280000,19.11000061035156,19.8799991607666,18.90999984741211,19.799999237060547,0.04777532400429123,0.002647934626732945,0.39330916204312166,0.06945924008456197,0.39759869599030556,0.08059796825531869,0.3656692641184583,0.09389351489972267
2024-10-29,69962.21,73620.12,69760.0,72736.42,50128.60594,57.78,60.71,57.13,59.83,5819.68017578125,5847.18994140625,5802.169921875,5832.919921875,3879100000,19.75,20.530000686645508,19.059999465942383,19.34000015258789,0.03888698282937757,0.0016128259449012198,0.44139049158606,0.0644515520289169,0.38595665479005475,0.07563508731618676,0.36819917179883915,0.09386954999321297
2024-10-30,72736.41,72961.0,71436.0,72344.74,26885.99056,58.81,59.24,57.48,59.11,5832.64990234375,5850.93994140625,5811.27978515625,5813.669921875,3851120000,19.329999923706055,20.440000534057617,19.299999237060547,20.350000381469727,-0.005399473668343945,-0.0033056916724881185,0.42191126006802837,0.06605683711633836,0.38621318296654,0.07662353829871466,0.3658654666152603,0.09402875163501885
2024-10-31,72344.75,72700.0,69685.76,70292.01,29352.10297,59.11,60.11,57.97,58.23,5775.33984375,5775.33984375,5702.85986328125,5705.4501953125,4425660000,21.440000534057617,23.420000076293945,21.1200008392334,23.15999984741211,-0.02878461169591104,-0.018790134928745348,0.482439432135045,0.12510646200413128,0.4084623508646029,0.10749443849069365,0.37632940897993494,0.09891837592120516
2024-11-01,70292.01,71632.95,68820.14,69496.01,38301.86755,58.23,59.95,57.92,59.77,5723.22021484375,5772.52001953125,5723.22021484375,5728.7998046875,3796450000,22.959999084472656,23.09000015258789,21.15999984741211,21.8799991607666,-0.011388795745506882,0.004084158004525459,0.48257922099886347,0.12545222499289235,0.3547642217665242,0.10260792242749016,0.37884938812782987,0.09945589645944947
2024-11-04,68775.99,69500.0,66835.0,67850.01,29800.39187,62.49,64.97,61.77,64.97,5725.14990234375,5741.43017578125,5696.509765625,5712.68994140625,3602060000,22.5,23.06999969482422,21.729999542236328,21.979999542236328,-0.02396980718598029,-0.0028160448131902913,0.49557504657003304,0.12256486017702439,0.36882744348183777,0.09910052644762077,0.3869347969780372,0.09948769515844523
2024-11-05,67850.01,70577.91,67476.63,69372.01,33355.06888,64.97,65.56,61.74,63.71,5722.43017578125,5783.43994140625,5722.10009765625,5782.759765625,3768310000,21.979999542236328,22.059999465942383,20.200000762939453,20.489999771118164,0.02218393837390412,0.012191031029563081,0.48618900625774,0.15117023298198745,0.37891561275093105,0.11212406123852553,0.38968250022555717,0.10541926486675493
2024-11-06,69372.01,76400.0,69298.0,75571.99,104126.994787,63.71,63.95,54.52,55.97,5864.89013671875,5936.14013671875,5864.89013671875,5929.0400390625,6329530000,16.059999465942383,16.81999969482422,15.4399995803833,16.270000457763672,0.08560223984821512,0.024981280957186654,0.6495034314424729,0.2166765705310189,0.5180056142185181,0.15655042196499466,0.45303964526765034,0.12713242328011193
2024-11-07,75571.99,76849.99,74416.0,75857.89,44869.422345,55.97,55.97,53.25,53.55,5947.2099609375,5983.83984375,5947.2099609375,5973.10009765625,4925740000,15.859999656677246,15.859999656677246,15.130000114440918,15.199999809265137,0.0037760095920657505,0.007403754173995657,0.6197112961746288,0.21838646640722856,0.5173699581775075,0.15845481907967465,0.4465424843717806,0.128160644806419
2024-11-08,75857.89,77199.99,75555.0,76509.78,36521.099583,53.55,53.89,49.53,49.85,5976.759765625,6012.4501953125,5976.759765625,5995.5400390625,4666740000,15.130000114440918,15.329999923706056,14.65999984741211,14.9399995803833,0.00855685431952021,0.0037497940357180464,0.6145623723699174,0.21334220517296232,0.5067475996669786,0.1580827598923748,0.4465023526560006,0.12811611592648847
2024-11-11,80370.01,89530.54,80216.01,88647.99,82323.665776,53.28,61.76,51.36,61.52,6008.85986328125,6017.31005859375,5986.68994140625,6001.35009765625,4333000000,15.329999923706056,15.5600004196167,14.890000343322754,14.970000267028809,0.14725478302980707,0.0009685941909569238,0.974385864909262,0.14518682454265022,0.7718862450301549,0.15781498284574216,0.5909349930989116,0.12785282215086866
2024-11-12,88648.0,89940.0,85072.0,87952.01,97299.887911,61.52,62.28,57.65,57.69,6003.60009765625,6009.919921875,5960.080078125,5983.990234375,4243400000,15.09000015258789,15.369999885559082,14.6899995803833,14.710000038146973,-0.007882034011635572,-0.0028968514769364996,0.9678596383154938,0.15708093169852272,0.7693738913650676,0.1513776669282577,0.5733251867340352,0.12446807728745082
2024-11-13,87952.0,93265.64,86127.99,90375.2,86763.854127,57.69,62.34,56.01,58.54,5985.75,6008.18994140625,5965.91015625,5985.3798828125,4220180000,15.09000015258789,15.260000228881836,13.770000457763672,14.020000457763672,0.027178568661184198,0.00023220076414018386,0.8850930466842865,0.15064428553983558,0.7699377115536081,0.1516237749471861,0.5731002157076168,0.12445899967674953
2024-11-14,90375.21,91790.0,86668.21,87325.59,56729.51086,58.54,61.79,57.03,59.46,5989.68017578125,5993.8798828125,5942.27978515625,5949.169921875,4184570000,14.170000076293944,14.31999969482422,13.59000015258789,14.3100004196167,-0.03432634643790914,-0.006068108582244,0.9937033214744807,0.16190983419950045,0.7843972715228156,0.15534217874257186,0.5887333357150233,0.1260939936996372
2024-11-15,87325.59,91850.0,87073.38,91032.07,47927.95068,59.46,61.71,56.29,56.29,5912.7900390625,5915.31982421875,5853.009765625,5870.6201171875,4590960000,15.020000457763672,17.549999237060547,14.5600004196167,16.139999389648438,0.041568314974823425,-0.013291430866793769,0.9285678250330517,0.10800446059750966,0.7804534439964715,0.16771149721657766,0.5943385056237773,0.1309569576378734
2024-11-18,89855.98,92594.0,89376.9,90464.08,46545.03448,57.23,59.76,57.13,58.3,5874.169921875,5908.1201171875,5865.9501953125,5893.6201171875,3983860000,16.600000381469727,17.0,15.350000381469728,15.579999923706056,-0.006258996174310599,0.003910159746206537,0.9407942529990657,0.09755258024182724,0.7814370002468112,0.16826926731869632,0.5961500152002522,0.12752184089510632
2024-11-19,90464.07,93905.51,90357.0,92310.79,43660.04682,58.3,60.25,57.62,58.25,5870.0498046875,5923.509765625,5855.2900390625,5916.97998046875,4036940000,15.4399995803833,17.93000030517578,15.369999885559082,16.350000381469727,0.02020817024435305,0.003955750520596487,0.9347380922878163,0.09806127025747102,0.7756415351424653,0.1677046851381399,0.5951484066971127,0.12527108972639311
2024-11-20,92310.8,94831.97,91500.0,94286.56,42203.198712,58.25,62.64,57.71,60.18,5914.33984375,5920.669921875,5860.56005859375,5917.10986328125,3772620000,16.190000534057617,18.790000915527344,16.040000915527344,17.15999984741211,0.021177619537080205,2.19506213354446e-05,0.4129320709516753,0.09706400798186296,0.7463752408229808,0.1409721370637912,0.5844556577788536,0.12392809197078683
2024-11-21,94286.56,98988.0,94040.0,98317.12,69228.360477,60.18,66.84,60.12,61.29,5940.580078125,5963.31982421875,5887.259765625,5948.7099609375,4230120000,17.100000381469727,17.989999771118164,15.729999542236328,16.8700008392334,0.04185951709945262,0.005326251844288491,0.4357103711420971,0.10606451744175521,0.7357286836869646,0.14132336391491512,0.5864583084615599,0.12433805629450528
2024-11-22,98317.12,99588.01,97122.11,98892.0,46189.309243,61.29,64.09,60.47,60.78,5944.35986328125,5972.89990234375,5944.35986328125,5969.33984375,4141420000,16.670000076293945,17.559999465942383,15.239999771118164,15.239999771118164,0.005830172847894076,0.0034619595915364653,0.4313381258399195,0.10916677931978112,0.707784519642645,0.13907355414769226,0.5841460841727182,0.12364744587072161
2024-11-25,97900.05,98871.8,92600.19,93010.01,50847.45096,64.09,64.34,60.46,60.65,5992.27978515625,6020.75,5963.91015625,5987.3701171875,5633150000,15.229999542236328,15.720000267028809,14.539999961853027,14.600000381469728,-0.06132122379955608,0.0030159278201245415,0.5650640731921532,0.10271460884992833,0.8011071432608019,0.1328037426656765,0.6119505482931175,0.12214698479000459
2024-11-26,93010.01,94973.37,90791.1,91965.16,57858.73138,60.65,62.18,57.73,61.23,6000.02978515625,6025.419921875,5992.27001953125,6021.6298828125,3835170000,14.949999809265137,15.029999732971191,13.880000114440918,14.100000381469728,-0.011297312096130885,0.005705697155263866,0.5247123894778075,0.02955225774272058,0.7535802222509205,0.08667316712977531,0.6153484032542327,0.12032353864241481
2024-11-27,91965.16,97208.21,91792.14,95863.11,41153.42734,61.23,61.34,58.51,59.73,6014.10986328125,6020.16015625,5984.8701171875,5998.740234375,3363340000,14.279999732971191,15.130000114440918,13.960000038146973,14.100000381469728,0.04151142667791282,-0.003808481083577712,0.571414102122524,0.05324788629790946,0.7606071072162172,0.0838921120263392,0.6217923052562683,0.12068495527015222
2024-11-29,95643.99,98619.99,95364.99,97460.0,27701.78231,57.57,58.82,55.19,56.11,6003.97998046875,6044.169921875,6003.97998046875,6032.3798828125,2444420000,14.0,14.149999618530272,13.489999771118164,13.510000228881836,0.016520801063887442,0.005592120396801623,0.5686029438220208,0.05593137833411127,0.7597004952287472,0.08570273867354032,0.6203861095574393,0.12140261687645394
2024-12-02,97185.17,98130.0,94395.0,95840.62,37958.66981,57.2,58.24,55.85,55.94,6040.10986328125,6053.580078125,6035.330078125,6047.14990234375,4412470000,14.079999923706056,14.100000381469728,13.300000190734863,13.34000015258789,-0.01675543395395364,0.0024454638805813736,0.5764884767876461,0.05274937321849779,0.4846947550642516,0.08610822199232933,0.625988554988062,0.12116788972354249
2024-12-03,95840.61,96305.52,93578.17,95849.69,35827.32283,56.77,56.98,55.21,56.5,6042.97021484375,6052.06982421875,6033.39013671875,6049.8798828125,4095000000,13.380000114440918,13.770000457763672,13.1899995803833,13.300000190734863,9.463180488125695e-05,0.0004513472420221813,0.5064321700925749,0.05223668272982018,0.4815740130731375,0.08467520861222473,0.6218309427317824,0.12088261719741272
2024-12-04,95849.69,99000.0,94587.83,98587.32,43850.53728,56.5,57.76,54.85,57.17,6069.39013671875,6089.83984375,6061.06005859375,6086.490234375,4003390000,13.15999984741211,13.609999656677246,12.890000343322754,13.449999809265137,0.028161417666881416,0.00603318162813612,0.5405309134638001,0.056516039063449534,0.4824235653946245,0.08747525959104269,0.6226870970961113,0.12161649471186142
2024-12-05,98587.32,104088.0,90500.0,96945.63,109921.729662,57.17,64.09,56.14,60.96,6089.02978515625,6094.5498046875,6072.89990234375,6075.10986328125,4212020000,13.460000038146973,13.699999809265137,13.260000228881836,13.539999961853027,-0.01679234704122157,-0.0018715258393823342,0.3685601313761258,0.06289428893164446,0.45903056767122014,0.08238310521901507,0.6247253274945435,0.11788235017398149
2024-12-06,96945.63,101898.99,95981.72,99740.84,45049.5331,60.96,61.45,56.88,58.44,6081.3798828125,6099.97021484375,6079.97998046875,6090.27001953125,3924830000,13.619999885559082,13.739999771118164,12.699999809265137,12.770000457763672,0.028424916087496886,0.0024923453675383123,0.36768112206061304,0.05786441176467199,0.44321637829354765,0.047141117408002,0.6257607585030055,0.11790170126096686
2024-12-09,101109.6,101215.93,94150.05,97276.47,53949.11595,58.15,59.8,58.12,59.74,6083.009765625,6088.509765625,6048.6298828125,6052.85009765625,4556460000,13.359999656677246,14.229999542236328,13.350000381469728,14.1899995803833,-0.025018091426555946,-0.006163167285227462,0.3568539798198432,0.06798129232326679,0.4605140687037174,0.05955150258508395,0.6271581077771178,0.11991772826500154
2024-12-10,97276.48,98270.0,94256.54,96593.0,51708.68933,59.74,60.23,57.56,59.18,6057.58984375,6065.39990234375,6029.89013671875,6034.91015625,4048410000,14.300000190734863,14.539999961853027,13.859999656677246,14.18000030517578,-0.007050855728157901,-0.002968284314279252,0.3446383547066956,0.06450466569536832,0.45779100756366287,0.06211783419807562,0.6205164444633084,0.12050327837238925
2024-12-11,96593.0,101888.0,95658.24,101125.0,37753.78291,59.18,61.53,59.18,59.94,6060.14990234375,6092.58984375,6060.14990234375,6084.18994140625,4269950000,14.420000076293944,14.43000030517578,13.520000457763672,13.579999923706056,0.04585110055392514,0.008132626411368235,0.4224661927481423,0.08040435753233026,0.48753491116438025,0.06787026451702143,0.6235810340504132,0.12217275377215382
2024-12-12,101125.0,102540.0,99311.64,100004.29,29232.08745,59.94,61.66,59.12,60.14,6074.2900390625,6079.68017578125,6051.25,6051.25,3678010000,13.729999542236328,13.949999809265137,13.390000343322754,13.920000076293944,-0.011144290310743151,-0.005428731461463251,0.4360894929432642,0.08898045887499807,0.46099789548499986,0.07277981969907481,0.6251129945920414,0.12303611310088106
2024-12-13,100004.29,101895.26,99205.0,101424.25,21904.03923,60.14,60.32,58.3,59.0,6068.169921875,6078.580078125,6035.77001953125,6051.08984375,3584960000,13.56999969482422,14.25,13.239999771118164,13.8100004196167,0.014099129370686553,-2.646698937187397e-05,0.41374879476452275,0.07864433699082793,0.4639280610438306,0.07219997804870985,0.6137733136159655,0.10738942064215372
2024-12-16,104463.99,107793.07,103333.0,106058.66,41302.40274,60.65,61.74,58.52,58.54,6063.7900390625,6085.18994140625,6059.14013671875,6074.080078125,4391100000,14.369999885559082,14.6899995803833,13.989999771118164,14.6899995803833,0.04468012283266004,0.0037921550087844295,0.4467542869149872,0.08273926407765213,0.3975617853661754,0.07269941226352408,0.6165369964086705,0.1073425683967628
2024-12-17,106058.65,108353.0,105321.49,106133.74,29064.936466,58.54,59.72,57.7,59.51,6052.5498046875,6057.68017578125,6035.18994140625,6050.60986328125,4544500000,14.979999542236328,15.9399995803833,14.779999732971191,15.869999885559082,0.0007076596818099129,-0.0038714794806554956,0.4369760376256273,0.08341742190396463,0.38862188618964755,0.07210419135790463,0.6073795844908094,0.10779249205059348
2024-12-18,106133.74,106524.98,100000.0,100204.01,50307.99755,59.51,60.52,58.67,60.49,6047.64990234375,6070.669921875,5867.7900390625,5872.16015625,5246960000,15.56999969482422,28.31999969482422,14.81999969482422,27.6200008392334,-0.057491789143001994,-0.02993650530451818,0.5668903807677237,0.19428950293152492,0.45542161390222297,0.14728331078032414,0.6420026233971762,0.13785442384620775
2024-12-19,100204.01,102800.11,95700.0,97461.86,55147.398,60.56,60.82,58.43,59.6,5912.7099609375,5935.52001953125,5866.06982421875,5867.080078125,4896880000,21.61000061035156,24.1200008392334,20.15999984741211,24.09000015258789,-0.02774708582409932,-0.0008654867505367934,0.5969979120530001,0.1953152253302785,0.4687835276784729,0.14374137084646713,0.6128677709355947,0.1167204116337993
2024-12-20,97461.86,98233.0,92232.54,97805.44,62884.1357,59.6,64.45,58.66,58.87,5842.0,5982.06005859375,5832.2998046875,5930.85009765625,8223220000,24.13999938964844,26.510000228881836,17.81999969482422,18.36000061035156,0.003519077229743537,0.010810479402397299,0.5122752850341797,0.20283453868086299,0.4625858859798781,0.15283258882947726,0.6128853565501894,0.11908075526444387
2024-12-23,95186.28,96538.92,92520.0,94881.47,32810.76703,61.43,64.59,59.28,60.21,5940.25,5978.25,5902.56982421875,5974.06982421875,3593280000,18.09000015258789,20.020000457763672,16.739999771118164,16.780000686645508,-0.030351770831677696,0.007260849585616372,0.534784785958683,0.21222422982714725,0.4819447252039703,0.1570916887302412,0.6231265896808826,0.12052811736863606
2024-12-24,94881.47,99487.99,93569.02,98663.58,23674.22488,60.21,61.79,59.92,60.83,5984.6298828125,6040.10009765625,5981.43994140625,6040.0400390625,1757720000,16.969999313354492,17.040000915527344,14.270000457763672,14.270000457763672,0.039087452998785556,0.010982233165126825,0.5948412618490484,0.22599401381410858,0.4966444647041266,0.16263175520646309,0.47247580269683914,0.1247344997616084
2024-12-26,99429.61,99963.7,95199.14,95791.6,21192.36727,60.73,61.75,59.44,61.67,6024.97021484375,6049.75,6007.3701171875,6037.58984375,2904530000,14.989999771118164,15.93000030517578,14.550000190734863,14.729999542236328,-0.029540882922588326,-0.0004057410882578191,0.49901058682832644,0.2242285071880458,0.5078465400502893,0.16251924184329533,0.48112771519947994,0.12440310804076123
2024-12-27,95791.6,97544.58,93500.01,94299.03,26501.26429,61.67,62.34,59.53,60.61,6006.169921875,6006.169921875,5932.9501953125,5970.83984375,3159610000,15.380000114440918,18.450000762939453,15.289999961853027,15.949999809265137,-0.01570409519397809,-0.01111730496491221,0.4875247949497505,0.23238102043492528,0.4928150083435828,0.16792252614183095,0.47832683473573806,0.12872830850542644
2024-12-30,93738.19,95024.5,91530.45,92792.05,27619.4225,60.48,61.28,59.53,61.03,5920.669921875,5940.7900390625,5869.16015625,5906.93994140625,3433250000,17.209999084472656,19.219999313354492,16.440000534057617,17.399999618530273,-0.016109935247267625,-0.010759673941729728,0.39773554512478493,0.14856208659665887,0.4868662471191191,0.1715356527825761,0.469327341600255,0.13131651798410757
2024-12-31,92792.05,96250.0,92033.73,93576.0,19612.03389,61.03,61.68,59.78,60.03,5919.740234375,5929.740234375,5868.85986328125,5881.6298828125,3128350000,17.389999389648438,17.809999465942383,16.68000030517578,17.350000381469727,0.008412972329420844,-0.0042940064589823065,0.39284948882480253,0.15161161048184987,0.489016385254192,0.1718112177806865,0.4546602276205195,0.12602698774879498
2025-01-02,94591.78,97839.5,94392.0,96984.79,21970.48948,61.1,61.67,59.73,59.85,5903.259765625,5935.08984375,5829.52978515625,5868.5498046875,3621680000,17.209999084472656,19.5,16.959999084472656,17.93000030517578,0.03578022173621369,-0.002226363149448992,0.4659256464295409,0.13286683494949575,0.471355012543426,0.16566981800032846,0.4650989851914599,0.12565336292742835
2025-01-03,96984.79,98976.91,96100.01,98174.18,15253.82936,59.85,60.53,58.44,58.74,5891.06982421875,5949.33984375,5888.66015625,5942.47021484375,3667340000,17.65999984741211,17.940000534057617,16.110000610351562,16.1299991607666,0.012189085912690157,0.01251735670782609,0.42199314172623914,0.1500680362230698,0.47391497607812993,0.17680468421248946,0.46299485367491805,0.13043862598969905
2025-01-06,98363.61,102480.0,97920.0,102235.6,25263.43375,59.55,60.09,58.52,58.84,5982.81005859375,6021.0400390625,5960.009765625,5975.3798828125,4940120000,16.770000457763672,16.8700008392334,15.710000038146973,16.040000915527344,0.04053670571209986,0.005522766496818171,0.42698820815469035,0.13494284963039244,0.5029709123531053,0.17912915107173155,0.4732302367827224,0.13136517941515452
2025-01-07,102235.6,102724.38,96181.81,96954.61,32059.87537,58.84,59.35,58.04,58.6,5993.259765625,6000.68017578125,5890.68017578125,5909.02978515625,4517330000,16.479999542236328,18.899999618530273,15.789999961853027,17.81999969482422,-0.05303702286757633,-0.011166021516637011,0.5201201252480685,0.14613270566585715,0.5076852789968971,0.18274031711205657,0.48477344796779004,0.13456805673099403
2025-01-08,96954.6,97268.65,92500.9,95060.61,33704.67894,57.86,59.72,57.76,58.47,5910.66015625,5927.89013671875,5874.77978515625,5918.25,4441740000,17.90999984741211,19.5,17.3700008392334,17.700000762939453,-0.019728242676769096,0.0015591440938312422,0.5263070470965219,0.13629308475017696,0.5095310301322302,0.18309578444115604,0.4875409051304427,0.13422783840627928
2025-01-10,92552.49,95836.0,92206.02,94726.11,31482.86424,59.47,59.76,57.04,57.19,5890.35009765625,5890.35009765625,5807.77978515625,5827.0400390625,4751930000,18.290000915527344,20.309999465942383,18.049999237060547,19.540000915527344,-0.003525013197623259,-0.015531637650233373,0.5142525458934493,0.15232184909076035,0.45631665391745285,0.14636552668640704,0.4533033130445096,0.14086266945548623
2025-01-13,94545.07,95940.0,89256.69,94536.1,42619.56423,59.57,61.31,59.36,61.25,5782.02001953125,5838.60986328125,5773.31005859375,5836.22021484375,4421200000,21.18000030517578,22.040000915527344,19.149999618530273,19.190000534057617,-0.002007902833198306,0.0015742043780551176,0.513400811488549,0.1525909822307903,0.4432478146665443,0.14662965370941258,0.4519806315493075,0.1396818711861408
2025-01-14,94536.11,97371.0,94346.22,96560.86,27846.61753,61.25,62.87,60.78,60.87,5859.27001953125,5871.919921875,5805.419921875,5842.91015625,4142280000,18.790000915527344,19.65999984741211,18.239999771118164,18.709999084472656,0.021191710994825055,0.001145623334164268,0.4787303549156377,0.1528932472118434,0.4538647149266172,0.13780349148290583,0.43979527120624884,0.1395673259975707
2025-01-15,96560.85,100681.94,96500.0,100497.35,30509.99179,60.87,61.93,60.85,61.23,5905.2099609375,5960.60986328125,5905.2099609375,5949.91015625,4544570000,19.079999923706055,19.13999938964844,15.960000038146973,16.1200008392334,0.03995787586321273,0.018147132504516373,0.5355691454626461,0.1753072136843657,0.46339435344103813,0.15696436742496378,0.45239889553699825,0.1490460948782204
2025-01-16,100497.35,100866.66,97335.13,99987.3,27832.85317,61.23,63.15,60.01,62.56,5963.60986328125,5964.68994140625,5930.72021484375,5937.33984375,4285810000,15.869999885559082,16.600000381469727,15.640000343322754,16.600000381469727,-0.005088181069371945,-0.0021149243408667613,0.46821087131784545,0.17147627174604552,0.4358350944589793,0.14833093773301298,0.44967021430058,0.14885982985997506
2025-01-17,99987.3,105865.22,99950.77,104077.48,39171.85292,62.56,63.75,61.13,63.19,5995.39990234375,6014.9599609375,5978.43994140625,5996.66015625,4366830000,16.190000534057617,16.229999542236328,15.529999732971191,15.970000267028809,0.040092443843718385,0.009941478308394033,0.3760341876888179,0.16511513518731954,0.4414875440277134,0.1557493790132329,0.46338554444253227,0.1519571222070051
2025-01-21,102260.0,107240.81,100119.04,106143.82,45941.02002,63.07,64.18,61.19,61.92,6014.1201171875,6051.509765625,6006.8798828125,6049.240234375,4702920000,16.290000915527344,16.290000915527344,14.93000030517578,15.0600004196167,0.019659345187110933,0.00873000944059605,0.31380238540033173,0.1696660843506562,0.4333206027279281,0.15220985285658364,0.4599759195273001,0.15312946321264806
2025-01-22,106143.82,106394.46,103339.12,103706.66,22248.69254,61.92,62.44,60.69,61.04,6081.39013671875,6100.81005859375,6076.1298828125,6086.3701171875,4323040000,14.890000343322754,15.289999961853027,14.59000015258789,15.100000381469728,-0.023228630058235156,0.006119181086994129,0.3799442259480151,0.1082923588603737,0.44210585836771404,0.14368471951596057,0.4626873133420089,0.1541216971441375
2025-01-23,103706.66,106850.0,101262.28,103910.34,53953.12031,61.04,63.2,59.49,60.08,6076.31982421875,6118.72998046875,6074.669921875,6118.7099609375,4432250000,15.279999732971191,15.390000343322754,14.59000015258789,15.020000457763672,0.001962075026061362,0.005299419459529372,0.37408603434374743,0.10379277856136968,0.44281956280189366,0.1411023278541753,0.4559853419215733,0.15471995505928482
2025-01-24,103910.35,107120.0,102750.0,104870.5,23609.24017,60.08,60.08,57.33,57.37,6121.43017578125,6128.18017578125,6088.740234375,6101.240234375,4214250000,15.020000457763672,15.15999984741211,14.579999923706056,14.850000381469728,0.009197843721146091,-0.002859215984467759,0.370643351702166,0.11505018641178547,0.4238458655790805,0.1415660802687684,0.4495197596674756,0.15384131778023835
2025-01-27,102620.01,103260.0,97777.77,102082.83,50758.1341,56.74,60.23,56.46,59.05,5969.0400390625,6017.169921875,5962.919921875,6012.27978515625,5198750000,18.829999923706055,22.510000228881836,17.56999969482422,17.899999618530273,-0.02694171307628317,-0.014688059032112328,0.37446432839788407,0.1379997561587732,0.4440568207512406,0.15195523544527065,0.4568315014420773,0.15962319631292896
2025-01-28,102082.83,103800.0,100272.68,101335.52,22022.05765,59.05,59.15,56.17,56.2,6026.97021484375,6074.5400390625,5994.6298828125,6067.7001953125,4473640000,18.290000915527344,18.38999938964844,16.25,16.40999984741211,-0.00734755111376838,0.009175644177716802,0.3765599174179775,0.14217753080879858,0.41034361292296284,0.15490179186293773,0.43792638885378843,0.16011993211397912
2025-01-29,101335.52,104782.68,101328.01,103733.24,23155.35802,56.2,57.05,55.6,56.15,6057.7001953125,6062.830078125,6012.9599609375,6039.31005859375,4115310000,16.420000076293945,18.079999923706055,16.170000076293945,16.559999465942383,0.023385612440133215,-0.004689876056919602,0.31347433482132314,0.1396998146139335,0.3438608823508397,0.14721080044296056,0.4416623226115049,0.1599200759121365
2025-01-30,103733.25,106457.44,103278.54,104722.94,19374.07472,56.15,56.88,53.94,54.64,6050.75,6086.64013671875,6027.4599609375,6071.169921875,4634620000,15.93000030517578,16.420000076293945,15.31999969482422,15.84000015258789,0.009495592181071395,0.005261548152180238,0.2911987028454444,0.13304363038787667,0.32525685257356196,0.14804716835160622,0.4406963110257622,0.16066405591966237
2025-01-31,104722.94,106012.0,101560.0,102429.56,21983.18193,54.64,54.73,51.9,53.32,6096.7900390625,6120.91015625,6030.93017578125,6040.52978515625,4843770000,15.449999809265137,17.09000015258789,14.899999618530272,16.43000030517578,-0.022142853251164527,-0.005059603990267195,0.2879169072398123,0.13014898941230213,0.3457839086343984,0.12979361899004335,0.42552572711050396,0.16094944026503616
2025-02-03,97700.59,102500.01,91231.0,101328.52,75164.7385,57.04,61.94,55.87,56.94,5969.64990234375,6022.1298828125,5923.93017578125,5994.56982421875,4797210000,20.36000061035156,20.420000076293945,17.65999984741211,18.6200008392334,-0.010807431212747132,-0.007637690729495203,0.2911408527260708,0.12661512356256727,0.3514975141978569,0.13685593747685415,0.4263942827735444,0.16206538990783487
2025-02-04,101328.51,101732.31,96150.0,97763.13,40267.98697,55.61,57.12,54.01,54.03,5998.14013671875,6042.47998046875,5990.8701171875,6037.8798828125,4410160000,18.780000686645508,19.11000061035156,16.780000686645508,17.209999084472656,-0.03582039951426249,0.007198907403029114,0.3306780814943916,0.14046930506389127,0.3823240082220185,0.13859729153625672,0.4058145635949543,0.13685261666537696
2025-02-05,97763.14,99149.0,96155.0,96612.43,26233.30444,54.03,54.92,53.02,54.53,6020.4501953125,6062.85986328125,6007.06005859375,6061.47998046875,4756250000,17.540000915527344,17.75,15.770000457763672,15.770000457763672,-0.011840104206887518,0.003901053915613614,0.30999892929517847,0.10754101072902465,0.3405862839958985,0.11888825054835854,0.3992085069016184,0.13700708568697872
2025-02-06,96612.44,99120.0,95676.64,96554.35,23515.20405,54.53,54.89,53.21,53.91,6072.22021484375,6084.02978515625,6046.830078125,6083.56982421875,4847120000,15.880000114440918,16.149999618530273,14.989999771118164,15.5,-0.0006013456532248081,0.003637674355266266,0.313101841296854,0.09456403250338648,0.3405380128092342,0.1181628117286599,0.39904529763763674,0.13413033372429212
2025-02-07,96554.35,100137.99,95620.34,96506.8,31794.22065,53.9,54.41,52.26,54.17,6083.1298828125,6101.27978515625,6019.9599609375,6025.990234375,4766900000,15.380000114440918,16.65999984741211,14.789999961853027,16.540000915527344,-0.0004925900520273397,-0.0095098456936602,0.24042467782253873,0.10875943658123736,0.28036531756533395,0.12077413309134342,0.3888425547886064,0.13595673995067803
2025-02-10,96462.75,98345.0,95256.0,97430.82,20572.87537,54.21,54.44,52.4,52.4,6046.39990234375,6073.3798828125,6044.83984375,6066.43994140625,4458760000,16.579999923706055,16.610000610351562,15.699999809265137,15.8100004196167,0.009529115517165124,0.006690112295455172,0.2405407526080221,0.11212188338404817,0.26572964755117445,0.11831500152510309,0.3724903400221542,0.1335712885155622
2025-02-11,97430.82,98478.42,94876.88,95778.2,18647.76379,52.4,54.67,52.08,54.23,6049.31982421875,6076.27978515625,6042.33984375,6068.5,4324880000,16.1299991607666,16.420000076293945,15.75,16.020000457763672,-0.017107486030289196,0.00033952514367385523,0.23187931736321624,0.10666099759302003,0.2592800121009737,0.11521293252811383,0.36572511368049215,0.13356203228276575
2025-02-12,95778.21,98119.99,94088.23,97869.99,29151.16625,54.23,54.32,51.19,51.49,6025.080078125,6063.0,6003.0,6051.97021484375,4627960000,15.90999984741211,17.18000030517578,15.640000343322754,15.890000343322754,0.021604863590941464,-0.0027275831896475754,0.2971151792563445,0.09392624244384036,0.282827781745171,0.11277972060340587,0.36778762257091674,0.12955409841255716
2025-02-13,97870.0,98083.91,95217.36,96608.14,19921.77616,51.49,53.4,51.27,51.76,6060.58984375,6116.91015625,6050.9501953125,6115.06982421875,4763800000,15.970000267028809,16.329999923706055,14.979999542236328,15.100000381469728,-0.012976962582638805,0.010372313214235747,0.2187436500541052,0.10363762351659636,0.277952484499033,0.12167881797656807,0.36661363429867816,0.1281349431347881
2025-02-14,96608.13,98826.0,96252.82,97500.48,18173.02646,51.77,52.4,50.1,51.6,6115.52001953125,6127.47021484375,6107.6201171875,6114.6298828125,4335190000,15.079999923706056,15.420000076293944,14.739999771118164,14.770000457763672,0.009194298389878524,-7.19463955744955e-05,0.21414127783513376,0.10301815815784891,0.26688904899505533,0.10117498937157839,0.36675152605316697,0.12715551295811525
2025-02-18,95780.01,96753.91,93388.09,95671.74,23368.19471,51.73,53.2,50.96,51.69,6121.60009765625,6129.6298828125,6099.509765625,6129.580078125,4684980000,15.56999969482422,16.030000686645508,15.350000381469728,15.350000381469728,-0.018934344024322525,0.002442003655551809,0.24676920357672702,0.10209855476532192,0.27472402311738303,0.09472023444610121,0.35627569229088113,0.12675129782322786
2025-02-19,95671.74,96899.99,95029.99,96644.37,16438.50954,51.69,51.69,49.02,49.15,6117.759765625,6147.43017578125,6111.14990234375,6144.14990234375,4562330000,15.140000343322754,15.960000038146973,15.050000190734863,15.270000457763672,0.010114995490717066,0.0023741488668242434,0.25627290536523517,0.07028957045549453,0.25396446226775427,0.09158189067601585,0.3556863154899595,0.12238977585600413
2025-02-20,96644.37,98711.36,96415.09,98305.0,17057.39177,49.15,50.66,48.1,49.06,6134.5,6134.5,6084.58984375,6117.52001953125,4813690000,15.609999656677246,16.6299991607666,15.119999885559082,15.65999984741211,0.017036938024453396,-0.004343604884290259,0.2712679407921439,0.07545770637062733,0.2641517301389571,0.09244657306671301,0.3382043327711724,0.12264064897541904
2025-02-21,98305.01,99475.0,94871.95,96181.98,32249.2814,49.06,49.43,47.02,48.71,6114.10009765625,6114.81982421875,6008.56005859375,6013.1298828125,5434560000,15.630000114440918,19.030000686645508,15.279999732971191,18.209999084472656,-0.021832868521335577,-0.017211396672539132,0.28580966001311625,0.13434474140373165,0.26375375924277933,0.11766031218059156,0.3074209135143426,0.12885342144574216
2025-02-24,96258.0,96500.0,91349.26,91552.88,31550.10299,48.47,48.47,46.17,47.07,6026.68994140625,6043.64990234375,5977.830078125,5983.25,4990120000,18.079999923706055,20.239999771118164,17.309999465942383,18.979999542236328,-0.04932529319284605,-0.004981493566252351,0.3710288596730733,0.13601429649752406,0.3251112994375992,0.11496898460737946,0.3344793772533781,0.1298133128388565
2025-02-25,91552.88,92540.69,86050.99,88680.4,78333.11111,47.07,52.75,46.94,48.59,5982.72998046875,5992.64990234375,5908.490234375,5955.25,5374690000,19.09000015258789,21.479999542236328,18.850000381469727,19.43000030517578,-0.03187783350742482,-0.004690715138395557,0.3949592481542126,0.10714401440543952,0.31876263924079723,0.11127364270128275,0.34604692672975307,0.1218352589674153
2025-02-26,88680.39,89414.15,82256.01,84250.09,56893.54409,48.59,51.63,47.69,51.3,5970.8701171875,6009.81982421875,5932.68994140625,5956.06005859375,4869580000,18.959999084472656,20.059999465942383,17.829999923706055,19.100000381469727,-0.05124925785668909,0.00013601502958346571,0.4227636634218121,0.10745338177256675,0.37015365111245835,0.10919653768998054,0.37410300622903203,0.12181950104285687
2025-02-27,84250.09,87078.46,82716.49,84708.58,42505.45439,51.3,52.82,49.06,51.68,5981.8798828125,5993.68994140625,5858.77978515625,5861.56982421875,5057680000,18.25,21.469999313354492,17.670000076293945,21.1299991607666,0.005427257747781736,-0.015991742678524653,0.45171807302436123,0.11910367143794005,0.3739159744975548,0.1230345316596313,0.3676718795594981,0.13102505700026765
2025-02-28,84708.57,85120.0,78258.52,84349.94,83648.03969,51.68,59.36,50.53,50.76,5856.740234375,5959.39990234375,5837.66015625,5954.5,6441140000,21.209999084472656,22.399999618530273,19.049999237060547,19.6299991607666,-0.004242797559089215,0.015729780420663385,0.42225830847546847,0.1744590832748433,0.37253002443549144,0.14105629233516756,0.3428493762411632,0.1282915473211497
2025-03-03,94269.99,94416.46,85117.11,86220.61,59171.10218,55.47,59.8,53.07,59.48,5968.330078125,5986.08984375,5810.91015625,5849.72021484375,5613850000,19.829999923706055,24.309999465942383,19.25,22.780000686645508,0.021935146548721588,-0.017753402648308866,0.44065096921412367,0.1917212835309248,0.38827540492291074,0.15330961984516753,0.3521821986572333,0.13818406080321644
2025-03-04,86221.16,88967.52,81500.0,87281.98,55609.10706,59.48,62.67,58.26,62.07,5811.97998046875,5865.080078125,5732.58984375,5778.14990234375,6138110000,22.959999084472656,26.350000381469727,21.709999084472656,23.510000228881836,0.01223478265846054,-0.012310288231505477,0.4765483975783722,0.18212261097374965,0.395886694001165,0.15793452580982642,0.32977243881208873,0.13862827129839675
2025-03-05,87281.98,91000.0,86334.53,90606.01,38264.01163,62.07,62.27,57.13,57.6,5781.35986328125,5860.58984375,5742.35009765625,5842.6298828125,5285970000,23.030000686645508,24.84000015258789,21.3700008392334,21.93000030517578,0.03737651951263447,0.011097472528735688,0.4893943618185515,0.20842004677139145,0.4224584460841772,0.16970199536914896,0.3453205653413526,0.14026753898130606
2025-03-06,90606.0,92810.64,87836.0,89931.89,34342.44902,57.83,60.35,56.4,60.15,5785.8701171875,5812.080078125,5711.64013671875,5738.52001953125,5165080000,22.600000381469727,25.920000076293945,22.38999938964844,24.8700008392334,-0.007467940338037054,-0.017979677107455568,0.445689491448943,0.22636234325155016,0.42121528289753374,0.1705955010285508,0.34119700019218263,0.14664692699513548
2025-03-07,89931.88,91283.02,84667.03,86801.75,57980.35713,60.15,60.78,53.2,54.32,5726.009765625,5783.009765625,5666.2900390625,5770.2001953125,5705140000,24.850000381469727,26.559999465942383,23.09000015258789,23.3700008392334,-0.035425823298239754,0.005505435045454467,0.3699635143615092,0.2339397639825812,0.4341727531445544,0.1750108723475247,0.3518461773776032,0.1467367555611503
2025-03-10,80734.48,84123.46,77459.91,78595.86,47633.38405,59.1,61.95,55.32,59.57,5705.3701171875,5705.3701171875,5564.02001953125,5614.56005859375,6409370000,24.700000762939453,29.559999465942383,24.68000030517578,27.86000061035156,-0.09930775646116094,-0.027343541788428148,0.7221665695392196,0.2651363485933161,0.5813036247893089,0.19747387052921175,0.4404993217454592,0.16417115006754837
2025-03-11,78595.86,83617.4,76606.0,82932.99,48770.06853,59.57,62.68,59.0,59.9,5603.64990234375,5636.2998046875,5528.41015625,5572.06982421875,6221240000,27.940000534057617,29.56999969482422,26.18000030517578,26.920000076293945,0.053713906024732805,-0.007596646918536578,0.820903368124041,0.2168244085804936,0.6426226543244594,0.19350560087673374,0.4737033741049638,0.16095302954807897
2025-03-12,82932.99,84539.85,80607.65,83680.12,31933.986,59.9,60.83,56.89,56.89,5624.83984375,5642.18994140625,5546.08984375,5599.2998046875,5219830000,26.8799991607666,26.90999984741211,23.88999938964844,24.229999542236328,0.008968502033038601,0.004874967940490777,0.8083361908791321,0.22299336458421087,0.6367006744492052,0.19979160944456884,0.4759320084667782,0.15870093802724894
2025-03-13,83680.12,84336.33,79939.9,81115.78,27546.27412,56.89,57.23,55.42,55.42,5594.4501953125,5597.77978515625,5504.64990234375,5521.52001953125,5018980000,24.920000076293945,26.1299991607666,23.459999084472656,24.65999984741211,-0.03112391755655611,-0.013988366806464148,0.8129973685088149,0.22512578401812222,0.6408288798878801,0.19683255942942768,0.47251548481034517,0.16197962863103105
2025-03-14,81115.78,85309.71,80818.84,83983.2,26858.52755,55.42,55.5,52.81,53.27,5563.85009765625,5645.27001953125,5563.85009765625,5638.93994140625,4863180000,24.350000381469727,24.36000061035156,21.479999542236328,21.770000457763672,0.034739262047201416,0.02104290595319694,0.8066079763640183,0.26255541057914394,0.6455755929144484,0.2281548795302451,0.48619572981392384,0.17490567659772205
2025-03-17,82574.52,84756.83,82456.0,84010.03,17214.74358,55.27,55.32,52.85,52.86,5635.60009765625,5703.52001953125,5631.1201171875,5675.1201171875,5031770000,22.88999938964844,22.950000762939453,20.31999969482422,20.510000228881836,0.00031941763639058986,0.0063956349746060355,0.8093253901625077,0.25276583370084754,0.6350830763071486,0.23253048381585947,0.4846156652972944,0.176570357828462
2025-03-18,84010.02,84021.74,81134.66,82715.03,17610.89883,52.86,54.35,51.84,52.0,5654.52978515625,5654.52978515625,5597.759765625,5614.66015625,4666270000,20.829999923706055,22.56999969482422,20.40999984741211,21.700000762939453,-0.015534869726955195,-0.010710667074319702,0.7914031250421625,0.25238086266188203,0.6005663547937694,0.23384549115297937,0.4851650213440558,0.17763228652664145
2025-03-19,82715.03,87000.0,82547.16,86845.94,28151.05374,52.0,54.02,51.23,54.02,5632.3701171875,5715.330078125,5622.2001953125,5675.2900390625,4660090000,21.84000015258789,22.100000381469727,19.420000076293945,19.899999618530273,0.04873441757894435,0.010740608172953766,0.5157900301791866,0.2022988930907599,0.6369903284241963,0.23525063424902987,0.5027373233224006,0.1795439751729515
2025-03-20,86845.93,87453.67,83655.23,84223.39,22090.30463,54.02,54.16,48.97,49.01,5646.919921875,5711.14990234375,5632.330078125,5662.89013671875,4678420000,19.520000457763672,21.170000076293945,19.299999237060547,19.799999237060547,-0.030663070683642123,-0.002187283513782985,0.4926469255923748,0.19449441199069153,0.6515291725373198,0.22043695030894017,0.5082352051129297,0.17865105735173759
2025-03-21,84223.38,84850.33,83175.25,84088.79,11956.97443,49.01,49.7,47.56,47.56,5630.72998046875,5670.83984375,5603.10009765625,5667.56005859375,9367460000,20.020000457763672,21.13999938964844,19.149999618530273,19.280000686645508,-0.0015994092488549737,0.0008243136078323211,0.4906303190926365,0.193767662642314,0.6436988226309895,0.21119017164288217,0.5081756334155995,0.17802799186815382
2025-03-24,86082.5,88765.43,85519.09,87498.16,30115.62111,47.66,48.42,47.06,47.32,5718.080078125,5775.14013671875,5718.080078125,5767.56982421875,4517990000,19.1299991607666,19.13999938964844,17.459999084472656,17.479999542236328,0.03974450017450751,0.01749211712863917,0.48176752036927906,0.17791831955428472,0.6655271039559272,0.2213050391788692,0.5241373676778106,0.18564408034096683
2025-03-25,87498.16,88539.63,86310.0,87392.87,22643.25248,47.32,47.94,46.54,46.99,5775.9599609375,5786.9501953125,5760.419921875,5776.64990234375,4467340000,17.579999923706055,17.770000457763672,17.020000457763672,17.149999618530273,-0.0012040641846587025,0.0015730954906538206,0.4543030808844971,0.14516442149899222,0.6434884489571857,0.21555198204463602,0.5227818205969217,0.18427909754189745
2025-03-26,87392.88,88275.0,85860.0,86909.17,18408.78485,46.99,47.63,46.23,47.27,5771.66015625,5783.6201171875,5694.41015625,5712.2001953125,4183140000,17.229999542236328,19.06999969482422,16.969999313354492,18.329999923706055,-0.005550150091920325,-0.011219640357598032,0.4585598727313838,0.1669734693270864,0.6432574073773865,0.20684701949306425,0.5212625281088934,0.1862395389553609
2025-03-27,86909.17,87756.39,85800.0,87232.01,17098.03897,47.27,47.28,45.42,46.61,5695.64013671875,5732.27978515625,5670.93994140625,5693.31005859375,4403460000,18.36000061035156,19.280000686645508,17.950000762939453,18.690000534057617,0.0037078004164337397,-0.0033124610071321114,0.43664939675505576,0.15038694573150913,0.6255427423450339,0.2054042966215558,0.5164085273398866,0.1862666455120974
2025-03-28,87232.01,87515.67,83585.0,84424.38,27182.73169,46.61,52.25,46.18,49.93,5679.2001953125,5685.89013671875,5572.419921875,5580.93994140625,4513330000,19.079999923706055,22.18000030517578,18.920000076293945,21.649999618530273,-0.0327151282624945,-0.019934601126853548,0.3847421668696803,0.18421771394961334,0.46241431484501627,0.18867987258999014,0.5225764761330459,0.18940671660096778
2025-03-31,82390.0,83943.08,81278.52,82550.01,20569.13885,53.73,54.42,50.97,51.02,5527.91015625,5627.56005859375,5488.72998046875,5611.85009765625,5257250000,24.11000061035156,24.799999237060547,21.670000076293945,22.280000686645508,-0.02245193094356332,0.005523240357645722,0.3634430160512004,0.1902916950768868,0.4180031098755536,0.18722353568004516,0.5234218734740681,0.19085894160412734
2025-04-01,82550.0,85579.46,82432.74,85158.34,20190.39697,49.67,50.52,48.95,49.55,5597.52978515625,5650.56982421875,5558.52001953125,5633.06982421875,4434500000,22.059999465942383,23.520000457763672,21.579999923706055,21.770000457763672,0.031108055610873073,0.0037741045552120668,0.41723520201509445,0.19248093897545313,0.437642801901853,0.18678354219926407,0.5323197630499685,0.1912192221369714
2025-04-02,85158.35,88500.0,82320.0,82516.29,39931.457,49.55,52.78,48.62,52.61,5580.759765625,5695.31005859375,5571.47998046875,5670.97021484375,4243830000,22.299999237060547,23.65999984741211,20.68000030517578,21.510000228881836,-0.031516618721199686,0.006705661429484109,0.3602758053247669,0.15683868734806033,0.4382087329993508,0.1761508708520425,0.5364672400807492,0.19264755003713868
2025-04-03,82516.28,83998.02,81211.24,83213.09,27337.84135,52.61,53.55,50.15,52.64,5492.740234375,5499.52978515625,5390.830078125,5396.52001953125,7210470000,26.3799991607666,30.020000457763672,24.93000030517578,30.020000457763672,0.008408938788086611,-0.04960591182899663,0.3727137545665415,0.3189932869000686,0.4126646943619473,0.26164908048988916,0.5339267820069353,0.2358758380974376
2025-04-04,83213.09,84720.0,81659.0,83889.87,32915.53976,52.64,56.03,51.19,55.33,5292.14013671875,5292.14013671875,5069.89990234375,5074.080078125,8853500000,30.1200008392334,45.61000061035156,29.989999771118164,45.310001373291016,0.008100200026060092,-0.061609061898230934,0.3837804283242495,0.44664721616434555,0.4143389018517782,0.3557619497884079,0.5330445143944472,0.28679272259895655
2025-04-07,78430.0,81243.58,74508.0,79163.24,78387.53089,59.59,63.21,52.49,52.79,4953.7900390625,5246.56982421875,4835.0400390625,5062.25,8691980000,60.130001068115234,60.130001068115234,38.58000183105469,46.97999954223633,-0.05799281754938194,-0.0023341946059635883,0.48881631601311326,0.44793593552295935,0.4790907911875714,0.3562976443024432,0.5399176554900672,0.28694973715881067
2025-04-08,79163.24,80867.99,76239.9,76322.42,35317.32063,52.79,56.9,52.25,56.84,5193.56982421875,5267.47021484375,4910.419921875,4982.77001953125,7408140000,44.040000915527344,57.52000045776367,36.47999954223633,52.33000183105469,-0.036545314426559464,-0.015825083277054855,0.4955139583213949,0.44739985745460487,0.43467613357893564,0.3478072487353343,0.5421132377997661,0.28846324776883864
2025-04-09,76322.42,83588.0,74620.0,82615.22,75488.28772,56.84,62.66,52.86,53.04,4965.27978515625,5481.33984375,4948.43017578125,5456.89990234375,9489600000,50.97999954223633,57.959999084472656,31.899999618530273,33.619998931884766,0.0792271898213657,0.09089487983303646,0.7409875346535779,0.7863196972281284,0.5612315535638195,0.5500712166562927,0.5762120265468983,0.4024819640188411
2025-04-10,82615.22,82753.21,78464.36,79607.3,33284.80718,53.04,55.57,50.61,53.56,5353.14990234375,5353.14990234375,5115.27001953125,5268.0498046875,6677140000,34.439998626708984,54.869998931884766,34.439998626708984,40.720001220703125,-0.03708812786599812,-0.03522060702411168,0.7341204057905042,0.8047207520509693,0.5813405835782585,0.5666693133930473,0.5854152510652763,0.41166344924628534
2025-04-11,79607.3,84300.0,78969.58,83423.84,34435.43797,53.56,56.78,52.6,56.15,5255.56005859375,5381.4599609375,5220.77001953125,5363.35986328125,5602550000,40.79999923706055,46.119998931884766,36.849998474121094,37.560001373291016,0.04682832264786211,0.01793038083577807,0.7847672957899776,0.8169809077270676,0.5923256603157676,0.5670127824095957,0.6022393123240453,0.4126077497594492
2025-04-14,83760.0,85799.99,83678.0,84591.58,28659.09348,56.29,56.4,52.34,53.31,5441.9599609375,5459.4599609375,5358.02001953125,5405.97021484375,5031440000,34.7599983215332,35.16999816894531,29.75,30.88999938964844,0.013900614636315664,0.007913319326342991,0.7874665855889296,0.7651010640953968,0.596863337230823,0.5691128864682128,0.6001001158509618,0.4115996907352231
2025-04-15,84591.58,86496.42,83600.0,83643.99,20910.99528,52.02,52.4,49.97,50.39,5411.990234375,5450.41015625,5386.43994140625,5396.6298828125,4317110000,30.010000228881836,31.450000762939453,28.290000915527344,30.1200008392334,-0.01126515660201265,-0.001729275225300909,0.7900922807386376,0.6350717096396636,0.5979530694089713,0.5684413348638985,0.5995852801963846,0.4105783411668454
2025-04-16,83643.99,85500.0,83111.64,84030.38,20867.24519,50.39,50.56,49.0,49.58,5335.75,5367.240234375,5220.7900390625,5275.7001953125,4607750000,33.2400016784668,34.959999084472656,29.479999542236328,32.63999938964844,0.0046088222541115645,-0.022663253964902527,0.6801295393360894,0.661221750956735,0.5981534549472268,0.5738514181562875,0.5885816993100981,0.4126760119079475
2025-04-17,84030.38,85470.01,83736.26,84947.91,13728.84772,49.58,49.63,48.28,48.41,5305.4501953125,5328.31005859375,5255.580078125,5282.7001953125,4714880000,30.790000915527344,32.54999923706055,29.56999969482422,29.649999618530273,0.010859844983458261,0.0013259586237727749,0.6033328954209721,0.6453718075491768,0.5841317005823679,0.5705222179409681,0.589636553083215,0.4105377687185785
2025-04-21,85179.24,88465.99,85144.76,87516.23,31773.37262,48.2,50.71,48.2,49.16,5232.93994140625,5232.93994140625,5101.6298828125,5158.2001953125,4226340000,32.75,35.75,31.790000915527344,33.81999969482422,0.029786016769691715,-0.02384964833401801,0.43185620711174283,0.3080285498333075,0.5864842735562368,0.5746899459353494,0.5877052527021522,0.4142022957590274
2025-04-22,87516.22,93888.0,87076.03,93442.99,43872.74705,49.16,52.71,49.0,52.69,5207.669921875,5309.60986328125,5207.669921875,5287.759765625,4666950000,32.61000061035156,32.68000030517578,30.079999923706055,30.56999969482422,0.06552725583428472,0.02480695212545062,0.4182384935393595,0.29590022578264935,0.6334276267569473,0.5884033549627735,0.5369904692176926,0.4159489548922647
2025-04-23,93442.99,94696.05,91935.41,93691.08,27404.16808,52.69,52.86,49.4,49.42,5395.919921875,5469.68994140625,5356.169921875,5375.85986328125,5371390000,28.75,30.290000915527344,27.11000061035156,28.450000762939453,0.0026514695623879032,0.016523864366879457,0.39542067188686336,0.29252822929223204,0.6096813041052664,0.5934863872058453,0.517408772816203,0.41899177029331564
2025-04-24,93691.07,94005.0,91660.01,93980.47,19497.06071,49.42,49.42,46.66,46.96,5381.3798828125,5489.39990234375,5371.9599609375,5484.77001953125,4697710000,28.690000534057617,29.65999984741211,26.36000061035156,26.469999313354492,0.0030840074520417163,0.020056628082583162,0.4037388990073788,0.314028638163226,0.6102118930388299,0.5620617844272161,0.5172052804123102,0.4231922536026913
2025-04-25,93980.47,95758.04,92855.96,94638.68,27500.66648,46.96,48.71,46.44,46.45,5489.72998046875,5528.10986328125,5455.85986328125,5525.2099609375,4236580000,26.219999313354492,27.200000762939453,24.84000015258789,24.84000015258789,0.006979277255771385,0.0073460847957005125,0.36698855975249167,0.31414131459132744,0.6102514819782502,0.4834261133708244,0.5064819483533329,0.42188133364179975
2025-04-28,93749.29,95630.0,92800.01,95011.18,22157.53351,48.12,48.61,46.38,47.05,5529.22021484375,5553.66015625,5468.64013671875,5528.75,4257880000,25.75,26.93000030517578,24.700000762939453,25.149999618530273,0.003928296904831658,0.0006405015390019333,0.36802490048847447,0.25939689608649075,0.530594245805173,0.48258599576166106,0.49864656705755356,0.4171653582532062
2025-04-29,95011.18,95461.53,93742.54,94256.82,16955.3402,47.05,47.24,46.04,46.17,5508.8701171875,5571.9501953125,5505.7001953125,5560.830078125,4747150000,24.760000228881836,25.989999771118164,23.760000228881836,24.170000076293945,-0.007971384433910092,0.005785641545556399,0.3984764390970532,0.2568895001881579,0.4912257679122371,0.47197619715286615,0.4997722937929493,0.41707947233532633
2025-04-30,94256.82,95228.45,92910.0,94172.0,17661.2751,46.17,46.79,45.02,45.07,5499.43994140625,5581.83984375,5433.240234375,5569.06005859375,5449490000,24.350000381469727,28.170000076293945,24.229999542236328,24.700000762939453,-0.0009002869702098006,0.0014788972519335208,0.3926778509132053,0.15083011581963868,0.396968608512192,0.2806397786913102,0.4966332209292229,0.41602650430145716
2025-05-01,94172.0,97424.02,94130.43,96489.91,21380.45343,45.07,46.97,44.74,46.11,5625.14013671875,5658.91015625,5597.35009765625,5604.14013671875,4935270000,23.940000534057617,25.18000030517578,23.299999237060547,24.600000381469727,0.024315545810009744,0.006279345716451974,0.15731000980328444,0.11635783032828068,0.3389648768911315,0.22528598165177488,0.4825000604346622,0.4152004358939089
2025-05-02,96489.9,97895.68,96350.0,96887.14,14905.74811,46.11,48.1,44.38,44.54,5645.8798828125,5700.7001953125,5642.27978515625,5686.669921875,4854380000,23.6299991607666,24.31999969482422,22.34000015258789,22.68000030517578,0.004108352658419524,0.014619191109112719,0.15680041042951726,0.11114962115834763,0.3048644332539005,0.22184780696617307,0.4714990863287286,0.41743023961487324
2025-05-05,94277.61,95199.0,93514.1,94733.68,17251.18189,46.35,46.87,44.89,45.0,5655.31982421875,5683.3798828125,5634.47998046875,5650.3798828125,4358260000,24.25,24.6299991607666,22.809999465942383,23.63999938964844,-0.02247720956814581,-0.006402047029318447,0.2275415177788562,0.10404685366602898,0.3350070535458248,0.2254634586293145,0.4777523337132456,0.4178524535833275
2025-05-06,94733.68,96920.65,93377.0,96834.02,16122.64513,45.0,46.66,44.86,46.66,5605.8701171875,5649.580078125,5586.0400390625,5606.91015625,4717260000,23.969999313354492,25.11000061035156,23.899999618530273,24.760000228881836,0.021928792437757434,-0.007722985278391797,0.2591389050494297,0.12280494256377601,0.3273482857561675,0.2293821928871005,0.46886860891732773,0.4150080037439253
2025-05-07,96834.02,97732.0,95784.61,97030.5,16644.83854,46.66,47.26,44.59,44.8,5614.18017578125,5654.72998046875,5578.64013671875,5631.27978515625,4987440000,24.559999465942383,25.6200008392334,23.290000915527344,23.549999237060547,0.0020269832486365163,0.004336938106710132,0.2591889962035836,0.12296634301878032,0.32842424569337414,0.19788109431761236,0.4686876265071489,0.4152307842954559
2025-05-08,97030.5,104145.76,96876.29,103261.6,34962.02847,44.8,47.17,44.55,45.88,5663.60009765625,5720.10009765625,5635.3798828125,5663.93994140625,5627400000,22.84000015258789,23.61000061035156,21.8799991607666,22.479999542236328,0.06224021212940302,0.005783021147465641,0.42416306147772753,0.12296351516746605,0.39566004810763217,0.19732859395922883,0.49761771359802365,0.4144643122594832
2025-05-09,103261.61,104361.3,102315.14,102971.99,27617.39907,45.88,46.36,45.21,45.78,5679.64990234375,5691.68994140625,5644.14990234375,5659.91015625,4645090000,22.399999618530273,22.81999969482422,21.829999923706055,21.899999618530273,-0.002808564699583071,-0.0007117341348763632,0.4269415641777369,0.12451350813579212,0.39452780149569405,0.15071893262755762,0.49820777524103044,0.41436764534983234
2025-05-12,104118.0,105819.45,100718.37,102791.32,31272.77792,47.13,48.45,45.29,45.44,5807.2001953125,5845.3701171875,5786.080078125,5844.18994140625,6014580000,19.84000015258789,20.440000534057617,18.13999938964844,18.38999938964844,-0.0017560958407042645,0.03203997667702081,0.4259659142374514,0.2190415281098368,0.31066366407890805,0.16957313855031964,0.4854736452510551,0.42019343990776203
2025-05-13,102791.32,104976.25,101429.7,104103.72,21253.42409,44.83,45.96,44.65,45.71,5854.14990234375,5906.64013671875,5845.02001953125,5886.5498046875,5516290000,18.690000534057617,18.850000381469727,17.649999618530273,18.219999313354492,0.012686796194268246,0.007222059020245977,0.42490504996773504,0.2111594045342876,0.31097663157670286,0.16410616240282924,0.47784754802972795,0.42036231880128533
2025-05-14,104103.72,104356.95,102602.05,103507.82,16452.9081,45.71,45.76,44.65,44.79,5896.740234375,5906.5498046875,5872.10986328125,5892.580078125,5233450000,18.100000381469727,18.81999969482422,18.059999465942383,18.6200008392334,-0.005740544445962826,0.001023891242276054,0.3802626615102424,0.1987502657427457,0.3156396363074933,0.15308468478427026,0.4741037431559639,0.4203138868157923
2025-05-15,103507.83,104192.7,101383.07,103763.71,17998.98604,44.79,44.85,43.07,43.57,5869.81982421875,5924.2099609375,5865.16015625,5916.93017578125,4991290000,19.190000534057617,19.3799991607666,17.770000457763672,17.829999923706055,0.0024691295519930546,0.004123817438757677,0.3782477159615882,0.1757898620991907,0.3161964046520653,0.15278765539012693,0.46045574520742305,0.42010264766428235
2025-05-16,103763.71,104550.33,103100.49,103463.9,15683.88024,43.57,43.61,41.56,42.62,5929.08984375,5958.6201171875,5907.35986328125,5958.3798828125,4850850000,17.959999084472656,17.959999084472656,17.149999618530273,17.239999771118164,-0.0028935353660749547,0.006980849368100189,0.38364866835396155,0.17438299880071395,0.31861863169751653,0.1517315252818627,0.4614553032550543,0.3914171119886477
2025-05-19,106454.27,107108.62,102000.0,105573.74,30260.03524,44.93,45.24,43.77,44.02,5902.8798828125,5968.60986328125,5895.68994140625,5963.60009765625,4144010000,19.84000015258789,19.920000076293945,17.920000076293945,18.13999938964844,0.020186906512450323,0.0008757295660482738,0.15292479493746636,0.17949214477733777,0.31692563062729223,0.15288100484940723,0.46297354639282584,0.3398746392096164
2025-05-20,105573.73,107320.0,104184.72,106849.99,23705.48275,44.02,47.38,44.01,47.3,5944.66015625,5953.06005859375,5909.259765625,5940.4599609375,4416850000,18.459999084472656,18.68000030517578,17.700000762939453,18.09000015258789,0.012016222070838009,-0.0038877770695725784,0.15447017577131184,0.1863741610353202,0.3145447167037398,0.1569157244783069,0.41908295481617114,0.3402108841536526
2025-05-21,106850.0,110797.38,106100.01,109643.99,45531.040345,47.3,49.24,46.31,49.13,5910.18017578125,5938.3701171875,5830.91015625,5844.60986328125,5254250000,18.770000457763672,21.049999237060547,17.770000457763672,20.8700008392334,0.025812774424210004,-0.016266719267758897,0.1868837763221789,0.12952271406088567,0.3160165903270971,0.17976233462672586,0.39730876159858747,0.34045186971981156
2025-05-22,109643.99,111980.0,109177.37,111696.21,31630.77313,49.13,49.84,47.71,49.0,5841.259765625,5878.080078125,5825.81982421875,5842.009765625,5157050000,20.6200008392334,22.06999969482422,19.63999938964844,20.280000686645508,0.018544112729196732,-0.0004449700224211693,0.1945931962594325,0.11936380602315547,0.3175025753631813,0.1720869021280493,0.34346290637604715,0.22392258925166778
2025-05-23,111696.22,111800.0,106800.0,107318.3,31737.72309,49.0,49.0,45.6,47.68,5781.89013671875,5829.509765625,5767.41015625,5802.81982421875,4662820000,20.13999938964844,25.530000686645508,19.829999923706055,22.290000915527344,-0.03998359037453153,-0.006730899591473139,0.3542856271884292,0.12263314717653469,0.35843461922655223,0.1724007338994052,0.3470005541800248,0.19594633860165261
2025-05-27,109434.78,110718.0,107516.57,108938.17,21276.65635,47.13,47.43,45.3,46.16,5854.06982421875,5924.330078125,5854.06982421875,5921.5400390625,5366380000,20.6299991607666,21.010000228881836,18.950000762939453,18.959999084472656,0.014981288621990678,0.02025258080218437,0.35821960330304403,0.18155370482914726,0.3547356664571225,0.18267661949023534,0.32942543827109233,0.1975698304344635
2025-05-28,108938.17,109284.7,106769.43,107781.78,15633.78829,46.16,46.46,43.47,45.24,5925.5400390625,5939.919921875,5881.8798828125,5888.5498046875,4665050000,19.209999084472656,19.43000030517578,18.68000030517578,19.309999465942383,-0.0106718460844975,-0.005586802576444734,0.3700435572900941,0.17718828463221292,0.36315846335377366,0.18701658738078691,0.33384933213145834,0.1987018420877699
2025-05-29,107781.78,108891.91,105322.86,105589.75,19834.70116,45.24,45.24,43.54,44.61,5939.9599609375,5943.1298828125,5873.7998046875,5912.169921875,4569750000,18.25,20.200000762939453,18.11000061035156,19.18000030517578,-0.02054732532520838,0.0040031708706317415,0.3841596537905053,0.18005634217900524,0.28209297718412574,0.18669055253152989,0.3395572811184973,0.19824787496172708
2025-05-30,105589.75,106313.12,103621.0,103985.48,23706.49799,44.61,47.41,43.64,43.71,5903.669921875,5922.14013671875,5843.66015625,5911.68994140625,6378540000,19.61000061035156,20.549999237060547,18.56999969482422,18.56999969482422,-0.015310028157546413,-8.118845699520562e-05,0.3833123127981749,0.17914922793546223,0.2907278881342849,0.18646239082377347,0.34601302041691306,0.18302398486730795
2025-06-02,105642.93,105935.63,103659.88,105857.99,13453.98813,45.13,45.22,42.38,42.97,5896.68017578125,5937.39990234375,5861.43017578125,5935.93994140625,4832240000,19.809999465942383,20.450000762939453,18.36000061035156,18.36000061035156,0.017847204898185344,0.004093651490626028,0.3596435384935075,0.1427715225328132,0.2992884572514351,0.13221387859852732,0.34726273745635255,0.18287539281418277
2025-06-03,105858.0,106794.67,104872.5,105376.89,13259.52634,42.97,43.72,42.47,42.83,5938.56005859375,5981.35009765625,5929.0,5970.3701171875,5026680000,18.829999923706055,19.209999084472656,17.639999389648438,17.690000534057617,-0.004555126803574655,0.005783533535368979,0.32067089046566766,0.14278858211782816,0.29639123863822364,0.13106118534176825,0.34219660187086587,0.1628973553392309
2025-06-04,105376.9,106000.0,104179.0,104696.86,14034.89482,42.83,43.08,41.83,42.18,5978.93994140625,5990.47998046875,5966.10986328125,5970.81005859375,4767050000,17.68000030517578,18.06999969482422,17.40999984741211,17.610000610351562,-0.00647422512636591,7.368474471916267e-05,0.2326519455018909,0.12819316997047056,0.2967245151802713,0.13112120976173927,0.29393171436723864,0.15200662247584265
2025-06-05,104696.86,105909.71,100372.26,101508.68,22321.50154,42.18,43.45,41.44,42.76,5985.669921875,5999.7001953125,5921.2001953125,5939.2998046875,5091850000,17.68000030517578,18.799999237060547,17.079999923706055,18.479999542236328,-0.030924814911036578,-0.005291357978698112,0.24207353335531814,0.07221717799848268,0.32554233557068957,0.13276665327098744,0.3106934932021663,0.14958005776863012
2025-06-06,101508.69,105333.0,101095.8,104288.44,15839.07385,42.76,42.89,40.52,40.53,5987.06005859375,6016.8701171875,5978.6298828125,6000.35986328125,4355710000,18.15999984741211,18.350000381469727,16.649999618530273,16.770000457763672,0.027016209665029333,0.010228196215376713,0.3284728290031025,0.07892563464835921,0.34719602134677213,0.13660795822281338,0.31861131876785664,0.14257357808405252
2025-06-09,105734.01,110530.17,105318.37,110263.02,19975.37451,42.52,42.85,41.46,42.61,6004.6298828125,6021.31005859375,5994.18017578125,6005.8798828125,4642360000,17.690000534057617,17.719999313354492,16.81999969482422,17.15999984741211,0.05570808086049719,0.0009195251863913659,0.4645051506794121,0.07893464327993342,0.41264488851685754,0.1366104103206214,0.35274863690954034,0.14208504644557907
2025-06-10,110263.02,110400.0,108331.03,110274.39,17071.82839,41.89,42.8,41.65,42.51,6009.91015625,6043.009765625,6000.27978515625,6038.81005859375,4882880000,17.5,17.989999771118164,16.68000030517578,16.950000762939453,0.00010311175786527098,0.005468012541646841,0.44326673919811993,0.07908350171986472,0.41074844204299876,0.13654583070398524,0.35303252782658273,0.14214207797068737
2025-06-11,110274.39,110392.01,108064.0,108645.12,13115.91638,42.51,42.69,40.86,40.95,6049.3798828125,6059.39990234375,6002.31982421875,6022.240234375,5111550000,17.040000915527344,18.09000015258789,16.229999542236328,17.260000228881836,-0.01488492352072924,-0.002747660318287345,0.45721897827578306,0.08563431284618718,0.4016903214803522,0.11311067735333916,0.3557919460585283,0.14280840961351576
2025-06-12,108645.13,108813.55,105671.72,105671.73,17778.67218,40.95,41.4,39.57,39.77,6009.89990234375,6045.43017578125,6003.8798828125,6045.259765625,4669500000,17.8700008392334,18.8700008392334,17.43000030517578,18.020000457763672,-0.027749388787279217,0.0038151330716763875,0.4944941280288648,0.08280930050137139,0.40678638347199086,0.11266767076565935,0.367794773783483,0.14280144572267797
2025-06-13,105671.74,106179.53,102664.31,106066.59,26180.81734,39.77,43.96,39.77,40.72,6000.56005859375,6026.16015625,5963.2099609375,5976.97021484375,5258910000,21.760000228881836,22.0,18.8799991607666,20.81999969482422,0.0037297023772628075,-0.01136066859010289,0.49232244735644876,0.11490792217907299,0.37258671714618513,0.12135256747241997,0.3626394969965871,0.1480522489721699
2025-06-16,105594.02,108952.38,104980.37,106794.53,14922.6654,42.32,42.32,40.28,41.73,6004.0,6050.830078125,6004.0,6033.10986328125,5111710000,19.780000686645508,20.219999313354492,18.670000076293945,19.11000061035156,0.006839603566506636,0.0093488231481891,0.43558290097947633,0.1192960445390069,0.3674516535950906,0.09590611009438865,0.3627883037334477,0.14494962187566768
2025-06-17,106794.53,107771.34,103371.02,104551.17,17866.33025,41.73,42.19,40.72,41.62,6012.14990234375,6023.25,5974.7998046875,5982.72021484375,4955700000,20.530000686645508,21.790000915527344,19.549999237060547,21.600000381469727,-0.02123009135616664,-0.008387259723643134,0.4398076106923422,0.11922145290530906,0.3752526917248251,0.10045134789470565,0.3620371612780997,0.14605612129192697
2025-06-18,104551.17,105550.27,103500.0,104886.78,13968.64167,41.62,41.7,39.6,39.69,5987.93017578125,6018.25,5971.89013671875,5980.8701171875,5106470000,20.899999618530273,21.579999923706055,19.59000015258789,20.13999938964844,0.0032048660451346727,-0.00030928803472058796,0.2203756869371364,0.11886878310740098,0.3661286186376201,0.09972663510258159,0.35770041343435244,0.14336509584216542
2025-06-20,104658.59,106524.65,102345.0,103297.99,16419.06283,40.21,41.53,39.03,40.67,5999.669921875,6018.2001953125,5952.56005859375,5967.83984375,7451500000,20.739999771118164,21.06999969482422,19.11000061035156,20.6200008392334,-0.015263564628306997,-0.002181035215587759,0.21843893119696278,0.111084384099602,0.3660921809126416,0.10049159518514235,0.36145805830506034,0.14374607687161553
2025-06-23,100963.87,106074.2,99613.33,105333.93,27666.50609,41.75,42.15,39.54,39.86,5969.669921875,6028.77001953125,5943.22998046875,6025.169921875,5597000000,21.149999618530273,22.510000228881836,19.81999969482422,19.829999923706055,0.019517671413076993,0.009560655071259439,0.27255883159052685,0.12922401260294722,0.3677774213769565,0.10658839332395087,0.31830842027004047,0.1450360078404358
2025-06-24,105333.94,106290.0,104622.02,106083.0,14651.69335,39.87,41.2,39.0,39.05,6061.2099609375,6101.759765625,6059.25,6092.18017578125,5443690000,18.190000534057617,18.719999313354492,17.329999923706055,17.479999542236328,0.007086217120930923,0.011060328616958607,0.2229651404915297,0.14445822729867724,0.3685156064844044,0.11325829838639395,0.3186625103130493,0.14707916579879807
2025-06-25,106083.0,108135.3,105808.03,107340.58,16701.15551,39.04,39.28,37.9,38.4,6104.22998046875,6108.509765625,6080.08984375,6092.16015625,5171110000,17.280000686645508,17.510000228881836,16.68000030517578,16.760000228881836,0.011784963544526447,-3.286108349665331e-06,0.2328037554935349,0.11670387777497027,0.3699785903249373,0.11327680222563696,0.3200613427770938,0.11739087437059051
2025-06-26,107340.59,108272.45,106562.5,106947.06,10573.27279,38.4,39.32,37.71,38.25,6112.08984375,6146.52001953125,6107.27001953125,6141.02001953125,5308140000,16.670000076293945,16.780000686645508,16.110000610351562,16.59000015258789,-0.003672824455672302,0.007988131032516797,0.23160850083044104,0.11370833481513518,0.34014261814061053,0.11199002147001698,0.3185761161076206,0.1177423391108701
2025-06-27,106947.06,107735.34,106356.76,107047.59,12232.44042,38.25,38.34,36.27,38.1,6150.7001953125,6187.68017578125,6132.35009765625,6173.06982421875,7889350000,16.309999465942383,17.290000915527344,16.1200008392334,16.31999969482422,0.0009395562683027059,0.005205399256150098,0.17725916951602283,0.08433763994538714,0.32309899419410004,0.10709204425521546,0.31795416597367837,0.11824560422863754
2025-06-30,108356.93,108789.99,106733.33,107146.5,9754.12491,39.34,39.34,37.69,37.74,6193.35986328125,6215.080078125,6174.97021484375,6204.9501953125,5782900000,17.190000534057617,17.43000030517578,16.549999237060547,16.729999542236328,0.0009235549592471309,0.005151137506128882,0.17787637279594987,0.07740835792302135,0.20989851390251466,0.10774669080064142,0.31792876902102685,0.11847717089241339
2025-07-01,107146.51,107540.0,105250.85,105681.14,10505.62437,37.14,38.23,36.99,37.61,6187.25,6210.77978515625,6177.97021484375,6198.009765625,6275310000,16.979999542236328,17.479999542236328,16.510000228881836,16.829999923706055,-0.01377060945880646,-0.0011191571098791433,0.17153480665769638,0.07327629911766427,0.21532538194753786,0.1076512358575699,0.32065813918592,0.11759371568154825
2025-07-02,105681.13,109730.0,105100.19,108849.6,17691.89592,37.61,40.44,37.48,39.6,6193.8798828125,6227.60009765625,6188.2900390625,6227.419921875,5645710000,16.75,17.3700008392334,16.540000915527344,16.639999389648438,0.029540665453745153,0.0047338743064907745,0.21617120517406707,0.06725848702779483,0.2479668227565205,0.10611423185578871,0.3266853321148382,0.11799961845998466
2025-07-03,108849.59,110529.18,108530.4,109584.78,13047.08225,39.6,40.93,38.66,39.08,6246.4599609375,6284.64990234375,6246.4599609375,6279.35009765625,3378110000,16.649999618530273,16.829999923706055,16.139999389648438,16.3799991607666,0.006731383365643195,0.00830437821066394,0.21601645157842175,0.05769375125210586,0.21357302934226688,0.10895180018941972,0.3254962603901766,0.11850328843744166
2025-07-07,109203.85,109700.0,107513.2,108262.94,9405.37601,38.98,39.51,38.46,38.71,6259.0400390625,6262.06982421875,6201.0,6229.97998046875,5236740000,17.829999923706055,18.5,17.510000228881836,17.790000915527344,-0.012135598412913116,-0.007893368104244017,0.23000988184727947,0.09185293018660393,0.22236817630698377,0.1009700483200754,0.31871008353410923,0.10952477100572294
2025-07-08,108262.94,109216.56,107429.57,108922.98,9216.0208,38.71,39.04,37.67,37.77,6234.02978515625,6242.7001953125,6217.75,6225.52001953125,5739030000,17.40999984741211,17.440000534057617,16.540000915527344,16.809999465942383,0.0060781291164992805,-0.0007161432504695748,0.22873120232125005,0.08752428973795802,0.22203455857101925,0.09760104651427995,0.3142806988975764,0.10958294185234095
2025-07-09,108922.99,111999.79,108324.53,111233.99,17282.2865,37.77,40.09,37.08,38.77,6243.330078125,6269.16015625,6231.43017578125,6263.259765625,4813340000,16.760000228881836,16.760000228881836,15.760000228881836,15.9399995803833,0.02099497361671242,0.00604380277677969,0.252932458980945,0.08896577235332752,0.21054841795969056,0.08560046216470708,0.29752598866049146,0.1068379049510777
2025-07-10,111234.0,116868.0,110500.0,116010.0,24883.450665,38.77,40.21,37.98,38.62,6266.7998046875,6290.22021484375,6251.43994140625,6280.4599609375,5367350000,16.229999542236328,16.239999771118164,15.699999809265137,15.779999732971191,0.042040393709379065,0.0027424410729257912,0.3302996815979238,0.08660707730829946,0.2638941690850639,0.08409050558655116,0.31804971066829246,0.09274277028724386
2025-07-11,116010.01,118869.98,115222.22,117527.66,25873.521148,38.62,40.24,37.51,37.94,6255.68017578125,6269.43994140625,6237.60009765625,6259.75,4656210000,16.40999984741211,17.239999771118164,15.979999542236328,16.399999618530273,0.012997315848983379,-0.0033029717732258423,0.2799989420622182,0.09052486251170869,0.24373030249254954,0.08567727024272463,0.3171895723256335,0.09135332467438079
2025-07-14,119086.65,123218.0,118905.18,119841.18,27269.348877,39.24,40.64,38.79,39.64,6255.14990234375,6273.31005859375,6239.22021484375,6268.56005859375,4722250000,17.729999542236328,17.850000381469727,16.90999984741211,17.200000762939453,0.0194936560460837,0.0014064243309367943,0.2644090240272167,0.08755555605498273,0.24371065098241515,0.0811994973869612,0.31268231994669254,0.09117768425242725
2025-07-15,119841.17,119940.83,115736.92,117758.09,32018.46083,39.64,41.81,39.44,39.93,6295.2900390625,6302.0400390625,6241.68017578125,6243.759765625,5133670000,16.889999389648438,17.389999389648438,16.559999465942383,17.3799991607666,-0.01753493076270058,-0.003964145065672561,0.32465817456025126,0.0741339549089916,0.2689609590818002,0.07656195042348915,0.31395381118954535,0.09261299414948115
2025-07-16,117758.08,120063.84,117017.29,118630.43,17039.90851,39.93,40.96,37.98,39.07,6254.5,6268.1201171875,6201.58984375,6263.7001953125,5177460000,17.65999984741211,19.479999542236328,16.690000534057617,17.15999984741211,0.0073805949622627876,0.0031885685253844154,0.2870079052485666,0.05766325135302062,0.2682355436150836,0.07633791368070697,0.31144010508033027,0.09245707377728529
2025-07-17,118630.44,120998.71,117453.57,119177.56,15728.57651,39.07,40.89,38.28,39.47,6263.39990234375,6304.68994140625,6262.27001953125,6297.35986328125,5512290000,17.15999984741211,17.3700008392334,16.479999542236328,16.520000457763672,0.004601451493544703,0.005359380240011013,0.28864963204994776,0.06240878339265394,0.26403214867411023,0.07307460980307587,0.3104353067172169,0.09230598373702147
2025-07-18,119177.56,120820.71,116812.76,117924.84,19924.66266,39.47,40.7,37.63,38.6,6312.9501953125,6315.60986328125,6285.27001953125,6296.7900390625,5184700000,16.43000030517578,16.809999465942383,16.280000686645508,16.40999984741211,-0.01056700950065718,-9.049030280841674e-05,0.31240230767875427,0.05458797867018269,0.2740936796255104,0.07172629125239846,0.31187032229600975,0.09233353737546585
2025-07-21,117265.11,119676.73,116515.0,117380.36,17107.33128,39.23,40.42,38.49,39.28,6304.740234375,6336.080078125,6303.7900390625,6305.60009765625,5010840000,16.8700008392334,16.989999771118164,16.299999237060547,16.649999618530273,-0.00462787028734303,0.001398157005673256,0.2095426654833055,0.05311643688682538,0.27743652752440895,0.06967733001842064,0.29517125984160925,0.08988998256476255
2025-07-22,117380.36,120247.8,116128.0,119954.42,20959.12973,39.28,39.88,38.04,39.88,6306.60009765625,6316.1201171875,6281.7099609375,6309.6201171875,5662040000,16.75,17.479999542236328,16.43000030517578,16.5,0.021692235206271098,0.0006373284966667569,0.2343019497162145,0.045805692346039026,0.26779995498084985,0.06896365357182911,0.29208303975657995,0.08649007144114225
2025-07-23,119954.43,120090.0,117301.0,118755.99,14558.75083,39.88,40.17,38.99,39.58,6326.89990234375,6360.64013671875,6317.490234375,6358.91015625,5642510000,16.229999542236328,16.31999969482422,15.31999969482422,15.369999885559082,-0.01004095354590667,0.007781532145702873,0.21255961766481954,0.060888189015525174,0.2616714887427247,0.07301973206806567,0.25159425021168136,0.0882380011723161
2025-07-24,118756.0,119450.0,117103.1,118340.99,15806.89043,39.58,40.85,38.61,40.22,6368.60009765625,6381.31005859375,6360.56982421875,6363.35009765625,5282720000,15.390000343322754,15.539999961853027,14.949999809265137,15.390000343322754,-0.0035006808084234644,0.0006979799969332514,0.18202356561379623,0.046225697655019084,0.26486655838370177,0.06606456618700926,0.25210556392619066,0.08764479555536038
2025-07-25,118340.98,118451.57,114723.16,117614.31,38406.34873,40.22,43.01,39.21,40.06,6370.009765625,6395.81982421875,6368.52978515625,6388.64013671875,4470720000,15.329999923706056,15.390000343322754,14.920000076293944,14.93000030517578,-0.006159491204291899,0.003966451001680552,0.17927756888795537,0.04679579600854072,0.2582891611639412,0.053202955222087046,0.24815861448648582,0.08681042931833906
2025-07-28,119415.56,119800.0,117427.5,118062.32,13961.74754,39.37,41.05,38.21,38.27,6397.68994140625,6401.06982421875,6375.7900390625,6389.77001953125,4565620000,15.149999618530272,15.539999961853027,15.0,15.029999732971191,0.0038019089092289015,0.00017684247126657597,0.17824669586448297,0.0452981914331295,0.2584422462305454,0.05251596013350279,0.23082198890600397,0.08677841516946369
2025-07-29,118062.32,119273.36,116950.75,117950.76,15137.93445,38.27,38.78,34.86,35.18,6405.6201171875,6409.259765625,6363.919921875,6370.85986328125,5076120000,14.949999809265137,16.1200008392334,14.699999809265137,15.979999542236328,-0.0009453714032179849,-0.002963830197466829,0.16628202040438178,0.05360302988632918,0.24998806023437958,0.052510658190303955,0.2312133913822452,0.0787100520814473
2025-07-30,117950.75,118792.0,115796.23,117840.3,15586.73631,35.18,37.3,35.16,36.13,6381.22998046875,6396.5400390625,6336.3798828125,6362.89990234375,5375070000,15.869999885559082,17.270000457763672,15.4399995803833,15.479999542236328,-0.0009369312651676298,-0.0012502139385094711,0.16338783771747342,0.056448214374791555,0.18075196514792374,0.05299187008033693,0.23134751923091706,0.07621484042675834
2025-07-31,117840.29,118922.45,115500.0,115764.08,17010.0073,36.13,37.02,35.79,36.73,6427.02001953125,6427.02001953125,6327.64013671875,6339.39013671875,6077080000,14.989999771118164,17.170000076293945,14.739999771118164,16.719999313354492,-0.01777599093867902,-0.003701662046374567,0.11273644259179774,0.06405378567353776,0.18853293124778675,0.053632558682592674,0.22836485783262855,0.07187253782141555
2025-08-01,115764.07,116052.0,112722.58,113297.93,24487.10206,36.73,38.74,35.61,38.42,6287.27978515625,6287.27978515625,6212.68994140625,6238.009765625,5827150000,17.399999618530273,21.899999618530273,17.389999389648438,20.3799991607666,-0.02153342924967691,-0.0161213871855698,0.14917696326446422,0.10196823139984484,0.18198490561275463,0.08980203414549212,0.23952726337160332,0.08877657676777914
2025-08-04,114208.81,115720.0,114107.6,115055.03,9667.67916,38.03,38.1,36.78,36.89,6271.7099609375,6330.68994140625,6271.7099609375,6329.93994140625,4842580000,19.559999465942383,19.579999923706055,17.479999542236328,17.520000457763672,0.015389637859738967,0.014629564491414495,0.20052628789731067,0.14632387838426764,0.18806262191498618,0.10808061981400718,0.23614594239940537,0.09595800988391683
2025-08-05,115055.03,115127.81,112650.0,114129.75,12042.79078,36.32,36.58,35.45,36.01,6336.6298828125,6346.0,6289.3701171875,6299.18994140625,5517410000,17.209999084472656,18.940000534057617,17.110000610351562,17.850000381469727,-0.008074576568790104,-0.004869703780462017,0.20170906258835358,0.14394178763838608,0.18506986901445238,0.11027246033341198,0.2335031322826794,0.09514112528901354
2025-08-06,114129.75,115716.0,113355.13,114992.27,9761.15318,36.01,36.11,34.87,34.88,6309.2998046875,6352.830078125,6301.10986328125,6345.06005859375,5408560000,17.219999313354492,17.8799991607666,16.559999465942383,16.770000457763672,0.00752894963418136,0.007255522219852605,0.2090979743141593,0.15435677367664738,0.1877256586906045,0.11220090644493352,0.23357935187554832,0.09241268575478225
2025-08-07,114992.27,117621.0,114259.0,117472.01,13468.56263,34.88,35.68,33.98,35.66,6374.31982421875,6389.7099609375,6310.31982421875,6340.0,5306090000,16.40999984741211,17.639999389648438,15.979999542236328,16.56999969482422,0.021335183728332856,-0.0007977981718278668,0.25858919157688237,0.15374708612502283,0.20892385110104048,0.11231789906123787,0.23840157842415038,0.09254281040108635
2025-08-08,117472.02,117630.0,115878.71,116674.74,10045.31278,35.66,35.73,33.53,34.4,6355.22021484375,6395.16015625,6355.22021484375,6389.4501953125,4769910000,16.479999542236328,16.520000457763672,15.149999618530272,15.149999618530272,-0.00681002901994848,0.0077694548163894745,0.2613153499810189,0.16169495289602362,0.21000752271840098,0.11649330793976993,0.23933690883808423,0.0924081520458788
2025-08-11,119294.27,122335.16,118050.11,118686.0,26494.33429,35.43,37.93,35.04,36.56,6389.669921875,6407.25,6364.06005859375,6373.4501953125,4652400000,15.8100004196167,16.360000610351562,15.520000457763672,16.25,0.017091286840853717,-0.0025072683938851073,0.25327401549181744,0.16051650666758588,0.20134054822945632,0.11741388114755867,0.24273998684399054,0.09229516088656632
2025-08-12,118686.0,120324.43,118207.47,120134.08,16720.10893,36.56,37.09,35.33,36.94,6395.169921875,6446.5498046875,6385.759765625,6445.759765625,5135300000,16.09000015258789,16.559999465942383,14.65999984741211,14.729999542236328,0.01212710210107966,0.011281559075170764,0.18434406364901998,0.11801576564967035,0.20348619694188297,0.1223309713220319,0.24389964532822134,0.09627799448487943
2025-08-13,120134.09,123667.79,118920.92,123306.43,23210.07102,37.41,39.89,37.07,39.0,6462.669921875,6480.27978515625,6445.02001953125,6466.580078125,5195950000,14.619999885559082,14.8100004196167,14.300000190734863,14.489999771118164,0.02606410567702287,0.0032248733840464015,0.21066379847514194,0.09528216326328072,0.22843580312367046,0.12269169787113224,0.24625712303219,0.09616473087611448
2025-08-14,123306.44,124474.0,117180.0,118295.09,27980.947586,39.0,39.63,36.25,36.95,6453.4599609375,6473.919921875,6441.06982421875,6468.5400390625,4462050000,14.65999984741211,15.390000343322754,14.56999969482422,14.829999923706056,-0.04149029256629387,0.00030304487855445177,0.3674441061852516,0.08124250636141443,0.29514414354299656,0.12204397627578842,0.27000728914733996,0.0956917867980305
2025-08-15,118295.09,119216.82,116803.99,117342.05,13623.33874,36.95,37.03,35.14,35.37,6477.3798828125,6481.33984375,6441.85009765625,6449.7998046875,4575060000,14.43000030517578,15.18000030517578,14.399999618530272,15.09000015258789,-0.008089091530436165,-0.0029013399163647113,0.3750163334897015,0.08577525826158296,0.2968038810073261,0.1230858600123145,0.27153199294780883,0.09402678687402467
2025-08-18,117405.01,117543.75,114640.14,116227.05,17745.93954,35.83,38.1,35.62,35.99,6445.02001953125,6455.35009765625,6437.7001953125,6449.14990234375,4162290000,15.729999542236328,15.949999809265137,14.949999809265137,14.989999771118164,-0.009547568320505172,-0.00010076825773579619,0.35654145617317146,0.08480111073017635,0.2993225880505526,0.12204326319395427,0.27043946860271756,0.09033946451037532
2025-08-19,116227.05,116725.69,112732.58,112872.94,18065.47424,35.99,38.54,35.6,37.87,6446.240234375,6456.47998046875,6400.22021484375,6411.3701171875,4377440000,15.229999542236328,15.90999984741211,14.760000228881836,15.56999969482422,-0.02928284432910472,-0.005875329112207127,0.39406213425335856,0.08822462849152952,0.3223831418431334,0.1251408108995851,0.28523608134471323,0.09247892874222292
2025-08-20,112872.95,114615.38,112380.0,114271.24,15636.34194,37.87,38.01,35.91,36.02,6406.6201171875,6408.39990234375,6343.85986328125,6395.77978515625,4470390000,15.949999809265137,17.190000534057617,15.56999969482422,15.6899995803833,0.012312159298069381,-0.002434630632264957,0.38385691560437807,0.08812202633695736,0.3210592950186521,0.12442130064537658,0.28107635668665726,0.0917066366971589
2025-08-21,114271.23,114821.76,112015.67,112500.0,10839.69235,36.02,37.25,35.73,37.25,6380.830078125,6393.64990234375,6352.7099609375,6370.169921875,4013560000,15.720000267028809,17.239999771118164,15.649999618530272,16.600000381469727,-0.01562169894735077,-0.004012219728951123,0.36630129244325327,0.048317478421969075,0.314619315565114,0.1012653759378686,0.25632647979124923,0.09248433268994435
2025-08-22,112500.0,117429.05,111684.79,116935.99,23128.09037,37.25,37.97,33.63,34.53,6384.58984375,6478.89013671875,6384.58984375,6466.91015625,5046860000,16.809999465942383,16.829999923706055,14.210000038146973,14.220000267028809,0.03867346942564925,0.015072285158779139,0.42123828568470373,0.11078806740260046,0.3508442052112242,0.10238946432000731,0.2783844857606563,0.10091498283478398
2025-08-25,113493.59,113667.28,109274.1,110111.98,25182.79379,35.07,38.87,34.8,37.93,6457.669921875,6466.89013671875,6438.06005859375,6439.31982421875,4059070000,15.050000190734863,15.1899995803833,14.239999771118164,14.789999961853027,-0.060128843088316876,-0.004275512539646319,0.4929932510887754,0.11364384871364291,0.4364609876980753,0.10169833861079336,0.32178245225336966,0.10209461126864791
2025-08-26,110111.98,112371.0,108666.66,111763.22,18452.43877,37.93,40.17,36.92,36.92,6435.490234375,6468.3701171875,6429.2099609375,6465.93994140625,4867680000,15.75,15.75,14.619999885559082,14.619999885559082,0.014884678291290745,0.00412547371011636,0.5159408561466431,0.11559286165026213,0.44085054430372056,0.09914209821341782,0.32261908346134405,0.10143836545108768
2025-08-27,111763.22,112625.0,110345.42,111262.01,13392.60875,36.92,38.52,36.69,37.91,6462.259765625,6487.06005859375,6457.83984375,6481.39990234375,4143680000,14.65999984741211,15.229999542236328,14.65999984741211,14.850000381469728,-0.004494655997296272,0.0023881304533030262,0.5157666814535826,0.1161421649939066,0.42773359227161695,0.09872598097141719,0.3215353310366936,0.10132611333730139
2025-08-28,111262.01,113485.9,110862.42,112566.9,11104.27744,37.91,38.12,36.21,36.95,6483.83984375,6508.22998046875,6466.9599609375,6501.85986328125,4283760000,14.420000076293944,14.6899995803833,14.119999885559082,14.43000030517578,0.011659841291183425,0.003151747441466755,0.49709419509034497,0.10689769214058024,0.4324326464583278,0.09498302164474712,0.3234658125054894,0.10072730558511185
2025-08-29,112566.9,112638.64,107463.9,108377.4,22580.31045,36.95,41.7,36.91,38.98,6489.27978515625,6491.759765625,6444.56982421875,6460.259765625,4234840000,14.3100004196167,15.970000267028809,14.3100004196167,15.359999656677246,-0.037928131382763526,-0.006418740402792551,0.5332666522557163,0.11611802685716999,0.44673113401264014,0.09932919054410294,0.33917383139660817,0.10300239266700056
2025-09-02,109237.43,111771.52,108393.39,111240.01,18510.28756,39.33,40.28,38.69,38.8,6401.509765625,6416.5400390625,6360.580078125,6415.5400390625,4784000000,16.649999618530273,19.3799991607666,16.549999237060547,17.170000076293945,0.026070539077259536,-0.006946350061030363,0.5645657430920128,0.1230260012153238,0.46166252709091343,0.0925057779733098,0.34926693649205237,0.10543018122036822
2025-09-03,111240.01,112575.27,110528.71,111705.71,11773.72084,38.8,38.88,37.97,38.85,6445.81982421875,6453.669921875,6416.169921875,6448.259765625,4465360000,17.399999618530273,17.56999969482422,16.34000015258789,16.350000381469727,0.004177704576073605,0.005087112302941308,0.4948218372534474,0.0832656192551047,0.44156172756652157,0.09421679319237668,0.34266032613514563,0.10623830645442137
2025-09-04,111705.72,112180.0,109329.12,110730.87,12203.13536,38.85,39.17,38.37,38.48,6456.60009765625,6502.5400390625,6445.97998046875,6502.080078125,4670770000,16.219999313354492,16.350000381469727,15.279999732971191,15.300000190734863,-0.008765161209067217,0.008311847102873571,0.3295453265895395,0.09248052519430001,0.41299842285590704,0.10093738784182153,0.3424321748763662,0.10655506263830736
2025-09-05,110730.87,113384.62,110206.96,110659.99,21587.40888,38.48,38.74,36.23,37.49,6529.080078125,6532.64990234375,6443.97998046875,6481.5,5066120000,15.229999542236328,16.920000076293945,14.739999771118164,15.18000030517578,-0.0006403155254173387,-0.00317017266993674,0.3144997824951613,0.09375347024342987,0.4130296217186285,0.10111254278890522,0.3424477152912742,0.10715707182567717
2025-09-08,111137.35,112924.37,110621.78,112065.23,11582.40211,37.9,38.17,36.46,37.08,6498.08984375,6508.669921875,6483.2900390625,6495.14990234375,5211500000,15.579999923706056,15.649999618530272,14.989999771118164,15.109999656677246,0.012618765371012962,0.0021037644508885675,0.3240824453904482,0.09350818982095879,0.4181288907979547,0.10135423944501705,0.3448946644348625,0.10678591486521706
2025-09-09,112065.23,113293.29,110766.66,111546.39,15379.28248,37.08,37.9,36.73,37.36,6503.330078125,6518.22998046875,6483.080078125,6512.60986328125,4798350000,15.020000457763672,15.81999969482422,14.970000267028809,15.039999961853027,-0.004640554288638579,0.0026845470300734414,0.3162858293554284,0.0929506903679582,0.4003432805505612,0.09733091485687832,0.34461114085867484,0.10695673361274965
2025-09-10,111546.38,114313.13,110917.45,113960.0,17517.41823,37.36,37.86,36.74,36.95,6550.2900390625,6555.97021484375,6516.33984375,6532.0400390625,5253010000,14.979999542236328,15.630000114440918,14.630000114440918,15.350000381469728,0.02140695144426305,0.0029790282293981275,0.21029813020307372,0.08103051439789963,0.4079247597522332,0.0962027981468973,0.3511717396143445,0.10660553819960478
2025-09-11,113960.0,115488.09,113430.0,115482.69,13676.73119,36.95,37.03,35.26,35.26,6554.41015625,6592.89013671875,6545.7998046875,6587.47021484375,5426460000,15.1899995803833,15.239999771118164,14.649999618530272,14.710000038146973,0.013273138970620393,0.008450087623093565,0.1726535276806238,0.06383187801561008,0.40515349125849504,0.09687361622699424,0.35365198842804174,0.10864610958033491
2025-09-12,115482.69,116665.63,114740.99,116029.42,15324.10719,35.26,35.56,34.02,34.66,6590.66015625,6600.2099609375,6579.490234375,6584.2900390625,4641640000,14.619999885559082,14.970000267028809,14.40999984741211,14.760000228881836,0.004723131039401508,-0.00048287788142832935,0.17252932510082597,0.0676676365627734,0.3693963352501999,0.0780718817645228,0.3501921689155014,0.10779265968837518
2025-09-15,115268.01,116757.99,114384.0,115349.71,13212.51149,34.41,35.98,34.26,35.56,6603.490234375,6619.6201171875,6602.06982421875,6615.27978515625,5045020000,15.140000343322754,15.84000015258789,14.920000076293944,15.6899995803833,-0.005875309110686746,0.004695577726559718,0.16316357577396387,0.058572710498594735,0.2532428032286865,0.07489963761693556,0.3446932515399246,0.09470899772931128
2025-09-16,115349.71,116964.27,114737.11,116788.96,10926.9094,35.56,36.7,35.12,36.52,6624.1298828125,6626.990234375,6600.10986328125,6606.759765625,5359510000,15.600000381469728,16.3799991607666,15.4399995803833,16.360000610351562,0.01240007484979025,-0.0012887604333313247,0.1601497627635162,0.05164789669507255,0.25125483148169325,0.07533825113928495,0.34368590790050346,0.08713517014124612
2025-09-17,116788.96,117286.73,114720.81,116447.59,16754.2454,36.52,37.45,34.99,35.55,6604.8701171875,6624.39013671875,6551.14990234375,6600.35009765625,5805340000,16.420000076293945,16.75,15.260000228881836,15.720000267028809,-0.00292724484014056,-0.0009706390782443865,0.1671115901986497,0.056308597578701436,0.2504179741640057,0.07594955614744557,0.342893030196357,0.08540242072816275
2025-09-18,116447.6,117900.0,116092.76,117073.53,11657.23365,35.55,35.58,32.87,33.81,6626.85009765625,6656.7998046875,6611.89013671875,6631.9599609375,5292400000,14.93000030517578,15.800000190734863,14.329999923706056,15.699999809265137,0.005360898398273296,0.004777687836708263,0.1517392712782469,0.058282287905128176,0.24773079606990386,0.07702409508325994,0.342573613456651,0.08425994829248243
2025-09-19,117073.53,117459.99,115100.0,115632.38,8992.09065,33.81,35.6,33.4,34.78,6647.10986328125,6671.81982421875,6630.31005859375,6664.35986328125,9125960000,15.760000228881836,16.1299991607666,15.289999961853027,15.449999809265137,-0.01238617811420754,0.004873523937481177,0.15159538356001917,0.0598937211887565,0.18104981832114153,0.06927024879817707,0.33875568189849586,0.08453393585264993
2025-09-22,115232.29,115379.25,111800.0,112650.99,20781.71356,34.51,38.09,34.51,35.17,6654.27978515625,6698.8798828125,6648.06982421875,6693.75,5642620000,16.139999389648438,16.350000381469727,15.779999732971191,16.100000381469727,-0.026121565700831323,0.004400350714762291,0.2044878704116115,0.04772555175548678,0.1960206759587481,0.05552256251960532,0.3464059432687769,0.08296863339528941
2025-09-23,112650.99,113290.5,111458.73,111998.8,12301.3203,35.17,37.17,35.09,37.14,6692.43994140625,6699.52001953125,6645.580078125,6656.919921875,5633620000,16.100000381469727,17.06999969482422,15.949999809265137,16.639999389648438,-0.005806298169945148,-0.005517351828739721,0.19619435169130536,0.06604015072808074,0.19735694277525304,0.0652848925199326,0.34224885229927976,0.08468882552406799
2025-09-24,111998.8,113940.0,111042.66,113307.0,12369.25967,37.14,37.25,35.28,36.17,6669.7900390625,6672.66015625,6621.759765625,6637.97021484375,5459180000,16.56999969482422,17.209999084472656,16.18000030517578,16.18000030517578,0.011612792050812145,-0.0028506771652953692,0.21975221651525217,0.06654563970856843,0.19837284368975927,0.062388513618110514,0.3420684488574816,0.0802200842640207
2025-09-25,113307.01,113510.23,108631.51,108994.49,21231.14957,36.17,37.98,35.68,37.69,6608.18994140625,6619.0,6569.22021484375,6604.72021484375,5874670000,16.549999237060547,17.739999771118164,16.31999969482422,16.739999771118164,-0.03880361851008345,-0.005021648742526333,0.2799353609236626,0.07407734175080022,0.2625748994266396,0.06548004777592885,0.3475260633683804,0.08175998083259456
2025-09-26,108994.49,110300.0,108620.07,109643.46,14243.01591,37.69,38.11,35.82,36.55,6615.3798828125,6648.97021484375,6604.43017578125,6643.7001953125,5103110000,16.889999389648438,17.049999237060547,15.289999961853027,15.289999961853027,0.0059364982695478945,0.005884489130413512,0.29386976907633633,0.08152096355311059,0.257292837164778,0.06823573569845,0.32993944832850086,0.08311093033834648
2025-09-29,112163.96,114400.0,111560.65,114311.96,15541.12005,35.86,36.96,35.21,36.39,6661.580078125,6677.31005859375,6644.490234375,6661.2099609375,5358760000,15.84000015258789,16.290000915527344,15.739999771118164,16.1200008392334,0.04169737348483083,0.002632077259912619,0.420127676580703,0.07822315196547804,0.315144459778032,0.06822015816824004,0.35337292148846766,0.0824618848121223
2025-09-30,114311.97,114792.0,112656.27,114048.93,15044.15633,36.39,37.06,35.64,36.61,6656.18994140625,6691.25,6641.0,6688.4599609375,6057210000,16.489999771118164,16.700000762939453,16.020000457763672,16.280000686645508,-0.0023036354107678868,0.004082503613507919,0.41540923739814023,0.07654629678086033,0.3022670856060286,0.06880706581281487,0.3524500098065516,0.0828340167924588
2025-10-01,114048.94,118649.1,113966.67,118594.99,20036.39516,36.61,37.7,35.9,37.12,6664.919921875,6718.47998046875,6656.2001953125,6711.2001953125,6037950000,17.280000686645508,17.280000686645508,15.979999542236328,16.290000915527344,0.03908667600199795,0.0033941541712235066,0.43971552374718986,0.07461533709735862,0.34144852968232314,0.06220547587691094,0.3597789157968796,0.08025631865518282
2025-10-02,118594.99,121022.07,118279.31,120529.35,19670.83503,37.12,37.9,36.74,37.39,6731.31005859375,6731.93994140625,6693.22998046875,6715.35009765625,5416130000,16.1200008392334,16.920000076293945,15.93000030517578,16.6299991607666,0.01617904889913795,0.0006181636213842448,0.4318123022832908,0.06234911507702198,0.3467036831495788,0.061757528794615886,0.3609475296631719,0.07943148514618081
2025-10-03,120529.35,123894.99,119248.3,122232.0,23936.328,37.39,38.96,36.81,38.03,6722.14013671875,6750.8701171875,6705.669921875,6715.7900390625,5713110000,16.350000381469727,17.059999465942383,16.200000762939453,16.649999618530273,0.014027586512955888,6.55106568658717e-05,0.43231962655956707,0.05647515744670773,0.34742346902889354,0.060080789344433505,0.3587505748460378,0.07777864632552829
2025-10-06,123482.32,126199.63,123084.0,124658.54,19494.628793,37.95,39.42,37.67,39.26,6733.85986328125,6749.52001953125,6717.77978515625,6740.27978515625,5604460000,16.739999771118164,17.09000015258789,16.290000915527344,16.3700008392334,0.019657441205458006,0.003639959282762629,0.25728016117664165,0.032019100992938115,0.3521013254917613,0.05995738104834131,0.34622602579166656,0.06710180151627108
2025-10-07,124658.54,125126.0,120574.94,121332.95,21633.99385,39.07,39.39,38.54,39.28,6746.14013671875,6754.490234375,6699.9599609375,6714.58984375,5546150000,16.579999923706055,17.549999237060547,16.190000534057617,17.239999771118164,-0.027039899832890336,-0.003818687706853079,0.3768740634922333,0.04454308712568289,0.37620694389497017,0.06329193557233681,0.30539431876209144,0.06677951141305354
2025-10-08,121332.96,124197.25,121066.14,123306.0,17012.618,39.28,40.03,38.54,39.44,6723.8701171875,6755.64013671875,6718.08984375,6753.72021484375,5383130000,17.170000076293945,17.200000762939453,16.229999542236328,16.299999237060547,0.01613065116385741,0.005810748494187323,0.327256113899448,0.05143701691371801,0.3803053065897297,0.06455492843422382,0.3058283851711512,0.06755237541898956
2025-10-09,123306.01,123762.94,119651.47,121662.4,21559.36007,39.44,40.44,39.33,39.73,6760.5,6764.580078125,6716.169921875,6735.10986328125,5385020000,16.309999465942383,17.270000457763672,16.260000228881836,16.43000030517578,-0.013419074980521103,-0.0027593739802789824,0.351848952929918,0.05583075293776683,0.3811767124363944,0.06448574077257929,0.30887746083603274,0.06857190271219299
2025-10-10,121662.41,122550.0,102000.0,112774.5,64171.93927,39.73,64.88,39.45,44.11,6740.490234375,6762.39990234375,6550.77978515625,6552.509765625,6596610000,16.360000610351562,22.440000534057617,16.229999542236328,21.65999984741211,-0.07585974612842505,-0.027485975439899807,0.5578442338709194,0.17668451222691833,0.4971899444781,0.13398662000624667,0.38280851956694145,0.1076580534727112
2025-10-13,114958.81,115963.81,113616.5,115166.0,22557.24033,46.24,46.51,42.87,43.38,6622.52978515625,6668.68017578125,6620.7099609375,6654.72021484375,5303960000,19.450000762939453,20.770000457763672,18.61000061035156,19.030000686645508,0.020984316132956565,0.015478263036934031,0.5669689976893516,0.21025178997824207,0.5039891769369341,0.15045265227591526,0.3698650458003762,0.11435366270475181
2025-10-14,115166.0,115409.96,109866.0,113028.14,31870.32974,43.38,47.71,43.18,45.01,6602.490234375,6680.7001953125,6555.06982421875,6644.31005859375,5666920000,21.459999084472656,22.940000534057617,19.18000030517578,20.809999465942383,-0.01873775155179968,-0.00156555149694257,0.5509964328777015,0.2100359412390815,0.5091809943047255,0.1500828916483511,0.36734248658715246,0.11215139489053459
2025-10-15,113028.13,113612.35,110164.0,110763.28,22986.48811,45.01,45.73,44.07,45.25,6688.27001953125,6724.1201171875,6612.10986328125,6671.06005859375,5633060000,20.020000457763672,22.440000534057617,19.11000061035156,20.63999938964844,-0.020241502815851853,0.004017918503427979,0.5074867893249566,0.2104384366293631,0.4875133759024021,0.149036750740915,0.3720242169118223,0.11186917471605941
2025-10-16,110763.28,111982.45,107427.0,108194.28,29857.17252,45.25,48.52,44.67,47.78,6689.02001953125,6709.33984375,6593.990234375,6629.06982421875,6048180000,20.489999771118164,25.43000030517578,19.850000381469727,25.309999465942383,-0.023466811492917763,-0.006314280275141975,0.5049297495462073,0.21213184536859203,0.4977697981782681,0.1498170773102592,0.37733931839500934,0.11174382608278886
2025-10-17,108194.27,109240.0,103528.23,106431.68,37920.66838,47.78,51.0,45.75,50.0,6613.27001953125,6678.8798828125,6603.759765625,6664.009765625,5358120000,28.40999984741211,28.989999771118164,20.729999542236328,20.780000686645508,-0.016425222998888867,0.0052568739445263,0.4519101798816908,0.2113182897805679,0.4609576167065007,0.1511722087917767,0.3800548359688505,0.11191287245207739
2025-10-20,108642.77,111705.56,107402.52,110532.09,19193.4416,47.68,49.62,45.09,45.95,6690.0498046875,6744.35009765625,6690.0498046875,6735.1298828125,4672170000,20.530000686645508,21.020000457763672,18.229999542236328,18.229999542236328,0.03780260908621557,0.010615724136144117,0.5756686210943102,0.22392328841276435,0.4957683487017932,0.15699610297672026,0.39479173569970294,0.11535762370259967
2025-10-21,110532.09,114000.0,107473.72,108297.67,37228.01659,45.95,49.64,45.53,49.27,6736.75,6752.16015625,6722.02978515625,6735.35009765625,5245020000,18.649999618530273,18.88999938964844,17.399999618530273,17.8700008392334,-0.02042224657419341,3.269591641698797e-05,0.3906413940249284,0.11775791805733835,0.4628075016075562,0.15644028487007663,0.39887276356158974,0.11531897590232039
2025-10-22,108297.66,109163.88,106666.69,107567.44,28610.78451,49.27,51.24,47.08,50.7,6741.33984375,6741.75,6655.68994140625,6699.39990234375,5710010000,17.84000015258789,21.010000228881836,17.729999542236328,18.600000381469727,-0.006765639759505252,-0.005351834774743029,0.3433945510327079,0.09635176783660629,0.45111384721070236,0.1582131697224305,0.3934499381610607,0.11667235071632233
2025-10-23,107567.45,111293.61,107500.0,110078.18,17573.09294,50.7,50.7,45.12,45.13,6703.64990234375,6749.52978515625,6700.14013671875,6738.43994140625,5565750000,18.36000061035156,19.350000381469727,17.079999923706055,17.299999237060547,0.02307284091421478,0.0058104798620133855,0.386380440683819,0.0983869602082707,0.4612433748469859,0.16024329726069825,0.3977409343041197,0.11542099496369425
2025-10-24,110078.19,112104.98,109700.01,111004.89,15005.16913,45.13,45.18,42.69,42.84,6772.06982421875,6807.10986328125,6772.06982421875,6791.68994140625,5058220000,17.020000457763672,17.219999313354492,16.020000457763672,16.3700008392334,0.008383413777914583,0.007871361975244856,0.37309697038883916,0.10423345222269398,0.45074563270550716,0.16296587341714663,0.39838734535994375,0.11716867155343491
2025-10-27,114559.41,116400.0,113830.01,114107.65,21450.23241,43.91,43.91,42.04,42.82,6845.4599609375,6877.27978515625,6843.93994140625,6875.16015625,5290650000,15.729999542236328,16.06999969482422,15.619999885559082,15.789999961853027,0.027568046674962262,0.012215141327379352,0.36198126254572327,0.0970156830180805,0.46598723498223166,0.16874310250758634,0.40687878334009264,0.12116933499798895
2025-10-28,114107.65,116086.0,112211.0,112898.45,15523.42257,42.82,43.07,40.44,42.39,6897.740234375,6911.2998046875,6870.72998046875,6890.89013671875,5695930000,15.949999809265137,16.549999237060547,15.65999984741211,16.420000076293945,-0.010653558973310539,0.0022853305022299255,0.3472474781581435,0.09857752128409847,0.45689519746310203,0.16773330869312714,0.406081197891103,0.12095237154858861
2025-10-29,112898.44,113643.73,109200.0,110021.29,21079.71376,42.39,45.53,42.39,45.07,6910.9501953125,6920.33984375,6851.91015625,6890.58984375,6280130000,16.34000015258789,17.579999923706055,16.260000228881836,16.920000076293945,-0.025814849578232026,-4.3579204733175357e-05,0.3306014157645601,0.0926557753062337,0.4636172319459352,0.16680969351083488,0.41233163248440974,0.12082401712492934
2025-10-30,110021.3,111592.0,106304.34,108322.88,25988.82838,45.07,47.15,43.79,44.85,6860.5,6880.75,6820.68994140625,6822.33984375,6052700000,16.260000228881836,17.40999984741211,15.729999542236328,16.90999984741211,-0.015557495821203146,-0.009954191424534511,0.3194907496617477,0.12199586051210703,0.34617967279724043,0.116481517304174,0.4135893850416472,0.12476183688558379
2025-10-31,108322.87,111190.0,108275.28,109608.01,21518.20439,44.85,44.85,42.74,43.31,6879.169921875,6879.169921875,6814.259765625,6840.2001953125,6398280000,16.43000030517578,18.540000915527344,15.960000038146973,17.440000534057617,0.011794059086766558,0.0026145009178832708,0.32229709209654345,0.11117367114744303,0.33594493370505113,0.10131515071130476,0.41454869418863044,0.1243144607661263
2025-11-03,110540.69,110750.0,105306.56,106583.04,28681.18779,44.12,46.83,43.6,45.73,6882.31982421875,6882.31982421875,6820.6201171875,6851.97021484375,6065720000,18.059999465942383,18.829999923706055,17.0,17.170000076293945,-0.027986056148081983,0.0017192339969181521,0.33209016164631633,0.10948257935392251,0.34619382338542565,0.10004769958900206,0.4155339460218326,0.12389462918732293
2025-11-04,106583.05,107299.0,98944.36,101497.22,50534.87376,45.73,50.56,44.93,47.79,6788.52001953125,6820.2099609375,6766.7099609375,6771.5498046875,5739510000,19.729999542236328,20.479999542236328,17.899999618530273,19.0,-0.048892990692747336,-0.011806250392326715,0.40727544737087096,0.1298477811913569,0.39045139483715213,0.11576037546713154,0.43729685217902925,0.12794624878377922
2025-11-05,101497.23,104534.74,98966.8,103885.16,33778.77571,47.79,50.48,46.26,46.55,6769.77001953125,6829.77978515625,6763.10986328125,6796.2900390625,5939600000,19.3700008392334,20.020000457763672,17.309999465942383,18.010000228881836,0.02325464931597804,0.0036468976756877185,0.38976874541393164,0.10201172553743698,0.40067571933220864,0.11106572562701215,0.4420187961549136,0.12782294292789773
2025-11-06,103885.16,104200.0,100300.95,101346.04,25814.62139,46.55,48.13,44.11,46.94,6787.58984375,6796.68017578125,6707.509765625,6720.31982421875,6051900000,18.36000061035156,20.309999465942383,17.639999389648438,19.5,-0.02474525864647728,-0.011241134514722728,0.3947251326562194,0.11190918860856913,0.4076135212448447,0.12251817624178932,0.43389759880631373,0.13149658100443315
2025-11-07,101346.04,104096.36,99260.86,103339.08,32059.50942,46.93,47.78,44.27,44.61,6696.18017578125,6730.10986328125,6631.43994140625,6728.7998046875,5926070000,19.520000457763672,22.719999313354492,19.079999923706055,19.079999923706055,0.0194748205542768,0.0012610463474931072,0.4360141476304768,0.11389715641901489,0.37795407544295145,0.11381483432100971,0.4379202332321045,0.13055478803884735
2025-11-10,104722.95,106670.11,104265.02,106011.13,22682.25673,45.11,45.14,44.28,44.3,6785.35986328125,6841.31982421875,6770.56005859375,6832.43017578125,5366050000,18.579999923706055,18.81999969482422,17.600000381469727,17.600000381469727,0.025528468431985054,0.015283626703501816,0.4775756690379019,0.14830978543407353,0.3911988918099994,0.13114685140131577,0.4262608823812819,0.137384554447
2025-11-11,106011.13,107500.0,102476.09,103058.99,24196.50718,44.3,47.44,43.56,46.61,6815.64013671875,6855.1298828125,6806.8701171875,6846.60986328125,4983490000,17.899999618530273,18.010000228881836,17.25,17.280000686645508,-0.028242545864333283,0.0020731999523923177,0.48554660263968785,0.14797655631835932,0.40706683974862035,0.12789453719001675,0.4327305732437079,0.13709634776932517
2025-11-12,103059.0,105333.33,100813.59,101654.37,20457.63906,46.61,46.95,44.75,46.07,6867.77001953125,6869.91015625,6829.6201171875,6850.919921875,5293610000,17.209999084472656,18.059999465942383,17.100000381469727,17.510000228881836,-0.013723012931130311,0.0006293191259445972,0.4691417027874531,0.1476301981240872,0.3908924583250456,0.12643149553641017,0.41437750808888535,0.13687205768139601
2025-11-13,101654.37,104085.01,98000.4,99692.02,36198.50771,46.08,46.96,43.93,46.52,6826.47021484375,6828.0498046875,6724.72021484375,6737.490234375,5473720000,17.610000610351562,21.309999465942383,17.510000228881836,20.0,-0.019492896160439244,-0.01669545163092778,0.3836251502782684,0.16581610044099293,0.38933076741432465,0.1431002555691711,0.411317539901195,0.14585135880876043
2025-11-14,99692.03,99866.02,94012.45,94594.0,47288.14481,46.52,50.58,45.87,49.71,6672.14013671875,6774.31005859375,6646.8701171875,6734.10986328125,5042660000,21.329999923706055,23.030000686645508,19.559999465942383,19.829999923706055,-0.052491584544810524,-0.0005018514712717733,0.4352517551304757,0.16307252832413563,0.3969288908397644,0.1307061841166408,0.42757392481577616,0.14586212228986895
2025-11-17,94261.45,96043.0,91220.0,92215.14,39218.59806,49.64,51.71,47.9,50.62,6713.60986328125,6754.5,6638.89990234375,6672.41015625,5204220000,19.579999923706055,23.440000534057617,19.540000915527344,22.3799991607666,-0.025469723774439276,-0.009204497894305158,0.43606689885715677,0.15825138006474068,0.3999105125999568,0.13335227064665042,0.42167257079170567,0.14788279661013398
2025-11-18,92215.14,93836.01,89253.78,92960.83,39835.14769,50.62,52.78,50.13,50.52,6641.18994140625,6666.6298828125,6574.31982421875,6617.31982421875,5159390000,23.540000915527344,25.84000015258789,22.90999984741211,24.690000534057617,0.008053896310369823,-0.008290709844169318,0.40401348002166326,0.16277632074912038,0.4070126853739369,0.13522280723449503,0.4216512851527259,0.1493582450760543
2025-11-19,92960.83,92980.22,88608.0,91554.96,32286.6376,50.52,53.61,50.47,51.04,6625.83984375,6689.75,6603.5,6642.16015625,5021610000,24.520000457763672,24.790000915527344,21.93000030517578,23.65999984741211,-0.015238773937443459,0.00374680773726533,0.2895866597247621,0.11901072767018991,0.40696146437491915,0.13383579714388116,0.4152363079203264,0.14872050922183522
2025-11-20,91554.96,93160.0,86100.0,86637.23,39733.19073,51.04,54.72,50.07,54.65,6737.93017578125,6770.35009765625,6534.0498046875,6538.759765625,5596080000,20.780000686645508,28.270000457763672,19.280000686645508,26.420000076293945,-0.055209816891895,-0.01568972611631523,0.35577376318578674,0.12809667273464603,0.4296354160633566,0.1439818553414949,0.4354649546229877,0.1549759364195685
2025-11-21,86637.22,87498.94,80600.0,85129.43,72256.12679,54.65,62.18,54.01,57.38,6555.77001953125,6660.0498046875,6521.919921875,6602.990234375,5929930000,25.969999313354492,27.84000015258789,22.540000915527344,23.43000030517578,-0.017556826574241523,0.009775103041592069,0.3514799547766113,0.15796393815040344,0.4266391706185024,0.15310554360471687,0.3908768819933856,0.13608638625094063
2025-11-24,86830.0,89228.0,85272.0,88300.01,24663.12795,56.5,57.36,52.25,53.31,6636.5400390625,6715.75,6630.7001953125,6705.1201171875,6039740000,22.690000534057617,23.68000030517578,20.40999984741211,20.520000457763672,0.03656741662860056,0.015348818899081837,0.514032271775804,0.17650258641169567,0.45241500049009375,0.16452490482734836,0.4037898684037739,0.13596102417514694
2025-11-25,88300.01,88519.99,86116.0,87369.96,19567.0411,53.77,53.92,52.34,52.56,6697.02978515625,6776.39990234375,6659.97998046875,6765.8798828125,5003330000,20.549999237060547,21.770000457763672,18.38999938964844,18.559999465942383,-0.010588704373343843,0.009020886000832944,0.4513251739463294,0.18592106516372367,0.42629764559928324,0.168804049964603,0.4027460236416066,0.13817561329406694
2025-11-26,87369.97,90656.08,86306.77,90484.02,21675.82239,52.56,52.69,49.41,49.92,6793.5498046875,6831.43994140625,6783.8701171875,6812.60986328125,4485000000,18.25,18.700000762939453,16.93000030517578,17.190000534057617,0.035021744042270514,0.006882969436149685,0.5134924653210069,0.17474720084876444,0.4662026315687907,0.16350509197677815,0.4203103286675438,0.13903747891062182
2025-11-28,91333.94,93092.0,90180.63,90890.7,18830.86012,49.31,49.59,47.01,48.7,6822.52001953125,6850.85986328125,6819.75,6849.08984375,2558540000,17.40999984741211,18.520000457763672,15.779999732971191,16.350000381469727,0.004484425189243664,0.005340487341137372,0.5107901765322954,0.1559849495900786,0.4531727104637444,0.16455645394661492,0.41844757631749213,0.1380278636901715
2025-12-01,90360.01,90417.0,83822.76,86286.01,34509.01227,48.78,54.76,48.78,53.13,6812.2998046875,6843.64990234375,6799.93994140625,6812.6298828125,4549370000,18.049999237060547,18.329999923706055,16.579999923706055,17.239999771118164,-0.05199020969241459,-0.005337548746055966,0.5887636556122431,0.1679162671497913,0.45744309154515744,0.15338220307824563,0.4385032321654204,0.1386614678974329
2025-12-02,86286.01,92307.65,86184.39,91277.88,28210.22732,53.13,53.14,48.95,49.24,6830.9599609375,6851.5498046875,6806.7099609375,6829.3701171875,4582290000,17.280000686645508,17.309999465942383,16.389999389648438,16.59000015258789,0.0562410040171468,0.002454221195936617,0.5968356284998002,0.103039643082892,0.5416547111273441,0.15350049095295462,0.45770728522403115,0.13559153919620381
2025-12-03,91277.88,94150.0,90990.23,93429.95,25712.52585,49.24,49.28,47.27,47.44,6815.2900390625,6862.419921875,6810.43017578125,6849.72021484375,4736780000,16.43000030517578,17.280000686645508,15.93000030517578,16.079999923706055,0.023303477601614594,0.0029753605210852863,0.5748677004867323,0.10122544671953031,0.5575077768544671,0.1540619671336901,0.463557067998067,0.13577845152881063
2025-12-04,93429.95,94080.0,90889.0,92078.06,19803.94059,47.44,48.43,46.44,48.03,6866.47021484375,6866.47021484375,6827.1201171875,6857.1201171875,4872440000,16.229999542236328,16.6299991607666,15.68000030517578,15.779999732971191,-0.014575262088996607,0.001079738711974404,0.5697716268589414,0.07389764494471851,0.5555922514345749,0.1338865160183061,0.4643787782636667,0.13461913060044173
2025-12-05,92078.06,92692.36,88056.0,89330.04,19792.97218,48.03,50.78,47.15,48.94,6866.31982421875,6895.77978515625,6858.2900390625,6870.39990234375,4944560000,15.579999923706056,16.18000030517578,15.279999732971191,15.40999984741211,-0.030298870064162046,0.0019347688846794776,0.6050339138341918,0.061685605214449525,0.5265617272044554,0.1336648866961839,0.46191618626807673,0.13382584243636825
2025-12-08,90395.32,92287.15,89612.0,90634.34,15793.63887,49.64,49.73,48.41,49.01,6875.2001953125,6878.27001953125,6827.18994140625,6846.509765625,4757130000,16.149999618530273,17.09000015258789,16.100000381469727,16.65999984741211,0.014495344441724666,-0.0034833153316476935,0.5712388134886965,0.059893082066824636,0.5223892142026866,0.1268716619579893,0.46401544542993767,0.13253913041503826
2025-12-09,90634.35,94588.99,89500.0,92678.8,21240.43014,49.01,49.1,46.39,46.44,6840.60986328125,6864.919921875,6837.43017578125,6840.509765625,4508050000,16.65999984741211,17.200000762939453,16.450000762939453,16.93000030517578,0.02230658176977993,-0.0008767431610132386,0.5866062532415321,0.05059639097665358,0.5307351171072275,0.119054434888138,0.46087316283063484,0.12762462642537528
2025-12-10,92678.81,94476.0,91563.15,92015.37,18998.68083,46.44,47.7,44.78,44.92,6833.490234375,6900.669921875,6824.68994140625,6886.68017578125,5526570000,16.940000534057617,17.65999984741211,15.5600004196167,15.770000457763672,-0.007184123390461821,0.006726880659139976,0.45850719843515725,0.050716374533334115,0.5274056120663219,0.12038667116137532,0.4607394836521717,0.12900838352779673
2025-12-11,92015.38,93555.0,89260.63,92513.38,19972.58758,44.92,47.19,43.55,44.46,6861.2998046875,6903.4599609375,6833.4501953125,6901.0,5021060000,16.84000015258789,16.8799991607666,14.850000381469728,14.850000381469728,0.005397654393828906,0.00207719198371703,0.31987123618050417,0.05048221604656137,0.4622843052666426,0.08711461647325046,0.45843137279036666,0.12915141523778612
2025-12-12,92513.38,92754.0,89480.0,90268.42,16679.19169,44.46,44.85,43.04,44.22,6886.85009765625,6899.85009765625,6801.7900390625,6827.41015625,4910160000,14.989999771118164,17.850000381469727,14.850000381469728,15.739999771118164,-0.024565606595954068,-0.010720913458554537,0.3143716103193989,0.08713994130420898,0.46971832681534653,0.10219300608766942,0.4608384513018384,0.12968553210948114
2025-12-15,88172.16,90052.64,85146.64,86432.08,19778.6919,46.74,46.88,43.7,46.68,6860.18994140625,6861.58984375,6801.490234375,6816.509765625,4975600000,16.510000228881836,17.350000381469727,15.989999771118164,16.5,-0.043428772917572994,-0.0015978388918367072,0.39013749433076356,0.08662444112472195,0.4851796735912675,0.08424376221595235,0.4699322472498559,0.12952913526789683
2025-12-16,86432.08,88175.98,85266.0,87863.42,18456.05017,46.39,46.9,45.69,45.69,6800.1201171875,6819.27001953125,6759.740234375,6800.259765625,4983180000,17.280000686645508,17.610000610351562,16.190000534057617,16.479999542236328,0.016424660160555687,-0.00238676400843967,0.3838761391235155,0.08465070432609055,0.4889216183690421,0.07726765722555605,0.47107849946377345,0.12957036028576238
2025-12-17,87863.43,90365.85,85314.0,86243.22,19834.11729,45.69,47.99,44.86,47.0,6802.8798828125,6812.259765625,6720.43017578125,6721.43017578125,5122120000,16.450000762939453,18.0,15.81999969482422,17.6200008392334,-0.018612119227458226,-0.01165985661137129,0.37407467236699243,0.10468119211786088,0.4678004373652576,0.08643786516298117,0.45527442018436853,0.12945757221942672
2025-12-18,86243.23,89477.61,84450.01,85516.41,25405.41763,47.0,47.55,44.77,47.48,6778.06005859375,6816.1298828125,6758.5,6774.759765625,5101190000,17.610000610351562,17.68000030517578,15.93000030517578,16.8700008392334,-0.00846315677488792,0.007902951520479156,0.31308784706387355,0.12259328266325718,0.46677899742852436,0.09064138453811868,0.44711760465834893,0.13114682036950143
2025-12-19,85516.41,89399.97,85110.24,88136.94,21256.65004,47.48,47.54,45.03,45.06,6792.6201171875,6840.02001953125,6792.6201171875,6834.5,8554470000,16.309999465942383,16.530000686645508,14.90999984741211,14.90999984741211,0.030183453965176642,0.008779407421828872,0.40225410084969765,0.12875737254229783,0.4332048335985838,0.09647990588141314,0.4558810631308305,0.12919720651405686
2025-12-22,88658.87,90588.23,87900.0,88620.79,14673.2197,45.07,45.5,44.62,45.09,6865.2099609375,6882.02978515625,6855.740234375,6878.490234375,4465030000,15.15999984741211,15.260000228881836,14.029999732971191,14.079999923706056,0.005474738881589799,0.006415870575561936,0.40234731338821933,0.1356803260807901,0.3554549932647658,0.0996627220017371,0.45122378190696916,0.1302988394063607
2025-12-23,88620.79,88940.0,86601.9,87486.0,13910.32904,45.09,45.1,43.34,43.4,6872.41015625,6910.8798828125,6868.81005859375,6909.7900390625,3820560000,14.09000015258789,14.449999809265137,13.640000343322754,14.0,-0.012887699635666881,0.004540067046788208,0.3856413730595875,0.11682637057976646,0.3380336088522424,0.10062885604278571,0.442194755053636,0.12341230518370129
2025-12-24,87486.0,88049.89,86420.0,87669.45,9140.8432,43.4,43.77,42.55,42.81,6904.91015625,6937.31982421875,6904.91015625,6932.0498046875,1798270000,14.09000015258789,14.15999984741211,13.380000114440918,13.470000267028809,0.002094711492890748,0.003216304344700708,0.27268711374318044,0.11464601365703421,0.33598127278033874,0.1012230816213293,0.4378949703884108,0.12359330264849037
2025-12-26,87225.27,89567.75,86655.08,87369.56,18344.61505,42.55,43.04,41.02,41.04,6936.02001953125,6945.77001953125,6921.60009765625,6929.93994140625,2586550000,14.119999885559082,14.289999961853027,13.520000457763672,13.600000381469728,-0.0034265538113371595,-0.00030440987710828846,0.25405270313363193,0.11163477151976636,0.31299637541725345,0.10117209867379161,0.43720883089724166,0.12360875423080801
2025-12-29,87952.71,90406.08,86806.5,87237.13,19894.98575,42.11,43.0,41.46,42.25,6903.60009765625,6920.2099609375,6888.759765625,6905.740234375,3541750000,14.6899995803833,15.079999923706056,13.989999771118164,14.199999809265137,-0.001516895204795743,-0.003498162923937312,0.22247019536521698,0.07082713146743082,0.30430141733336347,0.10118378034371756,0.43514719872236624,0.11324838051676618
2025-12-30,87237.13,89400.0,86845.66,88485.49,13105.91001,42.25,43.03,41.88,42.79,6900.43994140625,6913.25,6893.47021484375,6896.240234375,3309930000,14.43000030517578,14.619999885559082,14.039999961853027,14.329999923706056,0.014208540730604829,-0.0013766142506534472,0.22082196778519578,0.07048834801515762,0.29312076733613374,0.10134875437006262,0.4135604859653951,0.11336556996345046
2025-12-31,88485.5,89200.0,87250.0,87648.22,11558.62047,42.79,43.57,42.12,43.01,6898.81982421875,6901.419921875,6844.5498046875,6845.5,3261830000,14.770000457763672,15.170000076293944,14.380000114440918,14.949999809265137,-0.009507280651887915,-0.007384867434248815,0.14525387461172998,0.07682121808213711,0.2938811186297186,0.10243494245966449,0.40831872168900785,0.11208659350206157
