date,btc_open,btc_high,btc_low,btc_close,btc_volume,dvol_open,dvol_high,dvol_low,dvol_close,spx_open,spx_high,spx_low,spx_close,spx_volume,vix_open,vix_high,vix_low,vix_close,btc_log_return,spx_log_return,btc_rv_7d,spx_rv_7d,btc_rv_14d,spx_rv_14d,btc_rv_30d,spx_rv_30d,btc_iv,spx_iv,btc_vrp_7d,spx_vrp_7d,btc_vrp_14d,spx_vrp_14d,btc_vrp_30d,spx_vrp_30d,btc_stress,spx_stress,global_stress,regime_label
2021-03-24,54342.8,57200.0,51700.0,52303.65,83537.465021,84.8,95.94,80.52,95.04,3919.929931640625,3942.080078125,3889.070068359375,3889.139892578125,4783020000,20.63999938964844,21.489999771118164,19.299999237060547,21.200000762939453,,,,,,,,,0.9504,0.2120000076293945,,,,,,,0,0,0,normal
2021-03-25,52303.66,53287.0,50427.56,51293.78,87400.534538,95.03,97.43,87.25,89.74,3879.340087890625,3919.5400390625,3853.5,3909.52001953125,4948340000,20.799999237060547,23.549999237060547,19.809999465942383,19.809999465942383,-0.0194966610483523,0.0052265834327292,,,,,,,0.8974,0.1980999946594238,,,,,,,0,0,0,normal
2021-03-26,51293.78,55073.46,51214.6,55025.59,63813.774692,89.74,89.74,80.22,84.52,3917.1201171875,3978.18994140625,3917.1201171875,3974.5400390625,5483160000,19.31999969482422,21.489999771118164,18.68000030517578,18.86000061035156,0.0702288524916593,0.0164944186587165,,,,,,,0.8452,0.1886000061035156,,,,,,,0,0,0,normal
2021-03-29,55777.65,58405.82,54800.01,57635.47,67857.937398,79.07,83.74,78.88,83.71,3969.31005859375,3981.830078125,3943.25,3971.090087890625,4628180000,20.399999618530273,21.600000381469727,19.420000076293945,20.739999771118164,0.0463398270328442,-0.0008683896263867,,,,,,,0.8371,0.2073999977111816,,,,,,,0,0,0,normal
2021-03-30,57635.46,59368.0,57071.35,58746.57,55122.443122,83.71,86.36,82.0,85.08,3963.340087890625,3968.010009765625,3944.35009765625,3958.550048828125,4121510000,20.760000228881836,21.75,19.469999313354492,19.61000061035156,0.0190945915543977,-0.00316282940965,,,,,,,0.8508,0.1961000061035155,,,,,,,0,0,0,normal
2021-03-31,58746.57,59800.0,56769.0,58740.55,60975.542666,85.08,86.82,83.74,86.45,3967.25,3994.409912109375,3966.97998046875,3972.889892578125,4578050000,19.799999237060547,20.11000061035156,18.850000381469727,19.399999618530273,-0.0001024793186737,0.0036159535924198,,,,,,,0.8645,0.1939999961853027,,,,,,,0,0,0,normal
2021-04-01,58739.46,59490.0,57935.45,58720.44,47415.61722,86.45,86.63,81.2,82.38,3992.780029296875,4020.6298828125,3992.780029296875,4019.8701171875,4162130000,18.600000381469727,18.63999938964844,17.290000915527344,17.329999923706055,-0.0003424115563215,0.0117558304276741,,,,,,,0.8238,0.1732999992370605,,,,,,,0,0,0,normal
2021-04-05,58202.01,59272.0,56777.77,59129.99,54258.01579,82.42,82.6,78.73,80.22,4034.43994140625,4083.419921875,4034.43994140625,4077.909912109375,4005030000,18.15999984741211,18.399999618530273,17.350000381469727,17.90999984741211,0.0069503632476363,0.0143349877622439,0.490265043728343,0.1205466716995866,,,,,0.8022,0.179099998474121,0.311934956271657,0.0585533267745344,,,,,0,0,0,normal
2021-04-06,59129.99,59495.24,57413.02,57991.15,54201.000727,80.22,81.3,79.67,81.01,4075.570068359375,4086.22998046875,4068.139892578125,4073.93994140625,4081270000,18.06999969482422,18.299999237060547,17.3700008392334,18.1200008392334,-0.0194478280167704,-0.0009740049407969,0.4901102312178009,0.1293057542244487,,,,,0.8101,0.181200008392334,0.3199897687821991,0.0518942541678852,,,,,0,0,0,normal
2021-04-07,57990.03,58655.0,55473.0,55953.45,71228.405659,81.01,81.14,78.36,78.78,4074.2900390625,4083.1298828125,4068.31005859375,4079.949951171875,4120810000,17.989999771118164,18.170000076293945,16.8700008392334,17.15999984741211,-0.0357703176417728,0.0014741456981068,0.4189089167580933,0.107033299837109,,,,,0.7878000000000001,0.1715999984741211,0.3688910832419068,0.0645666986370121,,,,,0,0,0,normal
2021-04-08,55953.44,58153.31,55700.0,58077.52,44283.147019,78.78,79.0,72.79,74.31,4089.949951171875,4098.18994140625,4082.5400390625,4097.169921875,3907100000,16.920000076293945,17.360000610351562,16.549999237060547,16.950000762939453,0.037258574825073,0.0042117509405917,0.3806923103062216,0.1020731364477459,,,,,0.7431,0.1695000076293945,0.3624076896937784,0.0674268711816486,,,,,0,0,0,normal
2021-04-09,58077.52,58894.9,57654.0,58142.54,40831.884911,74.32,77.54,72.19,77.07,4096.10986328125,4129.47998046875,4095.510009765625,4128.7998046875,3640390000,17.049999237060547,17.34000015258789,16.200000762939453,16.690000534057617,0.0011189119465875,0.0076902881356872,0.3596876978992861,0.0877796165444985,,,,,0.7706999999999999,0.1669000053405761,0.4110123021007138,0.0791203887960776,,,,,0,0,0,normal
2021-04-12,59998.8,61300.0,59350.59,59860.0,56375.037117,82.61,84.81,78.98,84.5,4124.7099609375,4131.759765625,4114.81982421875,4127.990234375,3588900000,17.43000030517578,17.90999984741211,16.809999465942383,16.90999984741211,0.0291109205976017,-0.0001960980747395,0.4043143493465198,0.0948514031249862,,,,,0.845,0.1690999984741211,0.4406856506534802,0.0742485953491349,,,,,0,0,0,normal
2021-04-13,59860.01,63777.77,59805.15,63575.0,82848.688746,84.5,89.14,84.46,88.64,4130.10009765625,4148.0,4124.43017578125,4141.58984375,3734720000,16.989999771118164,17.860000610351562,16.43000030517578,16.649999618530273,0.0602118088836305,0.0032890718770625,0.5291652125376108,0.0843069072742971,,,,,0.8864,0.1664999961853027,0.3572347874623891,0.0821930889110056,,,,,0,0,0,normal
2021-04-14,63575.01,64854.0,61301.0,62959.53,82616.343993,88.64,88.67,83.41,83.85,4141.580078125,4151.68994140625,4120.8701171875,4124.66015625,3985350000,16.709999084472656,17.690000534057617,15.380000114440918,16.989999771118164,-0.0097281722840783,-0.0040961043207301,0.5442338026616341,0.0611642782091901,0.5026028305423104,0.1011321227174717,,,0.8384999999999999,0.1698999977111816,0.2942661973383658,0.1087357195019915,0.3358971694576895,0.0687678749937099,,,0,0,0,normal
2021-04-15,62959.53,63800.0,62020.0,63159.98,51649.70034,83.85,84.25,76.12,77.08,4139.759765625,4173.490234375,4139.759765625,4170.419921875,4033420000,16.780000686645508,16.920000076293945,15.9399995803833,16.56999969482422,0.0031787337071748,0.0110331014011194,0.5105086000722255,0.0794128268142994,0.4827851879319059,0.1051939028150859,,,0.7707999999999999,0.1656999969482422,0.2602913999277744,0.0862871701339428,0.288014812068094,0.0605060941331563,,,0,0,0,normal
2021-04-16,63158.74,63520.61,60000.0,61334.8,91764.139884,77.08,79.26,74.98,77.67,4174.14013671875,4191.31005859375,4170.75,4185.47021484375,4163820000,16.649999618530273,16.8799991607666,16.049999237060547,16.25,-0.0293234910328378,0.0036023233905179,0.4859415892253637,0.0783276777917415,0.4447366216428901,0.090109129762346,,,0.7767000000000001,0.1625,0.2907584107746364,0.0841723222082585,0.33196337835711,0.072390870237654,,,0,0,0,normal
2021-04-19,56150.01,57526.81,54221.58,55633.14,78229.042267,88.4,89.25,82.29,83.2,4179.7998046875,4180.81005859375,4150.47021484375,4163.259765625,3810290000,17.040000915527344,18.61000061035156,16.780000686645508,17.290000915527344,-0.0975683148396118,-0.0053206898937579,0.7855931976814786,0.0946300818439261,0.5960549401781451,0.0962492575947337,,,0.8320000000000001,0.1729000091552734,0.0464068023185214,0.0782699273113473,0.2359450598218549,0.0766507515605397,,,0,0,0,normal
2021-04-20,55633.14,57076.24,53329.96,56425.0,72744.482151,83.2,84.97,80.79,82.96,4159.18017578125,4159.18017578125,4118.3798828125,4134.93994140625,4342650000,17.360000610351562,19.700000762939453,17.239999771118164,18.68000030517578,0.0141332558447691,-0.0068255610050778,0.7944763338213031,0.0997535532426747,0.5929299846133825,0.102146262751556,,,0.8295999999999999,0.1868000030517578,0.0351236661786967,0.0870464498090831,0.2366700153866173,0.0846537403002018,,,0,0,0,normal
2021-04-21,56425.0,56757.91,53536.02,53787.63,66984.756909,82.96,83.55,80.11,83.0,4128.419921875,4175.02001953125,4126.35009765625,4173.419921875,3887250000,18.479999542236328,19.290000915527344,16.90999984741211,17.5,-0.0478688076233732,0.0092630209198532,0.7928337306050411,0.1133462665762925,0.622488165223876,0.1054408710731982,,,0.83,0.175,0.0371662693949588,0.0616537334237074,0.207511834776124,0.0695591289268017,,,0,0,0,normal
2021-04-22,53787.62,55521.48,50500.0,51690.96,104656.631337,83.0,95.93,76.69,87.39,4170.4599609375,4179.56982421875,4123.68994140625,4134.97998046875,4245140000,17.280000686645508,19.899999618530273,16.989999771118164,18.709999084472656,-0.0397606037870505,-0.0092533378605543,0.5953356071062216,0.1292002773720201,0.6374697648860344,0.111141092410143,,,0.8739,0.1870999908447265,0.2785643928937784,0.0578997134727064,0.2364302351139656,0.0759588984345835,,,0,0,0,normal
2021-04-23,51690.95,52131.85,47500.0,51125.14,132230.780719,87.39,96.28,87.39,89.31,4138.77978515625,4194.169921875,4138.77978515625,4180.169921875,3569880000,18.559999465942383,18.780000686645508,16.799999237060547,17.329999923706055,-0.0110065585476512,0.0108694098955309,0.5935936506549163,0.1410429989523109,0.6332398612104332,0.1044675067673045,,,0.8931,0.1732999992370605,0.2995063493450837,0.0322570002847496,0.2598601387895668,0.068832492469756,,,0,0,0,normal
2021-04-26,49066.76,54356.62,48753.44,54001.39,86310.802124,93.46,93.57,80.3,82.66,4185.02978515625,4194.18994140625,4182.35986328125,4187.6201171875,3748320000,17.940000534057617,18.170000076293945,16.8700008392334,17.639999389648438,0.0547334342282034,0.0017806845645826,0.7685162309367365,0.1260329045855255,0.6884727437637322,0.1037164131584495,,,0.8266,0.1763999938964843,0.0580837690632635,0.0503670893109588,0.1381272562362677,0.0726835807380348,,,0,0,0,normal
2021-04-27,54001.38,55460.0,53222.0,55011.97,54064.034675,82.66,82.66,74.21,77.53,4188.25,4193.35009765625,4176.22021484375,4186.72021484375,3710700000,17.6200008392334,18.15999984741211,16.969999313354492,17.559999465942383,0.0185410109430216,-0.0002149189814442,0.8032291543765967,0.1242671176702838,0.6800676826267363,0.1041184248795908,,,0.7753,0.1755999946594238,-0.0279291543765967,0.05133287698914,0.0952323173732636,0.071481569779833,,,0,0,0,normal
2021-04-28,55011.97,56428.0,53813.16,54846.22,55130.459015,77.53,79.2,75.52,76.96,4185.14013671875,4201.52978515625,4181.77978515625,4183.18017578125,3787360000,17.469999313354492,17.84000015258789,16.670000076293945,17.280000686645508,-0.0030175287936096,-0.000845897587396,0.5617293239551318,0.1189419317392054,0.6569779938674032,0.1041011475259364,,,0.7696,0.172800006866455,0.2078706760448682,0.0538580751272496,0.1126220061325967,0.0686988593405186,,,0,0,0,normal
2021-04-29,54846.23,55195.84,52330.94,53555.0,52486.019455,76.96,80.62,75.8,80.2,4206.14013671875,4218.77978515625,4176.81005859375,4211.47021484375,4298680000,16.8799991607666,18.8700008392334,16.770000457763672,17.610000610351562,-0.0238241059065467,0.0067400415367024,0.5620104207300279,0.1105316966475425,0.6616515222593755,0.1030759855063723,,,0.802,0.1761000061035156,0.2399895792699721,0.0655683094559731,0.1403484777406245,0.0730240205971433,,,0,0,0,normal
2021-04-30,53555.0,57963.0,53013.01,57694.27,68578.910045,80.2,80.65,73.95,75.09,4198.10009765625,4198.10009765625,4174.85009765625,4181.169921875,4300880000,17.670000076293945,19.25,17.639999389648438,18.61000061035156,0.0744486986071194,-0.0072207134171198,0.6627672394276376,0.1131397102555036,0.7323041643364997,0.1093248836074681,,,0.7509,0.1861000061035156,0.0881327605723624,0.072960295848012,0.0185958356635003,0.0767751224960475,,,0,0,0,normal
2021-05-03,56578.21,58981.44,56435.0,57169.39,57649.931286,79.09,82.3,75.18,81.79,4191.97998046875,4209.39013671875,4188.02978515625,4192.66015625,4070220000,18.649999618530273,19.1200008392334,17.799999237060547,18.309999465942383,-0.0091392465365389,0.0027443216495121,0.5873504064835666,0.0915965075603948,0.6737015552019203,0.1091197414182061,,,0.8179000000000001,0.1830999946594238,0.2305495935164334,0.091503487099029,0.1441984447980797,0.0739802532412177,,,0,0,0,normal
2021-05-04,57169.39,57200.0,53046.69,53200.01,85324.625903,81.79,88.18,81.79,87.96,4179.0400390625,4179.0400390625,4128.58984375,4164.66015625,4452460000,18.15999984741211,21.850000381469727,18.11000061035156,19.479999542236328,-0.0719600309696674,-0.0067007374898472,0.7802365725561823,0.0798885446796375,0.7271540674201052,0.1119430803415402,,,0.8795999999999999,0.1947999954223633,0.0993634274438176,0.1149114507427257,0.1524459325798947,0.082856915080823,,,0,0,0,normal
2021-05-05,53205.05,58069.82,52900.0,57436.11,77263.923439,87.96,88.2,83.51,84.39,4177.06005859375,4187.72021484375,4160.93994140625,4167.58984375,4230920000,18.84000015258789,19.579999923706055,17.889999389648438,19.149999618530273,0.0766146152879421,0.0007032164471135,0.8462627991007435,0.0788336609749756,0.818001697048968,0.1015356675387479,,,0.8439,0.1914999961853027,-0.0023627991007435,0.1126663352103271,0.025898302951032,0.0899643286465548,,,0,0,0,normal
2021-05-06,57436.11,58360.0,55200.0,56393.68,70181.671908,84.39,85.36,80.31,82.14,4169.14013671875,4202.7001953125,4147.330078125,4201.6201171875,4511000000,18.40999984741211,20.600000381469727,18.209999084472656,18.38999938964844,-0.0183161041178487,0.008132299498632,0.8572833335533365,0.0951454563117981,0.8134431032476802,0.1063956442909062,0.6644514248111768,0.1060885831393813,0.8214,0.1838999938964844,-0.0358833335533365,0.0887545375846863,0.0079568967523198,0.0775043496055782,0.1569485751888232,0.0778114107571031,0,0,0,normal
2021-05-07,56393.68,58650.0,55241.63,57314.75,74542.747829,82.14,83.05,78.3,80.56,4210.33984375,4238.0400390625,4201.64013671875,4232.60009765625,4016080000,18.450000762939453,18.56999969482422,16.68000030517578,16.690000534057617,0.0162009122099635,0.0073462914191863,0.8588591583918178,0.1026516106474168,0.7005597498979036,0.1070521099336921,0.6622289852744481,0.1067247505572232,0.8056,0.1669000053405761,-0.0532591583918178,0.0642483946931593,0.1050402501020963,0.059847895406884,0.1433710147255519,0.0601752547833529,0,0,0,normal
2021-05-10,58240.83,59500.0,53400.0,55816.14,89586.34925,86.05,91.57,85.67,90.26,4228.2900390625,4236.39013671875,4188.1298828125,4188.43017578125,4560700000,17.34000015258789,19.75,17.06999969482422,19.65999984741211,-0.0264949328224086,-0.010490480503138,0.8629320762045722,0.1178920885023078,0.7082262538860632,0.1133110039025001,0.6366303419858188,0.1049411733305428,0.9026,0.1965999984741211,0.0396679237954278,0.0787079099718133,0.1943737461139368,0.083288994571621,0.2659696580141812,0.0916588251435783,0,0,0,normal
2021-05-11,55816.14,56862.43,54370.0,56670.02,64329.54055,90.26,90.54,84.91,86.27,4150.33984375,4162.0400390625,4111.52978515625,4152.10009765625,4870710000,21.170000076293945,23.729999542236328,20.709999084472656,21.84000015258789,0.0151822482267277,-0.0087117501417815,0.7279278475848902,0.1215927559606401,0.6767747822096327,0.1133125236380595,0.6233918967056619,0.109022680288021,0.8626999999999999,0.2184000015258789,0.1347721524151097,0.0968072455652388,0.1859252177903672,0.1050874778878194,0.239308103294338,0.1093773212378579,0,0,0,normal
2021-05-12,56670.02,58000.01,48600.0,49631.32,99842.789836,86.27,94.13,82.91,93.86,4130.5498046875,4134.72998046875,4056.8798828125,4063.0400390625,4733070000,22.420000076293945,28.3799991607666,21.65999984741211,27.59000015258789,-0.13262323703978,-0.0216827823583024,1.0710149000207363,0.169083717788028,0.8773923263732575,0.1410789907691957,0.7281062719856322,0.1275275339489875,0.9386,0.2759000015258789,-0.1324149000207363,0.1068162837378509,0.0612076736267425,0.1348210107566832,0.2104937280143678,0.1483724675768914,0,1,1,stress
2021-05-13,49537.15,51367.19,46000.0,49670.97,147332.002121,93.87,103.81,89.19,92.9,4074.989990234375,4131.580078125,4074.989990234375,4112.5,4779540000,26.030000686645508,28.93000030517578,22.229999542236328,23.1299991607666,0.0007985717571492,0.012099644578094,1.0105959859959628,0.1944646874086801,0.8767083932598629,0.1432087160115436,0.7281702899766069,0.1314265508636454,0.929,0.231299991607666,-0.0815959859959627,0.0368353041989859,0.0522916067401371,0.0880912755961224,0.2008297100233931,0.0998734407440206,0,0,0,normal
2021-05-14,49671.92,51483.0,48799.75,49841.45,80082.204306,90.72,101.15,90.37,98.46,4129.580078125,4183.1298828125,4129.580078125,4173.85009765625,4008880000,21.770000457763672,22.100000381469727,18.65999984741211,18.809999465942383,0.0034263093346637,0.0148077785636236,0.8263441467112992,0.2189627329530446,0.8384682410152206,0.1582767755271878,0.7284881638934773,0.1338419004830315,0.9846,0.1880999946594238,0.1582558532887007,-0.0308627382936207,0.1461317589847793,0.029823219132236,0.2561118361065226,0.0542580941763923,0,0,0,normal
2021-05-17,46426.83,46686.0,42001.0,43538.04,166657.172736,105.28,158.72,104.94,123.02,4169.919921875,4171.919921875,4142.68994140625,4163.2900390625,4125050000,19.88999938964844,21.579999923706055,19.670000076293945,19.719999313354492,-0.135211928437938,-0.0025332581839619,1.0750233126910689,0.2120050757358973,0.9919153546314136,0.1585763338439325,0.8184047385198963,0.1283303109001433,1.2302,0.1971999931335449,0.155176687308931,-0.0148050826023523,0.2382846453685864,0.0386236592896124,0.4117952614801037,0.0688696822334016,1,0,1,stress
2021-05-18,43538.02,45799.29,42250.02,42849.78,116979.860784,123.01,123.01,112.83,117.01,4165.93994140625,4169.14990234375,4125.990234375,4127.830078125,4398150000,18.88999938964844,21.450000762939453,18.809999465942383,21.34000015258789,-0.0159345278743997,-0.0085537723840327,1.024377714544897,0.2061238330885728,0.9899713494293269,0.162323281830209,0.8181231869014576,0.1310365084642485,1.1701,0.2134000015258789,0.1457222854551032,0.0072761684373061,0.1801286505706733,0.0510767196956699,0.3519768130985425,0.0823634930616304,1,0,1,stress
2021-05-19,42849.78,43584.9,30000.0,36690.09,354347.243161,117.01,144.63,115.28,124.83,4098.4501953125,4116.93017578125,4061.409912109375,4115.68017578125,4247450000,22.459999084472656,25.959999084472656,21.8799991607666,22.18000030517578,-0.1551938194929308,-0.0029477518113784,1.2177293357728762,0.2003925799815471,1.149882549982458,0.1585855745448323,0.9178415919266624,0.1313590089541288,1.2483,0.2218000030517578,0.0305706642271237,0.0214074230702107,0.0984174500175418,0.0632144285069255,0.3304584080733376,0.090440994097629,1,0,1,stress
2021-05-20,36671.23,42451.67,34850.0,40526.64,203017.596923,124.84,132.06,112.56,119.77,4121.97021484375,4172.7998046875,4121.97021484375,4159.1201171875,3978880000,22.329999923706055,23.5,20.190000534057617,20.670000076293945,0.0994528443006428,0.0104994293345084,1.506740246900576,0.2083856712397199,1.196595644050751,0.1642250213452469,0.9645740300169942,0.1342228114331392,1.1977,0.2067000007629394,-0.3090402469005759,-0.0016856704767804,0.0011043559492489,0.0424749794176925,0.2331259699830058,0.0724771893298002,1,0,1,stress
2021-05-21,40525.39,42200.0,33488.0,37252.01,202100.888258,119.77,145.01,112.2,139.98,4168.60986328125,4188.72021484375,4151.72021484375,4155.85986328125,3995250000,20.420000076293945,20.88999938964844,19.530000686645508,20.149999618530273,-0.084253632547951,-0.0007841880752528,1.4178327538681856,0.1437367575011833,1.219240093010889,0.1636058734515195,0.9859870308585234,0.1325144100963335,1.3998,0.2014999961853027,-0.0180327538681857,0.0577632386841194,0.1805599069891108,0.0378941227337832,0.4138129691414766,0.0689855860889692,1,0,1,stress
2021-05-24,34681.44,39920.0,34031.0,38796.29,161630.893971,156.2,156.2,121.77,125.12,4170.16015625,4209.52001953125,4170.16015625,4197.0498046875,3684800000,20.5,20.510000228881836,18.3799991607666,18.399999618530273,0.0406187203994429,0.009862497481216,1.4856327230564588,0.1384667782963112,1.2386004614640265,0.1667529543675087,0.9909958913526524,0.1354163795559035,1.2512,0.1839999961853027,-0.2344327230564586,0.0455332178889915,0.0125995385359736,0.017247041817794,0.2602041086473476,0.0485836166293992,1,0,1,stress
2021-05-25,38810.99,39791.77,36419.62,38324.72,111996.228404,125.12,131.69,124.43,129.11,4205.93994140625,4213.419921875,4182.52001953125,4188.1298828125,4182250000,18.350000381469727,19.290000915527344,16.8700008392334,18.84000015258789,-0.0122295047056648,-0.0021275454008285,1.4713940926695288,0.1121103518684605,1.1552650522038652,0.1671356947294542,0.965478357848108,0.1353753582575377,1.2911,0.1884000015258789,-0.1802940926695286,0.0762896496574184,0.1358349477961349,0.0212643067964247,0.3256216421518921,0.0530246432683412,1,0,1,stress
2021-05-26,38324.72,40841.0,37800.44,39241.91,104780.773396,122.03,124.4,116.69,117.02,4191.58984375,4202.60986328125,4184.10986328125,4195.990234375,4420890000,18.3700008392334,18.920000076293945,17.350000381469727,17.360000610351562,0.023650189539076,0.0018750575506104,1.330454842918601,0.1102251860107495,1.1762465125776551,0.1635588095778736,0.9724455956711984,0.1347674339239984,1.1702,0.1736000061035156,-0.160254842918601,0.0633748200927661,-0.0060465125776552,0.010041196525642,0.1977544043288015,0.0388325721795172,1,0,1,stress
2021-05-27,39241.92,40411.14,37134.27,38529.98,86547.158794,117.02,119.91,106.59,107.26,4201.93994140625,4213.3798828125,4197.77978515625,4200.8798828125,6406310000,18.030000686645508,18.170000076293945,16.520000457763672,16.739999771118164,-0.0183086687723054,0.0011646360898629,1.3306130191663188,0.087489712019271,1.161319898015517,0.1601741712744616,0.9708022662004614,0.1310956666002828,1.0726,0.1673999977111816,-0.2580130191663188,0.0799102856919106,-0.088719898015517,0.00722582643672,0.1017977337995386,0.0363043311108988,1,0,1,stress
2021-05-28,38529.99,38877.83,34684.0,35663.49,135377.62972,107.26,123.33,107.25,122.55,4210.77001953125,4218.35986328125,4203.56982421875,4204.10986328125,4649250000,16.799999237060547,16.860000610351562,15.899999618530272,16.760000228881836,-0.0773091631552114,0.0007685864528873,1.0358075902032906,0.0803065061824103,1.1795998338661051,0.1535999868017045,0.9861615620801264,0.1307213225358337,1.2255,0.1676000022888183,0.1896924097967094,0.087293496106408,0.0459001661338949,0.0140000154871138,0.2393384379198736,0.0368786797529846,1,0,1,stress
2021-06-01,37253.82,37894.81,35666.0,36693.09,81234.66377,106.47,108.65,105.36,108.23,4216.52001953125,4234.1201171875,4197.58984375,4202.0400390625,5074670000,17.239999771118164,18.530000686645508,15.68000030517578,17.899999618530273,0.0284609775475617,-0.0004924547586291,0.7981770792559515,0.0625175395839559,1.1911830060246644,0.1481481706970942,0.965307444009021,0.1297111732257714,1.0823,0.1789999961853027,0.2841229207440485,0.1164824566013468,-0.1088830060246643,0.0308518254882085,0.116992555990979,0.0492888229595313,1,0,1,stress
2021-06-02,36694.85,38225.0,35920.0,37568.68,67587.372495,108.23,108.63,101.89,103.17,4206.81982421875,4217.3701171875,4198.27001953125,4208.1201171875,5833670000,17.860000610351562,18.309999465942383,16.739999771118164,17.479999542236328,0.0235822705986549,0.0014458890369002,0.6489354784879905,0.0605461552562983,1.114888773993884,0.1066228224990873,0.9680741514982752,0.1279612196343931,1.0317,0.1747999954223632,0.3827645215120095,0.1142538401660649,-0.0831887739938839,0.0681771729232759,0.0636258485017248,0.0468387757879701,1,0,1,stress
2021-06-03,37568.68,39476.0,37170.0,39246.79,75889.106011,103.17,103.19,97.28,99.19,4191.43017578125,4204.39013671875,4167.93017578125,4192.85009765625,5587970000,17.729999542236328,19.270000457763672,17.450000762939453,18.040000915527344,0.0436989328915869,-0.0036353030560493,0.6570049708625293,0.0326585264094368,1.1447765773546463,0.0998629868361622,0.9762156730896312,0.1258022423025032,0.9919,0.1804000091552734,0.3348950291374707,0.1477414827458366,-0.1528765773546463,0.0805370223191112,0.0156843269103688,0.0545977668527702,1,0,1,stress
2021-06-04,39246.78,39289.07,35555.15,36829.0,91317.799245,99.19,107.61,99.07,102.91,4206.0498046875,4233.4501953125,4206.0498046875,4229.89013671875,4139790000,18.09000015258789,18.420000076293945,16.18000030517578,16.420000076293945,-0.0635840791345629,0.0087953033830163,0.765812107202969,0.059505031212623,1.1570343876416498,0.086566761343774,0.9848233642483872,0.1249457705894294,1.0291,0.1642000007629394,0.2632878927970309,0.1046949695503164,-0.1279343876416498,0.0776332394191654,0.0442766357516126,0.03925423017351,1,0,1,stress
2021-06-07,35796.31,36900.0,33300.0,33552.79,77574.952573,105.93,108.4,99.89,108.32,4229.33984375,4232.33984375,4215.66015625,4226.52001953125,4476920000,17.34000015258789,17.350000381469727,15.779999732971191,16.420000076293945,-0.0931655588862945,-0.0007970562694215,0.8887343076261703,0.060787895410883,1.0887470305879894,0.0855185505407522,1.012995084705916,0.1212612274749305,1.0832,0.1642000007629394,0.1944656923738296,0.1034121053520564,-0.0055470305879894,0.0786814502221872,0.070204915294084,0.0429387732880089,1,0,1,stress
2021-06-08,33556.96,34068.01,31000.0,33380.81,123251.189037,108.32,117.07,107.37,111.04,4233.81005859375,4236.740234375,4208.41015625,4227.259765625,4659620000,16.579999923706055,17.75,15.149999618530272,17.06999969482422,-0.0051388354567866,0.0001750095494412,0.8947575993142369,0.0609893710465577,1.0902233666978824,0.0736603887358687,0.9923258121193638,0.1211879052140069,1.1104,0.1706999969482422,0.2156424006857631,0.1097106259016845,0.0201766333021176,0.0970396082123735,0.1180741878806362,0.0495120917342353,1,0,1,stress
2021-06-09,33380.8,37534.79,32396.82,37388.05,136607.597517,111.04,111.9,105.08,105.82,4232.990234375,4237.08984375,4218.740234375,4219.5498046875,4713260000,17.18000030517578,17.959999084472656,15.550000190734863,17.889999389648438,0.1133699506800925,-0.0018255325906156,1.095208273791667,0.0631613294275363,1.0279612182608444,0.0724313652071318,1.0569909983341976,0.121338802810493,1.0582,0.1788999938964843,-0.037008273791667,0.115738664468948,0.0302387817391556,0.1064686286893525,0.0012090016658024,0.0575611910859913,1,0,1,stress
2021-06-10,37388.05,38491.0,35782.0,36675.72,109527.284943,105.82,105.9,98.95,99.46,4228.56005859375,4249.740234375,4220.33984375,4239.18017578125,4408210000,18.18000030517578,18.290000915527344,16.010000228881836,16.100000381469727,-0.0192361789087449,0.0046414547764629,1.0928771208502182,0.0670819957258354,0.9267335308278404,0.0623201102076015,1.0567220557680557,0.1219448155295846,0.9946,0.1610000038146972,-0.0982771208502182,0.0939180080888618,0.0678664691721595,0.0986798936070957,-0.0621220557680557,0.0390551882851126,1,0,1,stress
2021-06-11,36677.83,37680.4,35936.77,37331.98,78466.0053,99.46,99.72,95.96,97.22,4242.89990234375,4248.3798828125,4232.25,4247.43994140625,3815010000,16.18000030517578,16.200000762939453,15.149999618530272,15.649999618530272,0.017735376231755,0.0019465389328083,1.088115667479127,0.0672083076584683,0.8608856178957504,0.0615696289138013,1.060024010354654,0.1205776950097868,0.9722,0.1564999961853027,-0.115915667479127,0.0892916885268344,0.1113143821042496,0.0949303672715014,-0.0878240103546541,0.0359223011755159,1,0,1,stress
2021-06-14,39020.56,41064.05,38730.0,40516.29,108522.391949,102.86,103.04,96.73,98.88,4248.31005859375,4255.58984375,4234.06982421875,4255.14990234375,4151200000,16.040000915527344,17.040000915527344,15.039999961853027,16.389999389648438,0.0818537834951041,0.0018135563851361,1.1744588070342796,0.0575654916339193,0.9145601725621324,0.0486332804123571,1.0654767672827643,0.1185172647873649,0.9888,0.1638999938964843,-0.1856588070342797,0.106334502262565,0.0742398274378675,0.1152667134841272,-0.0766767672827644,0.0453827291091194,1,0,1,stress
2021-06-15,40516.28,41330.0,39506.4,40144.04,80679.622838,98.88,99.31,95.83,96.77,4255.27978515625,4257.16015625,4238.35009765625,4246.58984375,4048940000,16.270000457763672,17.350000381469727,16.139999389648438,17.020000457763672,-0.0092301294285584,-0.0020137199542758,1.0838073459344024,0.0380418528630552,0.9136738171126876,0.0484944011308539,1.0654748411617114,0.1185661048032111,0.9677,0.1702000045776367,-0.1161073459344024,0.1321581517145815,0.0540261828873124,0.1217056034467828,-0.0977748411617114,0.0516338997744256,1,0,1,stress
2021-06-16,40143.8,40527.14,38116.01,38349.01,87771.976937,96.77,97.16,92.97,95.25,4248.8701171875,4251.89013671875,4202.4501953125,4223.7001953125,4538350000,16.989999771118164,19.11000061035156,16.420000076293945,18.149999618530273,-0.0457452734195306,-0.0054047037470264,0.9140236758091034,0.0523243301227074,0.9310032411564708,0.0552798765755532,1.0552695113301247,0.117947048325455,0.9525,0.1814999961853027,0.0384763241908966,0.1291756660625953,0.0214967588435291,0.1262201196097495,-0.1027695113301246,0.0635529478598477,1,0,1,stress
2021-06-17,38349.0,39559.88,37365.0,38092.97,79541.307119,95.25,95.66,92.08,95.28,4220.3701171875,4232.2900390625,4196.0498046875,4221.85986328125,5312680000,18.489999771118164,19.219999313354492,16.709999084472656,17.75,-0.0066989619448759,-0.0004358105436726,0.915806589232226,0.0523201271859973,0.9282738992318348,0.0553071370981765,1.0223347013403885,0.1179736086401645,0.9528,0.1775,0.0369934107677739,0.1251798728140027,0.0245261007681651,0.1221928629018234,-0.0695347013403885,0.0595263913598354,1,0,1,stress
2021-06-18,38092.97,38202.84,35129.29,35819.84,95228.042935,95.28,99.86,94.1,94.73,4204.77978515625,4204.77978515625,4164.39990234375,4166.4501953125,6817010000,16.959999084472656,21.040000915527344,16.920000076293945,20.700000762939453,-0.0615278208278235,-0.0132113556872841,0.7426232297491647,0.0947398543426677,0.9051926576867622,0.0797061621815406,1.031663091832368,0.122015566431669,0.9473,0.2070000076293945,0.2046767702508353,0.1122601532867268,0.0421073423132378,0.1272938454478539,-0.0843630918323679,0.0849844411977255,1,0,1,stress
2021-06-21,35600.17,35750.0,31251.23,31608.93,168778.873159,95.63,106.3,94.1,106.23,4173.39990234375,4226.240234375,4173.39990234375,4224.7900390625,4128950000,21.739999771118164,21.81999969482422,17.809999465942383,17.889999389648438,-0.1250622542371062,0.0139051635123198,1.0350082617497152,0.1307079708952738,1.0373443477656754,0.1008374811916931,1.074726764187936,0.1269586123452197,1.0623,0.1788999938964843,0.0272917382502848,0.0481920230012105,0.0249556522343246,0.0780625127047912,-0.0124267641879358,0.0519413815512646,1,0,1,stress
2021-06-22,31614.12,33298.78,28805.0,32509.56,204208.179762,106.23,117.76,105.11,107.01,4224.60986328125,4255.83984375,4217.27001953125,4246.43994140625,3828390000,17.90999984741211,18.31999969482422,15.760000228881836,16.65999984741211,0.0280945243199381,0.0051114063789906,1.0531001318218864,0.1345057169166353,1.040403224900404,0.1027653266078169,1.0833990003344804,0.1238362092677259,1.0701,0.1665999984741211,0.0169998681781136,0.0320942815574858,0.029696775099596,0.0638346718663042,-0.0132990003344803,0.0427637892063952,1,0,1,stress
2021-06-23,32509.56,34881.0,31683.0,33678.07,126966.100563,107.01,107.59,99.01,102.21,4249.27001953125,4256.60009765625,4241.43017578125,4241.83984375,3730350000,16.25,16.84000015258789,14.859999656677246,16.31999969482422,0.0353126837670968,-0.0010838705186495,0.8886768046566443,0.1339568349922848,1.0325396214031124,0.1012632553468302,1.090308416348983,0.1208655529345353,1.0221,0.1631999969482422,0.1334231953433556,0.0292431619559573,-0.0104396214031123,0.0619367416014119,-0.0682084163489828,0.0423344440137068,1,0,1,stress
2021-06-24,33675.07,35298.0,32286.57,34663.09,86625.80426,102.21,103.01,99.21,100.99,4256.97021484375,4271.27978515625,4256.97021484375,4266.490234375,3816660000,15.989999771118164,16.049999237060547,14.1899995803833,15.970000267028809,0.0288285483794497,0.0057944295459168,0.946999537280711,0.1382462654232714,1.0154866797588056,0.0974146565741742,1.0412854974853658,0.1012709348222846,1.0099,0.159700002670288,0.062900462719289,0.0214537372470166,-0.0055866797588055,0.0622853460961138,-0.0313854974853657,0.0584290678480034,1,0,1,stress
2021-06-25,34663.08,35500.0,31275.0,31584.45,116061.130356,97.58,105.37,97.11,105.3,4274.4501953125,4286.1201171875,4271.16015625,4280.7001953125,7341450000,16.040000915527344,16.170000076293945,15.210000038146973,15.619999885559082,-0.0930105212036937,0.0033250631646875,1.037107610614865,0.131918570394765,1.015223946743427,0.0978250651289396,1.0664839273204392,0.0964663776470202,1.053,0.1561999988555908,0.015892389385135,0.0242814284608258,0.0377760532565729,0.0583749337266512,-0.0134839273204392,0.0597336212085706,1,0,1,stress
2021-06-28,34702.49,35297.71,33862.72,34494.89,82222.267819,106.41,107.23,103.85,104.3,4284.89990234375,4292.14013671875,4274.669921875,4290.60986328125,4147890000,16.06999969482422,16.459999084472656,15.390000343322754,15.760000228881836,0.0881462862550976,0.0023122888604717,1.2517732516851532,0.1308881975044388,1.088278405820214,0.09793405396467,1.106772079372823,0.0877028101751136,1.043,0.1576000022888183,-0.2087732516851532,0.0267118047843795,-0.045278405820214,0.0596659483241483,-0.0637720793728231,0.0698971921137047,1,0,1,stress
2021-06-29,34494.89,36600.0,34225.43,35911.73,90788.79622,104.3,105.03,98.06,98.86,4293.2099609375,4300.52001953125,4287.0400390625,4291.7998046875,3707150000,15.6899995803833,16.309999465942383,14.100000381469728,16.020000457763672,0.0402527859480743,0.0002772977426878,1.238957871298976,0.0780897154858811,0.9827807679354276,0.0971350934964675,1.0529245051407468,0.0871176015350891,0.9886,0.1602000045776367,-0.2503578712989759,0.0821102890917556,0.0058192320645724,0.0630649110811692,-0.0643245051407467,0.0730824030425476,1,0,1,stress
2021-06-30,35911.72,36100.0,34017.55,35045.0,77152.197634,98.86,106.36,98.79,104.51,4290.64990234375,4302.43017578125,4287.9599609375,4297.5,4266040000,16.18000030517578,17.309999465942383,15.579999923706056,15.829999923706056,-0.0244310331208218,0.0013272784229071,0.9161483580742142,0.0396975459998797,0.9847021936591952,0.0958768977344628,1.053879264714371,0.0822598895340501,1.0451,0.1582999992370605,0.1289516419257859,0.1186024532371808,0.0603978063408049,0.0624231015025977,-0.0087792647143709,0.0760401097030104,1,0,1,stress
2021-07-01,35045.0,35057.57,32711.0,33504.69,71708.266112,103.8,105.94,101.96,102.38,4300.72998046875,4320.66015625,4300.72998046875,4319.93994140625,3788230000,15.619999885559082,16.010000228881836,15.3100004196167,15.479999542236328,-0.0449475209203527,0.0052080414322547,0.9744061749642348,0.0399741759332872,0.9946698803200796,0.0975016787305042,0.963455573481336,0.0819590850694959,1.0238,0.1547999954223632,0.0493938250357652,0.114825819489076,0.0291301196799204,0.057298316691859,0.060344426518664,0.0728409103528673,1,0,1,stress
2021-07-02,33502.33,33977.04,32699.0,33786.55,56172.181378,102.38,103.34,98.72,99.23,4326.60009765625,4355.43017578125,4326.60009765625,4352.33984375,3225840000,15.529999732971191,15.539999961853027,14.25,15.06999969482422,0.0083773652682027,0.0074720958946916,0.9515430073357466,0.0411390452805127,0.9117932656865988,0.1010720592302344,0.9141738440031286,0.0795412923985442,0.9923,0.1506999969482422,0.0407569926642534,0.1095609516677295,0.0805067343134012,0.0496279377180078,0.0781261559968714,0.071158704549698,1,0,1,stress
2021-07-06,33690.15,35118.88,33532.0,34220.01,58210.596349,96.39,96.57,94.45,95.74,4356.4599609375,4356.4599609375,4314.3701171875,4343.5400390625,4309570000,15.770000457763672,17.940000534057617,15.729999542236328,16.440000534057617,0.0127477663906346,-0.0020239027700217,0.9361745416029263,0.0500025665540898,0.9182874336193544,0.1010791512873079,0.8848372423721736,0.0799326923152342,0.9574,0.1644000053405761,0.0212254583970735,0.1143974387864863,0.0391125663806455,0.0633208540532682,0.0725627576278262,0.0844673130253419,1,0,1,stress
2021-07-07,34220.02,35059.09,33777.77,33862.12,53807.521675,95.74,95.82,93.77,94.93,4351.009765625,4361.8798828125,4329.7900390625,4358.1298828125,4037380000,16.43000030517578,17.639999389648438,16.079999923706055,16.200000762939453,-0.0105135751956069,0.0033533465536629,0.6997330431743332,0.0500211006718167,0.9048140667526364,0.0959950706705178,0.8753790808434623,0.0761314848616703,0.9493,0.1620000076293945,0.2495669568256668,0.1119789069575778,0.0444859332473636,0.0660049369588767,0.0739209191565377,0.0858685227677242,1,0,1,stress
2021-07-08,33862.11,33929.64,32077.0,32875.71,70136.48032,95.19,95.84,93.22,94.43,4321.06982421875,4330.8798828125,4289.3701171875,4320.81982421875,4347500000,17.739999771118164,21.290000915527344,17.739999771118164,19.0,-0.0295628982722732,-0.0085978810095563,0.4639244732986882,0.0837562858681909,0.9089322219803952,0.1061144846854287,0.8781403201442448,0.0807965351735318,0.9443,0.19,0.4803755267013118,0.1062437141318091,0.0353677780196047,0.0838855153145713,0.0661596798557552,0.1092034648264682,1,0,1,stress
2021-07-09,32875.71,34100.0,32261.07,33815.81,47153.939899,94.43,95.11,90.64,90.89,4329.3798828125,4371.60009765625,4329.3798828125,4369.5498046875,3531120000,17.8799991607666,18.1299991607666,16.079999923706055,16.18000030517578,0.0281943573837486,0.0112148259024137,0.4156096010395489,0.1032262444795623,0.8908615306397226,0.0890034245864886,0.8795313295642734,0.0860024288248289,0.9089,0.1618000030517578,0.4932903989604511,0.0585737585721955,0.0180384693602774,0.0727965784652692,0.0293686704357266,0.0757975742269289,1,0,1,stress
2021-07-12,34259.0,34678.43,32658.34,33086.63,48181.403762,88.71,91.18,88.19,90.51,4372.41015625,4386.68017578125,4364.02978515625,4384.6298828125,3384460000,16.850000381469727,17.520000457763672,16.139999389648438,16.170000076293945,-0.0217991713167552,0.003445232695594,0.4116780271393609,0.1029416021792096,0.7080668619734883,0.0750384835884522,0.8800496757979448,0.0862132228165089,0.9051,0.1617000007629394,0.4934219728606391,0.0587583985837298,0.1970331380265116,0.0866615171744872,0.0250503242020552,0.0754867779464305,1,0,1,stress
2021-07-13,33086.94,33340.0,32202.25,32729.77,41126.361008,90.51,91.37,89.34,90.81,4381.06982421875,4392.3701171875,4366.919921875,4369.2099609375,3695430000,16.389999389648438,17.229999542236328,15.9399995803833,17.1200008392334,-0.0108442119936659,-0.0035230111811655,0.3257617199969906,0.1078176658487908,0.7008318395679252,0.0784195662829488,0.8533221127551065,0.0873872999989422,0.9081,0.1712000083923339,0.5823382800030095,0.0633823425435431,0.2072681604320748,0.0927804421093851,0.0547778872448935,0.0838127083933917,1,0,1,stress
2021-07-14,32729.12,33114.03,31550.0,32820.02,46777.823484,90.81,91.28,86.64,86.97,4380.10986328125,4393.68017578125,4362.35986328125,4374.2998046875,4006370000,17.34000015258789,17.510000228881836,15.949999809265137,16.329999923706055,0.0027536337500608,0.0011642565654693,0.3189399096242111,0.099781350330061,0.6828475498746538,0.0772573412796569,0.8483606694908743,0.0872264146225066,0.8697,0.1632999992370605,0.550760090375789,0.0635186489069995,0.1868524501253462,0.0860426579574036,0.0213393305091257,0.0760735846145539,1,0,1,stress
2021-07-15,32820.03,33185.25,31133.0,31880.0,51639.576353,86.97,87.05,84.27,85.55,4369.02001953125,4369.02001953125,4340.7001953125,4360.02978515625,3905230000,16.700000762939453,18.09000015258789,16.559999465942383,17.010000228881836,-0.0290598411242663,-0.0032675735627459,0.3245257497311508,0.1014817432637941,0.6765819740878464,0.0786305569169708,0.8473588203081558,0.0882401791995392,0.8554999999999999,0.1701000022888183,0.5309742502688491,0.0686182590250242,0.1789180259121535,0.0914694453718475,0.0081411796918441,0.0818598230892791,1,0,1,stress
2021-07-16,31874.49,32249.18,31020.0,31383.87,48499.864154,85.55,86.32,82.37,82.59,4367.43017578125,4375.08984375,4322.52978515625,4327.16015625,3985700000,16.799999237060547,18.700000762939453,16.030000686645508,18.450000762939453,-0.015684787261425,-0.0075674150068132,0.3262684943581752,0.1096011497640607,0.5517968338831608,0.0869966429010821,0.834800027690323,0.0908042638506493,0.8259000000000001,0.1845000076293945,0.4996315056418249,0.0748988578653338,0.2741031661168392,0.0975033647283124,-0.0089000276903229,0.0936957437787452,1,0,1,stress
2021-07-19,31778.57,31899.0,30407.44,30839.65,47340.468499,83.52,88.52,83.3,88.46,4296.39990234375,4296.39990234375,4233.1298828125,4258.490234375,5157660000,19.61000061035156,25.09000015258789,19.270000457763672,22.5,-0.0174928669273953,-0.0159967813999839,0.3045173168538302,0.1367247086401017,0.3774678367784092,0.1118409881113856,0.8183964726527492,0.1003577654249322,0.8845999999999999,0.225,0.5800826831461697,0.0882752913598983,0.5071321632215907,0.1131590118886144,0.0662035273472507,0.1246422345750678,1,0,1,stress
2021-07-20,30839.65,31063.07,29278.0,29790.35,61034.049017,88.46,92.68,88.1,91.49,4265.10986328125,4336.83984375,4262.0498046875,4323.06005859375,4438270000,20.88999938964844,22.969999313354492,19.3700008392334,19.729999542236328,-0.034616684167991,0.0150488060047999,0.1944573141758257,0.1533072793838975,0.3214307107516628,0.1300082190292856,0.7808892716715822,0.109084775199149,0.9149,0.1972999954223633,0.7204426858241743,0.0439927160384658,0.5934692892483371,0.0672917763930776,0.1340107283284177,0.0882152202232142,1,0,1,stress
2021-07-21,29790.34,32858.0,29482.61,32144.51,82796.265128,91.49,91.49,86.96,87.86,4331.1298828125,4359.7001953125,4331.1298828125,4358.68994140625,3810280000,19.729999542236328,19.81999969482422,17.809999465942383,17.90999984741211,0.0760571584840489,0.008208041662144,0.5934553921115542,0.1622019021664228,0.4918370931596043,0.1340527081823882,0.8145614581508561,0.1111794490149486,0.8786,0.179099998474121,0.2851446078884458,0.0168980963076982,0.3867629068403957,0.0450472902917328,0.0640385418491439,0.0679205494591724,1,0,1,stress
2021-07-22,32144.51,32591.35,31708.0,32287.83,46148.092433,87.86,87.86,84.31,84.64,4361.27001953125,4369.8701171875,4350.06005859375,4367.47998046875,3358300000,17.59000015258789,18.450000762939453,17.399999618530273,17.690000534057617,0.0044487049941116,0.0020146392092429,0.5932786193951636,0.1617681922879742,0.459960871003106,0.1327928110586447,0.7390390128667953,0.1108818984253731,0.8464,0.1769000053405761,0.2531213806048364,0.0151318130526019,0.386439128996894,0.0441071942819314,0.1073609871332047,0.066018106915203,1,0,1,stress
2021-07-23,32287.58,33650.0,31924.32,33634.09,50112.863626,84.64,84.74,79.9,81.75,4381.2001953125,4415.18017578125,4381.2001953125,4411.7900390625,4540070000,16.979999542236328,17.479999542236328,16.329999923706055,17.200000762939453,0.0408497569173238,0.0100943323862544,0.6474979033489021,0.1730768364024712,0.4943859366666912,0.1357860602513095,0.7493483529201334,0.1134705645461262,0.8175,0.1720000076293945,0.1700020966510979,-0.0010768287730766,0.3231140633333088,0.036213947378085,0.0681516470798666,0.0585294430832683,1,0,1,stress
2021-07-26,35381.02,40550.0,35205.78,37237.6,152452.512724,83.9,91.63,83.9,87.68,4409.580078125,4422.72998046875,4405.4501953125,4422.2998046875,4275630000,18.670000076293945,19.38999938964844,17.530000686645508,17.579999923706055,0.1017788675400285,0.0023793669227295,0.8232129454408296,0.1702213592797756,0.6574277292568359,0.1351884556523993,0.8068298731777915,0.1134979196917305,0.8768,0.1757999992370605,0.0535870545591704,0.0055786399572849,0.2193722707431641,0.0406115435846612,0.0699701268222084,0.06230207954533,1,0,1,stress
2021-07-27,37241.33,39542.61,36383.0,39457.87,88397.267015,87.68,91.84,84.94,91.84,4416.3798828125,4416.3798828125,4372.509765625,4401.4599609375,4241950000,18.6200008392334,20.440000534057617,18.25,19.36000061035156,0.0579145169242299,-0.004723583382178,0.7990760860094154,0.1642400635115632,0.6874512369151414,0.1371206155019519,0.7884783980050544,0.1148367843715804,0.9184,0.1936000061035155,0.1193239139905846,0.0293599425919523,0.2309487630848585,0.0564793906015636,0.1299216019949456,0.0787632217319351,1,0,1,stress
2021-07-28,39456.61,40900.0,38772.0,40019.56,101344.528441,91.84,96.55,91.84,95.68,4402.9501953125,4415.47021484375,4387.009765625,4400.64013671875,4215290000,19.40999984741211,19.6200008392334,17.520000457763672,18.309999465942383,0.0141348141674527,-0.0001862792315527,0.7356426645077222,0.1072319805010483,0.6620951777807704,0.1305424734708924,0.7892364435940382,0.1145242109507703,0.9568,0.1830999946594238,0.2211573354922779,0.0758680141583755,0.2947048222192296,0.0525575211885314,0.1675635564059618,0.0685757837086535,1,0,1,stress
2021-07-29,40019.57,40640.0,39200.0,40016.48,53998.439283,95.68,95.76,91.62,93.24,4403.58984375,4429.97021484375,4403.58984375,4419.14990234375,4044600000,17.90999984741211,18.010000228881836,17.190000534057617,17.700000762939453,-7.696532715802908e-05,0.0041973318452726,0.6129308411956231,0.0793489384900535,0.6612478105791422,0.1234193393963779,0.7772953378356214,0.1130934702181324,0.9324,0.1770000076293945,0.3194691588043767,0.097651069139341,0.2711521894208577,0.0535806682330166,0.1551046621643784,0.0639065374112621,1,0,1,stress
2021-07-30,40018.49,42316.71,38313.23,42206.37,73602.784805,93.24,94.19,86.32,93.49,4395.1201171875,4412.25,4389.64990234375,4395.259765625,3956740000,19.690000534057617,19.719999313354492,17.530000686645508,18.239999771118164,0.053279788252541,-0.0054207136082611,0.5740229345920074,0.0847446644964387,0.6635174884755736,0.125459687970436,0.7911667362739948,0.1147486602101344,0.9349,0.1823999977111816,0.3608770654079926,0.0976553332147429,0.2713825115244264,0.0569403097407456,0.1437332637260051,0.0676513375010472,1,0,1,stress
2021-08-02,39850.27,40480.01,38690.0,39147.82,50837.351954,89.3,91.09,88.07,88.52,4406.85986328125,4422.18017578125,4384.81005859375,4387.16015625,3724090000,18.15999984741211,19.8700008392334,17.989999771118164,19.459999084472656,-0.0752264199008169,-0.0018445056700603,0.8880515644484375,0.0863229196197068,0.7650734811998072,0.1247009754496089,0.8018621353278881,0.1066660814126916,0.8852,0.1945999908447265,-0.0028515644484374,0.1082770712250197,0.1201265188001927,0.0698990153951176,0.0833378646721119,0.0879339094320349,1,0,1,stress
2021-08-03,39146.86,39780.0,37642.03,38207.05,57117.435853,88.52,91.4,88.35,89.04,4392.740234375,4423.7900390625,4373.0,4423.14990234375,3965190000,19.170000076293945,20.440000534057617,17.700000762939453,18.040000915527344,-0.0243246840587875,0.008169961338918,0.9319809525106728,0.0778271420862212,0.7804305707050422,0.129114097177888,0.7099923777370047,0.102173709575935,0.8904000000000001,0.1804000091552734,-0.0415809525106727,0.1025728670690522,0.1099694292949579,0.0512859119773854,0.1804076222629953,0.0782262995793384,0,0,0,normal
2021-08-04,38207.04,39969.66,37508.56,39723.18,52329.35243,89.04,92.15,88.9,91.94,4415.9501953125,4416.169921875,4400.22998046875,4402.66015625,4260760000,18.229999542236328,18.899999618530273,17.670000076293945,17.969999313354492,0.0389148428370904,-0.0046431506612954,0.7546998935617498,0.0815203675864741,0.7661926314735608,0.1300810300799481,0.713559708567856,0.1031091316051737,0.9194,0.1796999931335449,0.1647001064382501,0.0981796255470708,0.1532073685264392,0.0496189630535968,0.205840291432144,0.0765908615283712,0,0,0,normal
2021-08-05,39723.17,41350.0,37332.7,40862.46,84343.755621,91.94,96.61,91.45,96.09,4408.85986328125,4429.759765625,4408.85986328125,4429.10009765625,3769410000,17.729999542236328,17.84000015258789,17.229999542236328,17.280000686645508,0.0282768967619541,0.0059874859904191,0.6928152579772527,0.0842489499685232,0.7538756453748623,0.1260408720812998,0.7113945161178888,0.1037801818399653,0.9609,0.172800006866455,0.2680847420227473,0.0885510568979318,0.2070243546251378,0.0467591347851552,0.2495054838821112,0.0690198250264897,0,0,0,normal
2021-08-06,40862.46,43392.43,39853.86,42836.87,75753.941347,96.09,96.09,90.97,93.62,4429.06982421875,4440.81982421875,4429.06982421875,4436.52001953125,3451870000,17.459999084472656,17.5,16.139999389648438,16.149999618530273,0.0471873871947704,0.0016738645485288,0.7380329652825588,0.0839857547860376,0.7433003706593989,0.0969967621360049,0.7183696659833778,0.1029617243210817,0.9362,0.1614999961853027,0.1981670347174412,0.0775142413992651,0.1928996293406011,0.0645032340492978,0.2178303340166222,0.058538271864221,0,0,0,normal
2021-08-09,43794.36,46454.15,42779.0,46253.4,74587.884845,95.99,107.37,95.78,106.97,4437.77001953125,4439.39013671875,4424.740234375,4432.35009765625,3449280000,17.1200008392334,17.389999389648438,16.59000015258789,16.719999313354492,0.076735794417969,-0.0009403502649549,0.8330039703705601,0.081811153606463,0.7245105388679294,0.0805914548272292,0.6803550989096834,0.1029758271933957,1.0697,0.1671999931335449,0.23669602962944,0.0853888395270819,0.3451894611320707,0.0866085383063157,0.3893449010903167,0.0642241659401492,0,0,0,normal
2021-08-10,46248.87,46700.0,44589.46,45584.99,53814.643421,106.97,108.01,103.35,103.35,4435.7900390625,4445.2099609375,4430.02978515625,4436.75,3886610000,16.81999969482422,17.049999237060547,16.34000015258789,16.790000915527344,-0.0145564791035267,0.0009921869538634,0.8208930348199195,0.0708801868076365,0.7182735472304576,0.0750658367252913,0.6456382229928269,0.1029185759264217,1.0335,0.1679000091552734,0.2126069651800803,0.0970198223476369,0.3152264527695423,0.0928341724299821,0.3878617770071729,0.0649814332288517,0,0,0,normal
2021-08-11,45585.0,46743.47,45341.14,45511.0,52734.901977,103.35,103.64,100.33,100.53,4442.18017578125,4449.43994140625,4436.419921875,4442.41015625,3532560000,16.809999465942383,17.09000015258789,16.06999969482422,16.170000076293945,-0.0016244406865866,0.0012749307180154,0.5794647425858891,0.0673742404658133,0.7220861845505528,0.0749887586037124,0.6395676764833034,0.1028885043746503,1.0053,0.1617000007629394,0.425835257414111,0.0943257602971261,0.2832138154494472,0.086711242159227,0.3657323235166967,0.0588114963882891,0,0,0,normal
2021-08-12,45510.67,46218.12,43770.0,44399.0,55266.108781,100.52,101.79,97.55,98.06,4446.080078125,4461.77001953125,4435.9599609375,4460.830078125,3375310000,16.329999923706055,16.420000076293945,15.489999771118164,15.59000015258789,-0.0247371083178277,0.0041378077354786,0.5808386919381231,0.0544330582368342,0.7465336093697089,0.0648958287767016,0.6397027131066677,0.103252460461237,0.9806,0.1559000015258789,0.3997613080618769,0.1014669432890447,0.2340663906302911,0.0910041727491773,0.3408972868933323,0.0526475410646419,0,0,0,normal
2021-08-13,44400.06,47886.0,44217.39,47800.0,48239.370431,98.06,100.95,93.79,100.3,4464.83984375,4468.3701171875,4460.81982421875,4468.0,3016470000,15.68000030517578,15.720000267028809,15.1899995803833,15.449999809265137,0.0738086928353895,0.0016060163209228,0.6575543850051179,0.0359913943243682,0.6946473152213613,0.0646109050451911,0.6470252285055561,0.1025761497067917,1.003,0.1544999980926513,0.345445614994882,0.1185086037682831,0.3083526847786386,0.0898890930474602,0.3559747714944438,0.0519238483858596,0,0,0,normal
2021-08-16,46973.82,48053.83,45660.0,45901.29,52480.574014,98.69,99.38,97.61,98.3,4461.64990234375,4480.259765625,4437.66015625,4479.7099609375,3370640000,17.049999237060547,17.709999084472656,16.020000457763672,16.1200008392334,-0.0405324182506735,0.0026174222619943,0.7695579216984462,0.0245976775938849,0.7099435467528541,0.0599269355904029,0.6645924496335199,0.1009167184270241,0.983,0.1612000083923339,0.2134420783015538,0.136602330798449,0.2730564532471459,0.101273072801931,0.31840755036648,0.0602832899653098,0,0,0,normal
2021-08-17,45901.3,47160.0,44376.0,44695.95,57039.341629,98.3,98.54,95.22,96.68,4462.1201171875,4462.1201171875,4417.830078125,4448.080078125,3836960000,17.309999465942383,19.559999465942383,16.709999084472656,17.90999984741211,-0.026610327758852,-0.0070857435071379,0.7737827499124538,0.0577063078585862,0.7270775124888331,0.0695312991958133,0.6730247574786702,0.1032571533271382,0.9668,0.179099998474121,0.1930172500875463,0.1213936906155348,0.2397224875111669,0.1095686992783077,0.2937752425213299,0.0758428451469828,0,0,0,normal
2021-08-18,44695.95,46000.0,44203.28,44705.29,54099.415985,96.67,97.81,94.16,95.81,4440.93994140625,4454.31982421875,4397.58984375,4400.27001953125,3755590000,17.559999465942383,21.63999938964844,17.309999465942383,21.56999969482422,0.000208945648494,-0.0108066528452543,0.5960747540452448,0.0890046644256861,0.72701776262137,0.0830103099889087,0.6710513567553703,0.1082411649686891,0.9581,0.2156999969482421,0.3620252459547552,0.1266953325225561,0.2310822373786301,0.1326896869593334,0.2870486432446297,0.107458831979553,0,0,0,normal
2021-08-19,44699.37,47033.0,43927.7,46760.62,53411.75392,95.81,96.27,93.15,94.5,4382.43994140625,4418.60986328125,4367.72998046875,4405.7998046875,4398410000,23.1200008392334,24.739999771118164,20.3700008392334,21.670000076293945,0.0449495565754806,0.0012559032561569,0.6590360934295462,0.0892709402573028,0.7177414686758843,0.0798067933640261,0.668336105299826,0.1049020012301318,0.945,0.2167000007629394,0.2859639065704538,0.1274290605056366,0.2272585313241156,0.1368932073989133,0.2766638947001739,0.1117979995328076,0,0,0,normal
2021-08-20,46760.62,49382.99,46622.99,49322.47,56850.352228,94.5,95.39,91.5,93.06,4410.56005859375,4444.35009765625,4406.7998046875,4441.669921875,3652610000,22.739999771118164,23.899999618530273,18.18000030517578,18.559999465942383,0.0533383624332684,0.0081086038907417,0.7202689316617892,0.1046726758577783,0.63343165775111,0.085875018622793,0.6776227253674288,0.102543184526519,0.9306,0.1855999946594238,0.2103310683382108,0.0809273188016455,0.29716834224889,0.0997249760366308,0.2529772746325711,0.0830568101329048,0,0,0,normal
2021-08-23,49239.22,50500.0,49029.0,49488.85,52462.541954,94.83,95.28,92.94,93.64,4450.2900390625,4489.8798828125,4450.2900390625,4479.52978515625,3576530000,18.829999923706055,18.950000762939453,16.950000762939453,17.149999618530273,0.0033676335311037,0.0084876679844121,0.6794846880447827,0.1147089366770918,0.6092673933739875,0.0864066145191694,0.670414260564807,0.1047987778330546,0.9364,0.1714999961853027,0.2569153119552173,0.0567910595082109,0.3271326066260125,0.0850933816661333,0.265985739435193,0.0667012183522481,0,0,0,normal
2021-08-24,49488.85,49860.0,47600.0,47674.01,51014.594748,93.64,93.72,90.98,92.85,4484.39990234375,4492.81005859375,4482.27978515625,4486.22998046875,3979220000,16.959999084472656,17.510000228881836,16.940000534057617,17.219999313354492,-0.0373610060057764,0.001494618801962,0.6017905788759185,0.1146697465291295,0.6445955172894564,0.0826078200279263,0.6830402219347902,0.1040423386663245,0.9285,0.1721999931335449,0.3267094211240815,0.0575302466044154,0.2839044827105436,0.0895921731056186,0.2454597780652098,0.0681576544672204,0,0,0,normal
2021-08-25,47674.01,49264.3,47126.28,48973.32,44655.830342,92.85,93.78,90.22,93.62,4490.4501953125,4501.7099609375,4485.66015625,4496.18994140625,3444700000,17.420000076293945,17.5,16.459999084472656,16.790000915527344,0.0268892743558539,0.0022176574032508,0.5462413996400907,0.1143964315691643,0.6439859646927691,0.0800067000428544,0.6836180018118059,0.1041120295953511,0.9362,0.1679000091552734,0.3899586003599093,0.0535035775861091,0.2922140353072309,0.087893309112419,0.2525819981881941,0.0637879795599223,0,0,0,normal
2021-08-26,48973.32,49352.84,46250.0,46843.87,49371.277774,93.62,94.46,88.82,93.87,4493.75,4495.89990234375,4468.990234375,4470.0,3263980000,17.459999084472656,19.270000457763672,17.15999984741211,18.84000015258789,-0.0444555030189138,-0.0058419498276026,0.6029969032305613,0.1111175952634984,0.6664733285796618,0.0851058956996414,0.6933034538990256,0.1052718745303361,0.9387,0.1884000015258789,0.3357030967694387,0.0772824062623805,0.2722266714203383,0.1032941058262375,0.2453965461009745,0.0831281269955428,0,0,0,normal
2021-08-27,46843.86,49149.93,46348.0,49069.9,42068.104965,93.87,94.35,87.96,90.92,4474.10009765625,4513.330078125,4474.10009765625,4509.3701171875,3331200000,17.950000762939453,18.219999313354492,16.110000610351562,16.389999389648438,0.0464256551873065,0.0087690715404522,0.6444225609183636,0.0849578190723303,0.6148631603145865,0.0915631351822507,0.6944757907301222,0.1045930607130809,0.9092,0.1638999938964843,0.2647774390816364,0.078942174824154,0.2943368396854134,0.0723368587142336,0.2147242092698777,0.0593069331834034,0,0,0,normal
2021-08-30,48767.84,48888.61,46853.0,46982.91,40288.35083,90.6,92.09,89.26,92.08,4513.759765625,4537.35986328125,4513.759765625,4528.7900390625,3168660000,16.770000457763672,16.799999237060547,15.979999542236328,16.190000534057617,-0.0434618936306187,0.0042973241068746,0.6794757932775769,0.083533387744771,0.6435373140288416,0.0924656513345625,0.7089290852071662,0.090952275731007,0.9208,0.1619000053405761,0.241324206722423,0.0783666175958051,0.2772626859711583,0.0694343540060136,0.2118709147928337,0.0709477296095691,0,0,0,normal
2021-08-31,46982.91,48246.11,46700.0,47100.89,48645.52737,92.08,92.36,90.89,91.08,4529.75,4531.39013671875,4515.7998046875,4522.68017578125,4290710000,15.979999542236328,17.06999969482422,15.90999984741211,16.479999542236328,0.0025079782457921,-0.0013500269158932,0.5743280743807101,0.0829529784590593,0.6433053289715639,0.0932385739025791,0.6948158020894722,0.0826255104969302,0.9108,0.1647999954223633,0.3364719256192898,0.0818470169633039,0.267494671028436,0.0715614215197841,0.2159841979105277,0.082174484925433,0,0,0,normal
2021-09-01,47100.89,49156.0,46512.0,48810.52,49904.65528,91.08,94.08,90.96,93.65,4528.7998046875,4537.10986328125,4522.02001953125,4524.08984375,4057340000,16.059999465942383,16.709999084472656,15.68000030517578,16.110000610351562,0.0356539665870315,0.0003116400609533,0.6279878132310229,0.0723312359896817,0.6448482719298576,0.0923736615010368,0.6736452915269571,0.0801923706254155,0.9365,0.1611000061035156,0.3085121867689772,0.0887687701138339,0.2916517280701425,0.0687263446024788,0.262854708473043,0.0809076354781001,0,0,0,normal
2021-09-02,48810.51,50450.13,48584.06,49246.64,54410.770538,93.65,97.1,92.82,92.82,4534.47998046875,4545.85009765625,4524.66015625,4536.9501953125,3735990000,16.270000457763672,16.979999542236328,15.729999542236328,16.40999984741211,0.0088952785436187,0.0028386057544042,0.5778317491120231,0.0728418188924079,0.5682914473319569,0.0926764337917339,0.673224976510035,0.0802968905429476,0.9282,0.1640999984741211,0.3503682508879768,0.0912581795817132,0.359908552668043,0.0714235646823872,0.2549750234899649,0.0838031079311735,0,0,0,normal
2021-09-03,49246.63,51000.0,48316.84,49999.14,59025.644157,92.82,92.98,89.6,90.15,4532.419921875,4541.4501953125,4521.2998046875,4535.43017578125,3217530000,16.270000457763672,17.059999465942383,16.079999923706055,16.40999984741211,0.0151646633396987,-0.0003350872611813,0.5629584260015941,0.0735484643224833,0.5354180263832257,0.0925820553021812,0.6684460423985767,0.0759053990451547,0.9015,0.1640999984741211,0.338541573998406,0.0905515341516378,0.3660819736167744,0.0715179431719399,0.2330539576014233,0.0881945994289664,0,0,0,normal
2021-09-07,52666.2,52920.0,42843.05,46863.73,123048.802719,92.86,97.38,90.7,95.16,4535.3798828125,4535.3798828125,4513.0,4520.02978515625,3822960000,16.940000534057617,18.38999938964844,16.889999389648438,18.13999938964844,-0.0647617765634405,-0.0034013524523203,0.6423760386610298,0.0645883802380181,0.601053969369139,0.0876214736276467,0.650742940778066,0.0767844181625077,0.9516,0.1813999938964844,0.3092239613389702,0.1168116136584663,0.350546030630861,0.0937785202688377,0.3008570592219339,0.1046155757339767,0,0,0,normal
2021-09-08,46868.57,47340.99,44412.02,46048.31,65069.3152,95.16,95.75,90.89,92.31,4518.08984375,4521.7900390625,4493.9501953125,4514.06982421875,3750880000,18.969999313354492,19.63999938964844,17.780000686645508,17.959999084472656,-0.0175529659288582,-0.0013194368138166,0.5575203605753435,0.041855629334402,0.6075609221367425,0.0700090733119001,0.6367104894264234,0.0753035585749148,0.9231,0.1795999908447265,0.3655796394246565,0.1377443615103245,0.3155390778632575,0.1095909175328264,0.2863895105735766,0.1042964322698117,0,0,0,normal
2021-09-09,46048.31,47399.97,45513.08,46395.14,50651.66002,92.31,92.68,90.8,91.95,4513.02001953125,4529.89990234375,4492.06982421875,4493.27978515625,3735390000,19.440000534057617,19.540000915527344,17.170000076293945,18.799999237060547,0.0075036495792122,-0.0046162471500025,0.5070924376216107,0.0388071904376767,0.5763537617332125,0.0751747055934628,0.6361870765889318,0.0769067423797824,0.9195,0.1879999923706054,0.4124075623783892,0.1491928019329287,0.3431462382667875,0.1128252867771426,0.2833129234110682,0.111093249990823,0,0,0,normal
2021-09-10,46395.14,47033.0,44132.29,44850.91,49048.26618,91.95,92.11,89.09,90.57,4506.919921875,4520.47021484375,4457.66015625,4458.580078125,3623180000,17.940000534057617,21.1299991607666,16.989999771118164,20.950000762939453,-0.0338508342130965,-0.0077525522862761,0.5399823670387587,0.0557044160007276,0.5355622072182277,0.0778267658223447,0.6459513453519107,0.0799167027803792,0.9057,0.2095000076293945,0.3657176329612412,0.1537955916286669,0.3701377927817723,0.1316732418070498,0.2597486546480892,0.1295833048490153,0,0,0,normal
2021-09-13,46025.23,46880.0,43370.0,44940.73,65429.15056,92.13,93.55,91.46,92.14,4474.81005859375,4492.990234375,4445.7001953125,4468.72998046875,3914220000,19.63999938964844,21.18000030517578,18.760000228881836,19.3700008392334,0.0020006323519413,0.0022739003463696,0.4602129823765096,0.0602419129407281,0.5350909039870587,0.0690846149275558,0.6286865104150978,0.0782273997890685,0.9214,0.1937000083923339,0.4611870176234904,0.1334580954516058,0.3863090960129413,0.1246153934647781,0.2927134895849022,0.1154726086032654,0,0,0,normal
2021-09-14,44940.72,47250.0,44594.44,47111.52,44855.85099,92.14,92.38,90.53,90.9,4479.330078125,4485.68017578125,4435.4599609375,4443.0498046875,3670460000,19.579999923706055,20.469999313354492,18.38999938964844,19.459999084472656,0.0471730465973742,-0.0057632139662586,0.5754003507069139,0.0545054812125983,0.5613143236527192,0.0724691866913333,0.5971752754920774,0.080073537858428,0.909,0.1945999908447265,0.3335996492930861,0.1400945096321282,0.3476856763472808,0.1221308041533932,0.3118247245079226,0.1145264529862985,0,0,0,normal
2021-09-15,47103.28,48500.0,46682.32,48121.41,43204.71174,90.9,91.03,89.48,90.32,4447.490234375,4486.8701171875,4438.3701171875,4480.7001953125,4032020000,19.299999237060547,20.270000457763672,18.010000228881836,18.18000030517578,0.0212096353194695,0.0084382942220797,0.5859322139090175,0.0877310500438075,0.5563693499150885,0.0815460331643492,0.5915239721643848,0.08030260651439,0.9032,0.1818000030517578,0.3172677860909824,0.0940689530079503,0.3468306500849114,0.1002539698874086,0.3116760278356151,0.1014973965373678,0,0,0,normal
2021-09-16,48121.4,48557.0,47021.1,47737.82,40725.08895,90.32,90.61,84.03,84.17,4477.08984375,4485.8701171875,4443.7998046875,4473.75,3984560000,18.40999984741211,19.760000228881836,17.649999618530273,18.690000534057617,-0.008003236568181,-0.0015523447127638,0.4202350748429685,0.0869534661726867,0.5219295074360816,0.0777844403026628,0.5856030379765698,0.0790961186209654,0.8417,0.1869000053405761,0.4214649251570315,0.0999465391678894,0.3197704925639184,0.1091155650379133,0.2560969620234302,0.1078038867196107,0,0,0,normal
2021-09-17,47737.81,48150.0,46699.56,47299.98,34461.92776,84.17,84.22,81.2,82.35,4469.740234375,4471.52001953125,4427.759765625,4432.990234375,7289530000,18.3700008392334,21.510000228881836,18.350000381469727,20.809999465942383,-0.0092140831898283,-0.0091526302757993,0.4061482082547675,0.0983392452379911,0.4805225329755807,0.0760300359547562,0.5833567786776448,0.0821383329483404,0.8234999999999999,0.2080999946594238,0.4173517917452324,0.1097607494214327,0.3429774670244192,0.1320699587046676,0.2401432213223551,0.1259616617110834,0,0,0,normal
2021-09-20,47241.75,47347.25,42500.0,43015.62,78003.524443,85.72,92.4,85.08,91.76,4402.9501953125,4402.9501953125,4305.91015625,4357.72998046875,4898070000,24.25,28.790000915527344,23.899999618530273,25.709999084472656,-0.0949465671187207,-0.0171230777263818,0.714989598517059,0.1320274964157834,0.60010607656898,0.0972497317010873,0.636778424692551,0.0957986508603864,0.9176,0.2570999908447265,0.202610401482941,0.1250724944289431,0.3174939234310201,0.1598502591436392,0.2808215753074491,0.1613013399843401,0,0,0,normal
2021-09-21,43016.64,43639.0,39600.0,40734.38,84534.080485,91.24,96.41,91.15,96.26,4374.4501953125,4394.8701171875,4347.9599609375,4354.18994140625,3920920000,23.40999984741211,25.600000381469727,21.709999084472656,24.36000061035156,-0.054490852225822,-0.0008126886585469,0.752664180568282,0.1311361649091201,0.631775096207314,0.0974262657458992,0.612739022435633,0.0957953928488748,0.9626,0.2436000061035156,0.209935819431718,0.1124638411943954,0.330824903792686,0.1461737403576163,0.3498609775643669,0.1478046132546407,0,0,0,normal
2021-09-22,40734.09,44000.55,40565.39,43543.61,58349.05542,96.26,96.8,88.51,88.73,4367.43017578125,4416.75,4367.43017578125,4395.64013671875,3939170000,22.719999313354492,23.399999618530273,20.75,20.8700008392334,0.0666905113136797,0.00947458522422,0.8959688846313272,0.1499527838794638,0.6869213235097335,0.1098964167571472,0.6452322182749421,0.1000741648652641,0.8873000000000001,0.208700008392334,-0.008668884631327,0.0587472245128701,0.2003786764902666,0.0988035916351867,0.2420677817250579,0.1086258435270698,0,0,0,normal
2021-09-23,43546.37,44978.0,43069.09,44865.26,48699.57655,88.73,89.48,83.29,83.84,4406.75,4465.39990234375,4406.75,4448.97998046875,3916350000,19.90999984741211,20.209999084472656,18.420000076293945,18.6299991607666,0.0299008112625428,0.0120616803699359,0.8593674806328359,0.169771067586292,0.7026300914531969,0.1239316643418811,0.6516284207289608,0.106251535574763,0.8384,0.186299991607666,-0.0209674806328358,0.016528924021374,0.1357699085468031,0.0623683272657849,0.1867715792710392,0.080048456032903,0,0,0,normal
2021-09-24,44865.26,45200.0,40675.0,42810.57,84113.426292,83.84,91.7,79.91,86.92,4438.0400390625,4463.1201171875,4430.27001953125,4455.47998046875,3384290000,19.329999923706055,20.40999984741211,17.6299991607666,17.75,-0.0468787411821704,0.0014599428113642,0.8626621900650551,0.1604389089257665,0.7144873815959943,0.1244631133780071,0.6618711433572007,0.1056378063377968,0.8692,0.1775,0.0065378099349449,0.0170610910742334,0.1547126184040056,0.0530368866219928,0.2073288566427993,0.0718621936622031,0,0,0,normal
2021-09-27,43160.9,44350.0,42098.0,42147.35,39776.84383,89.12,89.55,86.0,89.25,4442.1201171875,4457.2998046875,4436.18994140625,4443.10986328125,4058650000,17.780000686645508,19.31999969482422,17.739999771118164,18.760000228881836,-0.0156132229427885,-0.0027802439201876,0.8606437842480176,0.1608473354397076,0.6720850776111049,0.1242847401934568,0.6234175394005429,0.1058086942342514,0.8925,0.1876000022888183,0.0318562157519823,0.0267526668491107,0.220414922388895,0.0633152620953615,0.269082460599457,0.0817913080545669,0,0,0,normal
2021-09-28,42147.35,42787.38,40888.0,41026.54,43372.2624,89.25,93.27,87.76,92.27,4419.5400390625,4419.5400390625,4346.330078125,4352.6298828125,4416550000,19.739999771118164,24.81999969482422,19.709999084472656,23.25,-0.0269526374133869,-0.020574317739894,0.8597977611279904,0.1959784135578236,0.6759617539420351,0.1489629253022621,0.617756111291536,0.120761974424541,0.9227,0.2325,0.0629022388720095,0.0365215864421764,0.2467382460579649,0.0835370746977379,0.304943888708464,0.111738025575459,0,0,0,normal
2021-09-29,41025.01,42590.0,40753.88,41524.28,33511.53487,92.27,92.83,90.23,91.77,4362.41015625,4385.56982421875,4355.080078125,4359.4599609375,3712660000,22.06999969482422,23.790000915527344,21.450000762939453,22.559999465942383,0.012059142038448,0.0015679543362838,0.693358421592839,0.1679389984582122,0.6782918116193662,0.1496504809495698,0.6154795298836793,0.1195454222444691,0.9177,0.2255999946594238,0.2243415784071609,0.0576609962012116,0.2394081883806337,0.075949513709854,0.3022204701163207,0.1060545724149547,0,0,0,normal
2021-09-30,41524.29,44141.37,41410.17,43824.1,46381.22781,91.77,92.74,89.42,90.97,4370.669921875,4382.5498046875,4306.240234375,4307.5400390625,4448140000,21.479999542236328,24.709999084472656,20.600000381469727,23.13999938964844,0.0539055779762114,-0.0119812029450149,0.673409116228872,0.1830563191158219,0.7144836346184925,0.1537336876658866,0.6368042230822739,0.1204557925149898,0.9097,0.2313999938964844,0.2362908837711279,0.0483436747806625,0.1952163653815074,0.0776663062305978,0.272895776917726,0.1109442013814946,0,0,0,normal
2021-10-01,43820.01,48495.0,43283.03,48141.61,66244.87492,90.97,91.54,82.64,85.84,4317.16015625,4375.18994140625,4288.52001953125,4357.0400390625,4010370000,24.780000686645508,24.88999938964844,20.850000381469727,21.100000381469727,0.0939629815441862,0.0114259521133341,0.7804546726674383,0.1882868955410898,0.8220371647865626,0.1637742129982553,0.6815814310989934,0.1254028430080843,0.8584,0.2110000038146972,0.0779453273325617,0.0227131082736074,0.0363628352134374,0.0472257908164419,0.1768185689010066,0.0855971608066129,0,0,0,normal
2021-10-04,48200.01,49536.12,46891.0,49224.94,46796.49372,85.56,89.94,85.18,89.62,4348.83984375,4355.509765625,4278.93994140625,4300.4599609375,4307870000,22.899999618530273,24.579999923706055,21.8799991607666,22.959999084472656,0.0222535297146109,-0.0130709520486437,0.7753833528989404,0.1733992749409263,0.8038011648892485,0.1700112772700978,0.6666174855636922,0.1279557770833673,0.8962,0.2295999908447265,0.1208166471010595,0.0562007159038002,0.0923988351107515,0.0595887135746287,0.2295825144363078,0.1016442137613592,0,0,0,normal
2021-10-05,49224.93,51886.3,49022.4,51471.99,52125.66793,89.62,92.81,88.5,92.68,4309.8701171875,4369.22998046875,4309.8701171875,4345.72021484375,3902890000,22.920000076293945,23.170000076293945,20.6200008392334,21.299999237060547,0.0446373705846586,0.0104695174986015,0.6637094985654075,0.1943327505649663,0.8199957189151684,0.1727023065477685,0.6790790826261546,0.1293642514633171,0.9268,0.2129999923706054,0.2630905014345925,0.0186672418056391,0.1068042810848316,0.0402976858228369,0.2477209173738455,0.0836357409072883,0,0,0,normal
2021-10-06,51471.99,55750.0,50382.41,55315.0,79877.545181,92.68,92.7,88.61,89.38,4319.56982421875,4365.56982421875,4290.490234375,4363.5498046875,4009630000,22.950000762939453,24.399999618530273,20.989999771118164,21.0,0.072006343270608,0.0040943993496248,0.6389407921551706,0.1997969248617647,0.8648014704665451,0.1747526722741757,0.6986559429278242,0.1300195703503835,0.8937999999999999,0.21,0.2548592078448293,0.0102030751382352,0.0289985295334548,0.0352473277258242,0.1951440570721757,0.0799804296496164,0,0,0,normal
2021-10-07,55315.0,55332.31,53357.0,53785.22,54917.37766,89.38,90.46,87.07,88.13,4383.72998046875,4429.97021484375,4383.72998046875,4399.759765625,3843740000,20.540000915527344,20.760000228881836,19.06999969482422,19.540000915527344,-0.0280454112515052,0.0082640392250654,0.6436827854624283,0.1620845565714444,0.8767406690931303,0.1761289652612799,0.7018039720557262,0.1324474889287459,0.8813,0.1954000091552734,0.2376172145375716,0.033315452583829,0.0045593309068696,0.0192710438939935,0.1794960279442737,0.0629525202265275,0,0,0,normal
2021-10-08,53785.22,56100.0,53617.61,53951.43,46160.25785,88.13,89.01,85.71,88.19,4406.509765625,4412.02001953125,4386.22021484375,4391.33984375,3280160000,19.459999084472656,19.940000534057617,18.200000762939453,18.770000457763672,0.0030854891415925,-0.0019155566024214,0.6612828716521277,0.1634002690342586,0.7388650004133931,0.1593914511257863,0.6871698193669273,0.131614998127939,0.8819,0.1877000045776367,0.2206171283478722,0.0242997355433781,0.1430349995866069,0.0283085534518504,0.1947301806330726,0.0560850064496977,0,0,0,normal
2021-10-11,54659.01,57839.04,54415.06,57471.35,52933.165751,89.23,90.89,89.19,90.49,4385.43994140625,4415.8798828125,4360.58984375,4361.18994140625,3281970000,19.93000030517578,20.450000762939453,18.11000061035156,20.0,0.063202365383582,-0.0068894416443398,0.6732722872847868,0.1485373168144323,0.6875968146492636,0.1624532928924704,0.6976602991849107,0.1297485355985729,0.9049,0.2,0.2316277127152131,0.0514626831855677,0.2173031853507363,0.0375467071075296,0.2072397008150892,0.0702514644014271,0,0,0,normal
2021-10-12,57471.35,57680.0,53879.0,55996.93,53471.2855,90.49,94.07,89.74,93.37,4368.31005859375,4374.89013671875,4342.08984375,4350.64990234375,3558450000,20.6200008392334,20.809999465942383,18.969999313354492,19.850000381469727,-0.0259896949567152,-0.0024197056865549,0.6440087979215728,0.1331630640305372,0.6900128469400809,0.1569123262847086,0.6888375382156926,0.1287711272998345,0.9337,0.1985000038146972,0.2896912020784272,0.06533693978416,0.2436871530599191,0.0415876775299886,0.2448624617843074,0.0697288765148627,0,0,0,normal
2021-10-13,55996.91,57777.0,54167.19,57367.0,55808.44492,93.37,95.01,91.43,95.0,4358.009765625,4372.8701171875,4329.919921875,4363.7998046875,3620070000,20.13999938964844,20.229999542236328,18.440000534057617,18.63999938964844,0.0241723573039213,0.0030179558702319,0.6441943562080623,0.0983335928637221,0.6885186881592966,0.1469931339672595,0.6907830202314019,0.1293882905532254,0.95,0.1863999938964844,0.3058056437919376,0.0880664010327623,0.2614813118407033,0.0394068599292249,0.259216979768598,0.057011703343259,0,0,0,normal
2021-10-14,57370.83,58532.54,56818.05,57347.94,43053.336781,95.0,98.29,91.45,97.87,4386.75,4439.72998046875,4386.75,4438.259765625,3598280000,18.010000228881836,18.079999923706055,16.799999237060547,16.860000610351562,-0.0003323019682596,0.0169191622857115,0.6338564902020616,0.1253294600059369,0.6299019918486699,0.16616663959355,0.6854715869258503,0.1396142499785343,0.9787,0.1686000061035156,0.3448435097979384,0.0432705460975787,0.3487980081513301,0.0024333665099656,0.2932284130741497,0.0289857561249813,0,0,0,normal
2021-10-15,57347.94,62933.0,56850.0,61672.42,82512.908022,97.87,104.26,90.46,90.71,4447.68994140625,4475.81982421875,4447.68994140625,4471.3701171875,3819380000,16.639999389648438,16.850000381469727,15.720000267028809,16.299999237060547,0.0726999062161001,0.00743252063719,0.6364642352333962,0.1281118935511307,0.6420341199820911,0.1688119307942036,0.7127227366565192,0.141233916795727,0.9071,0.1629999923706054,0.2706357647666036,0.0348880988194747,0.2650658800179087,-0.0058119384235981,0.1943772633434807,0.0217660755748784,0,0,0,normal
2021-10-18,61528.32,62695.78,59844.45,62009.84,51798.44844,89.66,92.4,89.48,92.4,4463.72021484375,4488.75,4447.47021484375,4486.4599609375,3662010000,17.290000915527344,17.93000030517578,16.270000457763672,16.309999465942383,0.0054562527738722,0.0033690878018038,0.5681823539058717,0.1237377550734009,0.6025652947440707,0.1389163965251197,0.712370815144752,0.1416755006374478,0.924,0.1630999946594238,0.3558176460941283,0.0393622395860229,0.3214347052559293,0.0241835981343041,0.211629184855248,0.021424494021976,0,0,0,normal
2021-10-19,62005.6,64486.0,61322.22,64280.59,53628.107744,92.4,94.15,91.33,94.15,4497.33984375,4520.39990234375,4496.41015625,4519.6298828125,3459130000,16.09000015258789,16.309999465942383,15.56999969482422,15.699999809265137,0.035964637291379,0.0073661427842357,0.5604712382136673,0.1214308954311561,0.5976641230850738,0.1406026961256942,0.6832023736403363,0.1430980452572713,0.9415,0.1569999980926513,0.3810287617863327,0.0355691026614952,0.3438358769149262,0.0163973019669571,0.2582976263596637,0.01390195283538,0,0,0,normal
2021-10-20,64280.59,67000.0,63481.4,66001.41,51428.934856,94.15,95.23,93.0,93.04,4524.419921875,4540.8701171875,4524.39990234375,4536.18994140625,3670760000,15.81999969482422,15.890000343322754,15.289999961853027,15.489999771118164,0.0264183860137485,0.0036573335985606,0.4948485244251668,0.0948784598169719,0.5887440175733455,0.1238731033924403,0.6793695945949996,0.1434267654879301,0.9304,0.1548999977111816,0.4355514755748333,0.0600215378942097,0.3416559824266546,0.0310268943187413,0.2510304054050005,0.0114732322232515,0,0,0,normal
2021-10-21,66001.4,66639.74,62000.0,62193.15,68538.64537,93.04,93.79,91.09,92.52,4532.240234375,4551.43994140625,4526.89013671875,4549.77978515625,3822330000,16.059999465942383,16.110000610351562,14.920000076293944,15.010000228881836,-0.0594312403714209,0.00299139316836,0.6431781263261841,0.0800095850627673,0.6207300814019882,0.1187301269865592,0.7102164024682073,0.1429178569472775,0.9252,0.1501000022888183,0.2820218736738158,0.070090417226051,0.3044699185980117,0.0313698753022591,0.2149835975317926,0.0071821453415408,0,0,0,normal
2021-10-22,62193.15,63732.39,60000.0,60688.22,52119.35886,87.82,88.57,85.19,86.73,4546.1201171875,4559.669921875,4524.0,4544.89990234375,3758220000,15.350000381469728,16.389999389648438,14.84000015258789,15.43000030517578,-0.0244952550243301,-0.0010731292246643,0.6792773515687749,0.0903550226902322,0.6461155262655265,0.0957592510165877,0.7057268376722591,0.1408970520713774,0.8673000000000001,0.1543000030517577,0.1880226484312251,0.0639449803615255,0.2211844737344735,0.05854075203517,0.161573162327741,0.0134029509803803,0,0,0,normal
2021-10-25,60852.22,63710.63,60650.0,63078.78,36853.83806,89.88,90.1,84.38,84.45,4553.68994140625,4572.6201171875,4537.35986328125,4566.47998046875,3899400000,16.139999389648438,16.329999923706055,15.100000381469728,15.239999771118164,0.0386348113489939,0.0047369594408535,0.6990541470934483,0.0462330182712138,0.641253428370794,0.0911710116182036,0.710056076584526,0.1413255658656881,0.8445,0.1523999977111816,0.1454458529065517,0.1061669794399678,0.203246571629206,0.061228986092978,0.134443923415474,0.0110744318454935,0,0,0,normal
2021-10-26,63078.78,63293.48,59817.55,60328.81,40217.50083,84.45,89.13,83.58,89.01,4578.68994140625,4598.52978515625,4569.169921875,4574.7900390625,3879740000,15.020000457763672,16.709999084472656,14.899999618530272,15.979999542236328,-0.0445746539763763,0.0018181414322441,0.6337714499048828,0.0410586533797752,0.6293199302069347,0.0914135486953636,0.7195067332242665,0.1400047613383444,0.8901,0.1597999954223632,0.2563285500951172,0.118741342042588,0.2607800697930653,0.0683864467269996,0.1705932667757335,0.0197952340840188,0,0,0,normal
2021-10-27,60328.81,61496.0,58000.0,58413.44,62124.49016,89.01,90.24,87.39,88.45,4580.22021484375,4584.56982421875,4551.66015625,4551.68017578125,4226050000,15.789999961853027,17.290000915527344,15.539999961853027,16.979999542236328,-0.0322637670684276,-0.0050643703711055,0.6524022344816687,0.0646035444964789,0.6340063499878102,0.0950193093717403,0.7277765545428547,0.1392164224319372,0.8845000000000001,0.1697999954223633,0.2320977655183314,0.1051964509258844,0.2504936500121898,0.0747806860506229,0.1567234454571453,0.0305835729904261,0,0,0,normal
2021-10-28,58413.44,62499.0,57820.0,60575.89,61056.35301,88.46,89.87,85.94,89.87,4562.83984375,4597.5498046875,4562.83984375,4596.419921875,4132950000,17.059999465942383,17.15999984741211,16.229999542236328,16.530000686645508,0.0363509587815479,0.009781288424184,0.6535121391084543,0.0738898572133294,0.6467284938371758,0.0975865179332442,0.731460584574569,0.1416024101529295,0.8987,0.165300006866455,0.2451878608915457,0.0914101496531256,0.2519715061628242,0.0677134889332108,0.167239415425431,0.0236975967135255,0,0,0,normal
2021-10-29,60575.9,62980.0,60174.81,62253.71,43973.90414,89.87,90.02,84.59,87.58,4572.8701171875,4608.080078125,4567.58984375,4605.3798828125,4510200000,17.399999618530273,18.059999465942383,16.1299991607666,16.260000228881836,0.0273211728379008,0.0019474372317175,0.6555562161424673,0.0733849468080451,0.6041685380577672,0.0863219900809309,0.7316799661937646,0.1383713290689006,0.8758,0.1626000022888183,0.2202437838575327,0.0892150554807732,0.2716314619422328,0.0762780122078874,0.1441200338062354,0.0242286732199177,0,0,0,normal
2021-11-01,61299.81,62437.74,59405.0,60911.11,44687.66672,87.64,88.47,84.77,85.45,4610.6201171875,4620.33984375,4595.06005859375,4613.669921875,3971540000,16.850000381469727,17.700000762939453,16.31999969482422,16.40999984741211,-0.0218025436715293,0.0017984589459023,0.5650420410625776,0.0731677826687073,0.6001578170682932,0.0820954598934915,0.6692984076256367,0.1269056121908905,0.8545,0.1640999984741211,0.2894579589374224,0.0909322158054138,0.2543421829317068,0.0820045385806296,0.1852015923743633,0.0371943862832306,0,0,0,normal
2021-11-02,60911.12,64270.0,60624.68,63219.99,46368.2841,85.45,88.22,85.33,87.23,4613.33984375,4635.14990234375,4613.33984375,4630.64990234375,3975250000,16.540000915527344,16.649999618530273,15.890000343322754,16.030000686645508,0.0372049603187191,0.0036736071203885,0.5871874524604257,0.0703026856184808,0.6102657092646578,0.0819606024885884,0.6428634290684294,0.1267375518356475,0.8723000000000001,0.160300006866455,0.2851125475395744,0.0899973212479742,0.2620342907353422,0.0783394043778666,0.2294365709315706,0.0335624550308075,0,0,0,normal
2021-11-03,63220.57,63500.0,60382.76,62896.48,43336.09049,87.23,87.56,84.41,85.84,4630.64990234375,4663.4599609375,4621.18994140625,4660.56982421875,4319660000,16.110000610351562,16.389999389648438,14.899999618530272,15.100000381469728,-0.0051303483133919,0.0064404946128902,0.541456982258083,0.0730936744400426,0.6117117554344662,0.0595222947122823,0.6258176733942598,0.1254923769702522,0.8584,0.1510000038146972,0.316943017741917,0.0779063293746546,0.2466882445655338,0.0914777091024149,0.2325823266057403,0.025507626844445,0,0,0,normal
2021-11-04,62896.49,63086.31,60677.01,61395.01,35930.93314,85.84,86.54,83.99,84.73,4662.93017578125,4683.0,4662.58984375,4680.06005859375,4462300000,15.0600004196167,16.139999389648438,14.729999542236328,15.4399995803833,-0.0241616388040991,0.004173222342817,0.4821344671175767,0.072977043195487,0.5429881083625627,0.0568865351380936,0.6321564880719552,0.1220036540501032,0.8473,0.154399995803833,0.3651655328824233,0.081422952608346,0.3043118916374373,0.0975134606657394,0.2151435119280448,0.0323963417537298,0,0,0,normal
2021-11-05,61395.01,62595.72,60721.0,60937.12,31604.48749,84.73,86.93,82.9,85.71,4699.259765625,4718.5,4681.31982421875,4697.52978515625,4467180000,15.59000015258789,17.020000457763672,14.949999809265137,16.479999542236328,-0.0074860486509893,0.0037258500452844,0.4268429621280548,0.0443635987706107,0.5430946688739435,0.0569201316638883,0.6110685510464781,0.12214353966349,0.8571,0.1647999954223633,0.4302570378719452,0.1204363966517526,0.3140053311260564,0.107879863758475,0.2460314489535219,0.0426564557588732,0,0,0,normal
2021-11-08,63273.58,67789.0,63273.58,67525.83,54442.094554,86.59,88.92,86.05,86.69,4701.47998046875,4714.919921875,4694.39013671875,4701.7001953125,4269710000,17.229999542236328,17.690000534057617,16.440000534057617,17.219999313354492,0.1026676785057483,0.0008873940607025,0.7136923700588966,0.0295719885613128,0.6864896329085542,0.0544981019446827,0.6592698594898323,0.1214183716235796,0.8669,0.1721999931335449,0.1532076299411033,0.1426280045722321,0.1804103670914457,0.1177018911888622,0.2076301405101677,0.0507816215099653,0,0,0,normal
2021-11-09,67525.82,68524.25,66222.4,66947.66,44661.378068,86.69,87.72,84.33,84.68,4707.25,4708.52978515625,4670.8701171875,4685.25,4117080000,17.43000030517578,18.56999969482422,17.209999084472656,17.780000686645508,-0.0085990712768805,-0.0035049109264001,0.7212399586750532,0.0503439185463576,0.6798900662321309,0.0605076480126482,0.6510435527128586,0.102601324358389,0.8468000000000001,0.177800006866455,0.1255600413249469,0.1274560883200974,0.1669099337678692,0.1172923588538068,0.1957564472871414,0.075198682508066,0,0,0,normal
2021-11-10,66947.67,69000.0,62822.9,64882.43,65171.504046,84.68,87.17,84.23,86.36,4670.259765625,4684.85009765625,4630.85986328125,4646.7099609375,4503720000,17.739999771118164,19.899999618530273,17.219999313354492,18.729999542236328,-0.0313342572034824,-0.008259842163861,0.7410998458772139,0.08205132162148,0.640792079998066,0.0751153883139413,0.6655001316712844,0.1071904658606289,0.8636,0.1872999954223632,0.1225001541227861,0.1052486738008832,0.222807920001934,0.1121846071084219,0.1980998683287156,0.0801095295617343,0,0,0,normal
2021-11-11,64882.42,65600.07,64100.0,64774.26,37237.98058,86.36,86.5,83.79,85.23,4659.39013671875,4664.5498046875,4648.31005859375,4649.27001953125,3926870000,18.34000015258789,18.38999938964844,17.270000457763672,17.65999984741211,-0.0016685606442103,0.0005507883329889,0.7152662736903496,0.0799202651614771,0.6289991877245243,0.0743466736874774,0.6566109654027186,0.0986726114609193,0.8523000000000001,0.176599998474121,0.1370337263096505,0.0966797333126439,0.2233008122754757,0.1022533247866436,0.1956890345972814,0.0779273870132017,0,0,0,normal
2021-11-12,64774.25,65450.7,62278.0,64122.23,44490.10816,85.23,89.09,84.14,88.44,4655.240234375,4688.47021484375,4650.77001953125,4682.85009765625,3728600000,17.489999771118164,17.690000534057617,16.149999618530273,16.290000915527344,-0.0101171965455318,0.0071966975641304,0.7184035248454349,0.0823439519275876,0.6117153029600941,0.0770286080424862,0.6129657091276695,0.0960924114060786,0.8844,0.1629000091552734,0.165996475154565,0.0805560572276858,0.2726846970399058,0.0858714011127872,0.2714342908723305,0.0668075977491948,0,0,0,normal
2021-11-15,65519.11,66401.82,63400.0,63606.74,37829.37124,87.22,87.67,84.6,85.04,4689.2998046875,4697.419921875,4672.85986328125,4682.7998046875,3488410000,17.030000686645508,17.459999084472656,16.489999771118164,16.489999771118164,-0.0080716661029231,-1.0739878017001878e-05,0.6993147380543845,0.0786351375665675,0.5774424971980812,0.077408950701474,0.613807076799293,0.0845819851911393,0.8504,0.1648999977111816,0.1510852619456155,0.0862648601446141,0.2729575028019189,0.0874910470097076,0.236592923200707,0.0803180125200423,0,0,0,normal
2021-11-16,63606.73,63617.31,58574.07,60058.87,77455.15609,85.04,90.35,85.04,87.28,4679.419921875,4714.9501953125,4679.419921875,4700.89990234375,3972640000,16.860000610351562,17.079999923706055,16.030000686645508,16.3700008392334,-0.0573941917145322,0.0038577790571266,0.7945375257568608,0.0788953416922526,0.6163795821340246,0.0713910513362441,0.6326172784258091,0.0815139967303477,0.8728,0.1637000083923339,0.0782624742431392,0.0848046667000813,0.2564204178659754,0.0923089570560898,0.2401827215741909,0.0821860116619862,0,0,0,normal
2021-11-17,60058.87,60840.23,58373.0,60344.87,46289.38491,87.28,90.05,86.37,89.88,4701.5,4701.5,4684.41015625,4688.669921875,3969070000,16.360000610351562,17.190000534057617,16.280000686645508,17.110000610351562,0.004750691928607,-0.0026050154828958,0.3390370606277871,0.080207803969099,0.5964854364658013,0.0653272849677547,0.6000389626294924,0.0827630955998761,0.8987999999999999,0.1711000061035156,0.5597629393722128,0.0908922021344166,0.3023145635341986,0.1057727211357609,0.2987610373705075,0.0883369105036395,0,0,0,normal
2021-11-18,60344.86,60976.0,56474.26,56891.62,62146.99931,89.88,93.25,87.15,90.12,4700.72021484375,4708.7998046875,4672.77978515625,4704.5400390625,4226410000,16.809999465942383,18.149999618530273,16.3799991607666,17.59000015258789,-0.0589278854245312,0.0033790647401719,0.4178315092599214,0.0796355954870758,0.6304170443639505,0.0658320241067204,0.6202157165512133,0.0809441116589008,0.9012,0.1759000015258789,0.4833684907400786,0.0962644060388031,0.2707829556360495,0.1100679774191585,0.2809842834487867,0.0949558898669781,0,0,0,normal
2021-11-19,56891.62,58320.0,55600.0,58052.24,50715.88726,90.12,91.85,85.39,85.78,4708.43994140625,4717.75,4694.22021484375,4697.9599609375,4253180000,17.360000610351562,19.010000228881836,17.229999542236328,17.90999984741211,0.0201952404606085,-0.001399644604988,0.4849630193727512,0.054203709793051,0.6357280968538643,0.0669599415446912,0.6224849594175004,0.0807278873739205,0.8578,0.179099998474121,0.3728369806272488,0.12489628868107,0.2220719031461356,0.1121400569294298,0.2353150405824996,0.0983721111002005,0,0,0,normal
2021-11-22,58617.7,59444.0,55610.0,56247.18,51724.32047,85.94,90.47,85.18,88.98,4712.0,4743.830078125,4682.169921875,4682.93994140625,4441100000,18.200000762939453,19.59000015258789,17.350000381469727,19.170000076293945,-0.0315873883295802,-0.0032022583169607,0.4813228599243471,0.0613634961744838,0.617210424212581,0.0685571167734804,0.6023843037429052,0.0777530932277276,0.8898,0.1917000007629394,0.4084771400756529,0.1303365045884556,0.272589575787419,0.123142883989459,0.2874156962570948,0.1139469075352118,0,0,0,normal
2021-11-23,56243.83,58009.99,55317.0,57541.27,49917.85017,88.98,90.19,86.18,89.91,4678.47998046875,4699.39013671875,4652.66015625,4690.7001953125,4277590000,20.239999771118164,20.90999984741211,19.030000686645508,19.3799991607666,0.0227465229877125,0.0016557613831952,0.546158423005558,0.0447316618148234,0.6312003040032396,0.0637670201016679,0.6011765565393341,0.0764566672827133,0.8991,0.193799991607666,0.352941576994442,0.1490683297928426,0.2678996959967604,0.1300329715059981,0.2979234434606659,0.1173433243249527,0,0,0,normal
2021-11-24,57541.26,57735.0,55837.0,57138.29,39612.04964,89.91,91.47,89.26,90.42,4675.77978515625,4702.8701171875,4659.89013671875,4701.4599609375,3418430000,19.170000076293945,20.959999084472656,18.520000457763672,18.579999923706055,-0.0070279596236954,0.0022912237766672,0.5467877503690847,0.0462962435864866,0.6259956630634422,0.0621214841249231,0.5974737039433983,0.0764436037243921,0.9042,0.1857999992370605,0.3574122496309153,0.1395037556505739,0.2782043369365578,0.1236785151121374,0.3067262960566017,0.1093563955126684,0,0,0,normal
2021-11-26,58960.37,59150.0,53500.0,53726.53,65927.87066,86.52,89.93,84.06,86.06,4664.6298828125,4664.6298828125,4585.43017578125,4594.6201171875,3517700000,26.6200008392334,28.989999771118164,23.8799991607666,28.6200008392334,-0.0615675493733936,-0.0229870111593211,0.5606721132691996,0.1437652493144403,0.6704117722410307,0.114814268065473,0.6234458332791453,0.0959660764421685,0.8606,0.286200008392334,0.2999278867308004,0.1424347590778937,0.1901882277589693,0.171385740326861,0.2371541667208547,0.1902339319501655,0,1,1,stress
2021-11-29,57274.89,58865.97,56666.67,57776.25,40125.28009,86.32,86.52,81.95,82.85,4628.75,4672.9501953125,4625.259765625,4655.27001953125,4336410000,25.309999465942383,25.690000534057617,21.709999084472656,22.959999084472656,0.0726708710968553,0.0131138360828242,0.7735252920327002,0.1744628087698219,0.5794735269442135,0.130551410627776,0.6234155370204606,0.1005013916487072,0.8284999999999999,0.2295999908447265,0.0549747079672997,0.0551371820749046,0.2490264730557864,0.0990485802169505,0.2050844629795393,0.1290985991960193,0,0,0,normal
2021-11-30,57776.25,59176.99,55875.55,56950.56,49161.05194,82.85,86.14,82.74,84.08,4640.25,4646.02001953125,4560.0,4567.0,6625990000,26.229999542236328,28.559999465942383,23.709999084472656,27.190000534057617,-0.0143942685501055,-0.0191433811878505,0.6874189753408183,0.2009320421334834,0.579502929193862,0.1521216425452823,0.6239584098807823,0.1164698724930024,0.8408,0.2719000053405762,0.1533810246591817,0.0709679632070927,0.2612970708061379,0.1197783627952938,0.2168415901192176,0.1554301328475738,0,1,1,stress
2021-12-01,56950.56,59053.55,56458.01,57184.07,44956.63656,84.08,84.4,81.56,83.64,4602.81982421875,4652.93994140625,4510.27001953125,4513.0400390625,5366730000,24.920000076293945,32.61000061035156,22.3799991607666,31.1200008392334,0.004091840063051,-0.0118855414579559,0.6743609070672055,0.2045269541558344,0.5755379765438049,0.1558268461710169,0.6134852675216221,0.1200515086337228,0.8364,0.3112000083923339,0.1620390929327945,0.1066730542364995,0.2608620234561951,0.155373162221317,0.2229147324783779,0.1911484997586111,0,1,1,stress
2021-12-02,57184.07,57375.47,55777.77,56480.34,37574.05976,83.63,85.27,83.07,85.26,4504.72998046875,4595.4599609375,4504.72998046875,4577.10009765625,5077180000,29.440000534057617,30.68000030517578,27.149999618530273,27.950000762939453,-0.012382750098007,0.0140946383960577,0.6485029907974211,0.2372432034666618,0.574679011772771,0.1701993103790477,0.6070965306944444,0.1264898258550912,0.8526,0.2795000076293945,0.2040970092025789,0.0422568041627327,0.277920988227229,0.1093006972503468,0.2455034693055556,0.1530101817743033,0,1,1,stress
2021-12-03,56484.26,57600.0,51680.0,53601.05,58927.69027,85.26,85.51,81.21,84.55,4589.490234375,4608.02978515625,4495.1201171875,4538.43017578125,5240070000,26.950000762939453,35.31999969482422,25.88999938964844,30.670000076293945,-0.0523239555597734,-0.0084844551417386,0.6955038948478129,0.2362074045145986,0.6023802239170613,0.1683431372700588,0.6019061326552855,0.1287205971487038,0.8454999999999999,0.3067000007629394,0.1499961051521869,0.0704925962483408,0.2431197760829386,0.1383568634928806,0.2435938673447144,0.1779794036142356,0,1,1,stress
2021-12-06,49396.32,50891.11,47100.0,50441.92,58571.21575,89.39,89.89,86.63,86.84,4548.3701171875,4612.60009765625,4540.509765625,4591.669921875,4770800000,28.989999771118164,30.81999969482422,26.75,27.18000030517578,-0.0607460820371026,0.0116625993096861,0.7573611148477474,0.2539100981412794,0.6349373216761596,0.1783255336162443,0.6209989632258249,0.1330878093077862,0.8684000000000001,0.2718000030517578,0.1110388851522526,0.0178899049104784,0.2334626783238405,0.0934744694355135,0.2474010367741751,0.1387121937439716,0,1,1,stress
2021-12-07,50441.91,51936.33,50039.74,50588.95,38253.46877,86.84,88.62,85.57,86.0,4631.97021484375,4694.0400390625,4631.97021484375,4686.75,4492400000,24.579999923706055,24.690000534057617,21.579999923706055,21.88999938964844,0.0029105975984963,0.0204956031862525,0.6973172178448939,0.2467903990607015,0.6108566022603477,0.2004409508439736,0.6070798313591316,0.1449215120046137,0.86,0.2188999938964844,0.1626827821551061,-0.027890405164217,0.2491433977396523,0.0184590430525108,0.2529201686408684,0.0739784818918707,0,0,0,normal
2021-12-08,50588.95,51200.0,48600.0,50471.19,38425.92466,86.0,88.43,85.65,87.16,4690.85986328125,4705.06005859375,4674.52001953125,4701.2099609375,4234600000,21.739999771118164,23.11000061035156,19.850000381469727,19.899999618530273,-0.002330494560926,0.0030805355865858,0.4204360756353095,0.2363631567474359,0.6077658464133441,0.2005783834376646,0.5968338263853228,0.1450396791567959,0.8715999999999999,0.1989999961853027,0.4511639243646904,-0.0373631605621331,0.2638341535866558,-0.0015783872523618,0.2747661736146771,0.0539603170285068,0,0,0,normal
2021-12-09,50471.19,50797.76,47320.0,47545.59,37692.68665,88.39,90.52,88.34,90.3,4691.0,4695.259765625,4665.97998046875,4667.4501953125,3903840000,20.309999465942383,22.1200008392334,19.940000534057617,21.579999923706055,-0.0597136382267212,-0.0072069882325236,0.4816521599430607,0.2009873164254924,0.6089308489347983,0.2023371858551169,0.6124497502738768,0.1459365942398252,0.903,0.2157999992370605,0.4213478400569393,0.0148126828115681,0.2940691510652017,0.0134628133819436,0.2905502497261232,0.0698634049972353,0,0,0,normal
2021-12-10,47535.9,50125.0,46852.0,47140.54,44233.57391,90.3,90.95,89.19,89.98,4687.64013671875,4713.56982421875,4670.240234375,4712.02001953125,3870110000,21.270000457763672,21.299999237060547,18.690000534057617,18.690000534057617,-0.008555687528783,0.0095037691182097,0.4538794054155713,0.1729941254454453,0.5906581518707626,0.2067065348744532,0.5985890654064566,0.145790940662841,0.8998,0.1869000053405761,0.4459205945844287,0.0139058798951308,0.3091418481292374,-0.019806529533877,0.3012109345935434,0.0411090646777351,0,0,0,normal
2021-12-13,50053.9,50189.97,45672.75,46702.75,50869.52093,92.25,92.41,89.52,90.29,4710.2998046875,4710.2998046875,4667.60009765625,4668.97021484375,4397230000,19.290000915527344,21.18000030517578,18.959999084472656,20.309999465942383,-0.0093303032313406,-0.0091781583427938,0.4585211066199523,0.1841766347998486,0.5859781826682061,0.2101469767050628,0.5889529012808221,0.1485876352065761,0.9029,0.2030999946594238,0.4443788933800477,0.0189233598595752,0.3169218173317939,-0.0070469820456389,0.3139470987191779,0.0545123594528477,0,0,0,normal
2021-12-14,46702.76,48700.41,46290.0,48343.28,39955.98445,90.29,93.23,88.74,92.34,4642.990234375,4660.47021484375,4606.52001953125,4634.08984375,4485430000,19.670000076293945,23.0,19.670000076293945,21.88999938964844,0.0345241762326719,-0.0074987228546236,0.5460460058006439,0.1817096991610103,0.6019289235424834,0.2121481715549225,0.6012917760370109,0.150291810174944,0.9234,0.2188999938964844,0.3773539941993561,0.0371902947354741,0.3214710764575166,0.0067518223415619,0.3221082239629891,0.0686081837215404,0,0,0,normal
2021-12-15,48336.95,49500.0,46547.0,48864.98,51629.181,92.34,92.38,89.19,89.34,4636.4599609375,4712.60009765625,4611.22021484375,4709.85009765625,4910130000,21.600000381469727,23.469999313354492,19.020000457763672,19.290000915527344,0.0107337588163948,0.0162162673518908,0.4537857929737768,0.1925776364010933,0.6096921908157502,0.2240587756773681,0.5888785517472428,0.157091682685273,0.8934000000000001,0.1929000091552734,0.4396142070262233,0.0003223727541801,0.2837078091842498,-0.0311587665220946,0.3045214482527573,0.0358083264700004,0,0,0,normal
2021-12-16,48864.98,49436.43,47511.0,47632.38,31949.86739,89.34,89.42,85.88,86.78,4719.1298828125,4731.990234375,4651.89013671875,4668.669921875,4829500000,18.559999465942383,22.1299991607666,18.190000534057617,20.56999969482422,-0.0255482024281838,-0.0087818633111124,0.4661259549077853,0.1626879793835387,0.5698277936906643,0.202743387319447,0.590807772636759,0.1583348928373907,0.8678,0.2056999969482421,0.4016740450922147,0.0430120175647034,0.2979722063093357,0.0029566096287951,0.276992227363241,0.0473651041108514,0,0,0,normal
2021-12-17,47632.38,47995.96,45456.0,46131.2,43104.4887,86.78,87.26,84.57,85.34,4652.5,4666.7001953125,4600.22021484375,4620.64013671875,7987090000,20.700000762939453,23.260000228881836,20.489999771118164,21.56999969482422,-0.0320232713999651,-0.0103409645840536,0.4830823718327993,0.1698728031107174,0.4383260129012922,0.2003020304972632,0.5929655872441347,0.1606281911392481,0.8534,0.2156999969482421,0.3703176281672007,0.0458271938375247,0.4150739870987078,0.0153979664509789,0.2604344127558653,0.055071805808994,0,0,0,normal
2021-12-20,46681.24,47537.57,45558.85,46914.16,35848.50609,87.83,88.53,86.56,87.31,4587.89990234375,4587.89990234375,4531.10009765625,4568.02001953125,4635700000,25.88999938964844,27.38999938964844,22.850000381469727,22.8700008392334,0.0168300381887542,-0.0114533983232565,0.3780723629212543,0.1766232365514111,0.4601269739997785,0.1887777713874452,0.5978610054989015,0.1632225423506204,0.8731,0.2287000083923339,0.4950276370787457,0.0520767718409228,0.4129730260002215,0.0399222370048887,0.2752389945010984,0.0654774660417135,0,0,0,normal
2021-12-21,46914.17,49328.96,46630.0,48889.88,37713.92924,87.31,88.72,85.06,86.04,4594.9599609375,4651.14013671875,4583.16015625,4649.22998046875,4072430000,22.280000686645508,22.68000030517578,20.899999618530273,21.010000228881836,0.0412508732374541,0.0176217553851954,0.4521498323465719,0.2052964058656081,0.5122644962410013,0.1941501594262086,0.519838775350914,0.1718226771160054,0.8604,0.2101000022888183,0.4082501676534281,0.0048035964232102,0.3481355037589987,0.0159498428626097,0.340561224649086,0.0382773251728129,0,0,0,normal
2021-12-22,48887.59,49576.13,48421.87,48588.16,27004.2022,86.04,86.62,82.63,82.99,4650.35986328125,4697.669921875,4645.52978515625,4696.56005859375,3319610000,21.040000915527344,21.36000061035156,18.59000015258789,18.6299991607666,-0.0061905422711137,0.0101287280291275,0.4482864539112668,0.2092580416580602,0.5126592694213876,0.1900967865965202,0.5199728158950142,0.1741911704684642,0.8299,0.186299991607666,0.3816135460887331,-0.0229580500503941,0.3172407305786123,-0.0037967949888541,0.3099271841049857,0.0121088211392018,0,0,0,normal
2021-12-23,48588.17,51375.0,47920.42,50838.81,35192.54046,82.99,83.5,80.96,82.99,4703.9599609375,4740.740234375,4703.9599609375,4725.7900390625,2913040000,18.809999465942383,18.93000030517578,17.6200008392334,17.959999084472656,0.0452801594542274,0.0062044126852516,0.4808430690419293,0.2023574116460525,0.5262924504356883,0.1847722851775484,0.5405389447001825,0.1732149389960856,0.8299,0.1795999908447265,0.3490569309580706,-0.0227574208013259,0.3036075495643117,-0.0051722943328218,0.2893610552998175,0.0063850518486409,0,0,0,normal
2021-12-27,50775.48,52088.0,50449.0,50701.44,28792.21566,80.26,83.39,78.51,83.29,4733.990234375,4791.490234375,4733.990234375,4791.18994140625,2770290000,19.3700008392334,19.40999984741211,17.549999237060547,17.68000030517578,-0.002705726720323,0.0137440515736058,0.4834379109760509,0.195913997013601,0.4576398920379216,0.1868869570633222,0.5404395504445434,0.1773777036136592,0.8329000000000001,0.1768000030517578,0.3494620890239492,-0.0191139939618431,0.3752601079620785,-0.0100869540115643,0.2924604495554567,-0.0005777005619014,0,0,0,normal
2021-12-28,50701.44,50704.05,47313.01,47543.74,45853.33924,83.29,83.29,76.7,76.7,4795.490234375,4807.02001953125,4780.0400390625,4786.35009765625,2707920000,17.780000686645508,18.469999313354492,17.510000228881836,17.540000915527344,-0.0643041831297982,-0.0010106653988873,0.6229891093114591,0.1822827197878455,0.5330344395049019,0.1694002397037894,0.564426750978368,0.1764798009213285,0.767,0.1754000091552734,0.1440108906885409,-0.006882710632572,0.2339655604950981,0.005999769451484,0.2025732490216319,-0.001079791766055,0,0,0,normal
2021-12-29,47543.74,48139.08,46096.99,46464.66,39498.87,76.7,80.9,76.5,80.73,4788.64013671875,4804.06005859375,4778.080078125,4793.06005859375,2963310000,17.6299991607666,18.0,16.709999084472656,16.950000762939453,-0.0229581057839618,0.0014009134018576,0.6057157318678695,0.1564713321626523,0.5386112450532635,0.1692466677635785,0.5656390770753077,0.1764758286235387,0.8073,0.1695000076293945,0.2015842681321304,0.0130286754667422,0.2686887549467365,0.000253339865816,0.2416609229246923,-0.0069758209941441,0,0,0,normal
2021-12-30,46464.66,47900.0,45900.0,47120.87,30352.29569,80.74,81.81,76.61,80.68,4794.22998046875,4808.93017578125,4775.330078125,4778.72998046875,3124950000,17.299999237060547,17.790000915527344,16.6200008392334,17.329999923706055,0.0140239790234345,-0.0029942338419043,0.6028685991553921,0.1232964253744079,0.483895798958715,0.1660152826001205,0.5518577593268056,0.1765533408767663,0.8068000000000001,0.1732999992370605,0.2039314008446079,0.0500035738626526,0.3229042010412851,0.00728471663694,0.2549422406731945,-0.0032533416397057,0,0,0,normal
2021-12-31,47120.88,48548.26,45678.0,46216.93,34937.99796,80.68,82.64,74.65,75.51,4775.2099609375,4786.830078125,4765.75,4766.18017578125,2677820000,17.6299991607666,18.270000457763672,16.989999771118164,17.219999313354492,-0.0193698214926749,-0.0026296343734744,0.5374838208148345,0.104634839120239,0.4894675366755322,0.1628868010929796,0.5514096269892135,0.1765571749887787,0.7551000000000001,0.1721999931335449,0.2176161791851656,0.0675651540133059,0.2656324633244679,0.0093131920405653,0.2036903730107866,-0.0043571818552337,0,0,0,normal
2022-01-03,47286.18,47570.0,45696.0,46446.1,27662.0771,72.06,73.37,70.32,71.94,4778.14013671875,4796.64013671875,4758.169921875,4796.56005859375,3831020000,17.600000381469727,18.540000915527344,16.559999465942383,16.600000381469727,0.0049463193085887,0.0063538241703883,0.5432095687219934,0.0968250650409536,0.4887384697198602,0.1576583936888427,0.5317691399255957,0.1771812875379875,0.7193999999999999,0.1660000038146972,0.1761904312780065,0.0691749387737436,0.2306615302801397,0.0083416101258545,0.1876308600744042,-0.0111812837232902,0,0,0,normal
2022-01-04,46446.1,47557.54,45500.0,45832.01,35491.4136,71.94,73.49,70.16,72.52,4804.509765625,4818.6201171875,4774.27001953125,4793.5400390625,4683170000,16.56999969482422,17.809999465942383,16.34000015258789,16.90999984741211,-0.0133097451918317,-0.0006298202522032,0.4051024104414922,0.0960343290768655,0.4640003400851497,0.1523012995847163,0.525843307014439,0.1771181019646904,0.7252,0.1690999984741211,0.3200975895585077,0.0730656693972556,0.2611996599148503,0.0167986988894048,0.1993566929855609,-0.0080181034905693,0,0,0,normal
2022-01-05,45832.01,47070.0,42500.0,43451.13,51784.11857,72.64,78.33,70.95,75.64,4787.990234375,4797.7001953125,4699.43994140625,4700.580078125,4887960000,17.06999969482422,20.170000076293945,16.579999923706055,19.729999542236328,-0.0533458970167032,-0.019583264304501,0.4526964285880845,0.1281581084873007,0.5030664247678543,0.1646555908927338,0.5380087491222312,0.1863535315751583,0.7564,0.1972999954223633,0.3037035714119154,0.0691418869350626,0.2533335752321456,0.0326444045296294,0.2183912508777687,0.0109464638472049,0,0,0,normal
2022-01-06,43451.14,43816.0,42430.58,43082.31,38880.37305,75.64,76.17,72.22,73.19,4693.39013671875,4725.009765625,4671.259765625,4696.0498046875,4295280000,20.290000915527344,21.059999465942383,19.079999923706055,19.61000061035156,-0.0085243862571746,-0.0009642337401809,0.3448768753861509,0.128184533761447,0.496957044640394,0.1599767279177603,0.5297448138947857,0.1863212632341085,0.7319,0.1961000061035155,0.3870231246138491,0.0679154723420685,0.234942955359606,0.0361232781857552,0.2021551861052143,0.009778742869407,0,0,0,normal
2022-01-07,43082.3,43145.83,40610.0,41566.48,54836.50818,73.19,75.22,72.07,73.86,4697.66015625,4707.9501953125,4662.740234375,4677.02978515625,4181510000,19.850000381469727,20.799999237060547,18.56999969482422,18.760000228881836,-0.0358183987906099,-0.0040584410823365,0.366726256998163,0.1249560874382729,0.5008813333229515,0.1538913517039226,0.5350533760656347,0.1865626870000482,0.7386,0.1876000022888183,0.371873743001837,0.0626439148505454,0.2377186666770485,0.0337086505848957,0.2035466239343653,0.0010373152887701,0,0,0,normal
2022-01-10,41864.62,42248.5,39650.0,41822.49,50729.17019,73.5,75.83,72.63,74.1,4655.33984375,4673.02001953125,4582.240234375,4670.2900390625,4511810000,19.579999923706055,23.329999923706055,19.290000915527344,19.399999618530273,0.0061401598875949,-0.0014420705375388,0.3419057861633907,0.1255659433757786,0.4928281132381558,0.1438920289603008,0.5146099522677747,0.1736739517215209,0.741,0.1939999961853027,0.3990942138366093,0.0684340528095241,0.2481718867618442,0.0501079672250019,0.2263900477322252,0.0203260444637818,0,0,0,normal
2022-01-11,41822.49,43100.0,41268.93,42729.29,37296.43729,74.1,77.27,74.08,75.37,4669.14013671875,4714.1298828125,4638.27001953125,4713.06982421875,4101590000,19.6200008392334,21.0,18.200000762939453,18.40999984741211,0.021450400439678,0.0091182864523993,0.4109722257418718,0.14620601223055,0.4604030949889873,0.1292998336511835,0.463399448758425,0.1715340474368699,0.7537,0.1840999984741211,0.3427277742581282,0.0378939862435711,0.2932969050110127,0.0548001648229375,0.290300551241575,0.0125659510372511,0,0,0,normal
2022-01-12,42729.29,44322.0,42450.0,43902.66,33943.2928,75.37,75.94,70.71,71.81,4728.58984375,4748.830078125,4706.7099609375,4726.35009765625,4048220000,18.170000076293945,18.690000534057617,17.360000610351562,17.6200008392334,0.0270902769434108,0.002813792014667,0.4654040681789695,0.1395060221323995,0.4861414490843982,0.1228226515055975,0.4754657914825024,0.1612812215724356,0.7181000000000001,0.176200008392334,0.2526959318210305,0.0366939862599345,0.2319585509156018,0.0533773568867364,0.2426342085174976,0.0149187868198983,0,0,0,normal
2022-01-13,43902.65,44500.0,42311.22,42560.11,34910.87762,71.81,72.13,66.4,67.51,4733.56005859375,4744.1298828125,4650.2900390625,4659.02978515625,4251730000,18.059999465942383,20.61000061035156,17.450000762939453,20.309999465942383,-0.0310574808840993,-0.0143460292344005,0.485580565094002,0.1566312650418144,0.4310240323661096,0.1345503488890836,0.4781711595415592,0.1631551918851893,0.6751,0.2030999946594238,0.189519434905998,0.0464687296176094,0.2440759676338904,0.0685496457703402,0.1969288404584408,0.0399448027742345,0,0,0,normal
2022-01-14,42558.35,43448.78,41725.95,43059.96,32640.88292,67.51,67.62,64.15,65.13,4637.990234375,4665.1298828125,4614.75,4662.85009765625,4338490000,20.11000061035156,22.06999969482422,19.049999237060547,19.190000534057617,0.0116761333829025,0.0008196442695905,0.3929565142373559,0.1136890523552938,0.4416730198625903,0.1171092931867945,0.4821294826091699,0.1584075902083705,0.6513,0.1919000053405761,0.2583434857626441,0.0782109529852823,0.2096269801374097,0.0747907121537816,0.1691705173908301,0.0334924151322056,0,0,0,normal
2022-01-18,42201.63,42691.0,41250.0,42352.12,29324.08257,65.23,67.38,63.8,67.27,4632.240234375,4632.240234375,4568.7001953125,4577.10986328125,4748700000,21.18000030517578,23.200000762939453,21.18000030517578,22.790000915527344,-0.0165750841223884,-0.0185591053980085,0.4020437143126217,0.1542517258501045,0.3724007882801817,0.1364762799072154,0.4650742049322856,0.1659500823355298,0.6727,0.2279000091552734,0.2706562856873782,0.0736482833051689,0.3002992117198182,0.091423729248058,0.2076257950677144,0.0619499268197436,0,0,0,normal
2022-01-19,42352.12,42559.13,41138.56,41660.01,31685.72159,67.27,67.69,64.99,65.96,4588.02978515625,4611.5498046875,4530.2001953125,4532.759765625,4465740000,23.1200008392334,23.989999771118164,21.850000381469727,23.850000381469727,-0.0164768030058258,-0.0097367909414601,0.3476783197548523,0.1585626185758261,0.3684359646621722,0.1373864787997059,0.4382473375344567,0.164784355236421,0.6596,0.2385000038146972,0.3119216802451476,0.0799373852388711,0.2911640353378277,0.1011135250149913,0.2213526624655432,0.0737156485782762,0,0,0,normal
2022-01-20,41660.0,43505.0,40553.31,40680.91,42330.33953,65.96,65.99,59.41,65.24,4547.35009765625,4602.10986328125,4477.9501953125,4482.72998046875,4640870000,23.459999084472656,25.88999938964844,21.68000030517578,25.59000015258789,-0.0237827352261948,-0.0110987423043307,0.3721390930435418,0.1613633042374218,0.3598476030718021,0.1405167476007121,0.4401566076636896,0.1550759671154746,0.6524,0.2559000015258789,0.2802609069564581,0.0945366972884571,0.2925523969281979,0.1153832539251668,0.2122433923363104,0.1008240344104042,0,0,0,normal
2022-01-21,40680.92,41100.0,35440.45,36445.31,88860.891999,65.24,78.58,63.03,77.8,4471.3798828125,4494.52001953125,4395.33984375,4397.93994140625,5589100000,25.3799991607666,29.790000915527344,25.309999465942383,28.850000381469727,-0.109946159879111,-0.0190959953246354,0.6925586775581205,0.1385919960361809,0.5552669861322399,0.1529329748358624,0.530837918610804,0.1625441410657053,0.778,0.2885000038146972,0.0854413224418795,0.1499080077785163,0.2227330138677601,0.1355670289788348,0.247162081389196,0.1259558627489919,0,1,1,stress
2022-01-24,36244.55,37550.0,32917.17,36660.35,91904.753211,77.29,87.93,76.25,78.59,4356.31982421875,4417.35009765625,4222.6201171875,4410.1298828125,6928110000,28.200000762939453,38.939998626708984,28.020000457763672,29.899999618530273,0.0058830087904855,0.0027679047582695,0.6380343252135445,0.1384155510385489,0.5559972870580053,0.1481153053311995,0.5120850484061211,0.162457195972534,0.7859,0.2989999961853027,0.1478656747864555,0.1605844451467538,0.2299027129419947,0.1508846908541032,0.2738149515938789,0.1365428002127687,0,1,1,stress
2022-01-25,36660.35,37545.14,35701.0,36958.32,49232.40183,78.59,82.57,77.64,81.26,4366.64013671875,4411.009765625,4287.10986328125,4356.4501953125,5145050000,32.290000915527344,35.849998474121094,29.1299991607666,31.15999984741211,0.0080950016385566,-0.0122465905568662,0.6669566714412664,0.1361329791300568,0.5660027231972015,0.1481513141556029,0.5143850778747533,0.1614285300357523,0.8126000000000001,0.3115999984741211,0.1456433285587337,0.1754670193440643,0.2465972768027986,0.1634486843185182,0.2982149221252468,0.1501714684383688,0,1,1,stress
2022-01-26,36958.32,38919.98,36234.63,36809.34,69830.16036,81.26,82.26,78.66,80.39,4408.43017578125,4453.22998046875,4304.7998046875,4349.93017578125,5570640000,29.350000381469727,33.040000915527344,26.899999618530273,31.959999084472656,-0.0040391738751032,-0.0014977569258856,0.6416342209764634,0.1292231184390462,0.5399327388841211,0.1374548622533247,0.5145047047367354,0.1602456366064789,0.8039000000000001,0.3195999908447265,0.1622657790235366,0.1903768724056803,0.263967261115879,0.1821451285914018,0.2893952952632647,0.1593543542382476,0,1,1,stress
2022-01-27,36807.24,37234.47,35507.01,37160.1,53020.87934,80.39,83.23,77.38,80.14,4380.580078125,4428.740234375,4309.5,4326.509765625,5214200000,32.189998626708984,33.0,28.420000076293945,30.489999771118164,0.0094839876878423,-0.0053986351999709,0.6700035955573733,0.1157050719997586,0.5474357501100416,0.1358732772770582,0.501502270764362,0.1597752539981803,0.8014,0.3048999977111816,0.1313964044426266,0.189194925711423,0.2539642498899583,0.1690267204341234,0.2998977292356379,0.1451247437130013,0,1,1,stress
2022-01-28,37160.11,38000.0,36155.01,37716.56,42154.26956,80.14,80.28,73.49,74.77,4336.18994140625,4432.72021484375,4292.4599609375,4431.85009765625,5031090000,30.270000457763672,32.81999969482422,27.280000686645508,27.65999984741211,0.0148636502954723,0.0240559679147366,0.7000525817626312,0.2229174198023511,0.5443315224500405,0.1861358981931231,0.5030384217273064,0.1690140800913407,0.7476999999999999,0.2765999984741211,0.0476474182373687,0.0536825786717699,0.2033684775499594,0.090464100280998,0.2446615782726935,0.1075859183827804,0,1,1,stress
2022-01-31,37881.75,38744.0,36632.61,38466.9,36855.2458,74.32,74.52,70.16,70.99,4431.7900390625,4516.89013671875,4414.02001953125,4515.5498046875,5098610000,28.36000061035156,29.40999984741211,24.709999084472656,24.829999923706055,0.0196988759422266,0.0187098262229844,0.7232970740506066,0.2488833261643543,0.553609015032592,0.2093671378368538,0.5068951835712558,0.1780098265640288,0.7099,0.2482999992370605,-0.0133970740506066,-0.0005833269272937,0.156290984967408,0.0389328614002067,0.2030048164287441,0.0702901726730317,0,0,0,normal
2022-02-01,38466.9,39265.2,38000.0,38694.59,34574.44663,70.99,71.84,69.59,71.81,4519.56982421875,4550.490234375,4483.52978515625,4546.5400390625,4816830000,24.56999969482422,25.329999923706055,21.959999084472656,21.959999084472656,0.0059016657367129,0.006839560348317,0.1191209839586302,0.2056351796433787,0.5424969151127266,0.2071470340431782,0.5026062043455405,0.1772319572243664,0.7181000000000001,0.2195999908447265,0.5989790160413698,0.0139648112013478,0.1756030848872735,0.0124529568015483,0.2154937956544595,0.0423680336203601,0,0,0,normal
2022-02-02,38694.59,38855.92,36586.95,36896.36,35794.6813,71.81,75.02,71.06,75.0,4566.39013671875,4595.31005859375,4544.31982421875,4589.3798828125,4481580000,21.559999465942383,22.729999542236328,20.459999084472656,22.09000015258789,-0.0475868957877958,0.0093784004483244,0.3593290709147628,0.2067847240795286,0.5438205152733051,0.2122631858841579,0.5119253204829218,0.1763659540702587,0.75,0.2209000015258789,0.3906709290852372,0.0141152774463503,0.2061794847266949,0.008636815641721,0.2380746795170781,0.0445340474556202,0,0,0,normal
2022-02-03,36896.37,37387.0,36250.0,37311.61,32081.10999,75.0,75.03,72.53,74.14,4535.41015625,4542.8798828125,4470.39013671875,4477.43994140625,4401970000,22.6299991607666,25.809999465942383,22.299999237060547,24.350000381469727,0.0111916370777332,-0.0246934717201206,0.3623945139904681,0.2590216458988701,0.5452897166065979,0.2278054422926147,0.4938873661846869,0.1824855079370542,0.7414000000000001,0.2435000038146972,0.3790054860095319,-0.0155216420841728,0.1961102833934022,0.0156945615220825,0.2475126338153131,0.061014495877643,0,0,0,normal
2022-02-04,37311.98,41772.33,37026.73,41574.25,64703.95874,74.14,74.39,68.89,70.14,4482.7900390625,4539.66015625,4451.5,4500.52978515625,4706290000,23.770000457763672,26.260000228881836,22.06999969482422,23.219999313354492,0.108176446956934,0.0051436784398636,0.7305952542470591,0.2562446845583553,0.7374393834760542,0.2298811014501266,0.599497179402755,0.1803426107726238,0.7014,0.2321999931335449,-0.029195254247059,-0.0240446914248103,-0.0360393834760541,0.0023188916834183,0.1019028205972449,0.0518573823609211,0,0,0,normal
2022-02-07,42380.87,44500.5,41645.85,43839.99,51060.62006,70.69,72.27,69.14,69.18,4505.75,4521.85986328125,4471.47021484375,4483.8701171875,4228480000,24.09000015258789,24.81999969482422,22.020000457763672,22.86000061035156,0.0530654293085821,-0.0037085809278284,0.7571019847109511,0.2535892172731536,0.7701516258383491,0.2181440753467997,0.6055870189992956,0.1789836868071068,0.6918000000000001,0.2286000061035155,-0.065301984710951,-0.024989211169638,-0.0783516258383489,0.0104559307567158,0.0862129810007045,0.0496163192964087,0,0,0,normal
2022-02-08,43839.99,45492.0,42666.0,44042.99,64880.29387,69.18,71.78,68.73,70.27,4480.02001953125,4531.31982421875,4465.39990234375,4521.5400390625,4459620000,23.09000015258789,23.479999542236328,21.31999969482422,21.440000534057617,0.0046197878370261,0.0083661134666343,0.7645340094166535,0.219525554820592,0.7652785084085275,0.2183663043879491,0.6061934445972221,0.1755841885897144,0.7027,0.2144000053405761,-0.0618340094166535,-0.0051255494800158,-0.0625785084085275,-0.0039662990473729,0.0965065554027778,0.0388158167508617,0,0,0,normal
2022-02-09,44043.0,44799.0,43117.92,44372.72,34428.16729,70.27,71.02,69.64,69.81,4547.0,4590.02978515625,4547.0,4587.18017578125,4524350000,21.270000457763672,21.299999237060547,19.93000030517578,19.959999084472656,0.0074586638193073,0.0144128420792647,0.7696938045165519,0.2076921627480399,0.7547195118530036,0.2204465805111399,0.5799855399457282,0.1818645072574431,0.6981,0.1995999908447265,-0.0715938045165518,-0.0080921719033133,-0.0566195118530035,-0.0208465896664133,0.1181144600542718,0.0177354835872834,0,0,0,normal
2022-02-10,44372.71,45821.0,43174.01,43495.44,62357.29091,69.81,70.87,68.07,70.81,4553.240234375,4588.919921875,4484.31005859375,4504.080078125,5314860000,20.3700008392334,24.770000457763672,20.18000030517578,23.90999984741211,-0.0199687611802417,-0.018281824485056,0.8050077367272173,0.2369952112736536,0.556913738886649,0.2189838677650842,0.5791244157019285,0.1880561030551151,0.7081000000000001,0.239099998474121,-0.0969077367272172,0.0021047872004674,0.1511862611133511,0.0201161307090368,0.1289755842980715,0.0510438954190059,0,0,0,normal
2022-02-11,43495.44,43920.0,41938.51,42373.73,44975.1687,70.81,73.37,66.71,72.34,4506.27001953125,4526.330078125,4401.41015625,4418.64013671875,5251500000,24.38999938964844,30.989999771118164,23.329999923706055,27.36000061035156,-0.0261275102636211,-0.0191516826380865,0.7407552448304547,0.2445027283314691,0.5804931288932362,0.2360036690876301,0.581037924876919,0.1944653155950189,0.7234,0.2736000061035156,-0.0173552448304546,0.0290972777720464,0.1429068711067638,0.0375963370158854,0.142362075123081,0.0791346905084967,0,1,1,stress
2022-02-14,42053.65,42842.4,41550.56,42535.94,34010.1306,73.05,73.45,70.83,72.16,4412.60986328125,4426.22021484375,4364.83984375,4401.669921875,4600390000,29.170000076293945,32.040000915527344,28.329999923706055,28.329999923706055,0.0038207708811572,-0.0038479907556283,0.7456458881389498,0.2041318109455937,0.5810972319113131,0.2300760146526012,0.5794328736985674,0.1944983634310536,0.7216,0.2832999992370605,-0.0240458881389498,0.0791681882914668,0.1405027680886869,0.0532239845844593,0.1421671263014325,0.0888016358060069,0,1,1,stress
2022-02-15,42535.94,44751.4,42427.03,44544.86,38095.19576,72.16,72.26,69.41,70.59,4429.27978515625,4472.77001953125,4429.27978515625,4471.06982421875,4430830000,28.09000015258789,28.09000015258789,25.329999923706055,25.700000762939453,0.0461474056472828,0.0156437176460641,0.4779096697424225,0.2287489306659926,0.5963362150920664,0.2381981953037536,0.5962587386324302,0.2000214122863316,0.7059000000000001,0.2570000076293945,0.2279903302575776,0.0282510769634019,0.1095637849079337,0.0188018123256409,0.1096412613675699,0.0569785953430629,0,0,0,normal
2022-02-16,44544.85,44549.97,43307.0,43873.56,28471.8727,70.59,70.84,67.59,68.07,4455.75,4489.5498046875,4429.68017578125,4475.009765625,4283640000,25.190000534057617,27.09000015258789,23.8799991607666,24.290000915527344,-0.0151849105438506,0.0008808197202838,0.3852118398908186,0.2280708629680932,0.6087125530905259,0.2359156748276367,0.5966090591000563,0.2001816567437094,0.6807,0.2429000091552734,0.2954881601091814,0.0148291461871802,0.0719874469094741,0.0069843343276367,0.0840909408999436,0.042718352411564,0,0,0,normal
2022-02-17,43873.56,44164.71,40073.21,40515.7,47245.99494,68.07,72.84,65.15,71.54,4456.06005859375,4456.06005859375,4373.81005859375,4380.259765625,4539420000,24.829999923706055,28.3700008392334,24.760000228881836,28.11000061035156,-0.079622307419647,-0.0214005041369366,0.609879566943464,0.2495777144315659,0.7212727467135037,0.2338876023988575,0.6208370413515678,0.2016098559914234,0.7154,0.2811000061035156,0.105520433056536,0.0315222916719497,-0.0058727467135036,0.047212403704658,0.0945629586484322,0.0794901501120922,0,1,1,stress
2022-02-18,40515.71,40959.88,39450.0,39974.44,43845.92241,71.54,72.07,66.98,68.83,4384.56982421875,4394.60009765625,4327.22021484375,4348.8701171875,4708060000,26.65999984741211,29.709999084472656,26.3799991607666,27.75,-0.0134493034485351,-0.0071919616638663,0.59468217657444,0.2114382997669586,0.7219894950585216,0.2171440123632776,0.6214277312592111,0.2020446908971902,0.6883,0.2775,0.09361782342556,0.0660617002330414,-0.0336894950585215,0.0603559876367224,0.0668722687407888,0.0754553091028098,0,1,1,stress
2022-02-22,37008.16,38429.0,36350.0,38230.33,53785.94589,77.69,80.06,74.15,75.22,4332.740234375,4362.1201171875,4267.10986328125,4304.759765625,5121900000,31.799999237060547,32.040000915527344,28.399999618530273,28.809999465942383,-0.0446110702309302,-0.010194735435016,0.6212686487713993,0.1995463938550735,0.7490102526235661,0.2146705968807198,0.6260302647661228,0.2032194189728933,0.7522,0.2880999946594238,0.1309313512286006,0.0885536008043503,0.0031897473764338,0.073429397778704,0.1261697352338772,0.0848805756865305,0,1,1,stress
2022-02-23,38230.33,39249.93,37036.79,37250.01,43560.732,71.56,74.3,71.25,73.78,4324.93017578125,4341.509765625,4221.509765625,4225.5,4797430000,28.040000915527344,31.06999969482422,27.200000762939453,31.020000457763672,-0.0259769663535837,-0.0185837357487884,0.6211909851975386,0.1980534654981217,0.7282006484731262,0.213913775738564,0.6289631541273084,0.2082602371211268,0.7378,0.3102000045776367,0.1166090148024614,0.112146539079515,0.0095993515268738,0.0962862288390727,0.1088368458726916,0.1019397674565099,0,1,1,stress
2022-02-24,37250.02,39843.0,34322.28,38327.21,120476.29458,73.78,89.74,73.58,79.88,4155.77001953125,4294.72998046875,4114.64990234375,4288.7001953125,6752130000,37.5,37.790000915527344,29.450000762939453,30.31999969482422,0.0285078745231434,0.014846105252724,0.6737364192593696,0.236198658946301,0.736701736701724,0.212348396741976,0.6317573783600655,0.2118671596764081,0.7988,0.3031999969482422,0.1250635807406304,0.0670013380019411,0.0620982632982759,0.0908516002062661,0.1670426216399344,0.091332837271834,0,1,1,stress
2022-02-25,38328.68,39683.53,38014.37,39219.17,56574.57125,79.88,79.88,69.99,71.44,4298.3798828125,4385.33984375,4286.830078125,4384.64990234375,5177060000,31.68000030517578,32.0,26.93000030517578,27.59000015258789,0.0230055700671098,0.0221260805512657,0.5954495749684255,0.2604676123207102,0.5678356331278748,0.2359979778674064,0.6301405709779375,0.2236529325271699,0.7143999999999999,0.2759000015258789,0.1189504250315743,0.0154323892051687,0.1465643668721251,0.0399020236584725,0.0842594290220624,0.052247068998709,0,1,1,stress
2022-02-28,37699.08,44225.84,37450.17,43160.0,73945.63858,80.65,81.2,75.09,77.47,4354.169921875,4388.83984375,4315.1201171875,4373.93994140625,6071370000,32.439998626708984,33.5099983215332,28.43000030517578,30.149999618530273,0.0957484825177722,-0.0024455914631261,0.9086188178903756,0.2592614590167417,0.6707722440500224,0.2358673370389638,0.6870149525779214,0.2208178731060162,0.7746999999999999,0.3014999961853027,-0.1339188178903756,0.042238537168561,0.1039277559499775,0.0656326591463389,0.0876850474220785,0.0806821230792865,0,1,1,stress
2022-03-01,43160.0,44949.0,42809.98,44421.2,61743.09873,77.47,78.05,74.66,76.99,4363.14013671875,4378.4501953125,4279.5400390625,4306.259765625,5846230000,29.450000762939453,35.189998626708984,29.440000534057617,33.31999969482422,0.0288026925696246,-0.015594467786613,0.7382157160105215,0.2440993863452344,0.6825248656541886,0.2377998898592223,0.6912235025754961,0.2240300241597839,0.7698999999999999,0.3331999969482422,0.0316842839894784,0.0891006106030078,0.0873751343458113,0.0954001070890199,0.0786764974245037,0.1091699727884583,0,1,1,stress
2022-03-02,44421.2,45400.0,43334.09,43892.98,57782.65081,76.99,77.83,73.62,73.8,4322.56005859375,4401.47998046875,4322.56005859375,4386.5400390625,5337870000,34.20000076293945,34.40999984741211,30.1200008392334,30.739999771118164,-0.0119624345490484,0.0184710467806521,0.7360164834620516,0.2702538465150444,0.6837202256691091,0.2442561775878165,0.6903308996938585,0.22687130216598,0.738,0.3073999977111816,0.0019835165379483,0.0371461511961372,0.0542797743308909,0.0631438201233651,0.0476691003061414,0.0805286955452016,0,1,1,stress
2022-03-03,43892.99,44101.12,41832.28,42454.0,50940.61021,73.79,76.27,73.1,73.7,4401.31005859375,4416.77978515625,4345.56005859375,4363.490234375,5039890000,30.520000457763672,32.0099983215332,29.309999465942383,30.479999542236328,-0.0333332615882579,-0.0052685207442456,0.7009862917130567,0.2630253352169804,0.6932766096801799,0.234728733951322,0.69578691670631,0.22581466797794,0.737,0.3047999954223633,0.0360137082869432,0.0417746602053828,0.04372339031982,0.0700712614710413,0.04121308329369,0.0789853274444233,0,1,1,stress
2022-03-04,42454.0,42527.3,38550.0,39148.66,61964.68498,73.7,80.98,72.11,79.28,4342.1201171875,4342.1201171875,4284.97998046875,4328.8701171875,5797380000,31.899999618530273,34.650001525878906,31.469999313354492,31.979999542236328,-0.0810549423019875,-0.0079656845430019,0.888839279476006,0.2343913961233078,0.766088082237884,0.2236662914375212,0.732100328908064,0.2248098427588218,0.7928000000000001,0.3197999954223632,-0.0960392794760059,0.0854085992990554,0.026711917762116,0.096133703984842,0.060699671091936,0.0949901526635414,0,1,1,stress
2022-03-07,38420.8,39547.57,37155.0,37988.0,63994.11559,79.72,80.7,78.14,80.7,4327.009765625,4327.009765625,4199.85009765625,4201.08984375,6940470000,35.880001068115234,36.54999923706055,32.59000015258789,36.45000076293945,-0.0300958741395586,-0.0299625868144164,0.8990542871319539,0.2904080950357517,0.7714517873848888,0.2543887472961533,0.6623660897388289,0.2343455823770835,0.807,0.3645000076293945,-0.0920542871319538,0.0740919125936428,0.0355482126151112,0.1101112603332412,0.1446339102611711,0.130154425252311,0,1,1,stress
2022-03-08,37988.01,39362.08,37867.65,38730.63,55583.06638,80.7,82.53,79.94,80.93,4202.66015625,4276.93994140625,4157.8701171875,4170.7001953125,7243120000,36.189998626708984,37.52000045776367,32.779998779296875,35.130001068115234,0.0193604394737655,-0.007260043975698,0.8951781902028284,0.2313642567161106,0.7427926623682347,0.2393886399547332,0.6643108503690267,0.2345509454417335,0.8093,0.3513000106811523,-0.0858781902028283,0.1199357539650417,0.0665073376317653,0.1119113707264191,0.1449891496309733,0.1167490652394188,0,1,1,stress
2022-03-09,38730.63,42594.06,38656.45,41941.71,67392.58799,80.93,81.28,78.69,81.01,4223.10009765625,4299.39990234375,4223.10009765625,4277.8798828125,5662670000,33.7400016784668,34.119998931884766,31.38999938964844,32.45000076293945,0.0796500373203137,0.0253735981221411,0.8238777208244119,0.3039331141875424,0.8333837752467345,0.2714006932302219,0.7015037445605089,0.2451775669710587,0.8101,0.3245000076293945,-0.0137777208244118,0.0205668934418521,-0.0232837752467344,0.0530993143991725,0.1085962554394911,0.0793224406583358,0,1,1,stress
2022-03-10,41941.7,42039.63,38539.73,39422.0,71962.93154,81.01,83.87,80.13,80.13,4252.5498046875,4268.27978515625,4209.7998046875,4259.52001953125,4980830000,33.029998779296875,34.029998779296875,30.229999542236328,30.229999542236328,-0.0619567610700479,-0.0043010499202472,0.8512025407006703,0.29186066286907,0.804870812825913,0.2585876190285823,0.7270451051582829,0.2454006185870861,0.8012999999999999,0.3022999954223633,-0.0499025407006703,0.0104393325532933,-0.003570812825913,0.043712376393781,0.0742548948417169,0.0568993768352772,0,1,1,stress
2022-03-11,39422.01,40236.26,38223.6,38729.57,59018.7642,80.13,80.84,77.41,79.73,4279.5,4291.009765625,4200.490234375,4204.31005859375,4938640000,30.43000030517578,31.040000915527344,28.84000015258789,30.75,-0.0177206451442286,-0.0130462789332381,0.8504561462845366,0.2606035421136481,0.8062560975136144,0.2620375215504872,0.728977397607184,0.2476635507979495,0.7973,0.3075,-0.0531561462845365,0.0468964578863518,-0.0089560975136143,0.0454624784495127,0.0683226023928159,0.0598364492020505,0,1,1,stress
2022-03-14,37777.35,39947.12,37555.0,39671.37,46945.45375,82.47,82.96,81.57,82.43,4202.75,4247.56982421875,4161.72021484375,4173.10986328125,5574920000,31.030000686645508,33.18000030517578,30.059999465942383,31.770000457763672,0.0240263778824458,-0.0074486750955333,0.8759320912983217,0.2606532071536498,0.7887654878485236,0.2607127064006847,0.7309313278068716,0.23660165843944,0.8243,0.3177000045776367,-0.0516320912983216,0.0570467974239868,0.0355345121514764,0.0569872981769519,0.0933686721931283,0.0810983461381966,0,1,1,stress
2022-03-15,39671.37,39887.61,38098.33,39280.33,46015.54926,82.43,83.74,80.69,81.98,4188.81982421875,4271.0498046875,4187.89990234375,4262.4501953125,5392470000,33.130001068115234,33.83000183105469,29.56999969482422,29.829999923706055,-0.0099058841699839,0.0211826297241449,0.7231519633009061,0.3076147706266716,0.7803640404723441,0.2668431789445661,0.7296259713767274,0.2385832124109866,0.8198000000000001,0.2982999992370605,0.0966480366990939,-0.009314771389611,0.0394359595276559,0.0314568202924944,0.0901740286232727,0.0597167868260739,0,1,1,stress
2022-03-16,39280.33,41718.0,38828.48,41114.0,88120.76167,81.98,83.93,80.0,81.79,4288.14013671875,4358.89990234375,4251.990234375,4357.85986328125,6309750000,29.020000457763672,29.799999237060547,26.290000915527344,26.670000076293945,0.0456248114305101,0.0221369216483934,0.7313564549197059,0.2662400064634744,0.7941311821460039,0.2760121292926569,0.7410812310017021,0.2474210103572969,0.8179000000000001,0.2667000007629394,0.0865435450802941,0.000459994299465,0.0237688178539962,-0.0093121285297174,0.0768187689982979,0.0192789904056425,1,0,1,stress
2022-03-17,41114.01,41478.82,40500.0,40917.9,37189.38087,81.79,82.02,75.05,75.18,4345.10986328125,4412.669921875,4335.64990234375,4411.669921875,4985090000,26.510000228881836,27.469999313354492,25.25,25.670000076293945,-0.0047810759850474,0.0122722050687002,0.7345145311569232,0.2532176481328427,0.7906704759085079,0.2644130139815991,0.726421008911433,0.2486568234546382,0.7518,0.2567000007629395,0.0172854688430768,0.0034823526300967,-0.0388704759085078,-0.0077130132186596,0.025378991088567,0.0080431773083012,0,0,0,normal
2022-03-18,40917.89,42325.02,40135.04,41757.51,45408.00969,75.18,76.12,70.75,70.75,4407.33984375,4465.39990234375,4390.56982421875,4463.1201171875,8278430000,26.36000061035156,26.81999969482422,23.850000381469727,23.8700008392334,0.0203116952414414,0.0115948144118881,0.5553179663010239,0.2255514178725218,0.6755900299470289,0.2681278553565155,0.7277454549898628,0.2411401078842788,0.7075,0.238700008392334,0.1521820336989761,0.0131485905198121,0.0319099700529711,-0.0294278469641815,-0.0202454549898627,-0.0024400994919448,0,0,0,normal
2022-03-21,41262.11,41544.22,40467.94,41002.25,39426.24877,72.67,73.75,71.33,71.8,4462.39990234375,4481.75,4424.2998046875,4461.18017578125,4869820000,25.13999938964844,25.36000061035156,22.989999771118164,23.530000686645508,-0.0182523721125317,-0.0004347548543014,0.389865800499563,0.2191985369944886,0.6628936869500465,0.2569369038417863,0.6591176170544285,0.2406261048496955,0.718,0.235300006866455,0.328134199500437,0.0161014698719664,0.0551063130499535,-0.0216368969753312,0.0588823829455714,-0.0053260979832404,0,0,0,normal
2022-03-22,41002.26,43361.0,40875.51,42364.13,59454.94294,71.8,74.24,70.89,71.19,4469.10009765625,4522.0,4469.10009765625,4511.60986328125,4754840000,24.020000457763672,24.020000457763672,22.700000762939453,22.940000534057617,0.0326750703725588,0.0112406995540742,0.380317541426085,0.1708385053228473,0.6815361087823107,0.2499750613602691,0.6472712019200855,0.2426740520062635,0.7119,0.2294000053405761,0.331582458573915,0.0585615000177288,0.0303638912176892,-0.0205750560196929,0.0646287980799145,-0.0132740466656873,0,0,0,normal
2022-03-23,42364.13,43025.96,41751.47,42882.76,40828.87039,71.19,71.4,69.5,69.58,4493.10009765625,4501.06982421875,4455.81005859375,4456.240234375,4550670000,23.040000915527344,24.030000686645508,22.63999938964844,23.56999969482422,0.0121678667429053,-0.0123486302524952,0.3722031409869659,0.193038663355359,0.6688972981500043,0.2557091990343588,0.6482239980526509,0.2440436126494987,0.6958,0.2356999969482421,0.3235968590130341,0.0426613335928831,0.0269027018499956,-0.0200092020861166,0.0475760019473491,-0.0083436157012565,0,0,0,normal
2022-03-24,42882.76,44220.89,42560.46,43991.46,56195.12374,69.58,69.93,65.43,65.47,4469.97998046875,4520.580078125,4465.169921875,4520.16015625,4131390000,23.61000061035156,23.790000915527344,21.489999771118164,21.670000076293945,0.0255256438082847,0.014242012281618,0.3480675681076245,0.1792085610857848,0.5603610193889823,0.257123912726764,0.6523477725387953,0.2439534792127356,0.6547,0.2167000007629394,0.3066324318923754,0.0374914396771546,0.0943389806110176,-0.0404239119638245,0.0023522274612046,-0.0272534784497961,0,0,0,normal
2022-03-25,43991.46,45094.14,43579.0,44313.16,54614.43648,65.47,65.92,61.98,62.41,4522.91015625,4546.02978515625,4501.06982421875,4543.06005859375,4305020000,21.8700008392334,22.86000061035156,20.799999237060547,20.809999465942383,0.0072861742275436,0.0050533807042376,0.2815059774923178,0.1512932955266255,0.532416594499163,0.208121135560992,0.6499807747600241,0.2384788062402339,0.6241,0.2080999946594238,0.3425940225076821,0.0568066991327983,0.0916834055008369,-2.114090156815629e-05,-0.0258807747600241,-0.03037881158081,0,0,0,normal
2022-03-28,46827.76,48189.84,46663.56,47122.21,58949.2614,68.62,69.0,62.82,63.04,4541.08984375,4575.64990234375,4517.68994140625,4575.52001953125,4312260000,22.13999938964844,23.329999923706055,19.540000915527344,19.6299991607666,0.0614627413728666,0.0071195510200425,0.3886540791967564,0.1452831319168744,0.5736022133620219,0.1996815599410166,0.6679837807143145,0.2319359626625398,0.6304,0.196299991607666,0.2417459208032435,0.0510168596907916,0.056797786637978,-0.0033815683333505,-0.0375837807143145,-0.0356359710548737,0,0,0,normal
2022-03-29,47122.21,48096.47,46950.85,47434.8,36772.28457,63.04,63.08,61.6,62.04,4602.85986328125,4637.2998046875,4589.66015625,4631.60009765625,5085910000,19.700000762939453,19.729999542236328,18.670000076293945,18.899999618530273,0.0066116967684651,0.012182044101391,0.3970435770234207,0.1464054946270374,0.4890480420736324,0.1827904703536688,0.6680429283648311,0.2335739073154279,0.6204,0.1889999961853027,0.2233564229765792,0.0425945015582653,0.1313519579263675,0.0062095258316339,-0.0476429283648311,-0.0445739111301251,0,0,0,normal
2022-03-30,47434.79,47700.22,46445.42,47067.99,40947.2085,62.04,62.71,60.9,62.44,4624.2001953125,4627.77001953125,4581.31982421875,4602.4501953125,4385570000,19.3799991607666,20.510000228881836,18.719999313354492,19.329999923706055,-0.0077629843968783,-0.0063135889990887,0.3598283148124265,0.1597106084753921,0.37866675010646,0.1851043228210643,0.6564009633727713,0.2308345853361781,0.6244,0.1932999992370605,0.2645716851875734,0.0335893907616684,0.2457332498935399,0.0081956764159962,-0.0320009633727713,-0.0375345860991175,0,0,0,normal
2022-03-31,47067.99,47600.0,45200.0,45510.34,48645.12667,61.7,64.11,61.7,64.11,4599.02001953125,4603.06982421875,4530.41015625,4530.41015625,4823020000,19.68000030517578,21.479999542236328,19.540000915527344,20.559999465942383,-0.033653599256926,-0.0157763352268817,0.4643477495717405,0.1907402368248881,0.4083205036669041,0.1906935111206931,0.6627147430258603,0.2358808025984815,0.6411,0.2055999946594238,0.1767522504282594,0.0148597578345357,0.2327794963330959,0.0149064835387307,-0.0216147430258603,-0.0302808079390576,0,0,0,normal
2022-04-01,45510.35,46720.09,44200.0,46283.49,56271.06474,64.11,64.35,58.86,59.54,4540.31982421875,4548.7001953125,4507.56982421875,4545.85986328125,4562940000,20.6200008392334,20.86000061035156,19.40999984741211,19.6299991607666,0.016845757140592,0.003404420961463,0.4660113014768358,0.1678959479509878,0.4051829701955066,0.1819475819399642,0.6179193912710812,0.2267283396401677,0.5954,0.196299991607666,0.1293886985231642,0.0284040436566782,0.1902170298044934,0.0143524096677018,-0.0225193912710811,-0.0304283480325016,0,0,0,normal
2022-04-04,46407.36,46890.71,45118.0,46580.51,44641.87514,59.47,61.87,59.46,60.54,4547.97021484375,4583.5,4539.2099609375,4582.64013671875,4547350000,20.75,20.780000686645508,18.450000762939453,18.56999969482422,0.0063969032746102,0.0080583825321336,0.4547989626167184,0.1537707336135122,0.3946349978664155,0.1689280822979112,0.6156003870388428,0.2261091489934746,0.6053999999999999,0.1856999969482421,0.1506010373832815,0.0319292633347299,0.2107650021335844,0.0167719146503309,-0.0102003870388428,-0.0404091520452324,0,0,0,normal
2022-04-05,46580.5,47200.0,45353.81,45497.55,42192.74852,60.54,62.9,60.1,62.88,4572.4501953125,4593.4501953125,4514.169921875,4525.1201171875,4800620000,18.790000915527344,21.56999969482422,18.549999237060547,21.030000686645508,-0.0235237349480631,-0.0126311590740053,0.493255775574951,0.1740994841838799,0.3900414153665976,0.1656203994501139,0.6037230674726674,0.2273340989681397,0.6288,0.210300006866455,0.135544224425049,0.0362005226825751,0.2387585846334024,0.0446796074163411,0.0250769325273326,-0.0170340921016846,0,0,0,normal
2022-04-06,45497.54,45507.14,43121.0,43170.47,60849.32936,62.88,66.63,62.87,66.05,4494.169921875,4503.93994140625,4450.0400390625,4481.14990234375,4986830000,21.270000457763672,24.780000686645508,21.239999771118164,22.100000381469727,-0.0525017816550028,-0.0097644339124797,0.3981887339413241,0.1722617783973539,0.4640652821742114,0.167286728649476,0.6205163869992405,0.2218799045579874,0.6605,0.2210000038146972,0.2623112660586759,0.0487382254173433,0.1964347178257885,0.0537132751652212,0.0399836130007594,-0.0008799007432901,0,0,0,normal
2022-04-07,43170.47,43900.99,42727.35,43444.19,37396.54156,66.05,67.1,61.69,61.74,4474.64990234375,4521.16015625,4450.2998046875,4500.2099609375,4821490000,21.969999313354492,23.81999969482422,21.1200008392334,21.549999237060547,0.0063204291562023,0.0042443655520372,0.397604601767812,0.1477656384851579,0.45819080222344,0.161156015869372,0.6165054666512759,0.2186325534172355,0.6174000000000001,0.2154999923706054,0.219795398232188,0.0677343538854475,0.15920919777656,0.0543439765012334,0.0008945333487241,-0.00313256104663,0,0,0,normal
2022-04-08,43444.2,43970.62,42107.14,42252.01,42375.04203,61.74,62.56,59.28,62.19,4494.14990234375,4520.41015625,4474.60009765625,4488.27978515625,4083200000,21.25,22.34000015258789,20.280000686645508,21.15999984741211,-0.027825199218427,-0.0026545466755523,0.40559211091822,0.1471045397125377,0.4684144000923958,0.1617041870276064,0.6206042318700292,0.2100488145381609,0.6219,0.2115999984741211,0.21630788908178,0.0644954587615833,0.1534855999076042,0.0498958114465147,0.0012957681299707,0.0015511839359601,0,0,0,normal
2022-04-11,42158.85,42414.71,39200.0,39530.45,63560.44721,61.08,68.6,60.08,68.28,4462.64013671875,4464.35009765625,4408.3798828125,4412.52978515625,4266290000,23.09000015258789,24.420000076293945,22.09000015258789,24.3700008392334,-0.0665806656331049,-0.0170213345846961,0.5039515927038708,0.151559072634216,0.5284500813942028,0.1693611115095566,0.5859845787759627,0.2161523969769783,0.6828,0.243700008392334,0.1788484072961291,0.0921409357581179,0.1543499186057971,0.0743388968827774,0.0968154212240373,0.0275476114153556,0,0,0,normal
2022-04-12,39530.45,40699.0,39254.63,40074.94,57751.01778,68.28,68.41,65.09,65.22,4437.58984375,4471.0,4381.33984375,4397.4501953125,4152090000,24.940000534057617,25.3799991607666,22.270000457763672,24.260000228881836,0.0136799402987624,-0.0034233005304522,0.4944660621958001,0.143303043235867,0.529437281956659,0.1624591219845576,0.580482045812548,0.2112004598433022,0.6522,0.2426000022888183,0.1577339378041999,0.0992969590529513,0.122762718043341,0.0801408803042607,0.0717179541874519,0.0313995424455161,0,0,0,normal
2022-04-13,40074.95,41561.31,39588.54,41147.79,41342.27254,65.22,66.38,63.38,63.61,4394.2998046875,4453.919921875,4392.7001953125,4446.58984375,3828150000,23.520000457763672,24.450000762939453,21.3700008392334,21.81999969482422,0.0264190184253026,0.0111126032689019,0.5516281728367274,0.1554204094362435,0.530443047898966,0.1572458107696467,0.5862113137342726,0.2068517119403734,0.6361,0.2181999969482422,0.0844718271632726,0.0627795875119986,0.1056569521010339,0.0609541861785954,0.0498886862657274,0.0113482850078687,0,0,0,normal
2022-04-14,41147.78,41500.0,39551.94,39942.38,36807.01401,63.61,63.62,60.07,62.1,4449.1201171875,4460.4599609375,4390.77001953125,4392.58984375,4083090000,21.719999313354492,22.700000762939453,20.850000381469727,22.700000762939453,-0.0297323041306666,-0.0122184803835081,0.5556169168653544,0.1545089709709774,0.5373351346490504,0.1610193830702816,0.5846377391932941,0.2094862066820529,0.621,0.2270000076293945,0.0653830831346455,0.0724910366584171,0.0836648653509496,0.0659806245591129,0.0363622608067059,0.0175138009473416,0,0,0,normal
2022-04-18,39678.11,41116.73,38536.51,40801.13,54243.49575,63.59,64.91,62.62,63.47,4385.6298828125,4410.31005859375,4370.2998046875,4391.68994140625,3910490000,24.520000457763672,24.600000381469727,21.979999542236328,22.170000076293945,0.0212718615086496,-0.0002048892724065,0.5427442402641097,0.1507711011426877,0.4587783933809854,0.1555250350320641,0.5377966137388626,0.2080531888021275,0.6347,0.2217000007629394,0.0919557597358903,0.0709288996202517,0.1759216066190146,0.0661749657308753,0.0969033862611374,0.0136468119608119,0,0,0,normal
2022-04-19,40801.13,41760.0,40571.0,41493.18,35788.85843,63.47,63.48,61.31,62.46,4390.6298828125,4471.02978515625,4390.6298828125,4462.2099609375,4108120000,22.549999237060547,22.920000076293945,20.36000061035156,21.3700008392334,0.0168192992773752,0.0159300447493866,0.557875453280569,0.1861234739288299,0.4680182724464284,0.1632073415213355,0.5310851652623306,0.1915645672073745,0.6246,0.213700008392334,0.066724546719431,0.027576534463504,0.1565817275535716,0.0504926668709984,0.0935148347376694,0.0221354411849594,0,0,0,normal
2022-04-20,41493.19,42199.0,40820.0,41358.19,40877.35041,62.46,62.62,61.32,62.19,4472.259765625,4488.2900390625,4448.759765625,4459.4501953125,4290450000,21.1299991607666,21.31999969482422,19.75,20.31999969482422,-0.0032586092287824,-0.0006186664061825,0.537658987244423,0.1858611443425878,0.4687429636574517,0.1625239520294103,0.5290509525922666,0.1897301158212616,0.6219,0.2031999969482422,0.084241012755577,0.0173388526056544,0.1531570363425483,0.0406760449188318,0.0928490474077333,0.0134698811269806,0,0,0,normal
2022-04-21,41358.19,42976.0,39751.0,40480.01,59316.27657,62.19,63.94,60.64,63.51,4489.169921875,4512.93994140625,4384.47021484375,4393.66015625,4636890000,20.239999771118164,23.280000686645508,19.809999465942383,22.68000030517578,-0.021462195138858,-0.014862855551311,0.3487125265902638,0.1783054270190634,0.4591894285903772,0.1610905997459214,0.4792210640538981,0.1827948427797945,0.6351,0.2268000030517578,0.2863874734097362,0.0484945760326944,0.1759105714096228,0.0657094033058364,0.1558789359461019,0.0440051602719633,0,0,0,normal
2022-04-22,40480.01,40795.06,39177.0,39709.18,46664.0196,63.51,63.64,59.99,61.12,4385.830078125,4385.830078125,4267.6201171875,4271.77978515625,4651940000,22.709999084472656,28.270000457763672,22.6200008392334,28.209999084472656,-0.0192258767952012,-0.0281320763773669,0.3635126247386269,0.2441437608294163,0.4461135063801015,0.1923875900096469,0.4470543324084804,0.2008344969413656,0.6112,0.2820999908447266,0.247687375261373,0.0379562300153102,0.1650864936198984,0.0897124008350797,0.1641456675915195,0.0812654939033609,0,1,1,stress
2022-04-25,39450.12,40616.0,38200.0,40426.08,63037.12784,62.62,66.38,62.62,65.57,4255.33984375,4299.02001953125,4200.81982421875,4296.1201171875,5240040000,30.040000915527344,31.600000381469727,26.799999237060547,27.020000457763672,0.0178927260277512,0.0056817651441118,0.3389674113232123,0.2317518836879495,0.4573009748954335,0.1896388268757047,0.4465352257428451,0.1974923214933648,0.6557,0.2702000045776367,0.3167325886767876,0.0384481208896872,0.1983990251045664,0.080561177701932,0.2091647742571548,0.0727076830842719,0,1,1,stress
2022-04-26,40426.08,40797.31,37702.26,38112.65,66650.258,65.57,67.36,63.58,66.78,4278.14013671875,4278.14013671875,4175.0400390625,4175.2001953125,4689970000,27.3799991607666,33.810001373291016,27.059999465942383,33.52000045776367,-0.058928873224046,-0.0285500089285977,0.4607666720545713,0.2707879808837438,0.5000833155358491,0.2132453972857507,0.4739411947184226,0.2138671325879256,0.6678000000000001,0.3352000045776367,0.2070333279454287,0.0644120236938929,0.167716684464151,0.121954607291886,0.1938588052815774,0.1213328719897111,0,1,1,stress
2022-04-27,38112.64,39474.72,37881.31,39235.72,57083.12272,64.91,66.48,64.48,65.09,4186.52001953125,4240.7099609375,4162.89990234375,4183.9599609375,4769680000,31.11000061035156,32.77000045776367,29.81999969482422,31.600000381469727,0.029041308349954,0.0020958490249645,0.4824247495886423,0.2736392329187991,0.4937480133992916,0.2148466957298756,0.4812082876901078,0.2043972931355105,0.6509,0.3160000038146973,0.1684752504113577,0.0423607708958981,0.1571519866007084,0.1011533080848216,0.1696917123098922,0.1116027106791867,0,1,1,stress
2022-04-28,39235.72,40372.63,38881.43,39742.07,56086.6715,60.38,63.55,59.78,63.0,4222.580078125,4308.4501953125,4188.6298828125,4287.5,4854180000,29.90999984741211,32.0,28.0,29.989999771118164,0.0128227679696394,0.0244456553408321,0.4751694628132183,0.3063258346025072,0.4978577435998644,0.2463081946318348,0.4632152353924731,0.2067271440549958,0.63,0.2998999977111816,0.1548305371867817,-0.0064258368913255,0.1321422564001356,0.0535918030793468,0.1667847646075269,0.0931728536561858,0,1,1,stress
2022-04-29,39742.06,39925.25,38175.0,38596.11,51453.65715,63.0,63.18,57.99,60.54,4253.75,4269.68017578125,4124.27978515625,4131.93017578125,5084030000,28.969999313354492,34.34000015258789,28.540000915527344,33.400001525878906,-0.0292588301525011,-0.0369591597846941,0.4937470304123008,0.3547525510513115,0.4990914486200754,0.2842198039145865,0.4702700812914392,0.2283221476395693,0.6053999999999999,0.3340000152587891,0.1116529695876991,-0.0207525357925223,0.1063085513799245,0.0497802113442025,0.1351299187085607,0.1056778676192198,0,1,1,stress
2022-05-02,38468.35,39167.34,38052.0,38525.16,53200.92628,62.44,63.23,59.72,62.42,4130.60986328125,4169.81005859375,4062.510009765625,4155.3798828125,5163790000,33.349998474121094,36.63999938964844,31.739999771118164,32.34000015258789,-0.001839959845487,0.0056591992938186,0.4884128037720375,0.3662988444587861,0.4167107679437986,0.2833178288481826,0.4655175101909299,0.2258442101869516,0.6242,0.3234000015258789,0.1357871962279624,-0.0428988429329071,0.2074892320562014,0.0400821726776963,0.15868248980907,0.0975557913389272,0,1,1,stress
2022-05-03,38525.16,38651.51,37517.8,37728.95,40316.45358,62.42,64.92,60.23,64.92,4159.77978515625,4200.10009765625,4147.080078125,4175.47998046875,4582050000,31.760000228881836,32.81999969482422,29.059999465942383,29.25,-0.0208838300694292,0.0048254650753595,0.4902436287473153,0.3427073253515226,0.417558114308906,0.2859555234745287,0.4663438999687075,0.2267509685545128,0.6492,0.2925,0.1589563712526847,-0.0502073253515226,0.231641885691094,0.0065444765254712,0.1828561000312925,0.0657490314454871,0,1,1,stress
2022-05-04,37728.95,40023.77,37670.0,39690.0,62574.61736,64.92,64.98,60.32,60.58,4181.18017578125,4307.66015625,4148.91015625,4300.169921875,5136360000,29.1200008392334,29.420000076293945,24.940000534057617,25.420000076293945,0.0506715625195411,0.0294252215573258,0.5902599572606851,0.3944260802472912,0.4624219418722526,0.3135651739451072,0.4809202032768684,0.241750594503646,0.6058,0.2542000007629394,0.0155400427393148,-0.1402260794843517,0.1433780581277474,-0.0593651731821677,0.1248797967231316,0.0124494062592934,0,0,0,normal
2022-05-05,39690.0,39845.51,35571.9,36552.97,88722.43355,60.58,66.25,58.72,63.13,4270.43017578125,4270.43017578125,4106.009765625,4146.8701171875,5077030000,25.969999313354492,33.20000076293945,25.780000686645508,31.200000762939453,-0.082336825350552,-0.036300677564099,0.6919831212869053,0.4200117253071708,0.5648246168722939,0.3434196736947776,0.531743618359168,0.2602628951598779,0.6313,0.3120000076293945,-0.0606831212869053,-0.1080117176777762,0.066475383127706,-0.0314196660653831,0.099556381640832,0.0517371124695166,0,1,1,stress
2022-05-06,36552.97,36675.63,35258.0,36013.77,68437.80187,63.13,65.06,59.8,62.19,4128.169921875,4157.68994140625,4067.909912109375,4123.33984375,5116940000,32.22999954223633,35.34000015258789,29.829999923706055,30.190000534057617,-0.0148610761227884,-0.0056903844139527,0.6473919112696855,0.4202207067242935,0.5512312940997434,0.3429982923483378,0.5242132601038123,0.2555575795319992,0.6219,0.3019000053405761,-0.0254919112696855,-0.1183207013837173,0.0706687059002566,-0.0410982870077616,0.0976867398961877,0.0463424258085769,0,1,1,stress
2022-05-09,34038.39,34243.15,30033.33,30076.31,191876.926428,68.59,85.99,68.33,84.91,4081.27001953125,4081.27001953125,3975.47998046875,3991.239990234375,5954520000,31.899999618530273,35.47999954223633,31.899999618530273,34.75,-0.180163546637267,-0.0325615195396041,1.1634375793297915,0.4080861930519617,0.8976455695751789,0.3486527121532961,0.724215876227065,0.2681211622424748,0.8491,0.3475,-0.3143375793297915,-0.0605861930519617,-0.0485455695751789,-0.001152712153296,0.124884123772935,0.0793788377575251,0,1,1,stress
2022-05-10,30074.23,32658.99,29730.4,31017.1,165532.00311,84.92,88.51,76.95,81.61,4035.179931640625,4068.820068359375,3958.169921875,4001.050048828125,5885820000,33.65999984741211,34.84000015258789,32.2400016784668,32.9900016784668,0.0308008466215324,0.0024548817604092,1.2396279789474305,0.3660067416969594,0.9234156231758794,0.3501491264519082,0.701961280832683,0.2667294843530866,0.8161,0.3299000167846679,-0.4235279789474304,-0.0361067249122914,-0.1073156231758794,-0.0202491096672402,0.114138719167317,0.0631705324315813,0,1,1,stress
2022-05-11,31017.11,32162.59,27785.0,29103.94,207063.739278,81.61,109.04,79.65,101.25,3990.080078125,4049.090087890625,3928.820068359375,3935.179931640625,5816140000,32.869998931884766,34.38999938964844,30.690000534057617,32.560001373291016,-0.0636651051045502,-0.0166002320956977,1.2335511024668786,0.3641688909664207,0.9414057295990796,0.3509102350311069,0.713536613387841,0.2641451516501818,1.0125,0.3256000137329101,-0.2210511024668786,-0.0385688772335105,0.0710942704009203,-0.0253102212981967,0.2989633866121589,0.0614548620827283,0,1,1,stress
2022-05-12,29103.94,30243.0,26700.0,29029.75,204507.263138,101.25,139.73,99.57,114.58,3903.949951171875,3964.800048828125,3858.8701171875,3930.080078125,6286450000,33.7400016784668,34.7599983215332,31.700000762939453,31.770000457763672,-0.0025523939828082,-0.0012968049941124,1.250311168339658,0.3570527354684925,0.9455447461900364,0.3391489092833339,0.7142367120754481,0.2643996366882869,1.1458,0.3177000045776367,-0.104511168339658,-0.0393527308908557,0.2002552538099635,-0.0214489047056972,0.4315632879245518,0.0533003678893497,0,1,1,stress
2022-05-13,29029.74,31083.37,28751.67,29287.05,97872.36957,114.58,115.12,91.7,99.66,3963.89990234375,4038.8798828125,3963.89990234375,4023.889892578125,5183340000,31.09000015258789,31.200000762939453,28.780000686645508,28.8700008392334,0.0088242725805584,0.0235892679568694,1.147423377276582,0.3317320469427015,0.9388171512278874,0.3589891050302917,0.715778441637576,0.275195305923366,0.9966,0.288700008392334,-0.1508233772765821,-0.0430320385503674,0.0577828487721124,-0.0702890966379576,0.2808215583624239,0.013504702468968,0,1,1,stress
2022-05-16,31328.89,31328.9,29087.04,29874.01,73082.19658,92.34,97.55,92.29,96.37,4013.02001953125,4046.4599609375,3983.989990234375,4008.010009765625,4415030000,30.010000228881836,30.229999542236328,27.36000061035156,27.469999313354492,0.0198434328281837,-0.0039542085177224,1.1655203652959194,0.2735979386254948,0.9399022539413296,0.3420482147506756,0.7169779348738063,0.2743109545755069,0.9637,0.2746999931335449,-0.2018203652959194,0.0011020545080501,0.0237977460586703,-0.0673482216171306,0.2467220651261936,0.000389038558038,0,1,1,stress
2022-05-17,29874.01,30788.37,29450.38,30444.93,56724.13307,96.37,96.39,88.6,91.46,4052.0,4090.719970703125,4033.929931640625,4088.85009765625,4841410000,27.06999969482422,27.170000076293945,25.510000228881836,26.100000381469727,0.0189306062024952,0.0199689195814626,1.199658851036446,0.3110955496757392,0.9311569455266038,0.3552773674137163,0.7210750051362895,0.2810249825028242,0.9146,0.2610000038146973,-0.2850588510364461,-0.0500955458610419,-0.0165569455266038,-0.094277363599019,0.1935249948637104,-0.0200249786881269,0,0,0,normal
2022-05-18,30444.93,30709.99,28654.47,28715.32,59749.15799,89.74,100.59,87.3,100.59,4051.97998046875,4051.97998046875,3911.909912109375,3923.679931640625,5103220000,26.739999771118164,31.489999771118164,26.209999084472656,30.959999084472656,-0.0584886995742189,-0.0412338092912488,0.6132110734346727,0.3497627511922849,0.9343683880339576,0.3707303663609099,0.7320513861961714,0.3003945851938272,1.0059,0.3095999908447265,0.3926889265653273,-0.0401627603475583,0.0715316119660424,-0.0611303755161833,0.2738486138038286,0.0092054056508993,0,1,1,stress
2022-05-19,28715.33,30545.18,28691.38,30319.23,67877.36415,100.59,100.95,91.05,91.11,3899.0,3945.9599609375,3876.580078125,3900.7900390625,5113550000,31.239999771118164,33.11000061035156,29.059999465942383,29.350000381469727,0.0543513864177695,-0.0058508647773478,0.6855747419788716,0.3484295938358229,0.989584844648956,0.3434014796345177,0.7501986916620484,0.3000412685309006,0.9111,0.2935000038146972,0.2255252580211284,-0.0549295900211256,-0.078484844648956,-0.0499014758198204,0.1609013083379515,-0.0065412647162033,1,1,1,stress
2022-05-20,30319.22,30777.33,28730.0,29201.01,60517.25325,91.11,93.33,83.02,88.56,3927.760009765625,3943.419921875,3810.320068359375,3901.360107421875,5130730000,28.780000686645508,32.90999984741211,28.059999465942383,29.43000030517578,-0.0375788669561836,0.0001461310919903,0.6017709119515934,0.3365225217657152,0.9904192341729426,0.3411498694067151,0.7517827061859086,0.2992227373369778,0.8856,0.2943000030517578,0.2838290880484067,-0.0422225187139573,-0.1048192341729425,-0.0468498663549573,0.1338172938140914,-0.0049227342852199,1,1,1,stress
2022-05-23,30293.93,30670.51,28866.35,29109.15,63901.49932,82.49,83.59,80.03,82.54,3919.419921875,3981.8798828125,3909.0400390625,3973.75,4420030000,28.979999542236328,30.38999938964844,28.290000915527344,28.479999542236328,-0.0031507399736996,0.0183849954120607,0.6019080603986255,0.3564932614421341,0.9928952344648616,0.3529844309106136,0.751024604409299,0.3066308210992726,0.8254,0.2847999954223633,0.2234919396013744,-0.0716932660197708,-0.1674952344648616,-0.0681844354882503,0.074375395590701,-0.0218308256769093,1,1,1,stress
2022-05-24,29109.14,29845.86,28669.0,29654.58,59442.96036,82.54,84.5,80.65,82.27,3942.93994140625,3955.679931640625,3875.1298828125,3941.47998046875,4923190000,29.43000030517578,31.06999969482422,29.040000915527344,29.450000762939453,0.0185640245739104,-0.008153950903558,0.6104167584222203,0.3235310955248767,0.958258832902351,0.3193653334731205,0.7380990103564712,0.3044425872040835,0.8227,0.2945000076293945,0.2122832415777796,-0.0290310878954821,-0.135558832902351,-0.0248653258437259,0.0846009896435288,-0.0099425795746889,1,1,1,stress
2022-05-25,29654.58,30223.74,29294.21,29542.15,59537.38659,82.27,83.16,80.45,82.57,3929.590087890625,3999.330078125,3925.030029296875,3978.72998046875,4802560000,29.329999923706055,30.229999542236328,28.15999984741211,28.3700008392334,-0.0037985251950821,0.0094063856489315,0.5973785111057482,0.331629935047774,0.9175939369513786,0.2937638081185347,0.7350443818032533,0.3068284426736714,0.8256999999999999,0.283700008392334,0.2283214888942516,-0.0479299266554399,-0.0918939369513787,-0.0100637997262006,0.0906556181967466,-0.0231284342813373,1,1,1,stress
2022-05-26,29542.14,29886.64,28019.56,29201.35,94581.65463,82.57,90.14,80.25,81.63,3984.60009765625,4075.139892578125,3984.60009765625,4057.840087890625,4709970000,28.420000076293945,28.459999084472656,27.11000061035156,27.5,-0.0116031160400314,0.0196881660077208,0.5811861188348026,0.3308861071936642,0.9177220724404094,0.3085459052373807,0.72681475334239,0.3113112990587149,0.8162999999999999,0.275,0.2351138811651972,-0.0558861071936641,-0.1014220724404094,-0.0335459052373806,0.0894852466576099,-0.0363112990587148,0,1,1,stress
2022-05-27,29201.35,29397.66,28282.9,28629.8,90998.5201,81.64,84.76,79.62,84.72,4077.429931640625,4158.490234375,4077.429931640625,4158.240234375,4375620000,27.5,27.540000915527344,25.56999969482422,25.719999313354492,-0.0197668076759755,0.024441130195822,0.4699905145263049,0.2080532240181931,0.5273518373408181,0.2902694797442878,0.7252064388244022,0.3199406470926671,0.8472,0.2571999931335449,0.377209485473695,0.0491467691153518,0.3198481626591818,-0.0330694866107428,0.1219935611755977,-0.0627406539591222,0,0,0,normal
2022-05-31,31734.23,32399.0,31200.01,31801.04,62433.11632,75.39,75.52,72.26,73.06,4151.08984375,4168.33984375,4104.8798828125,4132.14990234375,6822640000,27.469999313354492,28.350000381469727,25.940000534057617,26.190000534057617,0.1050508602476032,-0.0062941351936669,0.7393988825757718,0.2093320779586846,0.6900243824969483,0.2929071801393474,0.7949949267513482,0.3201589566731844,0.7306,0.2619000053405761,-0.0087988825757717,0.0525679273818915,0.0405756175030517,-0.0310071747987712,-0.0643949267513481,-0.0582589513326082,1,0,1,stress
2022-06-01,31801.05,31982.97,29301.0,29805.83,103395.63382,73.06,76.81,71.89,74.75,4149.77978515625,4166.5400390625,4073.85009765625,4101.22998046875,4531800000,26.049999237060547,27.729999542236328,25.3799991607666,25.690000534057617,-0.0647949816931547,-0.0075109050411554,0.8215056784424012,0.2261213824431197,0.6921152652477831,0.2839374732602399,0.807669015689784,0.3159120990202887,0.7475,0.2569000053405761,-0.0740056784424011,0.0307786228974564,0.0553847347522169,-0.0270374679196637,-0.0601690156897839,-0.0590120936797125,1,0,1,stress
2022-06-02,29805.84,30689.0,29594.55,30452.62,56961.42928,71.74,74.12,71.74,73.43,4095.409912109375,4177.509765625,4074.3701171875,4176.81982421875,4405790000,25.729999542236328,26.5,24.329999923706055,24.719999313354492,0.02146802118667,0.0182632254155451,0.8271145636789895,0.2258680260377661,0.6967403435076567,0.2903189357640776,0.8128982664709348,0.3217374593835982,0.7343000000000001,0.2471999931335449,-0.0928145636789894,0.0213319670957788,0.0375596564923433,-0.0431189426305326,-0.0785982664709347,-0.0745374662500532,1,0,1,stress
2022-06-03,30452.63,30699.0,29282.36,29700.21,54067.44727,73.43,74.3,70.84,71.33,4137.56982421875,4142.669921875,4098.669921875,4108.5400390625,3711110000,24.90999984741211,25.959999084472656,24.760000228881836,24.790000915527344,-0.0250179166566577,-0.016482405609817,0.8415060260363595,0.2533750910817372,0.7063774243685829,0.2886142586185636,0.8133913878630569,0.3223258209768672,0.7132999999999999,0.2479000091552734,-0.1282060260363595,-0.0054750819264637,0.006922575631417,-0.0407142494632901,-0.1000913878630569,-0.0744258118215937,1,0,1,stress
2022-06-06,29919.2,31765.64,29890.23,31373.1,68836.92456,72.04,72.04,67.6,68.51,4134.72021484375,4168.77978515625,4109.18017578125,4121.43017578125,4332700000,25.3700008392334,25.809999465942383,24.81999969482422,25.06999969482422,0.0547967213586006,0.003132489407036,0.9010868142923136,0.252554924941802,0.7392525769580576,0.2875886139779063,0.834372399477917,0.3131040952765481,0.6851,0.2506999969482422,-0.2159868142923136,-0.0018549279935597,-0.0541525769580575,-0.0368886170296641,-0.1492723994779169,-0.0624040983283059,1,0,1,stress
2022-06-07,31373.1,31589.6,29218.96,31125.33,110674.51658,68.51,73.49,68.51,71.51,4096.47021484375,4164.85986328125,4080.18994140625,4160.68017578125,4248210000,25.540000915527344,26.239999771118164,23.8799991607666,24.020000457763672,-0.0079288807110227,0.0094783315317198,0.8978925362235932,0.2344542760905381,0.7371628693821423,0.2781676293149719,0.8307970439831386,0.3140206184025073,0.7151000000000001,0.2402000045776367,-0.1827925362235931,0.0057457284870986,-0.0220628693821421,-0.0379676247373352,-0.1156970439831385,-0.0738206138248705,1,0,1,stress
2022-06-08,31125.32,31327.22,29843.88,30204.77,68542.61276,71.51,72.79,69.11,71.7,4147.1201171875,4160.14013671875,4107.2001953125,4115.77001953125,4159470000,24.3700008392334,24.780000686645508,23.739999771118164,23.959999084472656,-0.0300220982099308,-0.0108526230401553,0.9137163026646196,0.1948128037847217,0.7012155283504854,0.2096638249075254,0.819766063444472,0.3046098274736385,0.7170000000000001,0.2395999908447265,-0.1967163026646194,0.0447871870600048,0.0157844716495146,0.0299361659372011,-0.1027660634444719,-0.0650098366289119,1,0,1,stress
2022-06-09,30204.77,30700.0,29944.1,30109.93,46291.1865,71.7,72.62,70.51,72.57,4101.64990234375,4119.10009765625,4017.169921875,4017.820068359375,4134170000,24.290000915527344,26.239999771118164,23.81999969482422,26.09000015258789,-0.0031448412464677,-0.0240864576651555,0.609167551677611,0.2378307934127701,0.6618955355908698,0.2376860418425288,0.8124884192072177,0.312048607128071,0.7256999999999999,0.2609000015258789,0.1165324483223888,0.0230692081131087,0.0638044644091301,0.02321395968335,-0.0867884192072178,-0.051148605602192,1,0,1,stress
2022-06-10,30109.93,30382.8,28850.0,29091.88,76204.2498,72.57,74.77,71.68,72.55,3974.389892578125,3974.389892578125,3900.159912109375,3900.860107421875,4889640000,26.260000228881836,29.6299991607666,26.049999237060547,27.75,-0.0343959202434377,-0.0295424148114094,0.5087543236381543,0.2837594996207466,0.6585680463929312,0.2731705010525037,0.8130816793364981,0.3124962369743568,0.7254999999999999,0.2775,0.2167456763618456,-0.0062594996207465,0.0669319536070687,0.0043294989474963,-0.0875816793364981,-0.0349962369743567,1,1,1,stress
2022-06-13,26574.53,26895.84,21925.77,22487.41,254611.034966,93.99,107.5,92.78,106.0,3838.14990234375,3838.14990234375,3734.300048828125,3749.6298828125,5636890000,31.3700008392334,35.04999923706055,31.290000915527344,34.02000045776367,-0.2575035003932837,-0.0395399319900399,1.573625762109178,0.2781764851261379,1.2754058652398912,0.3061203022046187,1.0832910665468396,0.3150019763440448,1.06,0.3402000045776367,-0.513625762109178,0.0620235194514988,-0.2154058652398911,0.0340797023730179,-0.0232910665468395,0.0251980282335919,1,1,1,stress
2022-06-14,22485.27,23362.88,20846.0,22136.41,187201.64671,106.0,113.43,97.87,103.09,3763.52001953125,3778.179931640625,3705.679931640625,3735.47998046875,5153890000,33.0099983215332,34.0,32.060001373291016,32.689998626708984,-0.0157318328672523,-0.0037808180394896,1.579137718860664,0.2864426134853171,1.2643719285116244,0.30557235936353,1.0822372603260522,0.3138716390168703,1.0309,0.3268999862670898,-0.548237718860664,0.0404573727817727,-0.2334719285116244,0.0213276269035598,-0.0513372603260522,0.0130283472502195,1,1,1,stress
2022-06-15,22136.42,22800.0,20111.62,22583.72,200774.493467,103.09,142.02,89.15,89.15,3764.050048828125,3837.56005859375,3722.300048828125,3789.989990234375,5530480000,32.38999938964844,32.77000045776367,27.760000228881836,29.6200008392334,0.0200055285384097,0.0144870588365344,1.5014645592900142,0.3203883973210073,1.2745997253887429,0.3105594465591618,1.0879182660873183,0.3173421013879627,0.8915000000000001,0.2962000083923339,-0.6099645592900141,-0.0241883889286733,-0.3830997253887428,-0.0143594381668278,-0.1964182660873182,-0.0211420929956287,1,1,1,stress
2022-06-16,22583.72,22995.73,20232.0,20401.31,99673.59429,89.15,119.65,88.53,119.65,3728.179931640625,3728.179931640625,3639.77001953125,3666.77001953125,5644930000,30.350000381469727,34.81999969482422,30.350000381469727,32.95000076293945,-0.1016301782416361,-0.0330522071138406,1.5044139361730753,0.3018571348104556,1.32061711527186,0.314897777264505,1.094992713199595,0.3131110496721711,1.1965,0.3295000076293945,-0.3079139361730751,0.0276428728189389,-0.1241171152718598,0.0146022303648895,0.1015072868004052,0.0163889579572233,1,1,1,stress
2022-06-17,20400.6,21365.43,20246.66,20468.81,86694.33663,119.65,121.89,105.53,108.67,3665.89990234375,3707.7099609375,3636.8701171875,3674.840087890625,8520740000,32.84000015258789,33.310001373291016,30.469999313354492,31.1299991607666,0.0033031496542327,0.0021984473410133,1.5453570963390275,0.3242572458058946,1.3262128787184613,0.2841610189773376,1.082167316100489,0.2995902747937169,1.0867,0.311299991607666,-0.4586570963390275,-0.0129572541982285,-0.2395128787184612,0.0271389726303284,0.004532683899511,0.0117097168139491,1,1,1,stress
2022-06-21,20573.9,21723.0,20348.4,20723.52,104371.0749,99.27,99.52,93.8,97.96,3715.31005859375,3779.64990234375,3715.31005859375,3764.7900390625,5292260000,30.6299991607666,30.649999618530273,29.329999923706055,30.190000534057617,0.0123670230035458,0.0241824749606719,1.570070263453185,0.3962246502879819,1.2041039949916847,0.3169533052155741,1.0860145921847193,0.3104632079288549,0.9796,0.3019000053405761,-0.590470263453185,-0.0943246449474057,-0.2245039949916848,-0.0150532998749979,-0.1064145921847193,-0.0085632025882787,1,1,1,stress
2022-06-22,20723.51,20900.0,19770.51,19987.99,92133.97938,97.96,100.67,96.79,99.76,3733.889892578125,3801.7900390625,3717.68994140625,3759.889892578125,5058990000,31.450000762939453,31.56999969482422,28.780000686645508,28.950000762939453,-0.0361376939508315,-0.0013024200953574,1.56922078079152,0.3710361308834171,1.1944219925198445,0.3177201491184808,0.9740738685681806,0.2975789958553888,0.9976,0.2895000076293945,-0.5716207807915199,-0.0815361232540225,-0.1968219925198444,-0.0282201414890862,0.0235261314318194,-0.0080789882259942,1,1,1,stress
2022-06-23,19988.0,21233.0,19890.07,21110.13,83127.08716,99.76,99.84,91.29,91.46,3774.7099609375,3802.580078125,3743.52001953125,3795.72998046875,5098640000,29.290000915527344,29.770000457763672,28.739999771118164,29.049999237060547,0.0546214268784678,0.0094870724855565,0.7899871357492222,0.2881279810119079,1.2291080577509208,0.3066049940639429,0.9858883766955524,0.299185448691199,0.9146,0.2904999923706055,0.1246128642507777,0.0023720113586975,-0.3145080577509208,-0.0161050016933374,-0.0712883766955524,-0.0086854563205935,1,1,1,stress
2022-06-24,21110.12,21558.41,20736.72,21237.69,77430.36622,91.46,93.09,88.23,90.66,3821.75,3913.64990234375,3821.75,3911.739990234375,8120260000,29.06999969482422,29.719999313354492,26.829999923706055,27.229999542236328,0.0060244133369918,0.030105539729901,0.793013243692987,0.329583284012319,1.2367060125475653,0.3400697008785955,0.9752936620437826,0.3094942120775599,0.9066,0.2722999954223633,0.1135867563070129,-0.0572832885899557,-0.3301060125475653,-0.0677697054562322,-0.0686936620437826,-0.0371942166551966,1,1,1,stress
2022-06-27,21038.08,21539.85,20510.0,20742.56,64475.0013,90.26,91.0,87.5,89.09,3920.760009765625,3927.719970703125,3889.659912109375,3900.110107421875,4325310000,28.299999237060547,28.65999984741211,26.93000030517578,26.950000762939453,-0.0235898052332058,-0.0029774998903406,0.7761102443955982,0.3286568529791388,1.1835180776349692,0.3387430141097313,0.9757091762527446,0.309584329406583,0.8909,0.2695000076293945,0.1147897556044018,-0.0591568453497443,-0.2926180776349691,-0.0692430064803367,-0.0848091762527445,-0.0400843217771884,1,1,1,stress
2022-06-28,20742.57,21212.1,20202.01,20281.29,63801.0832,89.09,90.02,85.93,87.5,3913.0,3945.860107421875,3820.139892578125,3821.550048828125,4270120000,26.899999618530273,28.68000030517578,26.469999313354492,28.36000061035156,-0.0224888419964654,-0.0203486731494949,0.4826665946971349,0.2723764446821804,1.1799676686350609,0.3394717205355319,0.9743433953116712,0.3063513337965596,0.875,0.2836000061035156,0.3923334053028651,0.0112235614213351,-0.3049676686350608,-0.0558717144320162,-0.0993433953116712,-0.022751327693044,1,1,1,stress
2022-06-29,20281.28,20432.31,19854.92,20123.01,77309.04379,87.5,91.54,86.17,91.37,3825.090087890625,3836.5,3799.02001953125,3818.830078125,4211240000,28.799999237060547,29.36000061035156,27.850000381469727,28.15999984741211,-0.0078348497395383,-0.0007119988201726,0.4832742578225776,0.274591311871448,1.1839244112138405,0.3394303482925814,0.9697129235854434,0.306289952299928,0.9137,0.2815999984741211,0.4304257421774224,0.0070086866026731,-0.2702244112138404,-0.0578303498184603,-0.0560129235854433,-0.0246899538258069,1,1,1,stress
2022-06-30,20123.0,20179.08,18626.0,19942.21,93846.64806,91.37,99.17,90.93,94.14,3785.989990234375,3818.989990234375,3738.669921875,3785.3798828125,4840070000,29.420000076293945,30.219999313354492,28.280000686645508,28.709999084472656,-0.0090253455381861,-0.0087978662463676,0.4726858331170831,0.2505489956827776,1.1816948493400024,0.329110813372488,0.9650447663874416,0.2999593475400729,0.9414,0.2870999908447265,0.4687141668829169,0.0365509951619489,-0.2402948493400023,-0.0420108225277614,-0.0236447663874416,-0.0128593566953463,1,1,1,stress
2022-07-01,19942.21,20918.35,18975.0,19279.8,111844.59494,94.14,95.49,90.28,92.97,3781.0,3829.820068359375,3752.10009765625,3825.330078125,4046950000,29.530000686645508,29.59000015258789,26.690000534057617,26.700000762939453,-0.0337806752051056,0.0104985112966391,0.4664375542111325,0.2563684861987628,1.181647610055852,0.3129223547266454,0.9577994381618364,0.2787381250182721,0.9297,0.2670000076293945,0.4632624457888675,0.0106315214306317,-0.251947610055852,-0.0459223470972509,-0.0280994381618364,-0.0117381173888775,1,0,1,stress
2022-07-05,20236.71,20750.0,19304.4,20175.83,96041.13756,86.99,87.51,84.43,86.08,3792.610107421875,3832.18994140625,3742.06005859375,3831.389892578125,5076590000,27.3700008392334,29.81999969482422,27.299999237060547,27.540000915527344,0.0454274376499564,0.0015828751061934,0.4176640511765511,0.2516180315029987,0.6074491117575274,0.2599000303863241,0.9526593103570984,0.2784107721231554,0.8608,0.2754000091552734,0.4431359488234489,0.0237819776522747,0.2533508882424726,0.0154999787689493,-0.0918593103570983,-0.0030107629678819,1,1,1,stress
2022-07-06,20175.84,20675.22,19761.25,20564.51,82439.5808,81.78,84.1,81.62,82.25,3831.97998046875,3870.909912109375,3809.3701171875,3845.080078125,4417720000,27.84000015258789,28.06999969482422,26.43000030517578,26.729999542236328,0.0190814211736067,0.0035667957050661,0.4407731474890354,0.1566257687644463,0.6164689268327684,0.2588510973565165,0.9544063862069652,0.2786666582385565,0.8225,0.2672999954223632,0.3817268525109646,0.1106742266579169,0.2060310731672315,0.0084488980658467,-0.1319063862069651,-0.0113666628161932,1,0,1,stress
2022-07-07,20564.51,21838.1,20251.68,21624.98,85014.58261,82.25,82.97,80.73,81.35,3858.85009765625,3910.6298828125,3858.85009765625,3902.6201171875,4057770000,26.729999542236328,26.790000915527344,25.65999984741211,26.079999923706055,0.0502823534538491,0.0148537231809303,0.5224070846224246,0.1876057592929509,0.6528342995403817,0.259196615646962,0.9709800218539608,0.2767703394025508,0.8134999999999999,0.2607999992370605,0.2910929153775753,0.0731942399441096,0.1606657004596181,0.0016033835900985,-0.1574800218539609,-0.0159703401654902,1,0,1,stress
2022-07-08,21624.99,22527.37,21189.26,21594.75,403081.57349,81.35,82.71,77.8,78.39,3888.260009765625,3918.5,3869.340087890625,3899.3798828125,3521620000,26.40999984741211,26.61000061035156,24.43000030517578,24.63999938964844,-0.0013988983702488,-0.0008306163961273,0.4884030686248773,0.1240870912635349,0.4734377368036024,0.2048632843375441,0.9676115145135994,0.2758462635585528,0.7839,0.2463999938964844,0.2954969313751227,0.1223129026329495,0.3104622631963976,0.0415367095589402,-0.1837115145135993,-0.0294462696620683,1,0,1,stress
2022-07-11,20861.11,20868.48,19875.23,19963.61,137535.40724,75.86,80.67,75.5,80.52,3880.93994140625,3880.93994140625,3847.219970703125,3854.429931640625,3423480000,26.420000076293945,26.739999771118164,25.790000915527344,26.170000076293945,-0.07853911333852,-0.0115944176605255,0.7199158619660689,0.1514750638919762,0.5891638779172295,0.2157939309429064,0.9871155645443512,0.2761015382176011,0.8051999999999999,0.2617000007629395,0.0852841380339309,0.1102249368709632,0.2160361220827704,0.045906069820033,-0.1819155645443513,-0.0144015374546616,1,0,1,stress
2022-07-12,19963.61,20059.42,19240.0,19328.75,139506.45862,80.52,86.07,80.4,85.86,3851.949951171875,3873.409912109375,3802.360107421875,3818.800048828125,3817210000,27.13999938964844,27.75,25.81999969482422,27.290000915527344,-0.0323174914457519,-0.0092868684974937,0.743804616416762,0.1528696689530531,0.5987803405075117,0.1994345683139035,0.9886737029476196,0.2698837578587607,0.8586,0.2729000091552734,0.114795383583238,0.1200303402022203,0.2598196594924883,0.0734654408413699,-0.1300737029476195,0.0030162512965127,1,1,1,stress
2022-07-13,19331.28,20366.61,18910.94,20234.87,209250.24888,85.86,86.43,80.89,80.89,3779.669921875,3829.43994140625,3759.070068359375,3801.780029296875,4109390000,27.350000381469727,29.059999465942383,26.229999542236328,26.81999969482422,0.0458137289877042,-0.0044668641118166,0.7650508892830775,0.1407577454398764,0.6167839576325892,0.2005966132637723,1.0033690514770743,0.2579939367367566,0.8089,0.2681999969482422,0.0438491107169224,0.1274422515083658,0.1921160423674107,0.0676033836844699,-0.1944690514770743,0.0102060602114856,1,0,1,stress
2022-07-14,20234.87,20900.0,19616.07,20588.84,174809.21696,80.89,84.68,79.51,81.35,3763.989990234375,3796.409912109375,3721.56005859375,3790.3798828125,4199690000,27.469999313354492,28.450000762939453,26.200000762939453,26.399999618530273,0.0173418276292754,-0.0030031388127643,0.7230648555730131,0.1400723751573397,0.5725042863588065,0.1970693921097023,0.9453067261350804,0.2578036471391884,0.8134999999999999,0.2639999961853027,0.0904351444269867,0.123927621027963,0.2409957136411934,0.0669306040756004,-0.1318067261350805,0.0061963490461143,1,0,1,stress
2022-07-15,20588.84,21200.0,20382.29,20830.04,143343.3049,81.35,81.45,77.99,78.7,3818.0,3863.6201171875,3817.179931640625,3863.159912109375,4143800000,26.719999313354492,26.719999313354492,24.1299991607666,24.229999542236328,0.0116469941538032,0.0190192316586336,0.717428838127696,0.186658681019295,0.5744847563062955,0.1675283959490704,0.9358743270501052,0.2650260301862525,0.787,0.2422999954223632,0.069571161872304,0.0556413144030682,0.2125152436937045,0.0747715994732928,-0.1488743270501051,-0.0227260347638892,1,0,1,stress
2022-07-18,20799.58,22777.63,20762.45,22432.58,239942.73132,81.29,83.39,79.8,83.39,3883.7900390625,3902.43994140625,3818.6298828125,3830.85009765625,4046870000,24.829999923706055,25.90999984741211,24.3799991607666,25.299999237060547,0.0741181908597491,-0.0083987424858359,0.7950872209302888,0.1631023749033959,0.6463439446962539,0.170390650790222,0.9642190172909084,0.2585029782704737,0.8339,0.2529999923706054,0.0388127790697111,0.0898976174672095,0.187556055303746,0.0826093415803834,-0.1303190172909084,-0.0055029858998682,1,0,1,stress
2022-07-19,22432.58,23800.0,21579.54,23396.62,263770.76574,83.38,84.5,81.15,82.9,3860.72998046875,3939.81005859375,3860.72998046875,3936.68994140625,4041070000,25.1200008392334,25.40999984741211,24.229999542236328,24.5,0.0420772010480724,0.0272535176437308,0.8221753754784132,0.2434997935269848,0.6500001647719196,0.186088442828688,0.9748030908504064,0.2693584706496297,0.8290000000000001,0.245,0.0068246245215868,0.0015002064730151,0.1789998352280805,0.0589115571713119,-0.1458030908504063,-0.0243584706496297,1,0,1,stress
2022-07-20,23398.48,24276.74,22906.19,23223.3,238762.17094,82.9,87.1,79.76,83.99,3935.320068359375,3974.1298828125,3922.030029296875,3959.89990234375,4185300000,24.229999542236328,24.729999542236328,23.399999618530273,23.8799991607666,-0.0074354824512422,0.0058784939410571,0.5661337827328157,0.2264264946776174,0.6497874621588194,0.1862446143462323,0.9565076247456116,0.2698792147299463,0.8399,0.238799991607666,0.2737662172671843,0.0123734969300486,0.1901125378411805,0.0525553772614337,-0.1166076247456116,-0.0310792231222802,1,0,1,stress
2022-07-21,23223.3,23442.77,22341.46,23152.19,184817.68191,83.99,85.37,82.37,82.38,3955.469970703125,3999.2900390625,3927.639892578125,3998.949951171875,4132790000,24.06999969482422,24.670000076293945,22.920000076293945,23.11000061035156,-0.0030667085449958,0.0098130666895046,0.4677763910284798,0.2081221993365072,0.6468488543291038,0.1808430263176369,0.9567040654653356,0.2699974530395756,0.8238,0.2311000061035155,0.3560236089715202,0.0229778067670083,0.1769511456708962,0.0502569797858786,-0.1329040654653356,-0.03889744693606,1,0,1,stress
2022-07-22,23152.19,23756.49,22500.0,22684.83,171598.43966,82.38,84.89,80.01,84.28,3998.429931640625,4012.43994140625,3938.860107421875,3961.6298828125,3979240000,23.299999237060547,23.809999465942383,22.40999984741211,23.030000686645508,-0.0203929573407481,-0.0093762872938138,0.5150029662084411,0.2207719777308417,0.6313264503783771,0.1864019825930549,0.9553471495149092,0.2695781664777063,0.8428,0.230300006866455,0.3277970337915589,0.0095280291356133,0.2114735496216229,0.0438980242734001,-0.1125471495149091,-0.0392781596112512,1,0,1,stress
2022-07-25,22577.13,22666.0,21250.0,21310.9,180344.76643,83.17,83.98,79.81,81.35,3965.719970703125,3975.300048828125,3943.4599609375,3966.840087890625,3568340000,24.329999923706055,24.56999969482422,23.190000534057617,23.36000061035156,-0.0624777402373111,0.0013143029733058,0.69841659493666,0.2149147696190157,0.6831647831099112,0.1864310995868181,0.9672959516123132,0.2608080132261801,0.8134999999999999,0.2336000061035155,0.1150834050633399,0.0186852364844998,0.1303352168900886,0.0471689065166974,-0.1537959516123133,-0.0272080071226644,1,0,1,stress
2022-07-26,21310.9,21347.82,20706.5,21254.67,177817.24326,81.35,82.87,80.08,81.39,3953.219970703125,3953.219970703125,3910.739990234375,3921.050048828125,3778950000,23.950000762939453,25.309999465942383,23.81999969482422,24.690000534057617,-0.0026420429802279,-0.0116103425992633,0.6979017726821397,0.2185252637244989,0.6800225571964111,0.195612448965263,0.9651464154356992,0.2482896795152131,0.8139,0.2469000053405761,0.1159982273178602,0.0283747416160772,0.1338774428035888,0.0512875563753131,-0.1512464154356992,-0.0013896741746369,1,0,1,stress
2022-07-27,21254.67,23112.63,21042.53,22952.45,210971.19796,81.39,81.95,74.84,76.49,3951.429931640625,4039.56005859375,3951.429931640625,4023.610107421875,4112180000,24.270000457763672,24.40999984741211,23.020000457763672,23.239999771118164,0.0768480486898251,0.025820048778629,0.7096971056052035,0.2442494696125383,0.7242188143906904,0.214825296223296,0.6595812442893355,0.2289598764990129,0.7648999999999999,0.2323999977111816,0.0552028943947964,-0.0118494719013566,0.0406811856093095,0.0175747014878856,0.1053187557106644,0.0034401212121687,0,0,0,normal
2022-07-28,22954.31,24199.72,22582.13,23842.93,236029.0741,76.49,77.75,74.09,76.89,4026.1298828125,4078.949951171875,3992.969970703125,4072.429931640625,4413000000,23.329999923706055,23.540000915527344,22.219999313354492,22.329999923706055,0.0380630527083889,0.0120603197919128,0.7008321496449523,0.2052720173491415,0.7374772888855698,0.2182568508625868,0.6663409189211035,0.2298748915600233,0.7689,0.2232999992370605,0.0680678503550477,0.018027981887919,0.0314227111144301,0.0050431483744737,0.1025590810788965,-0.0065748923229627,0,0,0,normal
2022-07-29,23845.25,24442.66,23414.03,23773.75,198298.50623,76.89,77.69,73.34,75.03,4087.330078125,4140.14990234375,4079.219970703125,4130.2900390625,4616360000,22.1299991607666,22.15999984741211,21.209999084472656,21.329999923706055,-0.0029057065160629,0.0141077757817535,0.6986043418673171,0.2128156319542604,0.6291270854927704,0.2118560798467295,0.6644090920326925,0.2297110274930096,0.7503,0.2132999992370605,0.0516956581326828,0.0004843672828001,0.1211729145072295,0.001443919390331,0.0858909079673074,-0.016411028255949,0,0,0,normal
2022-08-01,23296.36,23509.68,22850.0,23268.01,144210.16219,78.66,78.66,77.02,77.69,4112.3798828125,4144.9501953125,4096.02001953125,4118.6298828125,4202810000,22.40999984741211,23.270000457763672,22.260000228881836,22.84000015258789,-0.0215025749905131,-0.0028270765449167,0.7142936538958666,0.2168254389108411,0.6157310473348833,0.2051140177364012,0.5928414406602491,0.2038956328200171,0.7768999999999999,0.2284000015258789,0.0626063461041332,0.0115745626150378,0.1611689526651166,0.0232859837894777,0.1840585593397508,0.0245043687058618,0,0,0,normal
2022-08-02,23266.9,23459.89,22654.37,22987.79,158073.28225,77.69,78.66,76.59,77.79,4104.2099609375,4140.47021484375,4079.81005859375,4091.18994140625,4727710000,24.079999923706055,24.68000030517578,22.670000076293945,23.93000030517578,-0.0121162504204261,-0.0066846883788709,0.7056967322282831,0.2102419862390099,0.6053044125593681,0.2073851181289398,0.5947667026272438,0.2061429013120251,0.7779,0.2393000030517578,0.0722032677717169,0.0290580168127479,0.1725955874406319,0.0319148849228179,0.1831332973727562,0.0331571017397327,0,0,0,normal
2022-08-03,22985.93,23647.68,22681.22,22818.37,145948.80995,77.79,78.23,75.05,75.87,4107.9599609375,4167.66015625,4107.9599609375,4155.169921875,4351760000,23.86000061035156,23.920000076293945,21.68000030517578,21.950000762939453,-0.0073972920914354,0.0155174562700907,0.5562269652736495,0.2180533379453564,0.6078780040139632,0.2079991928026346,0.5950711016123491,0.2000566170919238,0.7587,0.2195000076293945,0.2024730347263506,0.0014466696840381,0.1508219959860368,0.0115008148267599,0.1636288983876509,0.0194433905374707,0,0,0,normal
2022-08-04,22816.91,23223.32,22400.0,22622.98,154854.67016,75.87,75.87,72.98,73.67,4154.85009765625,4161.2900390625,4135.419921875,4151.93994140625,4283320000,22.059999465942383,22.65999984741211,21.440000534057617,21.440000534057617,-0.0085997094791793,-0.0007776424495837,0.5629162355144022,0.1875565738851505,0.6111602076750533,0.2018864963225518,0.5845068618305724,0.1999577230074537,0.7367,0.2144000053405761,0.1737837644855978,0.0268434314554256,0.1255397923249467,0.0125135090180243,0.1521931381694276,0.0144422823331224,0,0,0,normal
2022-08-05,22622.41,23472.86,22586.95,23312.42,175251.69749,73.67,74.23,70.63,71.85,4115.8701171875,4151.580078125,4107.31005859375,4145.18994140625,4085940000,21.5,22.579999923706055,20.760000228881836,21.149999618530273,0.0300200619305776,-0.0016270690189191,0.3585957121243578,0.1470145576579462,0.5402661217186825,0.195004500038121,0.5702134670583386,0.1995665816574167,0.7184999999999999,0.2114999961853027,0.3599042878756421,0.0644854385273565,0.1782338782813174,0.0164954961471817,0.1482865329416612,0.011933414527886,0,0,0,normal
2022-08-08,23174.39,24245.0,23154.25,23810.0,170958.44152,73.6,76.12,72.82,75.17,4155.93017578125,4186.6201171875,4128.97021484375,4140.06005859375,4221090000,21.739999771118164,22.010000228881836,20.829999923706055,21.290000915527344,0.021119394736014,-0.0012383171221209,0.2965066282360553,0.1387741477119313,0.5175306030766078,0.1695780180232828,0.57251208986518,0.1824252117560953,0.7517,0.2129000091552734,0.4551933717639447,0.0741258614433421,0.2341693969233922,0.0433219911319906,0.17918791013482,0.0304747973991781,0,0,0,normal
2022-08-09,23810.98,23933.25,22865.0,23149.95,143182.50858,75.17,75.35,73.68,74.67,4133.10986328125,4137.2998046875,4112.08984375,4122.47021484375,3913090000,21.40999984741211,22.229999542236328,21.40999984741211,21.770000457763672,-0.0281130397960745,-0.0042577442359264,0.3413582514411529,0.1151804157820171,0.5315050139906247,0.1723654659671983,0.5745397687435405,0.182759533801633,0.7467,0.2177000045776367,0.4053417485588471,0.1025195887956196,0.2151949860093753,0.0453345386104384,0.1721602312564595,0.0349404707760037,0,0,0,normal
2022-08-10,23151.32,24226.0,22664.69,23954.05,208916.54953,74.67,75.85,70.87,70.87,4181.02001953125,4211.02978515625,4177.259765625,4210.240234375,4546010000,22.280000686645508,22.34000015258789,19.540000915527344,19.739999771118164,0.0341447911544965,0.0210671584604074,0.3811148130000071,0.169379093773446,0.5507484611175404,0.1871291164159227,0.5755871678211846,0.178416501705821,0.7087,0.1973999977111816,0.3275851869999929,0.0280209039377356,0.1579515388824596,0.0102708812952589,0.1331128321788154,0.0189834960053606,0,0,0,normal
2022-08-11,23954.05,24918.54,23852.13,23934.39,249759.79557,70.87,72.97,70.1,71.48,4227.39990234375,4257.91015625,4201.41015625,4207.27001953125,4630200000,19.84000015258789,20.850000381469727,19.709999084472656,20.200000762939453,-0.0008210750278983,-0.0007057229222018,0.3666156094926373,0.1582420567009471,0.5412020353389152,0.1788362602186487,0.5745280830079247,0.1784152980752056,0.7148,0.2020000076293945,0.3481843905073627,0.0437579509284474,0.1735979646610848,0.0231637474107458,0.1402719169920753,0.0235847095541889,0,0,0,normal
2022-08-12,23933.09,24456.5,23583.0,24403.68,174207.5704,71.48,71.62,69.71,70.27,4225.02001953125,4280.47021484375,4219.77978515625,4280.14990234375,3788010000,20.34000015258789,20.350000381469727,19.1200008392334,19.530000686645508,0.0194176037698489,0.0171740469514926,0.3614492718593248,0.16353126221516,0.4506601233131784,0.1862148847441145,0.5740720381083992,0.1790797163747521,0.7027,0.195300006866455,0.3412507281406752,0.031768744651295,0.2520398766868216,0.0090851221223405,0.1286279618916007,0.0162202904917029,0,0,0,normal
2022-08-15,24305.25,25211.32,23773.22,24094.82,242539.54758,70.89,71.1,68.94,70.2,4269.3701171875,4301.7900390625,4256.89990234375,4297.14013671875,3696830000,20.739999771118164,21.15999984741211,19.809999465942383,19.950000762939453,-0.0127370609643014,0.0039616840562331,0.3709249345976021,0.1598627929950267,0.4579861746502332,0.1695680576939971,0.5643251356087389,0.1780476683909495,0.7020000000000001,0.1995000076293945,0.3310750654023979,0.0396372146343678,0.2440138253497668,0.0299319499353974,0.1376748643912612,0.021452339238445,0,0,0,normal
2022-08-16,24093.04,24247.49,23671.22,23854.74,179324.94821,70.2,71.61,69.76,71.55,4290.4599609375,4325.27978515625,4277.77001953125,4305.2001953125,4329820000,20.229999542236328,20.38999938964844,19.5,19.690000534057617,-0.0100139399087299,0.0018739228259478,0.3530022185403001,0.1551604011018698,0.3419630836109233,0.1455258099777138,0.5546817086203719,0.1780170791267773,0.7155,0.1969000053405761,0.3624977814596999,0.0417396042387063,0.3735369163890767,0.0513741953628623,0.1608182913796281,0.0188829262137988,0,0,0,normal
2022-08-17,23856.15,24446.71,23180.4,23342.66,210668.68766,71.55,75.42,70.68,75.32,4280.39990234375,4302.18017578125,4253.080078125,4274.0400390625,3885030000,19.739999771118164,20.6299991607666,19.40999984741211,19.899999618530273,-0.0217003519236227,-0.007264114867648,0.3556272396355901,0.1695507034250587,0.3153072678253715,0.1499464932420014,0.5586370321857957,0.1809299819116703,0.7532,0.1989999961853027,0.3975727603644098,0.029449292760244,0.4378927321746285,0.0490535029433013,0.1945629678142042,0.0180700142736324,0,0,0,normal
2022-08-18,23342.66,23600.0,23111.04,23191.2,144185.97011,74.09,75.05,73.44,74.82,4273.1298828125,4292.52978515625,4261.97998046875,4283.740234375,3340330000,20.510000228881836,20.61000061035156,19.43000030517578,19.559999465942383,-0.0065096914314182,0.0022669896063847,0.3120814504885016,0.1595392461506747,0.3159854948810417,0.1418299426026286,0.5419484512571251,0.1777312624263892,0.7482,0.1955999946594238,0.4361185495114983,0.0360607485087491,0.4322145051189582,0.0537700520567952,0.2062515487428748,0.0178687322330346,0,0,0,normal
2022-08-19,23191.45,23208.67,20783.57,20834.39,283995.87747,74.82,82.7,74.76,81.24,4266.31005859375,4266.31005859375,4218.7001953125,4228.47998046875,3761340000,20.15999984741211,21.270000457763672,20.079999923706055,20.600000381469727,-0.107167909583041,-0.0129839287130388,0.643428328233274,0.1503855652955168,0.5454073977930197,0.155280066458793,0.6281206225309173,0.1834681782124093,0.8123999999999999,0.2060000038146972,0.1689716717667259,0.0556144385191804,0.2669926022069802,0.0507199373559042,0.1842793774690826,0.0225318256022879,0,0,0,normal
2022-08-22,21516.7,21548.71,20890.18,21399.83,222222.04526,79.02,80.97,78.42,80.35,4195.080078125,4195.080078125,4129.85986328125,4137.990234375,3907430000,22.40999984741211,24.6200008392334,22.38999938964844,23.799999237060547,0.0267779912829886,-0.0216323664664945,0.6969430235346487,0.2017602618906415,0.5642054079536597,0.181926086455803,0.5883362335873575,0.1923559312810916,0.8035,0.2379999923706054,0.1065569764653513,0.0362397304799639,0.2392945920463403,0.0560739059148024,0.2151637664126424,0.0456440610895138,0,0,0,normal
2022-08-23,21400.75,21684.87,20890.14,21529.12,200967.77164,80.35,80.47,77.73,77.78,4133.08984375,4159.77001953125,4124.02978515625,4128.72998046875,3823520000,24.1299991607666,24.209999084472656,23.06999969482422,24.11000061035156,0.0060234592697346,-0.0022403704344374,0.6725698230670589,0.149667811449685,0.5660222872217824,0.1692615202425646,0.579146171638858,0.1897124486874446,0.7778,0.2411000061035156,0.1052301769329411,0.0914321946538306,0.2117777127782176,0.0718384858609509,0.1986538283611421,0.0513875574160709,0,0,0,normal
2022-08-24,21529.11,21900.0,21145.0,21368.08,174383.22046,77.78,78.37,73.91,75.59,4126.5498046875,4156.56005859375,4119.97021484375,4140.77001953125,3583630000,24.3700008392334,24.86000061035156,22.729999542236328,22.81999969482422,-0.007508217623966,0.0029119166987241,0.6749843274244606,0.1470953925779827,0.5658750379229927,0.1698484027832721,0.5658341027317695,0.1885252715085438,0.7559,0.2281999969482422,0.0809156725755394,0.0811046043702594,0.1900249620770073,0.0583515941649701,0.1900658972682305,0.0396747254396983,0,0,0,normal
2022-08-25,21368.05,21819.88,21310.15,21559.04,169915.78301,75.59,75.59,72.66,73.83,4153.259765625,4200.5400390625,4147.58984375,4199.1201171875,3566870000,22.40999984741211,23.1299991607666,21.770000457763672,21.780000686645508,0.0088969984309869,0.013993241836107,0.6926940880970616,0.184995174967879,0.5480178091998729,0.1799210105305638,0.5643480125636068,0.1903687882705498,0.7383,0.217800006866455,0.0456059119029383,0.032804831898576,0.1902821908001271,0.0378789963358912,0.1739519874363931,0.0274312185959052,0,0,0,normal
2022-08-26,21559.04,21886.77,20107.9,20241.05,273811.61955,73.83,75.64,70.61,72.6,4198.740234375,4203.0400390625,4057.659912109375,4057.659912109375,3832750000,22.06999969482422,25.899999618530273,21.670000076293945,25.559999465942383,-0.0630824976037437,-0.0342685763170395,0.752767340581848,0.2624289061913274,0.5837530020387443,0.2340462088391861,0.5935194686140511,0.2136361393535124,0.726,0.2555999946594238,-0.026767340581848,-0.0068289115319035,0.1422469979612557,0.0215537858202377,0.1324805313859488,0.0419638553059114,0,0,0,normal
2022-08-29,19555.61,20433.62,19550.79,20285.73,210509.49545,76.16,76.92,72.75,73.2,4034.580078125,4062.989990234375,4017.419921875,4030.610107421875,3396510000,26.86000061035156,27.670000076293945,25.469999313354492,26.209999084472656,0.0022049626495035,-0.0066886751973248,0.7612731214512017,0.2539046610820424,0.5812940026764448,0.2348402321685713,0.5494342750013179,0.2129945853782839,0.732,0.2620999908447265,-0.0292731214512017,0.0081953297626841,0.1507059973235551,0.0272597586761552,0.182565724998682,0.0491054054664426,0,0,0,normal
2022-08-30,20287.2,20576.25,19540.0,19811.66,256634.35529,73.2,77.69,71.62,75.78,4041.25,4044.97998046875,3965.2099609375,3986.159912109375,3835860000,25.75,27.690000534057617,25.1299991607666,26.209999084472656,-0.0236470299311744,-0.011089416492117,0.4614716597918587,0.2528146478135504,0.5480700425349038,0.2132883616491701,0.5350427639423893,0.2017034048598132,0.7578,0.2620999908447265,0.2963283402081413,0.0092853430311761,0.2097299574650962,0.0488116291955564,0.2227572360576107,0.0603965859849133,0,0,0,normal
2022-08-31,19813.03,20490.0,19797.94,20050.02,276946.60765,75.78,76.01,71.17,75.04,4000.669921875,4015.3701171875,3954.530029296875,3955.0,4542490000,25.86000061035156,26.6200008392334,25.309999465942383,25.8700008392334,0.0119594979959549,-0.007847738208153,0.422585739331843,0.2355193999310411,0.5564476088328636,0.2133630807357193,0.5373946344631649,0.2023953455357687,0.7504000000000001,0.258700008392334,0.327814260668157,0.0231806084612928,0.1939523911671364,0.0453369276566146,0.2130053655368351,0.0563046628565652,0,0,0,normal
2022-09-01,20048.44,20208.37,19565.66,20131.46,245289.97263,75.04,79.91,74.45,77.83,3936.72998046875,3970.22998046875,3903.64990234375,3966.85009765625,4152250000,26.8799991607666,27.450000762939453,25.25,25.559999465942383,0.0040536143276475,0.0029917522671948,0.4197399460529835,0.2414746685646929,0.542938669058318,0.1930619359775365,0.5380013217953147,0.2004657113597545,0.7783,0.2555999946594238,0.3585600539470165,0.0141253260947309,0.235361330941682,0.0625380586818873,0.2402986782046853,0.0551342832996693,0,0,0,normal
2022-09-02,20132.64,20441.26,19755.29,19951.86,245986.6033,77.83,77.83,72.23,74.66,3994.659912109375,4018.429931640625,3906.2099609375,3924.260009765625,3665850000,25.510000228881836,26.280000686645508,23.190000534057617,25.469999313354492,-0.0089613935133172,-0.0107945525707243,0.4195278960557754,0.2348231865149712,0.5433109175267496,0.1892608142563052,0.5361132975793567,0.2010668724858055,0.7465999999999999,0.2546999931335449,0.3270721039442245,0.0198768066185737,0.2032890824732502,0.0654391788772397,0.2104867024206432,0.0536331206477394,0,0,0,normal
2022-09-06,19795.34,20180.0,18649.51,18790.61,356315.05718,76.88,81.46,74.97,81.46,3930.889892578125,3942.550048828125,3886.75,3908.18994140625,4127340000,25.459999084472656,27.799999237060547,25.329999923706055,26.90999984741211,-0.0599650950975818,-0.0041034646908951,0.4884505756615536,0.1843848284709004,0.5774018597172278,0.1858117165761201,0.5337874869964193,0.2012981578103473,0.8146,0.2690999984741211,0.3261494243384464,0.0847151700032206,0.2371981402827722,0.0832882818980009,0.2808125130035807,0.0678018406637737,0,0,0,normal
2022-09-07,18790.61,19464.06,18510.77,19292.84,287394.7788,81.46,84.32,75.62,76.12,3909.429931640625,3987.889892578125,3906.030029296875,3979.8701171875,3890320000,26.93000030517578,27.149999618530273,24.540000915527344,24.63999938964844,0.02637676564806,0.0181748486661698,0.4474296868849259,0.1650246558854834,0.6052441871052441,0.2140699407887355,0.5410970684231619,0.2054751658285839,0.7612000000000001,0.2463999938964844,0.3137703131150742,0.081375338011001,0.155955812894756,0.0323300531077488,0.2201029315768382,0.0409248280679004,0,0,0,normal
2022-09-08,19292.85,19458.25,19012.0,19319.77,262813.28273,76.12,76.14,74.09,75.72,3959.93994140625,4010.5,3944.81005859375,4006.179931640625,3966850000,24.700000762939453,25.899999618530273,23.559999465942383,23.61000061035156,0.001394881328481,0.0065889668804424,0.4467667274525186,0.1708917259050006,0.6079648948461872,0.2177050942129419,0.4853895286947087,0.1919970928176183,0.7572,0.2361000061035156,0.3104332725474814,0.0652082801985149,0.1492351051538127,0.0183949118905736,0.2718104713052913,0.0441029132858973,0,0,0,normal
2022-09-09,19320.54,21597.22,19291.75,21360.11,428919.74652,75.72,77.73,72.02,75.12,4022.93994140625,4076.81005859375,4022.93994140625,4067.360107421875,3901940000,23.489999771118164,23.56999969482422,22.63999938964844,22.790000915527344,0.1003962399398629,0.015156014981211,0.7614147906545662,0.1773934398309498,0.622659154648706,0.2295736491745511,0.5618685093118704,0.1939072643039423,0.7512000000000001,0.2279000091552734,-0.010214790654566,0.0505065693243236,0.128540845351294,-0.0016736400192776,0.1893314906881297,0.0339927448513311,0,0,0,normal
2022-09-12,21826.87,22488.0,21538.51,22395.74,395395.61828,78.91,79.35,76.34,79.15,4083.669921875,4119.27978515625,4083.669921875,4110.41015625,3814200000,23.579999923706055,24.229999542236328,23.15999984741211,23.8700008392334,0.04734559831186,0.0105286514839956,0.7927320219141383,0.1645130158598889,0.6444005314174669,0.2186536578685665,0.5810088901263003,0.1919049438998759,0.7915000000000001,0.238700008392334,-0.0012320219141381,0.0741869925324451,0.1470994685825332,0.0200463505237674,0.2104911098736998,0.0467950644924581,0,0,0,normal
2022-09-13,22395.44,22799.0,19860.0,20173.57,431915.03333,79.15,83.44,78.25,81.07,4037.1201171875,4037.1201171875,3921.280029296875,3932.68994140625,4224550000,23.670000076293945,28.149999618530273,23.530000686645508,27.270000457763672,-0.1044974303611422,-0.044199163031974,1.0769325598343955,0.3423486462034636,0.7894505477030813,0.2869957268728441,0.6508271840844224,0.2304830706174035,0.8107,0.2727000045776367,-0.2662325598343955,-0.0696486416258269,0.0212494522969186,-0.0142957222952073,0.1598728159155775,0.0422169339602332,0,1,1,stress
2022-09-14,20173.62,20541.48,19617.62,20226.71,340826.40151,81.07,81.25,76.02,78.19,3940.72998046875,3961.93994140625,3912.179931640625,3946.010009765625,4293240000,26.729999542236328,27.559999465942383,26.15999984741211,26.15999984741211,0.0026306763540297,0.0033812890788447,1.0749905098632806,0.3362355589358134,0.7899095759659372,0.2872050346411854,0.6507815618513221,0.2303769477706501,0.7818999999999999,0.2615999984741211,-0.2930905098632806,-0.0746355604616923,-0.0080095759659373,-0.0256050361670643,0.1311184381486778,0.0312230507034709,0,0,0,normal
2022-09-15,20227.17,20330.24,19497.0,19701.88,333069.76076,78.19,79.61,75.28,76.05,3932.409912109375,3959.139892578125,3888.280029296875,3901.35009765625,4441830000,26.100000381469727,26.93000030517578,25.420000076293945,26.270000457763672,-0.0262899455334847,-0.0113822721681495,1.0105821935152344,0.343443416441356,0.7929422157452212,0.2773543155666021,0.6538679019320418,0.2265707606482162,0.7605,0.2627000045776367,-0.2500821935152344,-0.0807434118637193,-0.0324422157452212,-0.0146543109889654,0.1066320980679581,0.0361292439294204,0,0,0,normal
2022-09-16,19701.88,19890.0,19320.01,19803.3,283791.07064,76.05,76.54,70.57,70.57,3880.949951171875,3880.949951171875,3837.080078125,3873.330078125,7954650000,27.469999313354492,28.450000762939453,26.13999938964844,26.299999237060547,0.0051345278170794,-0.0072080497756631,1.0012626961538535,0.3191591755958079,0.7501352892543754,0.2442670446283006,0.6544031256598869,0.2270104735737763,0.7056999999999999,0.2629999923706054,-0.2955626961538536,-0.0561591832252024,-0.0444352892543755,0.0187329477423048,0.0512968743401129,0.0359895187968291,0,0,0,normal
2022-09-19,19417.45,19686.2,18232.56,19537.02,380512.40306,74.86,74.86,70.23,70.23,3849.909912109375,3900.449951171875,3838.5,3899.889892578125,3766850000,27.690000534057617,27.950000762939453,25.559999465942383,25.760000228881836,-0.0135374631722127,0.0068336977247057,1.0067193637631324,0.3194994138686753,0.7515749418180395,0.2473705294539554,0.6466036179566266,0.2285525643748344,0.7023,0.2576000022888183,-0.3044193637631324,-0.0618994115798569,-0.0492749418180394,0.0102294728348629,0.0556963820433734,0.0290474379139839,0,0,0,normal
2022-09-20,19537.02,19634.62,18711.87,18875.0,324098.3286,70.23,75.86,70.23,75.86,3875.22998046875,3876.010009765625,3827.5400390625,3855.929931640625,4058050000,25.649999618530273,27.809999465942383,25.61000061035156,27.15999984741211,-0.0344728321725092,-0.0113361147366004,0.7409590186208601,0.291667901263218,0.7587963448267241,0.2475415385304943,0.6464997704888331,0.2301157615808612,0.7585999999999999,0.2715999984741211,0.0176409813791398,-0.0200679027890969,-0.0001963448267241,0.0240584599436267,0.1121002295111668,0.0414842368932598,0,1,1,stress
2022-09-21,18874.31,19956.0,18125.98,18461.36,385034.10021,75.86,78.59,72.77,76.7,3871.39990234375,3907.070068359375,3789.489990234375,3789.929931640625,4078330000,28.030000686645508,30.18000030517578,25.549999237060547,27.989999771118164,-0.0221583959680229,-0.0172646740985063,0.5859598876095545,0.2655079958530112,0.7591636315558721,0.2546997060421765,0.6450981893843901,0.2340963890608407,0.767,0.2798999977111816,0.1810401123904454,0.0143920018581704,0.0078363684441279,0.0252002916690051,0.1219018106156099,0.0458036086503409,0,1,1,stress
2022-09-22,18461.36,19550.17,18356.39,19401.63,379321.72111,76.7,77.43,74.55,74.81,3782.360107421875,3790.89990234375,3749.449951171875,3757.989990234375,4284600000,28.15999984741211,28.3799991607666,26.709999084472656,27.350000381469727,0.0496771839912393,-0.0084632938304539,0.4507463220998547,0.1363861829213177,0.7946044151894839,0.2540724829151799,0.6553103993612647,0.2233281129430634,0.7481,0.2735000038146972,0.2973536779001453,0.1371138208933795,-0.0465044151894838,0.0194275208995173,0.0927896006387353,0.0501718908716338,0,1,1,stress
2022-09-23,19401.63,19500.0,18531.42,19289.91,385886.91829,74.81,78.28,73.73,74.23,3727.139892578125,3727.139892578125,3647.469970703125,3693.22998046875,5144270000,27.68000030517578,32.310001373291016,27.579999923706055,29.920000076293945,-0.0057749218814111,-0.0173828287673307,0.4471273784715789,0.1300108852485505,0.7942277514265716,0.259045335189314,0.6550600354502275,0.2265356269946419,0.7423000000000001,0.2992000007629394,0.2951726215284211,0.1691891155143889,-0.0519277514265715,0.0401546655736254,0.0872399645497725,0.0726643737682975,0,1,1,stress
2022-09-26,18809.13,19318.96,18680.72,19227.82,439239.21943,75.88,77.43,74.61,76.71,3682.719970703125,3715.669921875,3644.760009765625,3655.0400390625,4886140000,31.739999771118164,32.880001068115234,29.829999923706055,32.2599983215332,-0.0032239726370311,-0.0103943608902805,0.4257515783142183,0.1295308885422186,0.7497596208556201,0.2603086813832382,0.6503379332591935,0.2176991679722369,0.7670999999999999,0.322599983215332,0.3413484216857816,0.1930690946731134,0.0173403791443798,0.0622913018320938,0.1167620667408063,0.1049008152430951,0,1,1,stress
2022-09-27,19226.68,20385.86,18816.32,19079.13,593260.74161,76.71,79.19,71.29,76.88,3686.43994140625,3717.530029296875,3623.2900390625,3647.2900390625,4577740000,31.200000762939453,34.13999938964844,30.299999237060547,32.599998474121094,-0.0077631211435955,-0.0021226109548247,0.4218063779660582,0.1364183293872971,0.7418772895862017,0.2389773146990701,0.6501792638016295,0.2161677362386914,0.7687999999999999,0.3259999847412109,0.3469936220339417,0.1895816553539138,0.0269227104137982,0.0870226700421408,0.1186207361983704,0.1098322485025195,0,1,1,stress
2022-09-28,19078.1,19790.0,18471.28,19412.82,521385.45547,76.88,84.19,76.1,79.4,3651.93994140625,3736.739990234375,3640.610107421875,3719.0400390625,4684850000,34.5,34.880001068115234,30.030000686645508,30.18000030517578,0.0173386050667576,0.0194811441811523,0.4369586251131408,0.2018771559058197,0.7458629722205334,0.2578966385470194,0.654183244850806,0.2271089740500469,0.794,0.3018000030517578,0.3570413748868592,0.0999228471459381,0.0481370277794666,0.0439033645047384,0.139816755149194,0.0746910290017109,0,1,1,stress
2022-09-29,19412.82,19645.52,18843.01,19591.51,406424.93256,79.4,81.89,77.01,77.52,3687.010009765625,3687.010009765625,3610.39990234375,3640.469970703125,4681810000,31.670000076293945,33.459999084472656,31.15999984741211,31.84000015258789,0.0091626365658333,-0.0213527948230975,0.3694078769189294,0.2195385902005293,0.5935002608990614,0.248055407200493,0.6542181184028012,0.2320127285096176,0.7752,0.3184000015258789,0.4057921230810706,0.0988614113253495,0.1816997391009386,0.0703445943253859,0.1209818815971988,0.0863872730162612,0,1,1,stress
2022-09-30,19590.54,20185.0,19155.36,19422.61,444322.9534,77.52,77.78,71.6,74.06,3633.47998046875,3671.43994140625,3584.1298828125,3585.6201171875,5645360000,31.61000061035156,33.25,29.38999938964844,31.6200008392334,-0.0086584577678962,-0.0151813515462093,0.3344545452293909,0.2162628416501556,0.5408292376890804,0.23460741696618,0.6542668851379353,0.2325467744506075,0.7406,0.316200008392334,0.4061454547706091,0.0999371667421783,0.1997707623109196,0.0815925914261539,0.0863331148620647,0.0836532339417264,0,1,1,stress
2022-10-03,19057.74,19719.1,18959.68,19629.08,293585.75212,76.42,76.42,70.06,70.07,3609.780029296875,3698.35009765625,3604.929931640625,3678.429931640625,4806680000,33.0,33.060001373291016,29.6299991607666,30.100000381469727,0.0105742887888697,0.0255545775309301,0.165984107314743,0.2947323477309156,0.3317267511469941,0.2224364571389807,0.5807897951319907,0.2486547448914361,0.7006999999999999,0.3010000038146972,0.5347158926852569,0.0062676560837816,0.3689732488530057,0.0785635466757165,0.1199102048680091,0.0523452589232611,0,1,1,stress
2022-10-04,19629.08,20475.0,19490.6,20337.82,327012.00127,70.07,72.06,69.26,69.87,3726.4599609375,3791.919921875,3726.4599609375,3790.929931640625,5146580000,29.520000457763672,29.6200008392334,28.559999465942383,29.06999969482422,0.0354700667521785,0.0301253414167998,0.2510296105465039,0.3330912352892665,0.3678203183753357,0.2660982502696167,0.5850612302296929,0.2627764153564892,0.6987000000000001,0.2906999969482421,0.4476703894534962,-0.0423912383410243,0.3308796816246644,0.0246017466786254,0.1136387697703071,0.0279235815917529,0,1,1,stress
2022-10-05,20337.82,20365.6,19730.0,20158.26,312239.75224,69.87,71.75,69.8,71.16,3753.25,3806.909912109375,3722.659912109375,3783.280029296875,4293180000,29.36000061035156,30.11000061035156,28.5,28.549999237060547,-0.0088680769475327,-0.0020199875589381,0.2631996571853228,0.321774325914227,0.3503338334968572,0.2632377137867984,0.584945636859237,0.262782144275372,0.7116,0.2854999923706054,0.4484003428146772,-0.0362743335436215,0.3612661665031428,0.022262278583807,0.126654363140763,0.0227178480952334,0,1,1,stress
2022-10-06,20158.26,20456.6,19853.0,19960.67,320122.1702,71.16,72.25,68.67,68.73,3771.969970703125,3797.929931640625,3739.219970703125,3744.52001953125,4252100000,28.600000381469727,30.739999771118164,28.559999465942383,30.520000457763672,-0.0098502925002542,-0.0102979229113952,0.2682825184865437,0.3328445526281731,0.353189707145649,0.2647006946603075,0.5851699072329088,0.2630267480213381,0.6873,0.3052000045776367,0.4190174815134563,-0.0276445480505363,0.334110292854351,0.0404993099173292,0.1021300927670911,0.0421732565562986,0,1,1,stress
2022-10-07,19960.67,20068.82,19320.0,19530.09,220874.83913,68.73,70.02,65.99,65.99,3706.739990234375,3706.739990234375,3620.72998046875,3639.659912109375,4449660000,30.3700008392334,32.02000045776367,29.8799991607666,31.36000061035156,-0.0218074842813223,-0.028403196531478,0.3022360408736901,0.3606785628867918,0.3612419312066858,0.2824538023384299,0.5868419486521609,0.2673961212011992,0.6598999999999999,0.3136000061035155,0.3576639591263098,-0.0470785567832762,0.2986580687933141,0.0311462037650856,0.073058051347839,0.0462038849023163,0,1,1,stress
2022-10-10,19439.96,19525.0,19020.25,19131.87,212509.09849,67.51,70.59,66.52,68.98,3647.510009765625,3652.169921875,3588.10009765625,3612.389892578125,3834320000,32.93000030517578,33.9900016784668,32.04999923706055,32.45000076293945,-0.0206008222765345,-0.0075206731336527,0.3201265248482298,0.3402179249519325,0.3397549316336538,0.2812383078895136,0.5616060678895675,0.2525786436852559,0.6898000000000001,0.3245000076293945,0.3696734751517703,-0.0157179173225379,0.3500450683663463,0.0432616997398809,0.1281939321104326,0.0719213639441386,0,1,1,stress
2022-10-11,19131.87,19268.09,18860.0,19060.0,243473.84286,68.98,72.46,68.94,70.6,3595.860107421875,3640.659912109375,3568.449951171875,3588.840087890625,4759030000,33.560001373291016,34.43000030517578,32.45000076293945,33.630001068115234,-0.0037636326703097,-0.0065405184123237,0.3180848207613694,0.3289680135376721,0.3240882407862113,0.2755441677177336,0.5614953541606772,0.2525646643418034,0.706,0.3363000106811523,0.3879151792386305,0.0073319971434802,0.3819117592137886,0.0607558429634187,0.1445046458393227,0.0837353463393489,0,1,1,stress
2022-10-12,19060.0,19238.31,18965.88,19155.53,213826.26731,70.6,71.35,69.99,70.2,3590.830078125,3608.340087890625,3573.860107421875,3577.030029296875,4006830000,33.540000915527344,34.529998779296875,33.11000061035156,33.56999969482422,0.0049995485596987,-0.0032961996501662,0.3099746880168006,0.2767043754509527,0.2426197503375416,0.2747541862835327,0.5580607043917548,0.2516370861267745,0.7020000000000001,0.3356999969482422,0.3920253119831994,0.0589956214972894,0.4593802496624585,0.0609458106647095,0.1439392956082452,0.0840629108214677,0,1,1,stress
2022-10-13,19155.1,19513.79,18190.0,19375.13,399756.68337,70.2,75.28,65.99,66.11,3520.3701171875,3685.409912109375,3491.580078125,3669.909912109375,5021680000,33.599998474121094,33.869998931884766,31.6299991607666,31.940000534057617,0.0113988381085654,0.0256342593076311,0.1953705723488089,0.2538112166853298,0.2468507981748543,0.2927238252621952,0.5579488501867266,0.2650886491336579,0.6611,0.3194000053405761,0.4657294276511911,0.0655887886552463,0.4142492018251457,0.0266761800783809,0.1031511498132734,0.0543113562069182,0,1,1,stress
2022-10-14,19375.58,19951.87,19070.37,19176.93,351634.32601,66.11,66.22,61.84,62.08,3690.409912109375,3712.0,3579.679931640625,3583.070068359375,4243030000,31.88999938964844,32.97999954223633,31.13999938964844,32.02000045776367,-0.0102822908155797,-0.0239471207445284,0.1961433129364973,0.2773311506175188,0.2506002024224182,0.3069482179040652,0.5583358860439065,0.2716609716784988,0.6208,0.3202000045776367,0.4246566870635027,0.0428688539601179,0.3701997975775818,0.0132517866735715,0.0624641139560935,0.0485390328991379,0,1,1,stress
2022-10-17,19262.98,19676.96,19152.03,19549.86,222813.87634,63.27,63.68,59.46,60.01,3638.64990234375,3689.72998046875,3638.64990234375,3677.949951171875,4352780000,32.27000045776367,32.59000015258789,30.700000762939453,31.3700008392334,0.0192601312016735,0.0261355245575618,0.2496517337709257,0.3419856763604687,0.2607876559806229,0.3283617178083958,0.5610953974364495,0.2837333187846789,0.6001,0.313700008392334,0.3504482662290742,-0.0282856679681347,0.339312344019377,-0.0146617094160618,0.0390046025635504,0.029966689607655,0,1,1,stress
2022-10-18,19548.48,19706.66,19091.0,19327.44,260313.07848,60.01,62.96,59.21,62.26,3746.260009765625,3762.7900390625,3686.530029296875,3719.97998046875,4483740000,31.100000381469727,31.93000030517578,30.420000076293945,30.5,-0.0114422774576837,0.0113627682070874,0.2231436259174386,0.2959148807278324,0.2559613770521683,0.3210364473417064,0.5334880908516332,0.2863419700292723,0.6225999999999999,0.305,0.3994563740825613,0.0090851192721675,0.3666386229478316,-0.0160364473417063,0.0891119091483667,0.0186580299707276,0,1,1,stress
2022-10-19,19327.44,19360.16,19065.97,19123.97,186137.29538,62.26,62.49,60.02,60.9,3703.110107421875,3728.580078125,3666.510009765625,3695.159912109375,4223800000,30.940000534057617,31.899999618530273,30.760000228881836,30.760000228881836,-0.0105833257695788,-0.0066944552396843,0.1931956754891062,0.2947063333015001,0.2554978085829253,0.3078751580397542,0.5289088781881762,0.2803935167000811,0.609,0.3076000022888183,0.4158043245108938,0.0128936689873182,0.3535021914170747,-0.0002751557509358,0.0800911218118237,0.0272064855887372,0,1,1,stress
2022-10-20,19123.35,19347.82,18900.0,19041.92,223530.13068,60.9,62.17,59.92,61.44,3689.050048828125,3736.0,3656.43994140625,3665.780029296875,4496620000,31.299999237060547,31.31999969482422,29.760000228881836,29.979999542236328,-0.0042996574378428,-0.0079826867387666,0.1936536022680602,0.2968351139999357,0.2538690486683884,0.3019697426179802,0.5290084544478276,0.2794797368060224,0.6144,0.2997999954223633,0.4207463977319398,0.0029648814224276,0.3605309513316115,-0.0021697471956169,0.0853915455521723,0.0203202586163409,0,1,1,stress
2022-10-21,19041.92,19250.0,18650.0,19164.37,269310.75769,61.44,63.02,59.37,62.19,3657.10009765625,3757.889892578125,3647.419921875,3752.75,5078020000,30.209999084472656,30.440000534057617,29.239999771118164,29.690000534057617,0.0064099612532107,0.0234477598604472,0.1954014159872512,0.3156695596651498,0.2506514955704447,0.2988433123963631,0.4350552339278235,0.2851263566203848,0.6219,0.2969000053405761,0.4264985840127488,-0.0187695543245736,0.3712485044295553,-0.0019433070557869,0.1868447660721764,0.0117736487201913,0,1,1,stress
2022-10-24,19570.4,19601.15,19157.0,19329.72,256168.14467,64.07,65.39,62.68,64.31,3762.010009765625,3810.739990234375,3741.64990234375,3797.340087890625,4747930000,30.649999618530273,30.950000762939453,29.780000686645508,29.850000381469727,0.0085909819907292,0.0118119402051114,0.1891892075230077,0.2910607810346223,0.192574169197917,0.2738059867631894,0.4093473707024102,0.2856668323405981,0.6431,0.2985000038146972,0.4539107924769923,0.0074392227800749,0.4505258308020829,0.0246940170515078,0.2337526292975898,0.0128331714740991,0,1,1,stress
2022-10-25,19330.6,20415.87,19237.0,20080.07,326370.67061,64.31,67.64,63.48,65.61,3799.43994140625,3862.85009765625,3799.43994140625,3859.110107421875,4843120000,29.799999237060547,30.0,28.219999313354492,28.459999084472656,0.0380839730139803,0.0161357700158749,0.2821250328261275,0.2133263762660773,0.2592937875881478,0.2817734979906327,0.3025762046417536,0.2619289492974656,0.6561,0.2845999908447265,0.3739749671738725,0.0712736145786492,0.3968062124118522,0.0028264928540938,0.3535237953582464,0.0226710415472609,0,1,1,stress
2022-10-26,20079.02,21020.0,20050.41,20771.59,380492.69576,65.61,68.51,63.78,66.28,3825.969970703125,3886.14990234375,3824.070068359375,3830.60009765625,4817310000,28.440000534057617,28.520000457763672,27.270000457763672,27.280000686645508,0.0338584068050516,-0.0074151403989898,0.3206596361991068,0.2055603262399911,0.2922326774747987,0.2797079479591323,0.318206770948737,0.2623610634076017,0.6628000000000001,0.272800006866455,0.3421403638008932,0.0672396806264639,0.3705673225252013,-0.0069079410926772,0.344593229051263,0.0104389434588533,0,1,1,stress
2022-10-27,20771.61,20872.21,20200.0,20295.11,328643.57791,66.28,66.29,60.35,61.41,3834.68994140625,3859.949951171875,3803.7900390625,3807.300048828125,4687320000,27.510000228881836,27.670000076293945,26.940000534057617,27.38999938964844,-0.0232062173479073,-0.0061011850531844,0.3573078022268336,0.21233952106773,0.2945708309392097,0.2474416967807714,0.3160363612683586,0.2609860764770162,0.6141,0.2738999938964844,0.2567921977731663,0.0615604728287544,0.3195291690607902,0.0264582971157129,0.2980636387316414,0.0129139174194681,0,1,1,stress
2022-10-28,20295.11,20750.0,20000.09,20591.84,287039.94569,61.41,61.76,54.57,55.08,3808.260009765625,3905.419921875,3808.260009765625,3901.06005859375,4459410000,27.43000030517578,27.59000015258789,25.75,25.75,0.0145149104854409,0.0243280367708563,0.3366302042524933,0.2316287456528348,0.2778226499656858,0.2573477786585866,0.3182671143605858,0.2701166351576282,0.5508,0.2575,0.2141697957475066,0.0258712543471651,0.2729773500343141,0.0001522213414134,0.2325328856394141,-0.0126166351576281,0,0,0,normal
2022-10-31,20627.48,20845.92,20237.95,20490.74,303567.61628,60.36,62.59,59.1,59.63,3881.85009765625,3893.72998046875,3863.179931640625,3871.97998046875,4820620000,26.90999984741211,27.06999969482422,25.84000015258789,25.8799991607666,-0.0049218040390073,-0.0074823270303364,0.337802665411328,0.2302168405978165,0.2785936474132505,0.2582308401880333,0.3157460651358651,0.2702655829515359,0.5963,0.258799991607666,0.2584973345886721,0.0285831510098495,0.3177063525867495,0.0005691514196327,0.2805539348641349,-0.0114655913438698,0,0,0,normal
2022-11-01,20490.74,20700.0,20330.74,20483.62,279932.43771,59.63,60.65,59.42,59.92,3901.7900390625,3911.7900390625,3843.800048828125,3856.10009765625,4481210000,25.959999084472656,26.350000381469727,25.65999984741211,25.809999465942383,-0.0003475344128213,-0.004109663720359,0.3436020878766652,0.2101382772349,0.2795789980280901,0.258785803699901,0.2968004357158899,0.2684930231965109,0.5992000000000001,0.2580999946594238,0.2555979121233349,0.0479617174245238,0.3196210019719099,-0.0006858090404771,0.3023995642841102,-0.010393028537087,0,0,0,normal
2022-11-02,20482.81,20800.0,20048.04,20151.84,373716.27299,59.92,60.63,56.41,56.41,3852.89990234375,3894.43994140625,3758.679931640625,3759.68994140625,4899000000,26.040000915527344,26.6200008392334,25.38999938964844,25.86000061035156,-0.0163299430037902,-0.0253198437374828,0.3772862715271414,0.2627866599751454,0.2913721092944717,0.2714126546785165,0.2930105410350179,0.2739538070225244,0.5640999999999999,0.2586000061035156,0.1868137284728585,-0.0041866538716298,0.2727278907055282,-0.0128126485750009,0.271089458964982,-0.0153538009190088,0,0,0,normal
2022-11-03,20151.84,20393.32,20031.24,20207.82,319185.1544,56.41,56.41,52.98,53.98,3733.25,3750.590087890625,3698.14990234375,3719.889892578125,4625290000,25.979999542236328,26.8700008392334,25.100000381469727,25.299999237060547,0.0027740588448488,-0.0106424225319565,0.303182640544318,0.2353172118146047,0.2852021608283812,0.2522070055674349,0.2573343228336988,0.2745923949223668,0.5398,0.2529999923706054,0.2366173594556819,0.0176827805560007,0.2545978391716187,0.0007929868031705,0.2824656771663011,-0.0215924025517613,0,0,0,normal
2022-11-04,20207.12,21302.05,20180.96,21148.52,453694.39165,53.98,57.08,53.26,54.19,3766.97998046875,3796.340087890625,3708.840087890625,3770.550048828125,5400180000,25.6299991607666,25.709999084472656,24.0,24.549999237060547,0.0455002684794452,0.0135268232855639,0.3591985732401719,0.2595225129658566,0.3309422031098791,0.2345264218443236,0.2862695322876936,0.272527085133962,0.5418999999999999,0.2454999923706054,0.182701426759828,-0.0140225205952511,0.2109577968901208,0.0109735705262818,0.2556304677123063,-0.0270270927633565,0,0,0,normal
2022-11-07,20905.58,21069.77,20384.89,20591.13,386977.60337,56.76,59.69,56.31,59.48,3780.7099609375,3813.949951171875,3764.699951171875,3806.800048828125,4341620000,25.670000076293945,25.670000076293945,24.34000015258789,24.350000381469727,-0.0267095261404996,0.0095680616793591,0.3702034010146035,0.2667046345588592,0.3518724042040424,0.2332243241173978,0.2985814485245073,0.2716111937344181,0.5948,0.2435000038146972,0.2245965989853965,-0.0232046307441619,0.2429275957959575,0.0102756796972994,0.2962185514754927,-0.0281111899197208,0,0,0,normal
2022-11-08,20590.67,20700.88,17166.83,18547.23,760705.362783,59.48,94.83,59.31,76.66,3817.02001953125,3859.39990234375,3786.280029296875,3828.110107421875,4607640000,24.709999084472656,26.15999984741211,24.239999771118164,25.540000915527344,-0.104539948786357,0.0055822828287603,0.723081153928519,0.2131768185288759,0.5811586668652255,0.2305122287477114,0.42979136774051,0.2716716682672715,0.7666,0.2554000091552734,0.0435188460714809,0.0422231906263975,0.1854413331347744,0.024887780407562,0.3368086322594899,-0.016271659111998,0,0,0,normal
2022-11-09,18545.38,18587.76,15588.0,15922.81,731926.929729,76.66,122.01,75.83,114.72,3810.93994140625,3818.199951171875,3744.219970703125,3748.570068359375,4645010000,25.34000015258789,26.350000381469727,25.020000457763672,26.09000015258789,-0.1525677793793299,-0.0209967847123034,1.087834528024892,0.2396916740250286,0.8634753249202445,0.2479637328383258,0.6109270810425335,0.2738588179266114,1.1472,0.2609000015258789,0.059365471975108,0.0212083275008502,0.2837246750797555,0.012936268687553,0.5362729189574665,-0.0129588164007324,0,0,0,normal
2022-11-10,15922.68,18199.0,15754.26,17601.15,608448.36432,114.72,115.37,85.05,93.12,3859.889892578125,3958.330078125,3859.889892578125,3956.3701171875,5781260000,26.510000228881836,26.59000015258789,22.84000015258789,23.530000686645508,0.1002115684402702,0.0539525156647976,1.359721234119676,0.4258413294656491,0.9867855715636124,0.3226135969206831,0.6839729223837105,0.3071539310515097,0.9312,0.235300006866455,-0.428521234119676,-0.190541322599194,-0.0555855715636123,-0.087313590054228,0.2472270776162894,-0.0718539241850546,0,0,0,normal
2022-11-11,17602.45,17695.0,16361.6,17070.31,393552.86492,93.12,107.16,82.51,102.11,3963.719970703125,4001.47998046875,3944.820068359375,3992.929931640625,5593310000,23.88999938964844,23.90999984741211,22.3700008392334,22.520000457763672,-0.0306235436615994,0.009198312304769,1.3600699260457854,0.3744144654666209,0.989507278838864,0.3215400995242646,0.6883412775661056,0.3028672927987061,1.0211,0.2252000045776367,-0.3389699260457854,-0.1492144608889841,0.0315927211611358,-0.0963400949466278,0.3327587224338942,-0.0776672882210693,0,0,0,normal
2022-11-14,16331.78,17190.0,15815.21,16619.46,380210.7775,107.88,112.14,89.9,98.18,3977.969970703125,4008.969970703125,3956.39990234375,3957.25,4561930000,23.989999771118164,24.329999923706055,22.86000061035156,23.729999542236328,-0.0267663992322437,-0.008975940544918,1.3474023319874695,0.370934971861695,0.967859073315957,0.3201909513992371,0.689834189722601,0.2975919391995812,0.9818,0.2372999954223632,-0.3656023319874694,-0.1336349764393317,0.0139409266840431,-0.0828909559768738,0.2919658102773991,-0.0602919437772179,0,0,0,normal
2022-11-15,16617.72,17134.69,16527.72,16900.57,282461.84391,98.18,98.18,82.7,89.99,4006.409912109375,4028.840087890625,3953.169921875,3991.72998046875,5015310000,23.770000457763672,26.219999313354492,23.18000030517578,24.540000915527344,0.0167730512461791,0.0086753764146691,1.2915160193664168,0.3694978315999909,0.9542686952484212,0.3184931058837819,0.6822603827574132,0.286536936139269,0.8998999999999999,0.2454000091552734,-0.3916160193664169,-0.1240978224447174,-0.0543686952484212,-0.0730930967285084,0.2176396172425867,-0.0411369269839955,0,0,0,normal
2022-11-16,16900.57,17015.92,16378.61,16662.76,261493.40809,89.99,103.25,81.08,98.64,3976.820068359375,3983.090087890625,3954.340087890625,3958.7900390625,4165320000,24.290000915527344,24.719999313354492,23.989999771118164,24.11000061035156,-0.0141710598868462,-0.0082862831118737,1.295869932706072,0.3819266808645056,0.953482840007154,0.3198280538475118,0.6826155617480687,0.2878204331802146,0.9864,0.2411000061035156,-0.309469932706072,-0.14082667476099,0.032917159992846,-0.0787280477439962,0.3037844382519313,-0.046720427076699,0,0,0,normal
2022-11-17,16661.61,16751.0,16410.74,16692.56,228038.97873,98.64,98.64,75.19,76.97,3919.260009765625,3954.330078125,3906.5400390625,3946.56005859375,4051780000,24.049999237060547,25.18000030517578,23.809999465942383,23.93000030517578,0.001786821888,-0.0030941046442292,1.192758023342585,0.3854681714683819,0.947592876616914,0.304835179790084,0.682929877645494,0.286003500232352,0.7696999999999999,0.2393000030517578,-0.423058023342585,-0.1461681684166241,-0.1778928766169141,-0.0655351767383262,0.0867701223545059,-0.0467034971805941,0,0,0,normal
2022-11-18,16692.56,17011.0,16546.04,16700.45,214224.18184,76.97,77.03,72.35,74.71,3966.389892578125,3979.889892578125,3935.97998046875,3965.340087890625,4037360000,24.030000686645508,24.1200008392334,22.979999542236328,23.1200008392334,0.0004725539953914,0.0047472956481582,0.7056976284771942,0.3429655408646906,0.9489798359215258,0.3027809382333301,0.6814885594913274,0.2713963996654505,0.7471,0.2312000083923339,0.0414023715228057,-0.1117655324723566,-0.2018798359215258,-0.0715809298409961,0.0656114405086726,-0.0401963912731165,0,0,0,normal
2022-11-21,16279.5,16319.0,15476.0,15781.29,324096.997753,80.26,82.89,79.09,80.81,3956.22998046875,3962.0,3933.340087890625,3949.93994140625,3850690000,24.049999237060547,24.1200008392334,22.299999237060547,22.36000061035156,-0.0566106040415676,-0.0038912498002756,0.3911570938784495,0.122274120962789,0.9625135601397508,0.3027010819639468,0.6963808827112551,0.2703924619709499,0.8081,0.2236000061035156,0.4169429061215505,0.1013258851407266,-0.1544135601397507,-0.0791010758604311,0.1117191172887449,-0.0467924558674343,0,0,0,normal
2022-11-22,15781.29,16315.0,15616.63,16226.94,239548.06623,80.81,83.39,79.09,79.71,3965.510009765625,4005.8798828125,3956.8798828125,4003.580078125,3887990000,22.59000015258789,22.709999084472656,21.280000686645508,21.290000915527344,0.0278477628835421,0.0134886062698283,0.4497242343159054,0.1378849984598865,0.9825982952287587,0.2793887879186696,0.7034190654634808,0.270497060206875,0.7970999999999999,0.2129000091552734,0.3473757656840945,0.0750150106953869,-0.1854982952287588,-0.0664887787633961,0.0936809345365191,-0.0575970510516015,0,0,0,normal
2022-11-23,16227.96,16706.0,16160.2,16603.11,264927.70408,79.71,79.88,74.5,75.27,4000.300048828125,4033.780029296875,3998.659912109375,4027.260009765625,3279720000,21.489999771118164,21.780000686645508,20.31999969482422,20.350000381469727,0.0229172032029526,0.0058972660417383,0.4578398339537356,0.1236382464676824,0.9935052281295156,0.2707012444229206,0.707617340318549,0.2697582906450416,0.7526999999999999,0.2035000038146972,0.2948601660462643,0.0798617573470148,-0.2408052281295156,-0.0672012406082233,0.0450826596814509,-0.0662582868303443,0,0,0,normal
2022-11-25,16599.55,16666.0,16342.81,16522.14,182089.49533,72.21,73.27,64.8,64.89,4023.340087890625,4034.02001953125,4020.760009765625,4026.1201171875,1706460000,20.61000061035156,21.11000061035156,20.459999084472656,20.5,-0.0048887275575503,-0.0002830842622024,0.4424180942442762,0.1163292368966023,0.9573151611058428,0.2692692594100505,0.7059566302447567,0.2620029493618638,0.6489,0.205,0.2064819057557238,0.0886707631033976,-0.3084151611058427,-0.0642692594100504,-0.0570566302447567,-0.0570029493618638,0,0,0,normal
2022-11-28,16428.77,16487.04,15995.27,16212.91,252695.40367,67.12,70.39,66.46,67.44,4005.360107421875,4012.27001953125,3955.77001953125,3963.93994140625,3615430000,22.09000015258789,22.5,21.649999618530273,22.209999084472656,-0.0188934612032745,-0.0155646967940648,0.4481904553354363,0.1457908632801207,0.9564526659521588,0.2812778865330498,0.706924205160309,0.2555333526916655,0.6744,0.2220999908447265,0.2262095446645637,0.0763091275646058,-0.2820526659521588,-0.0591778956883232,-0.0325242051603089,-0.0334333618469389,0,0,0,normal
2022-11-29,16212.18,16548.71,16100.0,16442.53,248106.25009,67.44,68.14,64.52,64.8,3964.18994140625,3976.77001953125,3937.64990234375,3957.6298828125,3546040000,22.09000015258789,22.56999969482422,21.829999923706055,21.88999938964844,0.0140634322802119,-0.0015931337016243,0.4606245386039155,0.1446463115414687,0.8751150032630729,0.2815934057484138,0.7054953836177389,0.2465435962860611,0.648,0.2188999938964844,0.1873754613960845,0.0742536823550157,-0.2271150032630728,-0.0626934118519293,-0.0574953836177388,-0.0276436023895766,0,0,0,normal
2022-11-30,16442.91,17249.0,16428.3,17163.64,303019.80719,64.8,65.38,62.62,64.05,3957.179931640625,4080.110107421875,3938.580078125,4080.110107421875,6579360000,21.700000762939453,22.6299991607666,20.309999465942383,20.579999923706055,0.0429219220456457,0.0304786435212949,0.535180157621645,0.2327107997800058,0.6021754092344683,0.2834504648674003,0.7191594508441304,0.2584890307692354,0.6405,0.2057999992370605,0.105319842378355,-0.0269108005429452,0.0383245907655316,-0.0776504656303397,-0.0786594508441304,-0.0526890315321748,0,0,0,normal
2022-12-01,17165.53,17324.0,16855.01,16977.37,232818.18218,64.05,64.38,59.68,60.05,4087.139892578125,4100.509765625,4050.8701171875,4076.570068359375,4527130000,20.829999923706055,21.059999465942383,19.799999237060547,19.84000015258789,-0.0109119119942652,-0.0008680098296065,0.3595638074576788,0.22904157393608,0.4198216623342813,0.1806579966272356,0.7191863866021135,0.257122463207561,0.6004999999999999,0.1984000015258789,0.2409361925423211,-0.030641572410201,0.1806783376657186,0.0177420048986433,-0.1186863866021136,-0.058722461681682,0,0,0,normal
2022-12-02,16978.0,17105.73,16787.85,17092.74,202372.2062,60.05,64.18,58.57,58.75,4040.169921875,4080.47998046875,4026.6298828125,4071.699951171875,4012620000,20.420000076293945,20.959999084472656,18.950000762939453,19.059999465942383,0.0067725311702464,-0.0011953746637614,0.3383086906456375,0.2216869344807006,0.4009498471308499,0.1781481196769773,0.7198577354607101,0.2552862236131046,0.5875,0.1905999946594238,0.2491913093543625,-0.0310869398212767,0.1865501528691501,0.0124518749824465,-0.13235773546071,-0.0646862289536807,0,0,0,normal
2022-12-05,17106.65,17424.25,16867.0,16966.35,233703.29225,61.84,62.0,55.17,56.01,4052.02001953125,4052.449951171875,3984.489990234375,3998.840087890625,4280820000,20.299999237060547,21.290000915527344,19.780000686645508,20.75,-0.0074218412863547,-0.0180562496309722,0.3288006365283192,0.2505685554732927,0.3838647651525241,0.1920207617631487,0.719302480304266,0.2554460397671017,0.5600999999999999,0.2075,0.2312993634716807,-0.0430685554732927,0.1762352348474758,0.0154792382368512,-0.1592024803042661,-0.0479460397671016,0,0,0,normal
2022-12-06,16966.35,17107.01,16906.37,17088.96,218730.76883,56.01,59.36,55.25,56.74,3996.6298828125,4001.510009765625,3918.389892578125,3941.260009765625,4368380000,20.690000534057617,22.600000381469727,20.3799991607666,22.170000076293945,0.0072006703080002,-0.014503869422986,0.3244490412660217,0.2630485533073597,0.3785820799646004,0.1985396837745752,0.7191012424825854,0.2581394169817328,0.5674,0.2217000007629394,0.2429509587339783,-0.0413485525444202,0.1888179200353996,0.0231603169883642,-0.1517012424825854,-0.0364394162187933,0,0,0,normal
2022-12-07,17088.96,17142.21,16678.83,16836.64,220657.41334,56.74,61.91,56.54,61.83,3933.280029296875,3957.570068359375,3922.679931640625,3933.919921875,4118050000,22.31999969482422,23.010000228881836,22.18000030517578,22.68000030517578,-0.0148751770092267,-0.0018641072533816,0.3128014257727791,0.2480758998844592,0.3791329223903756,0.195764032045015,0.7084020785224407,0.2543575074350956,0.6183,0.2268000030517578,0.3054985742272209,-0.0212758968327013,0.2391670776096243,0.0310359710067428,-0.0901020785224407,-0.0275575043833377,0,0,0,normal
2022-12-08,16836.64,17299.0,16733.49,17224.1,236417.97804,57.05,57.24,55.45,55.71,3947.7900390625,3974.18994140625,3935.830078125,3963.510009765625,4006900000,22.809999465942383,23.280000686645508,22.059999465942383,22.290000915527344,0.0227521019316931,0.0074936344139332,0.3269414663191317,0.2532332335090554,0.3905165577457221,0.1981314531231613,0.7037050650892182,0.2539246029913952,0.5571,0.2229000091552734,0.2301585336808683,-0.0303332243537819,0.1665834422542779,0.0247685560321121,-0.1466050650892181,-0.0310245938361217,0,0,0,normal
2022-12-09,17224.1,17360.0,17058.21,17128.56,238422.06465,56.63,58.86,56.39,58.71,3954.169921875,3977.02001953125,3933.0400390625,3934.3798828125,3888260000,22.549999237060547,23.209999084472656,22.18000030517578,22.829999923706055,-0.0055623201422599,-0.0073767194642132,0.2091122069809538,0.1395456864144337,0.3918826801568786,0.199535458398583,0.7018647174348671,0.2542672315430855,0.5871,0.2282999992370605,0.3779877930190461,0.0887543128226268,0.1952173198431213,0.0287645408384775,-0.1147647174348671,-0.0259672323060249,0,0,0,normal
2022-12-12,17085.05,17241.89,16871.85,17209.83,226227.49694,61.79,62.4,60.35,61.15,3939.2900390625,3990.7099609375,3935.300048828125,3990.56005859375,3904130000,24.399999618530273,25.049999237060547,24.18000030517578,25.0,0.0047334864414935,0.01417830729965,0.1964267675067159,0.1819147303441302,0.2870070450729071,0.2082253424816378,0.699992205749984,0.2478283063666795,0.6114999999999999,0.25,0.415073232493284,0.0680852696558698,0.3244929549270928,0.0417746575183622,-0.088492205749984,0.0021716936333205,0,0,0,normal
2022-12-13,17208.93,18000.0,17080.14,17774.7,284462.9139,60.25,60.73,60.08,60.66,4069.3798828125,4100.9599609375,3993.030029296875,4019.64990234375,5079360000,25.239999771118164,25.84000015258789,21.459999084472656,22.549999237060547,0.032295365713004,0.0072632232554572,0.2690520610857634,0.1923118421503276,0.2940469510322466,0.2024259167523399,0.7087374919131122,0.2472530054086956,0.6065999999999999,0.2254999923706054,0.3375479389142365,0.0331881502202778,0.3125530489677533,0.0230740756182655,-0.1021374919131122,-0.0217530130380901,0,0,0,normal
2022-12-14,17775.82,18387.95,17660.94,17803.15,266681.22209,60.67,60.76,55.08,55.19,4015.5400390625,4053.760009765625,3965.64990234375,3995.320068359375,4472340000,22.829999923706055,23.469999313354492,21.06999969482422,21.13999938964844,0.0015993100237424,-0.0060711166238359,0.2558505394210894,0.1607085378801734,0.2847479408661347,0.2023635744728231,0.708864786117911,0.2476872807652626,0.5519,0.2113999938964844,0.2960494605789106,0.050691456016311,0.2671520591338652,0.0090364194236613,-0.1569647861179111,-0.0362872868687781,0,0,0,normal
2022-12-15,17804.01,17854.82,17275.51,17356.34,223701.96882,55.19,57.81,52.82,57.74,3958.3701171875,3958.3701171875,3879.449951171875,3895.75,4493900000,21.520000457763672,23.670000076293945,21.25,22.829999923706055,-0.0254175504220324,-0.025237477901826,0.320743730785253,0.2072158303013032,0.310685180866726,0.2277797914306282,0.7106502192748478,0.2476108021101738,0.5774,0.2282999992370605,0.256656269214747,0.0210841689357573,0.266714819133274,0.0005202078064323,-0.1332502192748478,-0.0193108028731132,0,0,0,normal
2022-12-16,17356.96,17531.73,16527.32,16632.12,253379.04116,57.74,64.86,52.81,63.31,3890.909912109375,3890.909912109375,3827.909912109375,3852.360107421875,7493660000,23.260000228881836,23.829999923706055,22.09000015258789,22.6200008392334,-0.042622091974556,-0.0112002399460116,0.4128342675334311,0.2150278897048982,0.3567599477769426,0.2235859936072252,0.718483531881732,0.247847500921273,0.6331,0.2262000083923339,0.2202657324665689,0.0111721186874357,0.2763400522230574,0.0026140147851087,-0.0853835318817319,-0.021647492528939,0,0,0,normal
2022-12-19,16739.0,16815.99,16256.3,16438.88,179094.28305,66.48,66.67,60.62,63.62,3853.7900390625,3854.860107421875,3800.0400390625,3817.659912109375,3969610000,22.6299991607666,22.86000061035156,21.61000061035156,22.420000076293945,-0.0116865047502628,-0.0090483289411038,0.3771733421481387,0.203756203925201,0.3563614201771691,0.2255263436721112,0.7014391023653588,0.2466978756945717,0.6362,0.2242000007629394,0.2590266578518613,0.0204437968377384,0.2798385798228309,-0.0013263429091717,-0.0652391023653587,-0.0224978749316322,0,0,0,normal
2022-12-20,16438.88,17061.27,16397.2,16895.56,248808.92324,63.61,65.81,59.36,60.1,3810.469970703125,3838.239990234375,3795.6201171875,3821.6201171875,3985370000,23.170000076293945,23.38999938964844,21.350000381469727,21.479999542236328,0.0274016047314584,0.0010368006978907,0.4294571550324695,0.2064869371454826,0.3247971396941965,0.1695278978224363,0.7066761011113671,0.2451814611415663,0.601,0.2147999954223632,0.1715428449675304,0.0083130582768806,0.2762028603058035,0.0452720975999269,-0.1056761011113671,-0.030381465719203,0,0,0,normal
2022-12-21,16896.15,16925.0,16723.0,16824.67,156810.96362,60.1,60.34,58.83,59.12,3839.489990234375,3889.820068359375,3839.489990234375,3878.43994140625,3775200000,21.25,21.290000915527344,19.940000534057617,20.06999969482422,-0.0042046038497872,0.0147585486690542,0.4269502723345293,0.2086684048613185,0.3221146723696403,0.1882590852971128,0.6427757683664554,0.2483764341286764,0.5912,0.2006999969482422,0.1642497276654706,-0.0079684079130762,0.2690853276303596,0.0124409116511294,-0.0515757683664555,-0.0476764371804342,0,0,0,normal
2022-12-22,16824.68,16868.52,16559.85,16821.43,176044.27235,59.12,59.18,53.48,56.14,3853.260009765625,3853.260009765625,3764.489990234375,3822.389892578125,3956950000,20.079999923706055,24.299999237060547,20.010000228881836,21.969999313354492,-0.0001925929014068,-0.0145571424981456,0.351177317214586,0.1997700886543221,0.3203560893800588,0.1934705154299362,0.4612716775929888,0.2442142041155859,0.5614,0.2196999931335449,0.210222682785414,0.0199299044792228,0.2410439106199412,0.0262294777036087,0.1001283224070112,-0.0245142109820409,0,0,0,normal
2022-12-23,16821.9,16955.14,16731.13,16778.5,161612.00947,56.14,56.31,52.86,53.67,3815.110107421875,3845.800048828125,3797.010009765625,3844.820068359375,2819280000,22.170000076293945,22.63999938964844,20.780000686645508,20.8700008392334,-0.0025553638570472,0.005850952271915,0.3473335277450311,0.214811323138603,0.3191702671566548,0.1875266669704051,0.3546450104126039,0.1857869569424338,0.5367000000000001,0.208700008392334,0.1893664722549689,-0.0061113147462689,0.2175297328433452,0.0211733414219288,0.1820549895873962,0.0229130514499001,0,0,0,normal
2022-12-27,16919.39,16972.83,16592.37,16706.36,173749.58616,53.22,54.44,53.11,54.05,3843.340087890625,3846.64990234375,3813.219970703125,3829.25,3030300000,21.670000076293945,22.799999237060547,21.59000015258789,21.649999618530273,-0.0043088196642977,-0.0040578440346594,0.3265392345753979,0.1647778242899193,0.3173108766764458,0.1799798866305679,0.3439685378030301,0.1834506002676557,0.5405,0.2164999961853027,0.213960765424602,0.0517221718953834,0.2231891233235541,0.0365201095547348,0.1965314621969698,0.033049395917647,0,0,0,normal
2022-12-28,16706.06,16785.19,16465.33,16547.31,193037.56577,54.05,57.33,53.53,57.19,3829.56005859375,3848.320068359375,3780.780029296875,3783.219970703125,3083520000,21.469999313354492,22.260000228881836,20.959999084472656,22.13999938964844,-0.0095659343975275,-0.0120934704429486,0.2067760018695062,0.1668420687502061,0.3137907791527677,0.1849292560351519,0.3361739896567076,0.1847876894258515,0.5719,0.2213999938964844,0.3651239981304938,0.0545579251462783,0.2581092208472322,0.0364707378613325,0.2357260103432923,0.0366123044706329,0,0,0,normal
2022-12-29,16547.32,16664.41,16488.91,16633.47,160998.47158,57.19,57.29,54.54,54.59,3805.449951171875,3858.18994140625,3805.449951171875,3849.280029296875,3003680000,22.25,22.309999465942383,21.36000061035156,21.440000534057617,0.0051933796404468,0.0173106343149943,0.1935947329658502,0.1963236946341446,0.2961133894419965,0.1996183913103077,0.3327680725216438,0.1905250526800565,0.5459,0.2144000053405761,0.3523052670341499,0.0180763107064315,0.2497866105580035,0.0147816140302684,0.2131319274783562,0.0238749526605196,0,0,0,normal
2022-12-30,16633.47,16677.35,16333.0,16607.48,164916.31174,54.59,54.95,48.5,49.82,3829.06005859375,3839.85009765625,3800.340087890625,3839.5,2979870000,21.829999923706055,22.399999618530273,21.59000015258789,21.670000076293945,-0.0015637342071172,-0.0025439756461108,0.0714305083868978,0.1976035444749604,0.2957955707352647,0.1981846479724322,0.3302742811716358,0.1893956499363284,0.4982,0.2167000007629394,0.4267694916131022,0.019096456287979,0.2024044292647352,0.0185153527905072,0.1679257188283641,0.027304350826611,0,0,0,normal
2023-01-03,16672.78,16778.4,16605.28,16675.18,159541.53733,50.02,50.44,48.79,48.95,3853.2900390625,3878.4599609375,3794.330078125,3824.139892578125,3959140000,23.09000015258789,23.760000228881836,22.729999542236328,22.899999618530273,0.0040681900647676,-0.0040085724812736,0.0796966631853868,0.1717899514850853,0.2955063077589726,0.1844029439592586,0.330454318550736,0.1895011927886484,0.4895,0.2289999961853027,0.4098033368146132,0.0572100447002174,0.1939936922410274,0.0445970522260441,0.159045681449264,0.0394988033966543,0,0,0,normal
2023-01-04,16675.65,16991.87,16652.66,16850.36,220362.18862,48.95,48.95,41.96,46.87,3840.360107421875,3873.159912109375,3815.77001953125,3852.969970703125,4414080000,22.93000030517578,23.270000457763672,21.940000534057617,22.010000228881836,0.0104506352091812,0.0075106945621389,0.1067579825616762,0.1542484377737064,0.2581729281270518,0.1846738370048588,0.3318498855420736,0.1904029557239694,0.4686999999999999,0.2201000022888183,0.3619420174383237,0.0658515645151119,0.2105270718729481,0.0354261652839595,0.1368501144579263,0.0296970465648489,0,0,0,normal
2023-01-05,16850.36,16879.82,16753.0,16831.85,163473.56641,46.87,47.48,45.41,45.45,3839.739990234375,3839.739990234375,3802.419921875,3808.10009765625,3893450000,22.200000762939453,22.920000076293945,21.969999313354492,22.459999084472656,-0.0010990966366733,-0.0117138691364571,0.1055035326527706,0.1671712137726204,0.2573284892839452,0.1879998236915699,0.2847922417869595,0.1927850018777863,0.4545,0.2245999908447265,0.3489964673472294,0.0574287770721061,0.1971715107160548,0.0366001671531566,0.1697077582130405,0.0318149889669402,0,0,0,normal
2023-01-06,16831.85,17041.0,16679.0,16950.65,207401.28415,45.45,45.56,42.71,43.61,3823.3701171875,3906.18994140625,3809.56005859375,3895.080078125,3923560000,22.690000534057617,22.899999618530273,21.0,21.1299991607666,0.0070332562551536,0.0225838355890308,0.1059475819012874,0.2179109450544203,0.24132318999123,0.1899295509263276,0.2746803324675723,0.2004638259454325,0.4361,0.211299991607666,0.3301524180987126,-0.0066109534467542,0.1947768100087699,0.0213704406813384,0.1614196675324277,0.0108361656622335,0,0,0,normal
2023-01-09,17127.83,17398.8,17104.66,17178.26,266211.52723,42.79,45.03,42.79,44.06,3910.820068359375,3950.570068359375,3890.419921875,3892.090087890625,4311770000,21.75,21.979999542236328,21.270000457763672,21.969999313354492,0.0133384496943115,-0.0007679273259905,0.0878428901405819,0.1956557972092552,0.1606236860210092,0.1830498063295249,0.2695311766187627,0.199423442729309,0.4406,0.2196999931335449,0.3527571098594181,0.0240441959242897,0.2799763139789908,0.03665018680402,0.1710688233812373,0.0202765504042359,0,0,0,normal
2023-01-10,17179.04,17499.0,17146.34,17440.66,221382.42581,44.06,45.47,43.01,45.47,3888.570068359375,3919.830078125,3877.2900390625,3919.25,3851030000,22.219999313354492,22.459999084472656,20.579999923706055,20.579999923706055,0.0151596309333654,0.0069539979705937,0.1056619934858004,0.1749541305733187,0.15558770721571,0.1790204730480646,0.2718904974808307,0.2007914084556837,0.4547,0.2057999992370605,0.3490380065141996,0.0308458686637418,0.2991122927842899,0.0267795261889959,0.1828095025191692,0.0050085907813768,0,0,0,normal
2023-01-11,17440.64,18000.0,17315.6,17943.26,262221.60653,45.47,47.55,45.2,47.55,3932.35009765625,3970.070068359375,3928.5400390625,3969.610107421875,4303360000,20.799999237060547,21.25,20.6200008392334,21.09000015258789,0.0284102951545734,0.0127675711922936,0.1500883559265874,0.1801860911194768,0.1585313303563301,0.184780163624666,0.2751465243149987,0.1995935720485054,0.4755,0.2109000015258789,0.3254116440734126,0.030713910406402,0.3169686696436699,0.0261198379012128,0.2003534756850012,0.0113064294773735,0,0,0,normal
2023-01-12,17943.26,19117.04,17892.05,18846.62,454568.32178,47.55,52.07,43.13,51.42,3977.570068359375,3997.760009765625,3937.56005859375,3983.169921875,4440260000,21.559999465942383,21.799999237060547,18.829999923706055,18.829999923706055,0.0491190305151335,0.0034100849120427,0.2629907430730798,0.1702455389669091,0.2423576238798257,0.1765291785397744,0.3041989284549528,0.1997628455788833,0.5142,0.1882999992370605,0.2512092569269202,0.0180544602701514,0.2718423761201742,0.0117708206972861,0.2100010715450472,-0.0114628463418227,0,0,0,normal
2023-01-13,18846.62,20000.0,18714.12,19930.01,368615.87823,51.42,61.12,47.08,61.12,3960.60009765625,4003.949951171875,3947.669921875,3999.090087890625,3939700000,19.0,19.40999984741211,18.010000228881836,18.350000381469727,0.0558930485095537,0.003988892144656,0.3415316988975369,0.170088446842622,0.3119503958235179,0.159745103400321,0.3203134795625851,0.1785124178917697,0.6112,0.1835000038146972,0.2696683011024631,0.0134115569720752,0.299249604176482,0.0237549004143762,0.2908865204374148,0.0049875859229275,0,0,0,normal
2023-01-17,21185.65,21647.45,20841.31,21134.81,275407.74409,64.92,66.37,62.93,63.35,3999.280029296875,4015.389892578125,3984.570068359375,3990.969970703125,4235560000,19.88999938964844,20.219999313354492,19.209999084472656,19.36000061035156,0.0586948081703199,-0.0020325554309963,0.3455350715887454,0.1358449321513642,0.3605707497403579,0.1607342469685703,0.3522406364533343,0.1785556260393281,0.6335000000000001,0.1936000061035155,0.2879649284112546,0.0577550739521513,0.2729292502596421,0.0328657591349452,0.2812593635466657,0.0150443800641874,0,0,0,normal
2023-01-18,21132.29,21650.0,20407.15,20677.47,350916.01949,63.35,64.55,59.36,63.34,4002.25,4014.159912109375,3926.590087890625,3928.860107421875,4298710000,19.280000686645508,20.579999923706055,18.709999084472656,20.34000015258789,-0.0218767424205475,-0.0156849669777446,0.4597595406055419,0.1418373371381773,0.3869506631025273,0.1769161516882316,0.3622586383897734,0.1837622413968709,0.6334000000000001,0.2034000015258789,0.1736404593944581,0.0615626643877015,0.2464493368974727,0.0264838498376472,0.2711413616102266,0.019637760129008,0,0,0,normal
2023-01-19,20677.47,21192.0,20659.19,21071.59,251385.84925,63.34,63.37,56.23,56.9,3911.840087890625,3922.93994140625,3885.5400390625,3898.85009765625,3991500000,20.43000030517578,21.709999084472656,20.170000076293945,20.520000457763672,0.0188809859816687,-0.0076676719018124,0.4532952479595835,0.151630132353176,0.3700642630895985,0.1710617061142309,0.3615922786803935,0.1778483602900092,0.569,0.2052000045776367,0.1157047520404164,0.0535698722244607,0.1989357369104014,0.0341382984634058,0.2074077213196064,0.0273516442876275,0,0,0,normal
2023-01-20,21071.59,22755.93,20861.28,22667.21,338079.13659,56.9,59.5,53.78,59.48,3909.0400390625,3972.9599609375,3897.860107421875,3972.610107421875,4013360000,20.280000686645508,20.700000762939453,19.40999984741211,19.850000381469727,0.0729936990967774,0.0187416735523519,0.5077028754064601,0.1861021390260809,0.433545708379754,0.1736089310922761,0.4087597972816204,0.1817191899535657,0.5948,0.1985000038146972,0.0870971245935399,0.0123978647886163,0.161254291620246,0.0248910727224211,0.1860402027183796,0.0167808138611315,0,0,0,normal
2023-01-23,22706.02,23180.0,22500.0,22916.45,293588.37938,61.99,66.6,61.26,64.38,3978.139892578125,4039.31005859375,3971.639892578125,4019.81005859375,3945210000,20.209999084472656,20.329999923706055,19.549999237060547,19.809999465942383,0.0109356064794796,0.0118113159513285,0.5310528916007115,0.1838383589768071,0.4234422432984819,0.1765782102041455,0.4022239933906961,0.1846266496330242,0.6437999999999999,0.1980999946594238,0.1127471083992884,0.0142616356826167,0.220357756701518,0.0215217844552783,0.2415760066093038,0.0134733450263996,0,0,0,normal
2023-01-24,22917.81,23162.2,22462.93,22632.89,293158.78254,64.38,65.84,61.26,61.33,4001.739990234375,4023.919921875,3989.7900390625,4016.949951171875,3320430000,19.88999938964844,20.469999313354492,18.90999984741211,19.200000762939453,-0.0124508352125872,-0.0007117563642918,0.587537473791277,0.1839811300696281,0.4431023813356883,0.1744825728392585,0.4056615061939996,0.1835391045808111,0.6133,0.1920000076293945,0.0257625262087229,0.0080188775597664,0.1701976186643116,0.017517434790136,0.2076384938060003,0.0084609030485834,0,0,0,normal
2023-01-25,22631.94,23816.73,22300.0,23060.94,346042.83223,65.73,65.85,58.02,61.49,3982.7099609375,4019.550048828125,3949.06005859375,4016.219970703125,3724020000,19.559999465942383,20.899999618530273,18.989999771118164,19.079999923706055,0.0187361191606464,-0.0001817415734656,0.5496170775826594,0.1830312923836926,0.4403671818799365,0.1741183984516852,0.4041381596451558,0.1820527826883852,0.6149,0.1907999992370605,0.0652829224173405,0.0077687068533679,0.1745328181200635,0.0166816007853753,0.2107618403548442,0.0087472165486753,0,0,0,normal
2023-01-26,23060.42,23282.47,22850.01,23009.65,288924.43581,61.49,61.52,56.59,57.0,4036.080078125,4061.570068359375,4013.2900390625,4060.429931640625,3809590000,19.049999237060547,19.479999542236328,18.670000076293945,18.729999542236328,-0.0022265840828143,0.0109477080291143,0.4919313194101228,0.1915307696960229,0.4415584339875743,0.16329557597692,0.4054147287644062,0.1802036786174301,0.57,0.1872999954223632,0.0780686805898771,-0.0042307742736596,0.1284415660124256,0.0240044194454432,0.1645852712355937,0.0070963168049331,0,0,0,normal
2023-01-27,23009.65,23500.0,22534.88,23074.16,280833.86315,57.0,57.69,54.98,55.0,4053.719970703125,4094.2099609375,4048.699951171875,4070.56005859375,3907760000,18.899999618530273,19.0,17.969999313354492,18.510000228881836,0.0027996835390564,0.0024917340217038,0.4397767106717077,0.144451071873311,0.4447554397694148,0.141102329127987,0.400095811996441,0.1791934257647244,0.55,0.1851000022888183,0.1102232893282923,0.0406489304155073,0.1052445602305852,0.0439976731608313,0.149904188003559,0.0059065765240939,0,0,0,normal
2023-01-30,23743.37,23800.51,22500.0,22826.15,302405.90121,58.92,58.92,55.41,56.4,4049.27001953125,4063.85009765625,4015.550048828125,4017.77001953125,3802000000,19.760000228881836,20.25,19.540000915527344,19.940000534057617,-0.0108065681293011,-0.0130535693152926,0.4659583442661231,0.1663409710430399,0.46522708235743,0.1564982960191711,0.403608678555144,0.1825033253052382,0.564,0.1994000053405761,0.0980416557338768,0.0330590342975362,0.0987729176425699,0.042901709321405,0.1603913214448559,0.0168966800353379,0,0,0,normal
2023-01-31,22827.38,23320.0,22714.77,23125.13,264649.34909,56.4,59.21,54.76,58.82,4020.85009765625,4077.159912109375,4020.43994140625,4076.60009765625,4679320000,20.1200008392334,20.700000762939453,19.1299991607666,19.399999618530273,0.0130130964408873,0.0145363044164195,0.1908713607818724,0.1523210110966374,0.4657760445130057,0.1640227277633545,0.3908920459528578,0.1703572416224072,0.5882000000000001,0.1939999961853027,0.3973286392181276,0.0416789850886653,0.1224239554869943,0.0299772684219482,0.1973079540471422,0.0236427545628955,0,0,0,normal
2023-02-01,23125.13,23812.66,22760.23,23732.66,310790.42271,58.82,60.43,56.27,58.04,4070.070068359375,4148.9501953125,4037.199951171875,4119.2099609375,4856930000,19.6200008392334,20.040000915527344,17.700000762939453,17.8700008392334,0.0259322535565358,0.0103980562968847,0.2338904685132363,0.1493641538877492,0.4650423445935508,0.1615237570764926,0.360688862436345,0.1678336991882258,0.5804,0.178700008392334,0.3465095314867637,0.0293358545045847,0.1153576554064492,0.0171762513158413,0.219711137563655,0.0108663092041081,0,0,0,normal
2023-02-02,23731.41,24255.0,23363.27,23488.94,364177.20751,58.04,58.32,55.11,57.71,4158.68017578125,4195.43994140625,4141.8798828125,4179.759765625,5624360000,17.739999771118164,19.25,17.059999465942383,18.729999542236328,-0.0103224864935691,0.0145923846268543,0.2274819026775429,0.1591869765092391,0.4611931905249884,0.1693326006251913,0.3599362747434171,0.1680117005290489,0.5771000000000001,0.1872999954223632,0.3496180973224572,0.0281130189131241,0.1159068094750116,0.0179673947971719,0.2171637252565829,0.0192882948933143,0,0,0,normal
2023-02-03,23489.33,23715.7,23204.62,23431.9,332571.02904,57.71,57.82,54.14,54.25,4136.68994140625,4182.35986328125,4123.35986328125,4136.47998046875,4694510000,18.56999969482422,19.299999237060547,17.93000030517578,18.329999923706055,-0.0024313302190962,-0.0104085926372854,0.2097483884367623,0.1847638115067399,0.4279137264548275,0.1791618145957762,0.3591530054015839,0.1724032995203623,0.5425,0.1832999992370605,0.3327516115632377,-0.0014638122696793,0.1145862735451724,0.0041381846412843,0.183346994598416,0.0108966997166982,0,0,0,normal
2023-02-06,22932.91,23158.25,22628.13,22762.52,265371.6069,55.23,55.73,53.33,54.56,4119.56982421875,4124.6298828125,4093.3798828125,4111.080078125,4114240000,19.229999542236328,19.809999465942383,19.209999084472656,19.43000030517578,-0.0289830181567284,-0.0061593931939392,0.2826572812291907,0.1870777724071895,0.4015847967200166,0.1819800308989412,0.3750379064229291,0.1702717813474333,0.5456,0.1943000030517578,0.2629427187708092,0.0072222306445683,0.1440152032799833,0.0123199721528166,0.1705620935770708,0.0240282217043245,0,0,0,normal
2023-02-07,22762.52,23350.25,22745.78,23240.46,308006.72482,54.56,54.66,52.82,53.31,4105.35009765625,4176.5400390625,4088.389892578125,4164.0,4355860000,19.540000915527344,19.989999771118164,18.43000030517578,18.65999984741211,0.0207794015559237,0.012790364037397,0.3131948904022829,0.1985946185480253,0.3861081260550902,0.167505493940113,0.3749738736963469,0.1656294399882799,0.5331,0.1865999984741211,0.2199051095977171,-0.0119946200739042,0.1469918739449098,0.0190945045340081,0.1581261263036531,0.0209705584858412,0,0,0,normal
2023-02-08,23242.42,23452.0,22665.85,22963.0,280056.30717,53.31,53.94,52.52,52.99,4153.47021484375,4156.85009765625,4111.669921875,4117.85986328125,4029820000,18.8799991607666,20.1200008392334,18.549999237060547,19.6299991607666,-0.0120105003106417,-0.0111425730124113,0.3151822353220183,0.1922379531048327,0.3919693855097051,0.1728229302989318,0.3788757171426107,0.1702162197191072,0.5299,0.196299991607666,0.2147177646779817,0.0040620385028333,0.1379306144902949,0.0234770613087342,0.1510242828573893,0.0260837718885588,0,0,0,normal
2023-02-09,22961.85,23011.39,21688.0,21796.35,402894.6955,52.99,53.11,49.03,51.95,4144.25,4156.22998046875,4069.669921875,4081.5,4270200000,19.239999771118164,21.079999923706055,19.020000457763672,20.709999084472656,-0.0521417003525174,-0.0088690098310373,0.4308339892829901,0.1871058115819806,0.3334139641593868,0.1664537086952686,0.418381219534401,0.1723325634419797,0.5195000000000001,0.2070999908447265,0.0886660107170099,0.0199941792627459,0.1860860358406132,0.0406462821494579,0.101118780465599,0.0347674274027468,0,0,0,normal
2023-02-10,21797.83,21938.16,21451.0,21625.19,338591.94247,51.95,52.02,48.4,48.69,4068.919921875,4094.360107421875,4060.7900390625,4090.4599609375,3891520000,20.739999771118164,21.940000534057617,20.440000534057617,20.530000686645508,-0.0078836856777029,0.0021928557092171,0.3593178619332305,0.1743096359441979,0.3279015587695849,0.1602745236077584,0.4177651981962945,0.1669799788499354,0.4869,0.205300006866455,0.1275821380667695,0.0309903709222571,0.1589984412304151,0.0450254832586966,0.0691348018037055,0.0383200280165196,0,0,0,normal
2023-02-13,21782.37,21894.99,21351.07,21773.97,295730.76791,47.51,51.73,47.4,50.65,4096.6201171875,4138.89990234375,4092.669921875,4137.2900390625,3448620000,21.65999984741211,21.690000534057617,20.329999923706055,20.34000015258789,0.0068563807615015,0.0113835699511551,0.3794839198169142,0.1629465928851186,0.328649242157891,0.1655413382593927,0.4176640414919644,0.1632861602617264,0.5065,0.2034000015258789,0.1270160801830857,0.0404534086407603,0.1778507578421089,0.0378586632664861,0.0888359585080355,0.0401138412641524,0,0,0,normal
2023-02-14,21774.63,22319.08,21532.77,22199.84,361958.40109,50.65,51.16,47.87,49.17,4126.7001953125,4159.77001953125,4095.010009765625,4136.1298828125,3929200000,20.719999313354492,20.75,18.479999542236328,18.90999984741211,0.01936986197704,-0.0002804538554937,0.4201192767730954,0.1504341321977028,0.329462886008676,0.165568338074769,0.4174800155639696,0.1628211177629367,0.4917,0.1890999984741211,0.0715807232269046,0.0386658662764183,0.162237113991324,0.023531660399352,0.0742199844360304,0.0262788807111843,0,0,0,normal
2023-02-15,22199.84,24380.0,22047.28,24324.05,375669.16111,49.17,52.91,46.92,52.67,4119.5,4148.10986328125,4103.97998046875,4147.60009765625,4075980000,19.3700008392334,19.40999984741211,18.11000061035156,18.229999542236328,0.0913804911936594,0.0027693375330766,0.6950011351379513,0.1445332831417189,0.517736543279407,0.160660890956133,0.4793948583655483,0.1616546217057222,0.5267000000000001,0.1822999954223632,-0.1683011351379512,0.0377667122806443,0.008963456720593,0.0216391044662302,0.0473051416344517,0.020645373716641,0,0,0,normal
2023-02-16,24322.87,25250.0,23505.25,23517.72,450080.68366,52.67,59.55,51.15,58.8,4114.75,4136.5400390625,4089.489990234375,4090.409912109375,4143660000,18.260000228881836,20.270000457763672,18.229999542236328,20.170000076293945,-0.0337113932826645,-0.0138846892048816,0.7336164942345454,0.143796897814818,0.5419408940270233,0.1732644480337345,0.4978351237228126,0.1679019357219852,0.588,0.2017000007629394,-0.1456164942345454,0.0579031029481214,0.0460591059729766,0.0284355527292049,0.0901648762771873,0.0337980650409542,0,0,0,normal
2023-02-17,23517.72,25021.11,23339.37,24569.97,496813.21376,58.8,62.41,54.1,60.77,4077.389892578125,4081.510009765625,4047.949951171875,4079.090087890625,4045480000,20.940000534057617,21.299999237060547,19.81999969482422,20.020000457763672,0.0437707859750721,-0.0027712421722827,0.765502360861096,0.1309819036768679,0.5670737854344785,0.1630382740182858,0.5052016446646043,0.1635007036447856,0.6077,0.2002000045776367,-0.157802360861096,0.0692181009007688,0.0406262145655215,0.0371617305593509,0.1024983553353957,0.0366993009328511,0,0,0,normal
2023-02-21,24843.89,25250.0,24148.34,24452.16,376000.82868,60.75,62.33,59.35,60.82,4052.35009765625,4052.35009765625,3995.18994140625,3997.340087890625,4121590000,21.799999237060547,23.34000015258789,21.799999237060547,22.8700008392334,-0.0048064099540204,-0.0202447839734716,0.6487765661284005,0.1702895875699369,0.5673896468236819,0.1738221493905393,0.5074971580712212,0.1644270455862433,0.6082,0.2287000083923339,-0.0405765661284005,0.058410420822397,0.040810353176318,0.0548778590017946,0.1007028419287787,0.0642729628060906,0,0,0,normal
2023-02-22,24450.67,24476.05,23574.69,24182.21,379425.75365,59.47,60.16,56.69,56.83,4001.830078125,4017.3701171875,3976.89990234375,3991.050048828125,4079320000,23.030000686645508,23.6299991607666,22.020000457763672,22.290000915527344,-0.0111013167175208,-0.0015747954856433,0.6541054670312066,0.166953775845292,0.5613444388735683,0.1652782223060108,0.5119501831096589,0.1645132330908688,0.5683,0.2229000091552734,-0.0858054670312066,0.0559462333099814,0.0069555611264316,0.0576217868492626,0.0563498168903411,0.0583867760644046,0,0,0,normal
2023-02-23,24182.21,24599.59,23608.0,23940.2,398400.45437,56.83,57.54,54.87,54.93,4018.60009765625,4028.300048828125,3969.18994140625,4012.320068359375,3952940000,21.959999084472656,22.43000030517578,20.88999938964844,21.13999938964844,-0.0100581845457686,0.0053152782632377,0.6716368683637296,0.146986495019173,0.5612391021343243,0.1510154568251366,0.5155450940582269,0.1640516638257097,0.5493,0.2113999938964844,-0.1223368683637295,0.0644134988773114,-0.0119391021343242,0.0603845370713478,0.0337549059417731,0.0473483300707747,0,0,0,normal
2023-02-24,23940.2,24132.35,22841.19,23185.29,343582.57453,54.93,54.97,50.45,50.49,3973.239990234375,3978.25,3943.080078125,3970.0400390625,3877700000,21.350000381469727,22.899999618530273,21.31999969482422,21.670000076293945,-0.0320410284614873,-0.0105934646197741,0.7218794822478427,0.1479226566963105,0.5788971538266958,0.1511950879101755,0.5269992833687962,0.1631905257023186,0.5049,0.2167000007629394,-0.2169794822478427,0.0687773440666289,-0.0739971538266958,0.0655049128527639,-0.0220992833687961,0.0535094750606208,0,0,0,normal
2023-02-27,23554.85,23897.99,23106.77,23492.09,283706.0859,51.34,51.49,49.9,50.44,3992.360107421875,4018.050048828125,3973.550048828125,3982.239990234375,3836950000,21.989999771118164,22.020000457763672,20.68000030517578,20.950000762939453,0.0131457428920457,0.0030682925395522,0.42626635513785,0.1486637272522379,0.5665379871806521,0.1524420996002354,0.5130604345151762,0.1631315240192347,0.5044,0.2095000076293945,0.0781336448621499,0.0608362803771566,-0.0621379871806521,0.0570579080291591,-0.0086604345151762,0.0463684836101598,0,0,0,normal
2023-02-28,23492.09,23600.0,23020.97,23141.57,264140.99894,50.44,50.62,49.16,50.37,3977.18994140625,3997.5,3968.97998046875,3970.14990234375,5043400000,21.299999237060547,21.3700008392334,20.100000381469727,20.700000762939453,-0.0150332013979481,-0.0030406198309477,0.3862263794857269,0.1377716861285172,0.5642066449826589,0.1360282761344887,0.4956248110102721,0.162907046973092,0.5036999999999999,0.2070000076293945,0.117473620514273,0.0692283215008773,-0.060506644982659,0.0709717314949058,0.0080751889897278,0.0440929606563025,0,0,0,normal
2023-03-01,23141.57,24000.0,23020.03,23628.97,315287.41737,50.37,55.83,50.34,54.71,3963.340087890625,3971.72998046875,3939.050048828125,3951.389892578125,4249480000,20.38999938964844,21.31999969482422,20.219999313354492,20.579999923706055,0.0208429342438966,-0.0047364642034928,0.2817081485262451,0.1373819774839889,0.5681967528766505,0.1316081983501892,0.4715331796349931,0.1633531652071339,0.5471,0.2057999992370605,0.2653918514737549,0.0684180217530716,-0.0210967528766504,0.0741918008868713,0.0755668203650069,0.0424468340299266,0,0,0,normal
2023-03-02,23629.76,23796.93,23195.9,23465.32,239315.45219,54.71,55.36,53.19,53.72,3938.679931640625,3990.840087890625,3928.159912109375,3981.35009765625,4244900000,21.40999984741211,21.420000076293945,19.549999237060547,19.59000015258789,-0.0069499151047281,0.0075535937311959,0.2817548904814385,0.1001498289952085,0.514466861399545,0.1356658766599535,0.4664496807956043,0.1581771233658812,0.5372,0.1959000015258789,0.2554451095185615,0.0957501725306704,0.022733138600455,0.0602341248659254,0.0707503192043957,0.0377228781599977,0,0,0,normal
2023-03-03,23465.32,23476.95,21971.13,22354.34,319954.19785,53.72,55.91,50.53,52.2,3998.02001953125,4048.2900390625,3995.169921875,4045.639892578125,4084730000,19.760000228881836,19.760000228881836,18.15999984741211,18.489999771118164,-0.0485031008319871,0.016018749176483,0.3822752397251241,0.1403284107764027,0.5613281943786913,0.1548309642928617,0.4884080520927302,0.162463095360937,0.522,0.1848999977111816,0.1397247602748759,0.0445715869347789,-0.0393281943786912,0.0300690334183199,0.0335919479072698,0.0224369023502446,0,0,0,normal
2023-03-06,22430.24,22602.19,22258.0,22410.0,203751.82957,50.84,52.55,50.4,51.78,4055.14990234375,4078.489990234375,4044.610107421875,4048.419921875,4000870000,19.049999237060547,19.190000534057617,18.489999771118164,18.61000061035156,0.0024868021592324,0.0006869307788483,0.3911940183703911,0.1383881995241453,0.5609570227714651,0.1448620762160092,0.4396257428431299,0.1537473546780405,0.5178,0.1861000061035156,0.1266059816296089,0.0477118065793703,-0.043157022771465,0.0412379298875064,0.0781742571568701,0.0323526514254751,0,0,0,normal
2023-03-07,22409.41,22557.91,21927.0,22197.96,292519.80912,51.78,52.56,50.73,51.46,4048.260009765625,4050.0,3980.31005859375,3986.3701171875,3922500000,18.63999938964844,19.739999771118164,18.510000228881836,19.59000015258789,-0.0095068950488123,-0.0154455904792625,0.3585034419077352,0.1576008958848943,0.5570454670406684,0.156133488029229,0.439045334599397,0.1567875303023315,0.5146000000000001,0.1959000015258789,0.1560965580922648,0.0382991056409846,-0.0424454670406683,0.0397665134966499,0.075554665400603,0.0391124712235474,0,0,0,normal
2023-03-08,22198.56,22287.0,21580.0,21705.44,301460.57272,51.46,52.56,49.62,50.12,3987.550048828125,4000.409912109375,3969.760009765625,3992.010009765625,3535570000,19.709999084472656,20.010000228881836,19.0,19.11000061035156,-0.0224374723911691,0.0014137941356032,0.3409284420312408,0.1568172860842527,0.3744672671820002,0.155327925389728,0.4422389057161543,0.1568574960438234,0.5012,0.1911000061035156,0.1602715579687592,0.0342827200192629,0.1267327328179998,0.0357720807137875,0.0589610942838456,0.0342425100596922,0,0,0,normal
2023-03-09,21704.37,21834.99,20042.72,20362.22,443658.28584,50.12,56.03,48.47,54.39,3998.659912109375,4017.81005859375,3908.699951171875,3918.320068359375,4445260000,19.329999923706055,23.13999938964844,18.8799991607666,22.61000061035156,-0.0638816973065751,-0.0186318579454823,0.4663178874190859,0.1943796001399759,0.4318857602138858,0.163049570936255,0.4732932491113195,0.1656967087831627,0.5439,0.2261000061035155,0.0775821125809141,0.0317204059635396,0.1120142397861142,0.0630504351672605,0.0706067508886805,0.0604032973203528,0,0,0,normal
2023-03-10,20362.21,20367.78,19549.09,20150.69,618456.4671,54.39,59.38,53.44,54.2,3912.77001953125,3934.050048828125,3846.320068359375,3861.590087890625,5518190000,23.34000015258789,28.969999313354492,21.790000915527344,24.799999237060547,-0.0104426920836925,-0.0145839694360666,0.3871408598599921,0.208900869639284,0.3546849645336417,0.1701763746758437,0.4736022451835329,0.166458164210246,0.542,0.2479999923706054,0.1548591401400079,0.0390991227313214,0.1873150354663583,0.0778236176947617,0.0683977548164671,0.0815418281603594,0,0,0,normal
2023-03-13,21998.05,24500.0,21813.88,24113.48,687889.31259,58.87,70.39,54.56,62.24,3835.1201171875,3905.050048828125,3808.860107421875,3855.760009765625,6558020000,24.049999237060547,30.809999465942383,23.850000381469727,26.520000457763672,0.179532489243478,-0.0015109018407387,1.2842390456589523,0.1958201808484381,0.8968428810739296,0.1530234391536706,0.7133383975412426,0.1659913854656786,0.6224000000000001,0.2652000045776367,-0.6618390456589522,0.0693798237291986,-0.2744428810739295,0.1121765654239661,-0.0909383975412425,0.0992086191119581,0,0,0,normal
2023-03-14,24112.27,26386.87,23976.42,24670.41,699360.93423,62.24,68.19,59.71,63.46,3894.010009765625,3937.2900390625,3873.6298828125,3919.2900390625,5665870000,26.850000381469727,27.239999771118164,22.270000457763672,23.729999542236328,0.0228335295528605,0.0163423882353636,1.2322751177780298,0.1972543464309225,0.9009777895902412,0.1728871191406529,0.7149692392438033,0.1704879631361754,0.6346,0.2372999954223632,-0.5976751177780297,0.0400456489914407,-0.2663777895902411,0.0644128762817103,-0.0803692392438032,0.0668120322861878,0,0,0,normal
2023-03-15,24670.41,25196.97,23896.95,24285.66,581450.72984,63.46,70.1,61.88,64.15,3876.739990234375,3894.260009765625,3838.239990234375,3891.929931640625,6594010000,23.209999084472656,29.90999984741211,23.190000534057617,26.13999938964844,-0.0157184970805925,-0.0070053639293535,1.244253852545881,0.1940792116690219,0.9026949679411896,0.1716518983148256,0.7161777664799284,0.1649615890468047,0.6415000000000001,0.2613999938964844,-0.602753852545881,0.0673207822274624,-0.2611949679411895,0.0897480955816587,-0.0746777664799283,0.0964384048496797,0,0,0,normal
2023-03-16,24285.66,25167.4,24123.0,24998.78,439421.32998,64.15,64.15,56.98,62.45,3878.929931640625,3964.4599609375,3864.110107421875,3960.280029296875,5695790000,26.190000534057617,27.489999771118164,22.969999313354492,22.989999771118164,0.0289409709791094,0.0174095762490317,1.238384376016688,0.2223567085406908,0.8964513528655548,0.185582873992797,0.7171173327856647,0.1705304682103505,0.6245,0.2298999977111816,-0.6138843760166879,0.0075432891704908,-0.2719513528655547,0.0443171237183846,-0.0926173327856646,0.0593695295008311,0,0,0,normal
2023-03-17,24998.78,27756.84,24890.0,27395.13,624460.68091,62.45,69.46,60.76,66.59,3958.68994140625,3958.909912109375,3901.27001953125,3916.639892578125,9354280000,22.920000076293945,26.13999938964844,22.579999923706055,25.510000228881836,0.0915382366931726,-0.0110806212739537,1.2743299637848364,0.229334145003503,0.9684245388013074,0.1904335124810301,0.7616244512901943,0.1658948512412441,0.6659,0.2551000022888183,-0.6084299637848364,0.0257658572853153,-0.3025245388013073,0.0646664898077882,-0.0957244512901942,0.0892051510475742,1,0,1,stress
2023-03-20,27972.87,28472.0,27124.47,27717.01,477378.23373,73.34,73.83,68.08,68.23,3917.469970703125,3956.6201171875,3916.889892578125,3951.570068359375,5347140000,27.770000457763672,28.90999984741211,24.0,24.149999618530273,0.0116810437754452,0.0088788696359408,1.1013166968028996,0.2075488247935181,0.9611199409939976,0.1948471998560852,0.761505581612223,0.1669834027256281,0.6823,0.2414999961853027,-0.4190166968028995,0.0339511713917846,-0.2788199409939975,0.0466527963292175,-0.079205581612223,0.0745165934596746,1,0,1,stress
2023-03-21,27717.01,28438.55,27303.1,28105.47,420929.7422,68.23,71.75,67.0,70.06,3975.889892578125,4009.080078125,3971.18994140625,4002.8701171875,4920240000,24.15999984741211,24.15999984741211,21.290000915527344,21.3799991607666,0.0139179151711749,0.0128986475185591,1.0595989632149034,0.1838823071924361,0.9604575539558762,0.2013805918965588,0.7546969295764439,0.1714620417266986,0.7006,0.213799991607666,-0.3589989632149034,0.0299176844152299,-0.2598575539558762,0.0124193997111072,-0.0540969295764438,0.0423379498809674,1,0,1,stress
2023-03-22,28107.81,28868.05,26601.8,27250.97,224113.41296,68.92,70.11,63.29,63.89,4002.0400390625,4039.489990234375,3936.169921875,3936.969970703125,4533010000,21.799999237060547,22.3799991607666,19.940000534057617,22.260000228881836,-0.0308751025112408,-0.0166002486398428,0.6192858543307052,0.2245683709577686,0.9750503391898032,0.21177326760379,0.7613380298249416,0.172243682812988,0.6389,0.2226000022888183,0.0196141456692948,-0.0019683686689502,-0.3361503391898032,0.0108267346850283,-0.1224380298249415,0.0503563194758303,1,0,1,stress
2023-03-23,27250.97,28750.0,27105.0,28295.41,128649.60818,63.89,67.31,61.07,66.43,3959.2099609375,4007.659912109375,3919.050048828125,3948.719970703125,4991600000,21.540000915527344,24.90999984741211,20.15999984741211,22.61000061035156,0.0376104838761249,0.0029800838691824,0.6308949562804754,0.2045915843275117,0.9415975867713376,0.1985090206997377,0.7651043314987227,0.1704907448367018,0.6643000000000001,0.2261000061035155,0.0334050437195246,0.0215084217760038,-0.2772975867713375,0.0275909854037778,-0.1008043314987225,0.0556092612668137,1,0,1,stress
2023-03-24,28295.42,28374.3,27000.0,27454.47,86242.06544,66.43,67.76,64.5,65.06,3939.2099609375,3972.739990234375,3909.159912109375,3970.989990234375,4583970000,22.11000061035156,25.209999084472656,21.600000381469727,21.739999771118164,-0.0301706044537672,0.0056239630843032,0.6696306231926551,0.1975708145325139,0.9612327670113888,0.2007674460473269,0.7529089093375269,0.1701461675399767,0.6506000000000001,0.2173999977111816,-0.019030623192655,0.0198291831786677,-0.3106327670113887,0.0166325516638547,-0.1023089093375267,0.0472538301712049,1,0,1,stress
2023-03-27,27968.05,28023.86,26508.14,27124.91,88039.46898,63.23,65.95,61.97,62.12,3982.929931640625,4003.830078125,3970.489990234375,3977.530029296875,4233540000,22.049999237060547,22.93000030517578,20.56999969482422,20.600000381469727,-0.0120765023455826,0.001645599563767,0.6852909056080713,0.1695029156619403,0.962537815555746,0.1903813993251552,0.7537602621401828,0.1700666801598312,0.6212,0.2060000038146972,-0.0640909056080712,0.0364970881527569,-0.341337815555746,0.015618604489542,-0.1325602621401828,0.035933323654866,1,0,1,stress
2023-03-28,27124.9,27520.0,26631.78,27261.07,78602.44341,62.12,63.42,59.73,60.13,3974.1298828125,3979.199951171875,3951.530029296875,3971.27001953125,4014600000,20.530000686645508,21.399999618530273,19.90999984741211,19.969999313354492,0.0050071832660621,-0.0015750832883878,0.3982211843378175,0.1504685043443183,0.9491726288330486,0.1903251892826881,0.7537941685596181,0.1660101411555811,0.6013000000000001,0.1996999931335449,0.2030788156621825,0.0492314887892266,-0.3478726288330486,0.0093748038508568,-0.152494168559618,0.0336898519779638,1,0,1,stress
2023-03-29,27261.06,28650.0,27240.1,28348.6,89486.16008,60.13,64.96,58.82,64.49,3999.530029296875,4030.590087890625,3999.530029296875,4027.81005859375,4145250000,19.38999938964844,19.450000762939453,19.09000015258789,19.1200008392334,0.039117969089514,0.0141368707750468,0.462835627627339,0.1633511589467295,0.8785174742508205,0.179873049262456,0.7586555913697601,0.1719801561636239,0.6448999999999999,0.1912000083923339,0.1820643723726609,0.0278488494456044,-0.2336174742508205,0.0113269591298779,-0.1137555913697602,0.01921985222871,1,0,1,stress
2023-03-30,28348.6,29184.68,27686.0,28028.53,98865.43256,64.49,66.82,62.34,62.74,4046.739990234375,4057.85009765625,4032.10009765625,4050.830078125,3930860000,19.1200008392334,20.079999923706055,18.850000381469727,19.020000457763672,-0.0113547262470763,0.0056989991994826,0.4631382070573878,0.149666117604709,0.8792115159302213,0.1635338754016545,0.7180602750758769,0.1727290137808518,0.6274000000000001,0.1902000045776367,0.1642617929426122,0.0405338869729277,-0.2518115159302212,0.0266661291759822,-0.0906602750758768,0.0174709907967849,0,0,0,normal
2023-03-31,28028.53,28656.69,27511.71,28465.36,78198.12139,62.74,62.99,57.97,58.52,4056.179931640625,4110.75,4056.179931640625,4109.31005859375,4525120000,19.209999084472656,19.43000030517578,18.520000457763672,18.700000762939453,0.0154649894422888,0.0143333277820365,0.4161063619777657,0.0963967213215606,0.5152667689788167,0.1680320695462636,0.7092774374338957,0.1734952490296738,0.5852,0.1870000076293945,0.1690936380222343,0.0906032863078339,0.0699332310211833,0.0189679380831309,-0.1240774374338956,0.0135047585997207,0,0,0,normal
2023-04-03,28171.87,28500.99,27200.24,27800.0,79180.01405,60.28,62.44,58.38,61.83,4102.2001953125,4127.66015625,4098.7900390625,4124.509765625,4234700000,19.790000915527344,19.829999923706055,18.540000915527344,18.549999237060547,-0.0236518887369663,0.0036920225658028,0.3830951329193189,0.0955131753054428,0.5334824753362502,0.1591583350251204,0.7052858447082246,0.1735596582166804,0.6183,0.1854999923706054,0.235204867080681,0.0899868170651626,0.0848175246637498,0.026341657345485,-0.0869858447082246,0.011940334153925,0,0,0,normal
2023-04-04,27800.0,28444.44,27662.79,28165.47,49722.55691,61.83,61.83,59.45,59.65,4128.02978515625,4133.1298828125,4086.8701171875,4100.60009765625,4227800000,18.790000915527344,20.030000686645508,18.579999923706055,19.0,0.0130607388888046,-0.0058138397451625,0.3371126906814347,0.1200300759487273,0.5219729920301827,0.1576861466476394,0.7052225180823484,0.163408420818302,0.5965,0.19,0.2593873093185653,0.0699699240512727,0.0745270079698173,0.0323138533523605,-0.1087225180823483,0.0265915791816979,0,0,0,normal
2023-04-05,28165.47,28775.0,27805.1,28170.01,60737.64732,59.65,60.56,57.93,58.02,4094.5,4099.68994140625,4072.56005859375,4090.3798828125,3968020000,19.420000076293945,20.079999923706055,19.0,19.079999923706055,0.0001611772903976,-0.0024954816571214,0.3207295607589823,0.1266814024904258,0.5166095062148855,0.1464260708925772,0.7037818974624457,0.1635488718196936,0.5802,0.1907999992370605,0.2594704392410177,0.0641185967466347,0.0635904937851145,0.0443739283444833,-0.1235818974624456,0.0272511274173669,0,0,0,normal
2023-04-06,28170.01,28182.05,27711.0,28033.82,40118.94963,58.02,59.81,56.61,57.06,4081.14990234375,4107.31982421875,4069.840087890625,4105.02001953125,3486690000,19.299999237060547,19.8799991607666,18.350000381469727,18.399999618530273,-0.0048462984303144,0.0035727731328032,0.3266320649279977,0.1208008612689655,0.3520319951738768,0.1330377841130579,0.7029688518020658,0.1632102600717236,0.5706,0.1839999961853027,0.2439679350720023,0.0631991349163372,0.2185680048261232,0.0509622120722448,-0.1323688518020658,0.0207897361135791,0,0,0,normal
2023-04-10,28323.76,29770.0,28170.0,29637.34,67754.0622,58.56,63.05,57.17,62.16,4085.199951171875,4109.5,4072.550048828125,4109.10986328125,3423650000,19.38999938964844,20.049999237060547,18.93000030517578,18.969999313354492,0.0556234143654663,0.00099580701701,0.4064419502530107,0.1021182919799363,0.4192598610578014,0.1308799281841393,0.7084399081078401,0.1596207584305761,0.6215999999999999,0.1896999931335449,0.2151580497469892,0.0875817011536086,0.2023401389421985,0.0588200649494056,-0.0868399081078401,0.0300792347029688,0,0,0,normal
2023-04-11,29637.35,30550.0,29590.0,30200.42,67990.07621,62.16,63.03,60.12,60.18,4110.2900390625,4124.259765625,4102.60986328125,4108.93994140625,3665830000,19.079999923706055,19.280000686645508,18.559999465942383,19.100000381469727,0.0188207787579409,-4.135333298352082e-05,0.3912743998568222,0.1012075200608048,0.4218382630410188,0.1227741614122593,0.7089760303854422,0.1595500446861055,0.6018,0.1910000038146972,0.2105256001431777,0.0897924837538924,0.1799617369589812,0.0682258424024379,-0.1071760303854422,0.0314499591285917,0,0,0,normal
2023-04-12,30200.43,30486.0,29637.4,29888.07,62049.48451,60.18,60.27,55.86,55.87,4121.72021484375,4134.3701171875,4086.93994140625,4091.949951171875,3633120000,19.3799991607666,19.979999542236328,18.25,19.09000015258789,-0.0103964274481094,-0.0041434563234613,0.4083365824687934,0.0586945759131319,0.3961139344258992,0.0945910907369322,0.7077721664449182,0.1598271617998796,0.5587,0.1909000015258789,0.1503634175312065,0.132205425612747,0.1625860655741007,0.0963089107889467,-0.1490721664449182,0.0310728397259993,0,0,0,normal
2023-04-13,29888.07,30595.0,29854.59,30373.84,51934.11731,55.87,56.77,55.03,55.47,4100.0400390625,4150.259765625,4099.39990234375,4146.22021484375,3596590000,18.829999923706055,19.059999465942383,17.770000457763672,17.799999237060547,0.0161223075102938,0.0131755104978315,0.3484112407924686,0.1005269381981245,0.3733384737319555,0.1044334631000838,0.707190402146044,0.1626399696737314,0.5547,0.1779999923706054,0.2062887592075313,0.0774730541724809,0.1813615262680444,0.0735665292705216,-0.152490402146044,0.015360022696874,0,0,0,normal
2023-04-14,30373.84,31000.0,29966.0,30466.93,75984.19452,55.47,57.07,53.14,53.46,4140.10986328125,4163.18994140625,4113.2001953125,4137.64013671875,3575690000,17.940000534057617,18.1200008392334,17.06999969482422,17.06999969482422,0.0030601214496096,-0.0020715175845779,0.3530513818004094,0.092447119896185,0.3374406139739631,0.1064635827899949,0.7058999479009983,0.1619715356450693,0.5346,0.1706999969482422,0.1815486181995905,0.0782528770520572,0.1971593860260369,0.0642364141582473,-0.1712999479009983,0.0087284613031728,0,0,0,normal
2023-04-17,30304.66,30316.06,29240.65,29430.27,56441.81127,56.4,57.31,53.72,55.6,4137.169921875,4151.72021484375,4123.18017578125,4151.31982421875,3611180000,17.579999923706055,17.790000915527344,16.899999618530273,16.950000762939453,-0.0346180965654564,0.0033007035826147,0.4477731756550734,0.0889689118544917,0.3742530071005663,0.1063060370959352,0.6972155091929738,0.1560016658310917,0.556,0.1695000076293945,0.1082268243449266,0.0805310957749028,0.1817469928994337,0.0631939705334593,-0.1412155091929737,0.0134983417983028,0,0,0,normal
2023-04-18,29430.27,30485.0,29096.78,30380.01,62004.89434,55.6,56.44,55.01,55.63,4164.259765625,4169.47998046875,4140.35986328125,4154.8701171875,3536640000,16.940000534057617,17.34000015258789,16.579999923706055,16.829999923706055,0.0317610898162718,0.0008548548034659,0.4632668359685208,0.0885891970560234,0.3899991846966705,0.1047430311701988,0.6999354126471709,0.1560008103463556,0.5563,0.1682999992370605,0.0930331640314792,0.0797108021810371,0.1663008153033295,0.0635569680668617,-0.1436354126471708,0.0122991888907049,0,0,0,normal
2023-04-19,30380.01,30413.53,28520.0,28797.1,86575.48656,55.63,56.1,54.35,55.71,4139.330078125,4162.56982421875,4134.490234375,4154.52001953125,3572560000,17.299999237060547,17.719999313354492,16.170000076293945,16.459999084472656,-0.0535101387040663,-8.426554793962826e-05,0.4885958205268119,0.089197202965158,0.4402814455102023,0.0927202140121679,0.7219426855341206,0.148202353032251,0.5571,0.1645999908447265,0.0685041794731881,0.0754027878795685,0.1168185544897977,0.0718797768325586,-0.1648426855341205,0.0163976378124755,0,0,0,normal
2023-04-20,28797.1,29088.3,28010.0,28243.65,76879.09372,55.14,56.16,54.02,56.11,4130.47998046875,4148.56982421875,4114.56982421875,4129.7900390625,3772080000,16.850000381469727,17.690000534057617,16.329999923706055,17.170000076293945,-0.0194060340625738,-0.0059703351883111,0.466588446124422,0.1001208576310349,0.4459919885583295,0.0973180254082487,0.7208600781443958,0.1497239247093299,0.5611,0.1717000007629394,0.094511553875578,0.0715791431319045,0.1151080114416705,0.0743819753546907,-0.1597600781443957,0.0219760760536095,0,0,0,normal
2023-04-21,28243.65,28374.02,27125.0,27262.84,77684.7679,56.11,56.22,53.15,54.82,4132.14013671875,4138.02001953125,4113.85986328125,4133.52001953125,3611750000,17.510000228881836,17.709999084472656,16.579999923706055,16.770000457763672,-0.0353440507714546,0.0009027812573008,0.4917756656041425,0.0942234893019555,0.4647465091078226,0.07728110846998,0.7003171545699652,0.1375253812775174,0.5482,0.1677000045776367,0.0564243343958575,0.0734765152756812,0.0834534908921774,0.0904188961076567,-0.1521171545699652,0.0301746233001193,0,0,0,normal
2023-04-24,27590.59,28000.0,26942.82,27510.93,53111.56874,54.22,54.3,52.42,52.72,4132.06982421875,4142.41015625,4117.77001953125,4137.0400390625,3290940000,18.219999313354492,18.239999771118164,16.739999771118164,16.889999389648438,0.0090587774604433,0.0008512167782723,0.4756899253108773,0.046915511538204,0.4573449692774645,0.0758763488713769,0.6977122380307579,0.1285465400177545,0.5272,0.1688999938964843,0.0515100746891227,0.1219844823582803,0.0698550307225355,0.0930236450251074,-0.1705122380307578,0.0403534538787298,0,0,0,normal
2023-04-25,27510.93,28399.99,27192.0,28300.79,52325.14637,52.72,53.53,52.08,52.38,4126.43017578125,4126.43017578125,4071.3798828125,4071.6298828125,3978640000,17.6200008392334,19.86000061035156,17.329999923706055,18.760000228881836,0.0283063392000716,-0.0159371838185764,0.5345164412483497,0.1056703683012742,0.4706475426825886,0.0998434694561637,0.4840789632045612,0.1386616124943995,0.5238,0.1876000022888183,-0.0107164412483496,0.0819296339875441,0.0531524573174114,0.0877565328326546,0.0397210367954388,0.0489383897944188,0,0,0,normal
2023-04-26,28300.8,30036.0,27235.0,28415.29,129228.40403,52.39,58.62,51.68,55.47,4087.780029296875,4089.669921875,4049.35009765625,4055.989990234375,3837030000,18.65999984741211,19.61000061035156,17.8700008392334,18.84000015258789,0.0040376611202662,-0.0038485835033448,0.5111799393995597,0.0982056375489302,0.4709059024226992,0.1005286908859006,0.481232506887904,0.132491793600001,0.5547,0.1884000015258789,0.0435200606004402,0.0901943639769487,0.0837940975773007,0.0878713106399783,0.073467493112096,0.0559082079258779,0,0,0,normal
2023-04-27,28415.29,29890.0,28378.86,29472.77,95430.82431,55.46,56.97,53.47,55.07,4075.2900390625,4138.240234375,4075.2900390625,4135.35009765625,3750550000,18.43000030517578,18.43000030517578,16.719999313354492,17.030000686645508,0.0365394056503652,0.0193771934026963,0.5262010362471129,0.168786233348898,0.4937741631335859,0.1309988536847135,0.4857676472507701,0.1402311720797347,0.5507,0.170300006866455,0.024498963752887,0.001513773517557,0.056925836866414,0.0393011531817415,0.0649323527492298,0.0300688347867203,0,0,0,normal
2023-04-28,29472.77,29599.54,28891.0,29311.7,54298.16578,55.07,55.1,50.61,50.73,4129.6298828125,4170.06005859375,4127.18017578125,4169.47998046875,4087800000,17.209999084472656,17.649999618530273,15.720000267028809,15.779999732971191,-0.0054800325013604,0.0082193313132434,0.4018974399999194,0.177148085986804,0.4332665667595297,0.1350242547650101,0.4821512055396116,0.133852835378714,0.5073,0.1577999973297119,0.1054025600000805,-0.019348088657092,0.0740334332404702,0.0227757425647018,0.0251487944603883,0.0239471619509979,0,0,0,normal
2023-05-01,29233.2,29337.34,27666.95,28068.26,64433.65958,53.3,55.07,53.02,53.19,4166.7900390625,4186.919921875,4164.1201171875,4167.8701171875,3321370000,16.40999984741211,16.6200008392334,15.529999732971191,16.079999923706055,-0.0433473531581492,-0.0003861810485107,0.4756803410693965,0.1716469165255818,0.4582833224893933,0.135085786644329,0.4279621734987295,0.1284480983039877,0.5318999999999999,0.1607999992370605,0.0562196589306034,-0.0108469172885212,0.0736166775106066,0.0257142125927315,0.1039378265012704,0.0323519009330728,0,0,0,normal
2023-05-02,28068.26,28879.88,27872.0,28669.86,50824.5224,53.19,53.55,51.95,53.21,4164.10009765625,4164.10009765625,4089.719970703125,4119.580078125,4486130000,16.270000457763672,19.809999465942383,16.260000228881836,17.780000686645508,0.0212069961651957,-0.0116539066805717,0.4215843578061637,0.1885990708943667,0.4708196581326891,0.1441045766983639,0.4309451964491859,0.1327081065948044,0.5321,0.177800006866455,0.1105156421938363,-0.0107990640279116,0.0612803418673109,0.0336954301680911,0.1011548035508141,0.0450919002716506,0,0,0,normal
2023-05-03,28669.85,29266.66,28113.69,29026.16,64615.79213,53.21,54.41,50.94,52.92,4122.25,4148.2998046875,4088.860107421875,4090.75,4246510000,17.81999969482422,18.829999923706055,17.190000534057617,18.34000015258789,0.0123510956020622,-0.0070229080548929,0.4226591192674326,0.1921443787196746,0.468118973947729,0.1347912194904498,0.4305648324846691,0.1302300502604169,0.5292,0.1834000015258789,0.1065408807325674,-0.0087443771937957,0.061081026052271,0.048608782035429,0.0986351675153309,0.053169951265462,0,0,0,normal
2023-05-04,29026.16,29379.83,28663.64,28838.16,42575.47501,52.92,54.03,51.6,51.9,4082.550048828125,4082.610107421875,4048.280029296875,4061.219970703125,4920090000,19.170000076293945,21.329999923706055,18.670000076293945,20.09000015258789,-0.0064979822282647,-0.0072449134550627,0.4023501796586041,0.1708116110528687,0.4673805621544227,0.1373788491657878,0.4205259313548029,0.1219767772803086,0.519,0.2009000015258789,0.1166498203413959,0.0300883904730102,0.0516194378455773,0.0635211523600911,0.0984740686451971,0.0789232242455703,0,0,0,normal
2023-05-05,28838.16,29677.0,28800.0,29505.61,58415.83048,51.9,52.6,51.41,51.67,4084.72998046875,4147.02001953125,4084.72998046875,4136.25,4186270000,19.5,19.6299991607666,16.690000534057617,17.190000534057617,0.0228809046533425,0.0183061663818797,0.4204828180985648,0.2009103476720083,0.4577477397588154,0.1600647804613389,0.4117276751041808,0.1317926051676628,0.5167,0.1719000053405761,0.0962171819014352,-0.0290103423314321,0.0589522602411846,0.0118352248792372,0.1049723248958192,0.0401074001729133,0,0,0,normal
2023-05-08,28430.09,28631.01,27262.0,27668.79,68244.36179,51.68,51.87,50.79,51.34,4136.97998046875,4142.2998046875,4123.81005859375,4138.1201171875,3641640000,17.729999542236328,17.8799991607666,16.829999923706055,16.979999542236328,-0.0642753515858332,0.000452026484882,0.5280302815384621,0.1640262659206996,0.5079095761274115,0.1600195218993784,0.4449720000899431,0.1312535317126031,0.5134000000000001,0.1697999954223633,-0.014630281538462,0.0057737295016636,0.0054904238725885,0.0097804735229848,0.0684279999100569,0.0385464637097602,0,0,0,normal
2023-05-09,27668.8,27818.0,27353.0,27628.27,40113.31069,51.34,52.02,51.07,51.98,4124.25,4130.35009765625,4116.64990234375,4119.169921875,3810140000,17.290000915527344,17.860000610351562,17.219999313354492,17.709999084472656,-0.0014655392981985,-0.0045899389490595,0.5297083584855489,0.1551467189030618,0.4606857187252527,0.1610465276629046,0.4434760600576413,0.1323808412276005,0.5197999999999999,0.1770999908447265,-0.0099083584855489,0.0219532719416647,0.0591142812747472,0.0160534631818219,0.0763239399423586,0.044719149617126,0,0,0,normal
2023-05-10,27628.28,28331.42,26777.0,27598.75,71155.11355,51.98,52.31,50.55,50.86,4143.740234375,4154.27978515625,4098.919921875,4137.64013671875,4057160000,17.579999923706055,18.309999465942383,16.360000610351562,16.940000534057617,-0.0010690420309266,0.0044739422419144,0.4701108847725728,0.1595969837960924,0.4545237431328763,0.1604030533800429,0.4433025031444003,0.1324531898635703,0.5085999999999999,0.1694000053405761,0.0384891152274271,0.0098030215444837,0.0540762568671236,0.0089969519605332,0.0652974968555996,0.0369468154770058,0,0,0,normal
2023-05-11,27598.74,27630.14,26702.05,26968.62,47635.31365,50.86,51.98,48.61,51.21,4132.240234375,4132.7998046875,4109.2900390625,4130.6201171875,3752900000,16.799999237060547,18.190000534057617,16.6299991607666,16.93000030517578,-0.0230965139643067,-0.0016980648897067,0.4514145828004238,0.141996852280833,0.4396509357298697,0.1605414162594972,0.4326408441684779,0.1270279788466874,0.5121,0.1693000030517578,0.0606854171995762,0.0273031507709248,0.0724490642701303,0.0087585867922606,0.079459155831522,0.0422720242050704,0,0,0,normal
2023-05-12,26968.61,27091.12,25811.46,26795.01,67207.93494,51.21,52.86,50.09,50.09,4138.5400390625,4143.740234375,4099.1201171875,4124.080078125,3533740000,16.829999923706055,17.920000076293945,16.3799991607666,17.030000686645508,-0.0064582917274088,-0.001584561589439,0.428006653072335,0.1335850257267222,0.4378482573381382,0.1606089151560012,0.4319198952964619,0.1263593350078298,0.5009,0.170300006866455,0.072893346927665,0.0367149811397328,0.0630517426618618,0.0096910917104538,0.0689801047035381,0.0439406718586252,0,0,0,normal
2023-05-15,26917.61,27663.59,26726.0,27162.14,40430.08333,48.02,53.18,47.94,52.28,4126.64990234375,4141.25,4110.27001953125,4136.27978515625,3562170000,17.440000534057617,18.15999984741211,17.079999923706055,17.1200008392334,0.013608415777521,0.0029537976803169,0.4539453547216061,0.1199570202944663,0.4223703105871629,0.1439124438607886,0.4313193132654129,0.1197409324865416,0.5228,0.1712000083923339,0.0688546452783939,0.0512429880978676,0.1004296894128371,0.0272875645315453,0.0914806867345871,0.0514590759057923,0,0,0,normal
2023-05-16,27162.15,27296.89,26852.11,27033.84,33270.45451,52.28,52.51,50.33,50.57,4127.9501953125,4135.5400390625,4109.85986328125,4109.89990234375,3654200000,17.540000915527344,18.299999237060547,17.260000228881836,17.989999771118164,-0.0047346773571329,-0.0063981076819174,0.4007514768816042,0.0616550355810867,0.4212019255674294,0.1460117159328974,0.426356626318446,0.1207638510298591,0.5057,0.1798999977111816,0.1049485231183958,0.1182449621300949,0.0844980744325706,0.0338882817782842,0.079343373681554,0.0591361466813225,0,0,0,normal
2023-05-17,27033.85,27500.0,26544.71,27405.61,42958.97785,50.57,50.57,49.16,49.72,4122.85009765625,4164.669921875,4113.6201171875,4158.77001953125,4039080000,17.959999084472656,18.260000228881836,16.68000030517578,16.8700008392334,0.0136583223911844,0.0118206886220715,0.2007519809596548,0.0987813748327124,0.3889261133095102,0.1301798569126984,0.426530527274117,0.124300281612247,0.4972,0.1687000083923339,0.2964480190403452,0.0699186335596215,0.1082738866904897,0.0385201514796355,0.0706694727258829,0.0443997267800869,0,0,0,normal
2023-05-18,27405.62,27485.33,26361.2,26821.28,49198.65143,49.72,49.91,46.1,46.28,4157.68017578125,4202.2001953125,4153.5,4198.0498046875,3980500000,16.920000076293945,17.149999618530273,16.049999237060547,16.049999237060547,-0.021552134669642,0.0094007230637271,0.2345109843629246,0.1028322781906684,0.3950838367307694,0.1316430810913926,0.430678281935504,0.1265950817280795,0.4628,0.1604999923706054,0.2282890156370753,0.057667714179937,0.0677161632692305,0.0288569112792128,0.0321217180644959,0.0339049106425259,0,0,0,normal
2023-05-19,26821.28,27183.6,26630.0,26880.26,28754.13544,46.28,46.95,45.07,46.52,4204.14990234375,4212.91015625,4180.2001953125,4191.97998046875,4041900000,16.1299991607666,17.360000610351562,15.850000381469728,16.809999465942383,0.0021965859345866,-0.0014469138806754,0.237166055532077,0.1046857215020727,0.3578933660555071,0.1318563373746824,0.4307057313973942,0.1264983906112451,0.4652,0.1680999946594238,0.228033944467923,0.0634142731573511,0.1073066339444929,0.0362436572847414,0.0344942686026058,0.0416016040481787,0,0,0,normal
2023-05-22,26747.78,27099.89,26538.21,26849.27,26458.83828,47.02,48.0,45.54,47.58,4190.77978515625,4209.22021484375,4179.68017578125,4192.6298828125,3728520000,17.450000762939453,18.1299991607666,16.81999969482422,17.209999084472656,-0.0011535557238824,0.0001550226798023,0.1948220309636943,0.1026073239224359,0.3406247942390167,0.1198839292148333,0.39537031557827,0.1265047046324034,0.4758,0.1720999908447265,0.2809779690363057,0.0694926669222906,0.1351752057609833,0.0522160616298932,0.0804296844217299,0.0455952862123231,0,0,0,normal
2023-05-23,26849.28,27495.83,26798.11,27219.61,38700.83858,47.58,50.25,46.2,50.08,4176.7998046875,4185.68017578125,4142.5400390625,4145.580078125,4155320000,17.350000381469727,19.309999465942383,17.299999237060547,18.530000686645508,0.0136990369171227,-0.0112854687682842,0.2066897237202398,0.1301612684296072,0.3419770534786726,0.1267567113879447,0.39315342932233,0.1311663229720385,0.5008,0.1853000068664551,0.2941102762797602,0.0551387384368478,0.1588229465213274,0.0585432954785103,0.10764657067767,0.0541336838944165,0,0,0,normal
2023-05-24,27219.61,27219.61,26080.5,26329.01,54393.0657,50.08,52.23,48.91,51.3,4132.9599609375,4132.9599609375,4103.97998046875,4115.240234375,0,18.799999237060547,20.809999465942383,18.799999237060547,20.030000686645508,-0.0332662963152895,-0.0073455126783052,0.2776364377905416,0.1372875623751007,0.363078730836932,0.1268834563099744,0.4021423668247264,0.132430284203496,0.513,0.200300006866455,0.2353635622094584,0.0630124444913543,0.149921269163068,0.0734165505564806,0.1108576331752735,0.067869722662959,0,0,0,normal
2023-05-25,26329.0,26631.98,25871.89,26473.79,37435.44895,51.3,51.56,47.31,47.77,4155.7099609375,4165.740234375,4129.72998046875,4151.27978515625,4147760000,19.540000915527344,19.950000762939453,18.700000762939453,19.13999938964844,0.005483813844004,0.0087194560790118,0.2838961138970632,0.140981057553696,0.3427186522484803,0.1063045512702074,0.3986313246265174,0.1292241163245611,0.4777,0.1913999938964844,0.1938038861029368,0.0504189363427884,0.1349813477515197,0.085095442626277,0.0790686753734826,0.0621758775719233,0,0,0,normal
2023-05-26,26473.8,26932.16,26327.24,26705.92,35061.18713,47.77,47.79,43.56,45.24,4156.16015625,4212.8701171875,4156.16015625,4205.4501953125,3715460000,19.06999969482422,19.559999465942383,17.270000457763672,17.950000762939453,0.0087300767265965,0.0129646809316407,0.2730918478429764,0.1446414864302891,0.2310625176951189,0.1192160039333078,0.3999123947771619,0.1343356092037955,0.4524,0.1795000076293945,0.1793081521570236,0.0348585211991054,0.2213374823048811,0.0602840036960867,0.0524876052228381,0.045164398425599,0,0,0,normal
2023-05-30,27736.39,28038.59,27554.0,27694.4,32686.75371,47.12,47.38,44.22,44.68,4226.7099609375,4231.10009765625,4192.18017578125,4205.52001953125,4228510000,17.559999465942383,18.34000015258789,16.979999542236328,17.459999084472656,0.0363449630142291,1.660313066576836e-05,0.329251357334251,0.1339330247718223,0.2840486853139186,0.1164852138232742,0.4061435927309354,0.1340865031763592,0.4468,0.1745999908447265,0.1175486426657489,0.0406669660729042,0.1627513146860814,0.0581147770214523,0.0406564072690645,0.0405134876683673,0,0,0,normal
2023-05-31,27694.39,27835.51,26839.01,27210.35,46588.80573,44.68,45.94,43.69,43.93,4190.740234375,4195.43994140625,4166.14990234375,4179.830078125,5980670000,18.040000915527344,18.399999618530273,17.1200008392334,17.940000534057617,-0.0176328110595242,-0.006127358186214,0.3557046208980672,0.1392674066258455,0.2939698410806226,0.1198416870215599,0.3955278461308902,0.1354157913955953,0.4393,0.1794000053405761,0.0835953791019328,0.0401325987147306,0.1453301589193774,0.0595583183190162,0.0437721538691098,0.0439842139449808,0,0,0,normal
2023-06-01,27210.36,27350.0,26605.05,26817.93,39217.8088,43.86,44.06,41.54,42.13,4183.02978515625,4232.43017578125,4171.64013671875,4221.02001953125,4391860000,17.239999771118164,17.59000015258789,15.579999923706056,15.649999618530272,-0.0145267219636169,0.0098062150858538,0.3690780224094625,0.1523498799547938,0.2835540144025592,0.1251548870286724,0.3680256104972296,0.1382401400289121,0.4213,0.1564999961853027,0.0522219775905374,0.0041501162305089,0.1377459855974408,0.0313451091566303,0.0532743895027704,0.0182598561563906,0,0,0,normal
2023-06-02,26817.93,27300.0,26505.0,27242.59,36380.90269,42.13,43.61,39.89,41.4,4241.009765625,4290.669921875,4241.009765625,4282.3701171875,4454200000,15.649999618530272,15.649999618530272,14.420000076293944,14.600000381469728,0.0157108638581493,0.0144298123901074,0.3724346099915606,0.1433748367565898,0.2899009814914555,0.1354110018208583,0.3679763546129094,0.142484161557988,0.414,0.1460000038146972,0.0415653900084393,0.0026251670581074,0.1240990185085444,0.0105890019938389,0.0460236453870905,0.0035158422567092,0,0,0,normal
2023-06-05,27115.2,27129.33,25388.0,25728.2,65805.60305,41.69,42.61,39.18,40.11,4282.990234375,4299.27978515625,4266.81982421875,4273.7900390625,3813290000,15.279999732971191,15.289999961853027,14.65999984741211,14.729999542236328,-0.0571938909268231,-0.0020055914906577,0.475839724587905,0.1273097198734009,0.3743922841686365,0.1368509711018067,0.3903607072648676,0.1427875475221762,0.4011,0.1472999954223632,-0.074739724587905,0.0199902755489623,0.0267077158313635,0.0104490243205565,0.0107392927351324,0.004512447900187,0,0,0,normal
2023-06-06,25728.2,27355.33,25351.02,27230.08,68392.60438,40.11,43.65,39.76,43.65,4271.33984375,4288.330078125,4263.08984375,4283.85009765625,3996560000,14.90999984741211,14.970000267028809,13.949999809265137,13.960000038146973,0.0567345780192702,0.0023511302338505,0.5989886268651723,0.1260648621166293,0.4540165299859911,0.1309329874046047,0.4249477021464009,0.1428298758651424,0.4365,0.1396000003814697,-0.1624886268651723,0.0135351382648404,-0.0175165299859911,0.008667012976865,0.0115522978535991,-0.0032298754836726,0,0,0,normal
2023-06-07,27230.07,27391.77,26125.01,26339.34,59619.44364,43.64,45.7,41.64,45.63,4285.47021484375,4299.18994140625,4263.9599609375,4267.52001953125,4537800000,14.140000343322754,14.289999961853027,13.770000457763672,13.9399995803833,-0.0332586055638562,-0.0038192939264206,0.6369129575393899,0.1186872317579166,0.4710081914768021,0.1271782801376644,0.4263403275991911,0.1342858054431707,0.4563,0.139399995803833,-0.1806129575393898,0.0207127640459164,-0.014708191476802,0.0122217156661685,0.0299596724008089,0.0051141903606622,0,0,0,normal
2023-06-08,26339.34,26810.0,26210.0,26498.61,31075.51083,45.63,46.13,41.35,41.35,4268.68994140625,4298.009765625,4261.06982421875,4293.93017578125,3826740000,14.140000343322754,14.210000038146973,13.529999732971191,13.649999618530272,0.0060286397326937,0.0061695716075232,0.5840904821992279,0.1199014644367656,0.4642487380447923,0.1241595491565351,0.4266402779785525,0.1339139635200615,0.4135,0.1364999961853027,-0.1705904821992278,0.0165985317485371,-0.0507487380447922,0.0123404470287676,-0.0131402779785524,0.0025860326652412,0,0,0,normal
2023-06-09,26498.62,26783.33,26269.91,26477.81,27934.7097,41.35,41.78,40.44,40.8,4304.8798828125,4322.6201171875,4291.7001953125,4298.85986328125,3786510000,13.779999732971191,14.140000343322754,13.5,13.829999923706056,-0.0007852550651334,0.0011474010230505,0.579093666265497,0.1035426550191259,0.4640399336952193,0.1234057319278798,0.4105020590324483,0.1232372401513944,0.408,0.1382999992370605,-0.171093666265497,0.0347573442179346,-0.0560399336952193,0.0148942673091807,-0.0025020590324483,0.0150627590856661,0,0,0,normal
2023-06-12,25925.54,26106.48,25602.11,25905.19,29900.50893,42.81,46.46,39.85,46.45,4308.31982421875,4340.1298828125,4304.3701171875,4338.93017578125,3945670000,14.4399995803833,15.020000457763672,14.31999969482422,15.010000228881836,-0.0218636889898914,0.0092779749817541,0.5863766226846782,0.1023425362734645,0.4723499657458409,0.1270663645722978,0.4138961135204323,0.1237912476703018,0.4645,0.1501000022888183,-0.1218766226846781,0.0477574660153538,-0.0078499657458409,0.0230336377165205,0.0506038864795677,0.0263087546185165,0,0,0,normal
2023-06-13,25905.2,26433.21,25712.57,25934.25,41065.60853,46.45,46.45,45.33,45.38,4352.60986328125,4375.3701171875,4349.31005859375,4369.009765625,4275400000,14.989999771118164,15.0600004196167,14.470000267028809,14.609999656677246,0.0011211542039807,0.0069085707259088,0.5711250561296991,0.076684846873869,0.4669424276557017,0.1114258620512256,0.3969923755323384,0.1247155178441808,0.4538,0.1460999965667724,-0.117325056129699,0.0694151496929034,-0.0131424276557016,0.0346741345155468,0.0568076244676616,0.0213844787225916,0,0,0,normal
2023-06-14,25934.24,26098.0,24820.56,25128.6,45077.31608,45.38,47.54,42.05,44.66,4366.2900390625,4391.81982421875,4337.85009765625,4372.58984375,4252110000,14.479999542236328,14.729999542236328,13.829999923706056,13.880000114440918,-0.0315578492380286,0.0008190899801265,0.4917531298832131,0.0708025271193385,0.4648797989696923,0.1005168502710494,0.398905202744681,0.1182962226997015,0.4465999999999999,0.1388000011444091,-0.0451531298832131,0.0679974740250706,-0.0182797989696923,0.0382831508733597,0.0476947972553189,0.0205037784447076,0,0,0,normal
2023-06-15,25128.6,25759.01,24800.0,25598.49,48664.86063,44.66,48.4,43.76,46.63,4365.330078125,4439.2001953125,4362.60009765625,4425.83984375,4176690000,14.09000015258789,14.520000457763672,13.789999961853027,14.5,0.0185267256736528,0.0121045804935899,0.3185534169110057,0.087687006798494,0.4728993385968317,0.1043341176000778,0.40155076255136,0.1186262800054342,0.4663,0.145,0.1477465830889943,0.0573129932015059,-0.0065993385968316,0.0406658823999221,0.06474923744864,0.0263737199945657,0,0,0,normal
2023-06-16,25598.49,26518.0,25175.56,26345.0,51596.91662,46.63,46.78,43.14,45.06,4440.9501953125,4448.47021484375,4407.43994140625,4409.58984375,6848600000,14.489999771118164,14.539999961853027,13.479999542236328,13.539999961853027,0.028745138290379,-0.003678376467751,0.3356030654358919,0.0871170278597066,0.4893694225623756,0.1022633970069538,0.4126282735641027,0.1164787764763603,0.4506,0.1353999996185302,0.114996934564108,0.0482829717588236,-0.0387694225623755,0.0331366026115764,0.0379717264358973,0.0189212231421699,0,0,0,normal
2023-06-20,26844.35,28402.74,26652.0,28307.99,69666.95525,45.22,53.13,45.14,52.71,4396.10986328125,4400.14990234375,4367.18994140625,4388.7099609375,4055790000,14.359999656677246,14.670000076293944,13.859999656677246,13.880000114440918,0.071865593295197,-0.004746353835236,0.5494015257899417,0.102526748013922,0.5599845114252088,0.1071833828812835,0.4609368409441658,0.1086101005884944,0.5271,0.1388000011444091,-0.0223015257899417,0.0362732531304871,-0.0328845114252087,0.0316166182631256,0.0661631590558342,0.0301899005559147,0,0,0,normal
2023-06-20,26844.35,28402.74,26652.0,28307.99,69666.95525,45.22,53.13,45.14,52.71,4396.10986328125,4400.14990234375,4367.18994140625,4388.7099609375,4055790000,14.359999656677246,14.670000076293944,13.859999656677246,13.880000114440918,0.0,0.0,0.5488078244869803,0.1036781248978931,0.5532224931229724,0.0999251366139716,0.4206058207236272,0.108673057981453,0.5271,0.1388000011444091,-0.0217078244869802,0.035121876246516,-0.0261224931229724,0.0388748645304375,0.1064941792763728,0.0301269431629561,0,0,0,normal
2023-06-21,28308.0,30800.0,28257.99,29993.89,108926.40412,52.71,59.24,51.99,55.83,4380.009765625,4386.22021484375,4360.14013671875,4365.68994140625,3709330000,13.880000114440918,13.890000343322754,13.100000381469728,13.199999809265137,0.0578495972961705,-0.0052590863669252,0.5653410099935487,0.1031305576379913,0.5930069781172268,0.1018689610281898,0.451848759926955,0.10904019261611,0.5583,0.1319999980926513,-0.0070410099935487,0.02886944045466,-0.0347069781172267,0.0301310370644615,0.106451240073045,0.0229598054765413,0,0,0,normal
2023-06-22,29993.89,30500.0,29525.61,29884.92,59054.5646,55.83,56.2,50.91,51.05,4355.39990234375,4382.25,4351.81982421875,4381.89013671875,3511000000,13.880000114440918,13.979999542236328,12.729999542236328,12.90999984741211,-0.003639688908207,0.0037039303873345,0.5730187585895062,0.096862516005814,0.5938083894425605,0.0863054631798896,0.452098347396823,0.1089073026029519,0.5105,0.1290999984741211,-0.0625187585895062,0.0322374824683071,-0.0833083894425605,0.0427945352942314,0.0584016526031769,0.0201926958711692,0,0,0,normal
2023-06-23,29884.92,31431.94,29800.0,30688.5,73931.89635,51.05,53.97,49.39,52.71,4354.169921875,4366.5498046875,4341.33984375,4348.330078125,6053620000,13.239999771118164,13.800000190734863,12.880000114440918,13.4399995803833,0.0265339862374442,-0.0076882880565021,0.4438504959198914,0.1081806501355577,0.5212252020336292,0.0939856101307386,0.4504151236787983,0.1119733280915779,0.5271,0.134399995803833,0.0832495040801086,0.0262193456682753,0.0058747979663708,0.0404143856730944,0.0766848763212016,0.0224266677122551,0,0,0,normal
2023-06-26,30462.67,30666.0,29930.0,30267.99,45180.41489,49.51,52.12,48.66,49.51,4344.83984375,4362.06005859375,4328.080078125,4328.81982421875,3415030000,14.43000030517578,14.710000038146973,13.779999732971191,14.25,-0.0137972731315546,-0.0044969343631321,0.5117079732819914,0.0603032946781012,0.4904254411422724,0.0968561445802256,0.4524370727244354,0.1130315759947125,0.4951,0.1425,-0.0166079732819913,0.0821967053218988,0.0046745588577276,0.0456438554197743,0.0426629272755645,0.0294684240052874,0,0,0,normal
2023-06-27,30267.99,30994.97,30226.17,30692.44,42699.64157,49.51,50.67,48.87,48.92,4337.35986328125,4384.419921875,4335.0,4378.41015625,3573500000,14.109999656677246,14.34000015258789,13.59000015258789,13.739999771118164,0.0139256517456785,0.0113907335241807,0.513581179323737,0.1056564783168444,0.4537967235377197,0.1041791981096372,0.4524961657672719,0.1164918916366085,0.4892,0.1373999977111816,-0.024381179323737,0.0317435193943372,0.0354032764622803,0.0332207996015444,0.0367038342327281,0.0209081060745731,0,0,0,normal
2023-06-28,30692.44,30709.74,29858.8,30077.41,40463.51937,48.92,48.92,46.94,48.44,4367.47998046875,4390.35009765625,4360.22021484375,4376.85986328125,3739330000,13.899999618530272,13.960000038146973,13.359999656677246,13.43000030517578,-0.0202419785448812,-0.0003541393883898,0.4265860797184954,0.1023750193136817,0.4725898687186611,0.1025787277393392,0.4573254047535438,0.1140436969947201,0.4844,0.1343000030517578,0.0578139202815046,0.031924983738076,0.0118101312813388,0.0317212753124186,0.0270745952464562,0.0202563060570376,0,0,0,normal
2023-06-29,30077.4,30843.98,30049.98,30447.31,36330.62903,48.44,48.59,43.41,43.52,4374.93994140625,4398.39013671875,4371.97021484375,4396.43994140625,3696660000,13.640000343322754,13.850000381469728,13.40999984741211,13.539999961853027,0.0122232570589516,0.00446356811449,0.4224466543256009,0.1065021630458945,0.4705609408797984,0.1034030446824754,0.4570687832394113,0.1105325462692991,0.4352,0.1353999996185302,0.0127533456743991,0.0288978365726357,-0.0353609408797983,0.0319969549360548,-0.0218687832394112,0.0248674533492311,0,0,0,normal
2023-06-30,30447.31,31282.0,29500.0,30472.0,89419.07618,43.52,47.17,42.92,46.06,4422.43994140625,4458.47998046875,4422.43994140625,4450.3798828125,3923450000,13.510000228881836,13.59000015258789,12.960000038146973,13.59000015258789,0.0008105804662547,0.0121943502618858,0.2613002607762195,0.1192906561931891,0.4502121814443666,0.1082267688770243,0.4509688719051288,0.1124698861426984,0.4606,0.1359000015258789,0.1992997392237805,0.0166093453326898,0.0103878185556334,0.0276732326488546,0.0096311280948712,0.0234301153831805,0,0,0,normal
2023-07-03,30617.02,31380.0,30570.27,31156.2,43761.64311,47.88,49.62,46.67,49.05,4450.47998046875,4456.4599609375,4442.2900390625,4455.58984375,2034280000,13.850000381469728,13.850000381469728,13.470000267028809,13.56999969482422,0.0222050331700777,0.0011699930926736,0.2819889005652499,0.1194037172150367,0.4495877312952617,0.1056967792746913,0.4538947201349332,0.1120388613011132,0.4905,0.1356999969482422,0.2085110994347501,0.0162962797332054,0.0409122687047383,0.0300032176735508,0.0366052798650667,0.023661135647129,0,0,0,normal
2023-07-05,30766.52,30878.07,30200.0,30504.81,33215.67122,46.61,46.65,45.22,46.45,4442.0400390625,4454.06005859375,4436.60986328125,4446.81982421875,3482620000,14.1899995803833,14.739999771118164,14.050000190734863,14.18000030517578,-0.0211288862490953,-0.0019702580976127,0.2808812791349868,0.1029418808380501,0.4313111040658174,0.1066529689152216,0.4598704787572125,0.112516700745508,0.4645,0.1418000030517578,0.1836187208650132,0.0388581222137077,0.0331888959341826,0.0351470341365362,0.0046295212427875,0.0292833023062498,0,0,0,normal
2023-07-06,30504.8,31500.0,29850.45,29895.43,71319.6261,46.45,49.92,45.36,47.96,4422.6201171875,4422.6201171875,4385.0498046875,4411.58984375,3682020000,14.850000381469728,17.079999923706055,14.789999961853027,15.4399995803833,-0.0201787501916617,-0.0079540611758947,0.2954598673625183,0.1151623239576169,0.4538448232027147,0.1006924885619663,0.4642855815259878,0.1094816666654089,0.4796,0.154399995803833,0.1841401326374817,0.0392376718462161,0.0257551767972853,0.0537075072418667,0.0153144184740122,0.0449183291384241,0,0,0,normal
2023-07-07,29895.42,30449.0,29701.02,30344.7,34070.53895,47.96,48.37,44.81,45.04,4404.5400390625,4440.39013671875,4397.39990234375,4398.9501953125,3630480000,15.970000267028809,16.059999465942383,14.329999923706056,14.829999923706056,0.0149162470258607,-0.0028692127957334,0.29772107108471,0.100894137327967,0.4471560194740226,0.100212753110025,0.452314450278407,0.1068729565478805,0.4503999999999999,0.1482999992370605,0.1526789289152899,0.0474058619090935,0.0032439805259773,0.0480872461270355,-0.001914450278407,0.04142704268918,0,0,0,normal
2023-07-10,30160.71,31045.78,29950.0,30411.57,41262.87652,43.89,44.83,43.55,44.26,4394.22998046875,4412.60009765625,4389.919921875,4409.52978515625,3429600000,16.079999923706055,16.209999084472656,15.039999961853027,15.06999969482422,0.0022012551791503,0.0024021386106263,0.2677292007368138,0.1010758524285155,0.347095376664796,0.0984622919956445,0.4523670694701413,0.1050891639166081,0.4426,0.1506999969482422,0.1748707992631862,0.0496241445197267,0.0955046233352039,0.0522377049525977,-0.0097670694701413,0.0456108330316341,0,0,0,normal
2023-07-11,30411.57,30813.63,30300.0,30622.1,28476.83311,44.26,44.53,43.07,43.96,4415.5498046875,4443.64013671875,4408.4599609375,4439.259765625,3624220000,15.020000457763672,15.25,14.630000114440918,14.84000015258789,0.0068988423929568,0.0067195839982548,0.2606502978842036,0.1050909175647315,0.3463560334172218,0.1020759835939547,0.4522536906668634,0.1009086574435103,0.4396,0.1484000015258789,0.1789497021157964,0.0433090839611473,0.0932439665827781,0.0463240179319242,-0.0126536906668633,0.0474913440823686,0,0,0,normal
2023-07-12,30622.1,30983.25,30210.0,30380.0,38108.99669,43.96,46.49,41.23,41.26,4467.68994140625,4488.33984375,4463.22998046875,4472.16015625,3920290000,14.81999969482422,14.81999969482422,13.510000228881836,13.539999961853027,-0.0079374733359648,0.0073839052353896,0.2658926057466574,0.0866556309141147,0.2542330956263859,0.101577411989341,0.4433334399046839,0.1020278774575643,0.4125999999999999,0.1353999996185302,0.1467073942533425,0.0487443687044155,0.158366904373614,0.0338225876291892,-0.0307334399046839,0.0333721221609659,0,0,0,normal
2023-07-13,30380.0,31804.2,30251.0,31454.23,70772.51836,41.26,46.55,40.63,45.15,4491.5,4517.3798828125,4489.35986328125,4510.0400390625,3839530000,13.4399995803833,13.609999656677246,13.119999885559082,13.609999656677246,0.0347489761397029,0.0084344829896271,0.3165689474634961,0.0984752704125615,0.2904895549940782,0.1052826148166209,0.4480313720261444,0.1006062832057505,0.4515,0.1360999965667724,0.1349310525365039,0.0376247261542109,0.1610104450059218,0.0308173817501515,0.0034686279738556,0.0354937133610219,0,0,0,normal
2023-07-14,31454.23,31630.0,29900.0,30312.01,60749.48424,45.15,45.45,42.08,42.21,4514.60986328125,4527.759765625,4499.56005859375,4505.419921875,3647450000,13.720000267028809,13.760000228881836,13.220000267028809,13.34000015258789,-0.0369894696887356,-0.0010249321969074,0.3731403576083683,0.097135509623915,0.3172926528231967,0.0967759743099993,0.4610071839852805,0.0986825735080829,0.4221,0.1334000015258789,0.0489596423916317,0.0362644919019639,0.1048073471768033,0.0366240272158796,-0.0389071839852804,0.034717428017796,0,0,0,normal
2023-07-17,30232.0,30336.96,29659.2,30138.0,30882.76839,42.1,43.47,41.79,42.9,4508.85986328125,4532.85009765625,4504.89990234375,4522.7900390625,3538240000,13.779999732971191,14.0,13.43000030517578,13.479999542236328,-0.0057571696226315,0.0038479695744204,0.3512456984307411,0.0686302972539309,0.3127496041488177,0.0913458852046852,0.4605001920195494,0.0917869302750193,0.429,0.1347999954223633,0.0777543015692588,0.0661696981684323,0.1162503958511823,0.043454110217678,-0.0315001920195494,0.0430130651473439,0,0,0,normal
2023-07-18,30138.01,30239.78,29512.0,29859.13,30003.8601,42.9,43.57,42.06,42.67,4521.77978515625,4562.2998046875,4514.58984375,4554.97998046875,4090010000,13.609999656677246,13.670000076293944,13.289999961853027,13.300000190734863,-0.0092961782772288,0.0070920669414283,0.3413047149076283,0.0539052966246096,0.3077416904835383,0.0854409251400256,0.4253458669303298,0.0922773001662099,0.4267,0.1330000019073486,0.0853952850923717,0.079094705282739,0.1189583095164617,0.047559076767323,0.0013541330696702,0.0407227017411387,0,0,0,normal
2023-07-19,29859.14,30189.09,29761.96,29909.21,25657.36137,42.67,42.68,40.52,40.53,4563.8701171875,4578.43017578125,4557.47998046875,4565.72021484375,4115670000,13.31999969482422,13.84000015258789,13.119999885559082,13.760000228881836,0.0016758040032582,0.0023551348272336,0.3410278217345955,0.0540003338706537,0.296348289243187,0.0842523484109459,0.3960359670166986,0.0922773865474575,0.4053,0.1376000022888183,0.0642721782654044,0.0835996684181646,0.1089517107568129,0.0533476538778724,0.0092640329833014,0.0453226157413608,0,0,0,normal
2023-07-20,29909.21,30417.46,29570.96,29800.0,37540.68193,40.53,42.05,40.08,41.62,4554.3798828125,4564.740234375,4527.56005859375,4534.8701171875,3761770000,13.960000038146973,14.229999542236328,13.579999923706056,13.989999771118164,-0.0036580662106333,-0.0067798273962576,0.3347898473628536,0.0865763957999905,0.2908429673158035,0.0935070203303278,0.3814260247534098,0.0943108775506516,0.4161999999999999,0.1398999977111816,0.0814101526371463,0.0533236019111911,0.1253570326841964,0.0463929773808538,0.0347739752465901,0.04558912016053,0,0,0,normal
2023-07-21,29800.0,30061.7,29726.34,29901.72,23881.40865,41.62,41.79,38.63,38.76,4550.16015625,4555.0,4535.7900390625,4536.33984375,3570190000,13.869999885559082,13.890000343322754,13.369999885559082,13.600000381469728,0.0034076103143899,0.000324042014613,0.3359440573992688,0.0819521361386513,0.2914570171559159,0.0817742610571553,0.3813873898838322,0.0935978905184908,0.3876,0.1360000038146973,0.0516559426007312,0.0540478676760459,0.0961429828440841,0.0542257427575419,0.0062126101161678,0.0424021132962064,0,0,0,normal
2023-07-24,30083.75,30099.58,28861.9,29176.5,39628.99691,39.27,39.65,37.58,38.25,4543.39013671875,4563.41015625,4541.2900390625,4554.64013671875,3856250000,14.289999961853027,14.300000190734863,13.729999542236328,13.90999984741211,-0.0245524130930292,0.0040260384968748,0.234670070181599,0.071036683158377,0.285659703008561,0.0825354283142006,0.3901143914475834,0.093786952733105,0.3825,0.1390999984741211,0.147829929818401,0.0680633153157441,0.096840296991439,0.0565645701599205,-0.0076143914475834,0.0453130457410161,0,0,0,normal
2023-07-25,29176.5,29376.0,29047.65,29228.91,21565.7478,38.25,38.38,36.47,37.77,4555.18994140625,4580.6201171875,4552.419921875,4567.4599609375,3812470000,14.020000457763672,14.09000015258789,13.81999969482422,13.859999656677246,0.0017946972401168,0.0028107195758387,0.1539467130284,0.0692292297086171,0.2764957795196857,0.081038502196461,0.3828459892746274,0.0912198032321822,0.3777,0.1385999965667724,0.2237532869716,0.0693707668581553,0.1012042204803143,0.0575614943703114,-0.0051459892746273,0.0473801933345902,0,0,0,normal
2023-07-26,29228.91,29690.0,29096.94,29351.96,33931.63366,37.77,39.35,37.58,38.15,4558.9599609375,4582.47021484375,4547.580078125,4566.75,3990290000,13.859999656677246,14.15999984741211,13.149999618530272,13.1899995803833,0.0042010363100691,-0.0001554509786759,0.163712516996686,0.0687943650266963,0.266384236973696,0.0684032328482472,0.3827471251166708,0.0900117719534162,0.3815,0.131899995803833,0.217787483003314,0.0631056307771367,0.115115763026304,0.0634967629555858,-0.0012471251166707,0.0418882238504168,0,0,0,normal
2023-07-27,29351.95,29567.49,29083.85,29222.78,22476.47626,38.15,38.15,36.34,36.36,4598.259765625,4607.06982421875,4528.56005859375,4537.41015625,4553210000,13.140000343322754,15.020000457763672,12.739999771118164,14.40999984741211,-0.0044107821710519,-0.006445393055197,0.1593593636308109,0.0695466425379629,0.2559797004521067,0.0751620417624029,0.3685784528826552,0.0928885594838022,0.3636,0.144099998474121,0.204240636369189,0.0745533559361581,0.1076202995478932,0.0689379567117181,-0.0049784528826552,0.0512114389903188,0,0,0,normal
2023-07-28,29222.78,29542.22,29123.12,29314.14,23993.61627,36.36,36.55,35.05,35.47,4565.75,4590.16015625,4564.009765625,4582.22998046875,3981010000,14.029999732971191,14.18000030517578,13.270000457763672,13.329999923706056,0.0031214513568593,0.0098293758104338,0.1613934659556584,0.0931295880564773,0.2563501115616378,0.0818325706269932,0.3663747251796692,0.0907849298171286,0.3547,0.1332999992370605,0.1933065340443416,0.0401704111805832,0.0983498884383622,0.0514674286100673,-0.0116747251796691,0.0425150694199319,0,0,0,normal
2023-07-31,29281.09,29530.0,29101.8,29232.25,22605.48964,36.33,37.19,35.75,36.77,4584.81982421875,4594.22021484375,4573.14013671875,4588.9599609375,4503600000,13.979999542236328,14.09000015258789,13.56999969482422,13.630000114440918,-0.0027974415981492,0.0014676354365687,0.1612997540994759,0.0778951655994386,0.2526409297680504,0.0798974551136043,0.3595925371217156,0.089620605767818,0.3677,0.1363000011444091,0.2064002459005241,0.0584048355449705,0.1150590702319496,0.0564025460308048,0.0081074628782844,0.0466793953765911,0,0,0,normal
2023-08-01,29232.26,29739.25,28585.7,29705.99,44719.65162,36.17,37.07,35.59,36.56,4578.830078125,4584.6201171875,4567.52978515625,4576.72998046875,4042370000,13.75,14.300000190734863,13.75,13.93000030517578,0.0160761571043905,-0.0026686453076827,0.1958209460971409,0.0820635730339745,0.2643981172215995,0.0790449712969952,0.2985513547302163,0.0885930968825493,0.3656,0.1393000030517578,0.1697790539028591,0.0572364300177832,0.1012018827784005,0.0602550317547626,0.0670486452697837,0.0507069061692085,0,0,0,normal
2023-08-02,29705.99,30047.5,28927.5,29186.01,48181.65141,36.56,37.46,36.4,36.82,4550.93017578125,4550.93017578125,4505.75,4513.39013671875,4270710000,15.699999809265137,16.479999542236328,14.949999809265137,16.09000015258789,-0.0176592240994308,-0.0139362006383361,0.1624288292043691,0.1191033631179347,0.2132733925871851,0.096813419968992,0.3037195708044056,0.0990900569280607,0.3682,0.1609000015258789,0.2057711707956309,0.0417966384079442,0.1549266074128149,0.0640865815568869,0.0644804291955944,0.0618099445978182,0,0,0,normal
2023-08-03,29186.0,29433.33,28968.0,29193.64,26476.91994,36.82,37.08,35.74,36.21,4494.27001953125,4519.490234375,4485.5400390625,4501.89013671875,4149120000,16.770000457763672,17.420000076293945,15.720000267028809,15.920000076293944,0.0002613924558795,-0.0025512254502915,0.1619956945257207,0.1156255887817186,0.1573649383186221,0.0973578837747175,0.2514438430090088,0.0979233973898166,0.3621,0.1592000007629394,0.2001043054742793,0.0435744119812208,0.2047350616813779,0.0618421169882219,0.1106561569909912,0.0612766033731228,0,0,0,normal
2023-08-04,29193.65,29333.08,28807.54,29113.99,23551.95217,36.21,36.26,34.21,34.37,4513.9599609375,4540.33984375,4474.5498046875,4478.02978515625,4143310000,16.010000228881836,17.389999389648438,14.56999969482422,17.100000381469727,-0.0027320626663575,-0.0053141693739379,0.1594553042097572,0.1161875610862401,0.1567423540711051,0.0979941039180653,0.2513717026017949,0.0992578251780412,0.3436999999999999,0.1710000038146972,0.1842446957902427,0.0548124427284571,0.1869576459288948,0.0730058998966319,0.092328297398205,0.071742178636656,0,0,0,normal
2023-08-07,29088.43,29276.78,28701.03,29211.06,30966.87746,34.03,36.75,33.93,36.29,4491.580078125,4519.83984375,4491.14990234375,4518.43994140625,3493920000,16.899999618530273,17.360000610351562,15.770000457763672,15.770000457763672,0.0033285900183196,0.0089836189648565,0.1595959443861923,0.1317132939439476,0.1552275176774608,0.1011900966254156,0.2380309265705692,0.0987403262283991,0.3629,0.1577000045776367,0.2033040556138077,0.0259867106336891,0.2076724823225392,0.0565099079522211,0.1248690734294308,0.0589596783492376,0,0,0,normal
2023-08-08,29211.06,30244.0,29146.45,29770.42,45700.53392,36.29,41.23,34.76,39.85,4498.02978515625,4503.31005859375,4464.39013671875,4499.3798828125,3884910000,16.280000686645508,18.13999938964844,15.960000038146973,15.989999771118164,0.0189678784073805,-0.0042272051000588,0.1968299802277443,0.1102214971605596,0.177910359280348,0.101348400486392,0.2423973350292351,0.0986062193394818,0.3985,0.1598999977111816,0.2016700197722557,0.049678500550622,0.220589640719652,0.0585515972247896,0.1561026649707649,0.0612937783716998,0,0,0,normal
2023-08-09,29770.41,30160.0,29376.67,29581.99,38003.88725,39.85,40.64,38.51,38.73,4501.56982421875,4502.43994140625,4461.330078125,4467.7099609375,3803100000,15.8100004196167,16.8700008392334,15.380000114440918,15.960000038146973,-0.0063495528850291,-0.0070636191020451,0.2017159507290215,0.1088542223837738,0.1792471217729056,0.1016663144337065,0.2389726238495953,0.0966632197158897,0.3873,0.1596000003814697,0.1855840492709785,0.0507457779976959,0.2080528782270943,0.0579336859477632,0.1483273761504046,0.06293678066558,0,0,0,normal
2023-08-10,29581.99,29738.0,29320.2,29455.75,23463.45373,38.73,38.73,36.04,36.2,4487.16015625,4527.3701171875,4457.919921875,4468.830078125,4504370000,15.579999923706056,16.860000610351562,14.600000381469728,15.850000381469728,-0.0042765929862094,0.0002506825210808,0.1761311285715993,0.1115334116151871,0.178944030164058,0.10164734954138,0.2323216736610367,0.0966232585158849,0.362,0.1585000038146972,0.1858688714284007,0.0469665921995101,0.183055969835942,0.0568526542733172,0.1296783263389633,0.0618767452988123,0,0,0,normal
2023-08-11,29455.76,29564.52,29252.45,29426.03,20637.0443,36.2,36.22,32.74,32.74,4450.68994140625,4476.22998046875,4443.97998046875,4464.0498046875,3753290000,15.529999732971191,16.510000228881836,14.84000015258789,14.84000015258789,-0.0010094804377126,-0.0010702648992294,0.134142696375247,0.0837911629131399,0.1434137556031178,0.0989576467303169,0.2290700493250917,0.0960764011770375,0.3274,0.1484000015258789,0.193257303624753,0.064608838612739,0.1839862443968822,0.049442354795562,0.0983299506749083,0.0523236003488414,0,0,0,normal
2023-08-14,29303.85,29695.32,29102.45,29430.93,31443.11532,33.76,35.03,32.21,35.01,4458.1298828125,4490.330078125,4453.43994140625,4489.72021484375,3896410000,15.880000114440918,16.059999465942383,14.770000457763672,14.81999969482422,0.0001665053720519,0.005734004879419,0.1341708961912812,0.0938589603627572,0.1433189904078791,0.1021157191293045,0.2290300607151002,0.0909353434097509,0.3500999999999999,0.1481999969482422,0.2159291038087187,0.054341036585485,0.2067810095921208,0.0460842778189377,0.1210699392848997,0.0572646535384913,0,0,0,normal
2023-08-15,29430.92,29499.26,29059.6,29200.0,27503.87691,35.01,36.53,34.43,34.58,4478.8701171875,4478.8701171875,4432.18994140625,4437.85986328125,3832250000,14.949999809265137,16.56999969482422,14.90999984741211,16.459999084472656,-0.0078774528796102,-0.0116181393960964,0.1436509799023192,0.1133552022722456,0.1463881919343976,0.1109813314023093,0.2187270446377087,0.09720139946197,0.3458,0.1645999908447265,0.2021490200976808,0.0512447885724809,0.1994118080656024,0.0536186594424172,0.1270729553622913,0.0673985913827565,0,0,0,normal
2023-08-16,29200.01,29259.85,28723.08,28730.51,32996.69854,34.58,37.43,34.23,36.56,4433.7900390625,4449.9501953125,4403.5498046875,4404.330078125,3753910000,16.540000915527344,16.93000030517578,15.800000190734863,16.780000686645508,-0.0162090849613036,-0.0075840817926245,0.1720650904421801,0.0918538390366439,0.1605710238865124,0.1119573870023269,0.2154601410199689,0.0994590279471489,0.3656,0.167800006866455,0.1935349095578199,0.0759461678298111,0.2050289761134876,0.0558426198641281,0.1501398589800311,0.0683409789193061,0,0,0,normal
2023-08-17,28730.51,28783.48,25166.0,26623.41,100271.54033,36.56,53.59,36.3,52.3,4416.31982421875,4421.169921875,4364.830078125,4370.35986328125,3943700000,16.959999084472656,18.1299991607666,16.399999618530273,17.889999389648438,-0.0761687203764116,-0.007742811377529,0.4300265455937782,0.0951384083707894,0.354432099389624,0.0997376596168701,0.3007451097382347,0.0993199160339929,0.523,0.1788999938964843,0.0929734544062218,0.0837615855256949,0.168567900610376,0.0791623342796142,0.2222548902617653,0.0795800778624914,0,0,0,normal
2023-08-18,26623.41,26832.6,25619.0,26054.0,69790.65711,52.3,52.3,41.49,43.58,4344.8798828125,4381.81982421875,4335.31005859375,4369.7099609375,3940400000,17.799999237060547,18.8799991607666,17.139999389648438,17.299999237060547,-0.0216195966611484,-0.0001487178839572,0.4254281800271031,0.0953099005070198,0.3591963841446014,0.0984416584765003,0.2995592952711712,0.0990240171753379,0.4357999999999999,0.1729999923706054,0.0103718199728968,0.0776900918635856,0.0766036158553985,0.0745583338941051,0.1362407047288287,0.0739759751952675,0,0,0,normal
2023-08-21,26190.0,26258.42,25812.0,26126.92,30267.24233,43.18,43.92,42.3,42.63,4380.27978515625,4407.5498046875,4360.2998046875,4399.77001953125,3726850000,18.030000686645508,18.11000061035156,16.8799991607666,17.1299991607666,0.0027948931321038,0.0068556348597997,0.4370646451201627,0.112033454332883,0.3459568161458206,0.1078397485640434,0.2996896224860089,0.1008736204969524,0.4263,0.171299991607666,-0.0107646451201626,0.059266537274783,0.0803431838541794,0.0634602430436226,0.1266103775139911,0.0704263711107136,0,0,0,normal
2023-08-22,26126.92,26139.42,25300.0,26056.0,34247.06688,42.63,44.11,41.89,42.13,4415.330078125,4418.58984375,4382.77001953125,4387.5498046875,3522760000,16.959999084472656,17.579999923706055,16.610000610351562,16.969999313354492,-0.0027181324335439,-0.0027813310465456,0.4345303377135243,0.1117628607876455,0.3446549753341995,0.0951857569475489,0.2976435435931516,0.0990555619967074,0.4213,0.1696999931335449,-0.0132303377135242,0.0579371323458994,0.0766450246658005,0.074514236185996,0.1236564564068484,0.0706444311368375,0,0,0,normal
2023-08-23,26055.99,26819.27,25812.82,26432.72,44023.69978,42.13,44.02,40.05,43.38,4396.43994140625,4443.18017578125,4396.43994140625,4436.009765625,3837270000,16.639999389648438,17.100000381469727,15.90999984741211,15.979999542236328,0.0143545687030841,0.0109843307107913,0.4658009192234042,0.1307716090231641,0.3562755906858891,0.1099057542150746,0.3029456575891813,0.1020164928868439,0.4338,0.1597999954223632,-0.0320009192234042,0.0290283863991991,0.0775244093141109,0.0498942412072886,0.1308543424108187,0.0577835025355193,0,0,0,normal
2023-08-24,26432.71,26577.87,25864.0,26180.05,30205.22116,43.38,43.38,41.37,41.72,4455.16015625,4458.2998046875,4375.5498046875,4376.31005859375,3723470000,15.56999969482422,17.31999969482422,15.479999542236328,17.200000762939453,-0.0096049663422354,-0.013549353984008,0.4647512406693706,0.1372635726092718,0.3558365858411865,0.1210804407713625,0.2791755524424243,0.1055514894336234,0.4172,0.1720000076293945,-0.0475512406693706,0.0347364350201227,0.0613634141588135,0.050919566858032,0.1380244475575757,0.0664485181957711,0,0,0,normal
2023-08-25,26180.05,26314.05,25777.15,26060.01,27753.33772,41.72,42.18,36.25,36.31,4389.3798828125,4418.4599609375,4356.2900390625,4405.7099609375,3296180000,17.209999084472656,17.360000610351562,15.449999809265137,15.68000030517578,-0.0045957149083015,0.0066955010602951,0.4693088922458031,0.1395640724525273,0.3526987820716249,0.1175253013816428,0.2633883838430982,0.1078837436389042,0.3631,0.1568000030517577,-0.106208892245803,0.0172359305992304,0.0104012179283751,0.0392747016701149,0.0997116161569018,0.0489162594128535,0,0,0,normal
2023-08-28,26101.78,26253.99,25864.5,26120.0,22692.62655,36.05,37.6,35.82,36.42,4426.02978515625,4439.56005859375,4414.97998046875,4433.31005859375,2957230000,16.239999771118164,16.280000686645508,15.0,15.079999923706056,0.0022993489817507,0.0062450785941964,0.1781041824150918,0.1318016614288491,0.3344714799142787,0.1216662575682426,0.2642309169114075,0.1089887812746884,0.3642,0.1507999992370605,0.1860958175849082,0.0189983378082114,0.0297285200857213,0.0291337416688179,0.0999690830885925,0.0418112179623721,0,0,0,normal
2023-08-29,26120.0,28142.85,25922.0,27716.34,74251.99488,36.42,44.99,36.08,40.6,4432.75,4500.14013671875,4431.68017578125,4497.6298828125,3354820000,15.079999923706056,15.300000190734863,14.34000015258789,14.449999809265137,0.0593208265640982,0.0144040687120565,0.3729875031283191,0.1493875229015506,0.4439835731744254,0.134531304419622,0.3224430575994315,0.1153843601631102,0.406,0.1444999980926513,0.0330124968716809,-0.0048875248088992,-0.0379835731744253,0.0099686936730293,0.0835569424005685,0.0291156379295411,0,0,0,normal
2023-08-30,27716.34,27768.57,27017.24,27299.99,35448.25848,40.6,40.6,38.08,38.18,4500.33984375,4521.64990234375,4493.58984375,4514.8701171875,3064110000,14.529999732971191,14.699999809265137,13.829999923706056,13.880000114440918,-0.0151357950818478,0.0038258541811929,0.3997408540200119,0.1481599797033566,0.4461899792364535,0.135267918426419,0.3242356103333625,0.1157700855856388,0.3818,0.1388000011444091,-0.0179408540200119,-0.0093599785589474,-0.0643899792364535,0.0035320827179901,0.0575643896666374,0.0230299155587703,0,0,0,normal
2023-08-31,27299.99,27587.51,25655.01,25940.78,51032.80401,38.18,39.52,35.98,35.98,4517.009765625,4532.259765625,4507.39013671875,4507.66015625,3946360000,13.979999542236328,14.0,13.4399995803833,13.56999969482422,-0.0510700880633559,-0.0015982129743398,0.529604504640482,0.1461462316836283,0.485404622518417,0.1354227399062005,0.3528713193943344,0.1142423812364565,0.3597999999999999,0.1356999969482422,-0.169804504640482,-0.0104462347353861,-0.125604622518417,0.0002772570420417,0.0069286806056655,0.0214576157117857,0,0,0,normal
2023-09-01,25940.77,26156.0,25333.75,25805.05,41032.15056,35.98,38.09,35.24,36.09,4530.60009765625,4541.25,4501.35009765625,4515.77001953125,3246260000,13.5600004196167,13.5600004196167,13.020000457763672,13.09000015258789,-0.005246038619321,0.0017975127655185,0.5192639577255828,0.1374694062584175,0.4839633431547893,0.1336006371573466,0.3520503336803872,0.1143809172478181,0.3609,0.1309000015258789,-0.1583639577255827,-0.0065694047325385,-0.1230633431547892,-0.0027006356314676,0.0088496663196128,0.0165190842780608,0,0,0,normal
2023-09-05,25826.03,25915.49,25562.62,25792.1,21323.39337,39.51,40.19,39.09,39.79,4510.06005859375,4514.2900390625,4496.009765625,4496.830078125,3526250000,14.149999618530272,14.470000267028809,13.699999809265137,14.010000228881836,-0.0005019657198863,-0.0042029978213812,0.5175895413603274,0.0969866208041389,0.4854199260808565,0.1240164332281805,0.3472588338840869,0.1142557127864652,0.3979,0.1401000022888183,-0.1196895413603274,0.0431133814846794,-0.0875199260808565,0.0160835690606378,0.050641166115913,0.0258442895023531,0,0,0,normal
2023-09-06,25792.11,26040.0,25372.51,25759.95,27262.52386,39.79,40.83,37.77,39.41,4490.35009765625,4490.35009765625,4442.3798828125,4465.47998046875,3418850000,14.270000457763672,15.300000190734863,14.130000114440918,14.449999809265137,-0.001247283247437,-0.0069960144914322,0.5173101761841346,0.1136570459151854,0.4851819420761788,0.1232554046813911,0.3469211290961888,0.1153715746597848,0.3940999999999999,0.1444999980926513,-0.1232101761841346,0.0308429521774659,-0.0910819420761788,0.0212445934112602,0.0471788709038111,0.0291284234328665,0,0,0,normal
2023-09-07,25759.95,26443.14,25615.38,26255.0,27687.49567,39.41,41.0,38.8,39.74,4434.5498046875,4457.81005859375,4430.4599609375,4451.14013671875,3763760000,14.8100004196167,15.6899995803833,14.399999618530272,14.399999618530272,0.0190354868493421,-0.0032164331157329,0.5322139774245046,0.1127263429708093,0.3823427218936298,0.1184445264396587,0.3526635405236372,0.1155747960869839,0.3974,0.1439999961853027,-0.1348139774245045,0.0312736532144934,0.0150572781063702,0.025555469745644,0.0447364594763628,0.0284252000983188,0,0,0,normal
2023-09-08,26255.0,26445.5,25647.26,25910.5,28999.76471,39.74,41.31,39.45,40.0,4451.2998046875,4473.52978515625,4448.3798828125,4457.490234375,3259290000,14.220000267028809,14.869999885559082,13.579999923706056,13.84000015258789,-0.0132081551334933,0.001425606062257,0.3401566570666558,0.0607701731374046,0.3751450606795017,0.118257324452897,0.3537340678060066,0.1145127627753943,0.4,0.1384000015258789,0.0598433429333442,0.0776298283884743,0.0248549393204983,0.0201426770729819,0.0462659321939934,0.0238872387504846,0,0,0,normal
2023-09-11,25841.6,25900.69,24901.0,25162.52,41682.32,40.52,45.54,40.46,44.33,4480.97998046875,4490.77001953125,4467.89013671875,4487.4599609375,3369920000,14.170000076293944,14.329999923706056,13.739999771118164,13.800000190734863,-0.0292927061571535,0.0067009514981355,0.3598265297599184,0.0722763015299759,0.394080227657253,0.11812126046511,0.360466471072333,0.1123777388382885,0.4432999999999999,0.1380000019073486,0.0834734702400815,0.0657237003773727,0.0492197723427469,0.0198787414422386,0.0828335289276669,0.0256222630690601,0,0,0,normal
2023-09-12,25162.53,26567.0,25131.48,25840.1,56434.38537,44.33,44.83,41.62,43.57,4473.27001953125,4487.10986328125,4456.830078125,4461.89990234375,3435740000,14.020000457763672,14.420000076293944,13.710000038146973,14.229999542236328,0.0265719630767771,-0.0057121690230039,0.2989655877131522,0.0780052637589603,0.4131654011767762,0.1207619567841612,0.3719569999011949,0.1131004660895765,0.4357,0.1422999954223632,0.1367344122868478,0.0642947316634029,0.0225345988232237,0.021538038638202,0.063743000098805,0.0291995293327867,0,0,0,normal
2023-09-13,25840.1,26405.22,25764.17,26222.0,31610.82753,43.57,44.26,42.66,44.05,4462.64990234375,4479.39013671875,4453.52001953125,4467.43994140625,3529430000,14.420000076293944,14.68000030517578,13.40999984741211,13.479999542236328,0.014671204201257,0.0012408621175346,0.3095384439552688,0.0770958438598126,0.4133896003787743,0.1122336154547294,0.3713161270081092,0.1131475871881967,0.4404999999999999,0.1347999954223633,0.1309615560447311,0.0577041515625506,0.0271103996212256,0.0225663799676338,0.0691838729918907,0.0216524082341665,0,0,0,normal
2023-09-14,26222.0,26860.49,26126.77,26522.73,38333.1725,44.05,44.23,41.14,41.71,4487.77978515625,4511.990234375,4478.68994140625,4505.10009765625,3648720000,13.390000343322754,13.460000038146973,12.789999961853027,12.81999969482422,0.0114033481188429,0.0083945855336662,0.3132485835017201,0.0939998227874432,0.4140988688409625,0.0964774407287573,0.3716873052111272,0.1090654268173659,0.4171,0.1281999969482422,0.1038514164982799,0.034200174160799,0.0030011311590375,0.0317225562194849,0.0454126947888728,0.0191345701308763,0,0,0,normal
2023-09-15,26522.73,26888.0,26224.0,26600.0,26227.29369,41.71,41.85,38.81,39.14,4497.97998046875,4497.97998046875,4447.2099609375,4450.31982421875,6932230000,12.699999809265137,14.170000076293944,12.68000030517578,13.789999961853027,0.0029091145916004,-0.0122341458424939,0.3113163571847962,0.1140942452416403,0.4133814928626531,0.1111959231920779,0.3719800249724393,0.1144633407304284,0.3914,0.1378999996185302,0.0800836428152038,0.0238057543768899,-0.021981492862653,0.0267040764264523,0.0194199750275607,0.0234366588881018,0,0,0,normal
2023-09-18,26527.5,27409.0,26377.35,26762.51,43000.43256,39.83,43.03,39.54,41.48,4445.1298828125,4466.35986328125,4442.10986328125,4453.52978515625,3161230000,14.399999618530272,14.75,13.859999656677246,14.0,0.0060908117852475,0.0007210276941755,0.2953585741887333,0.1125721330696432,0.4138425576671793,0.108307219801512,0.372933830183319,0.1135372449830579,0.4147999999999999,0.14,0.1194414258112666,0.0274278669303568,0.0009574423328206,0.031692780198488,0.0418661698166809,0.0264627550169421,0,0,0,normal
2023-09-19,26762.5,27483.57,26667.79,27210.26,36190.52187,41.48,42.76,41.35,42.53,4445.41015625,4449.85009765625,4416.60986328125,4443.9501953125,3614880000,14.109999656677246,14.880000114440918,13.859999656677246,14.109999656677246,0.0165920804871499,-0.0021533273615331,0.2815975920259945,0.112818751411941,0.3297513340614154,0.0873357224464785,0.3767913748388196,0.1102650187018238,0.4253,0.1410999965667724,0.1437024079740055,0.0282812451548314,0.0955486659385846,0.0537642741202939,0.0485086251611804,0.0308349778649486,0,0,0,normal
2023-09-20,27210.25,27388.63,26800.0,27125.0,34207.21867,42.53,43.83,41.96,43.01,4452.81005859375,4461.02978515625,4401.3798828125,4402.2001953125,3308450000,14.18000030517578,15.149999618530272,13.56999969482422,15.140000343322754,-0.0031382961994271,-0.009439204206291,0.155583163907291,0.1114990834325422,0.323881061133555,0.0915763798990492,0.371322979002948,0.1127797533936899,0.4301,0.1514000034332275,0.274516836092709,0.0399009200006853,0.1062189388664449,0.0598236235341783,0.058777020997052,0.0386202500395376,0,0,0,normal
2023-09-21,27125.01,27159.6,26377.7,26568.08,34476.82662,43.01,43.28,40.79,41.37,4374.35986328125,4375.7001953125,4329.169921875,4330.0,3662340000,15.489999771118164,17.540000915527344,15.100000381469728,17.540000915527344,-0.020745316649489,-0.016536918318488,0.2045374965709975,0.1391135342569019,0.2488978376940118,0.1108303099725923,0.3747453250888919,0.1204833459681641,0.4136999999999999,0.1754000091552734,0.2091625034290024,0.0362864748983715,0.1648021623059881,0.0645696991826811,0.038954674911108,0.0549166631871093,0,0,0,normal
2023-09-22,26568.08,26743.38,26468.77,26580.14,18198.2292,41.37,41.42,36.8,37.29,4341.740234375,4357.39990234375,4316.490234375,4320.06005859375,3349570000,17.309999465942383,17.40999984741211,15.93000030517578,17.200000762939453,0.0004538251782273,-0.0022982374027607,0.1906074103469231,0.1347598471504909,0.2469787582824831,0.1088292827565666,0.3749198684292479,0.1204718889842364,0.3729,0.1720000076293945,0.1822925896530769,0.0372401604789036,0.1259212417175169,0.0631707248728279,-0.0020198684292478,0.0515281186451581,0,0,0,normal
2023-09-25,26248.39,26446.15,25990.46,26304.81,26266.2039,38.6,40.34,38.0,39.25,4310.6201171875,4338.509765625,4302.7001953125,4337.43994140625,3195650000,17.25,18.40999984741211,16.790000915527344,16.899999618530273,-0.0104125081940913,0.0040149942038066,0.1900501409276766,0.1183192857820599,0.2525302192594181,0.1128213487379982,0.3753838134959308,0.1213913196230248,0.3925,0.1689999961853027,0.2024498590723234,0.0506807104032428,0.1399697807405819,0.0561786474473045,0.0171161865040692,0.0476086765622779,0,0,0,normal
2023-09-26,26304.8,26397.46,26088.34,26221.67,18495.35066,39.25,40.45,38.51,38.67,4312.8798828125,4313.009765625,4265.97998046875,4273.52978515625,3472340000,18.030000686645508,19.5,17.170000076293945,18.940000534057617,-0.0031656440496646,-0.0148441654822649,0.1880469851640689,0.1254554966922018,0.2530515459717937,0.1232139279457776,0.3752068579424651,0.1260922360931311,0.3867,0.1894000053405761,0.1986530148359311,0.0639445086483743,0.1336484540282063,0.0661860773947985,0.0114931420575349,0.063307769247445,0,0,0,normal
2023-09-27,26221.68,26850.0,26112.06,26372.99,34771.57978,38.67,39.64,35.54,36.06,4282.6298828125,4292.06982421875,4238.6298828125,4274.509765625,3875880000,18.290000915527344,19.709999084472656,18.030000686645508,18.219999313354492,0.0057542122158011,0.0002292877722947,0.1874451170773468,0.1244138530367971,0.2409607167436087,0.1240360908219528,0.376014146009501,0.1225757727498217,0.3606,0.1821999931335449,0.1731548829226532,0.0577861400967478,0.1196392832563913,0.0581639023115921,-0.0154141460095009,0.0596242203837232,0,0,0,normal
2023-09-28,26373.0,27308.48,26342.4,27021.39,44517.83491,36.06,40.38,35.39,38.63,4269.64990234375,4317.27001953125,4264.3798828125,4299.7001953125,3846230000,18.219999313354492,18.770000457763672,17.059999465942383,17.34000015258789,0.0242883942227579,0.0058758771430006,0.2221458448102551,0.1424793526037165,0.2523954316390542,0.1283994060375282,0.382287493263142,0.1227394615386464,0.3863,0.1734000015258789,0.1641541551897449,0.0309206489221623,0.1339045683609458,0.0450005954883507,0.004012506736858,0.0506605399872324,0,0,0,normal
2023-09-29,27021.39,27244.89,26665.16,26906.96,28478.76219,38.63,38.85,33.04,33.04,4328.18017578125,4333.14990234375,4274.85986328125,4288.0498046875,3865960000,16.8700008392334,17.739999771118164,15.829999923706056,17.520000457763672,-0.004243785383294,-0.0027132596482893,0.2226921565638668,0.1387779975424129,0.2088984157129096,0.1212286802749522,0.3113562274114827,0.1211227389226701,0.3303999999999999,0.1752000045776367,0.1077078434361331,0.0364220070352238,0.1215015842870903,0.0539713243026845,0.0190437725885172,0.0540772656549666,0,0,0,normal
2023-10-02,27992.58,28580.0,27281.44,27494.51,57071.14241,37.49,40.8,36.2,38.17,4284.52001953125,4300.580078125,4260.2099609375,4288.39013671875,3938660000,17.309999465942383,18.549999237060547,16.93000030517578,17.610000610351562,0.0216013591780265,7.936440615299324e-05,0.2108462575720797,0.1065639050183852,0.1997131081015487,0.1214355072805225,0.3100475798630844,0.121132479533079,0.3817,0.1761000061035156,0.1708537424279203,0.0695361010851304,0.1819868918984513,0.0546644988229931,0.0716524201369156,0.0549675265704366,0,0,0,normal
2023-10-03,27494.51,27676.52,27160.5,27426.46,28928.96555,37.53,38.35,36.94,37.96,4269.75,4281.14990234375,4216.4501953125,4229.4501953125,3953830000,17.809999465942383,20.479999542236328,17.520000457763672,19.780000686645508,-0.0024781075361443,-0.0138393958634491,0.2141489514430496,0.1305439877198391,0.1958875279391347,0.12828952254671,0.3102762023924965,0.1248187407418653,0.3796,0.197800006866455,0.1654510485569504,0.0672560191466159,0.1837124720608653,0.069510484319745,0.0693237976075035,0.0729812661245897,0,0,0,normal
2023-10-04,27426.45,27839.72,27202.0,27778.57,29816.142,37.96,38.19,37.04,37.28,4233.830078125,4268.5,4220.47998046875,4263.75,3777600000,20.719999313354492,20.8799991607666,18.299999237060547,18.579999923706055,0.0127566192765861,0.0080770476078289,0.1902772963141939,0.1415590461186752,0.1970656449922161,0.1277048760751147,0.3116354801695623,0.1276463562794116,0.3728,0.1857999992370605,0.1825227036858061,0.0442409531183853,0.1757343550077839,0.0580951231619458,0.0611645198304377,0.0581536429576489,0,0,0,normal
2023-10-05,27778.57,28120.39,27352.0,27410.39,30681.49619,37.28,38.35,36.65,36.75,4259.31005859375,4267.1298828125,4225.91015625,4258.18994140625,3581470000,18.670000076293945,19.579999923706055,18.260000228881836,18.489999771118164,-0.013342721522066,-0.0013048811469951,0.2220308641754683,0.1119817980045101,0.2093756856141323,0.1222343278769733,0.3125349668957526,0.1225251869943862,0.3675,0.1848999977111816,0.1454691358245317,0.0729181997066715,0.1581243143858677,0.0626656698342083,0.0549650331042473,0.0623748107167954,0,0,0,normal
2023-10-06,27410.39,28295.0,27175.94,27931.09,37983.24277,36.75,36.8,34.47,35.06,4234.7900390625,4324.10009765625,4219.5498046875,4308.5,3902030000,18.729999542236328,19.93000030517578,17.190000534057617,17.450000762939453,0.0188182667350826,0.0117456420939611,0.2341065520201538,0.1342878595514515,0.2206844633004266,0.1370565509288054,0.3148358970355758,0.1225973976159561,0.3506,0.1745000076293945,0.1164934479798462,0.040212148077943,0.1299155366995734,0.0374434567005891,0.0357641029644242,0.0519026100134384,0,0,0,normal
2023-10-09,27917.06,27987.93,27260.0,27590.12,31534.74639,37.85,39.05,36.76,36.81,4289.02001953125,4341.72998046875,4283.7900390625,4335.66015625,3174630000,19.540000915527344,19.600000381469727,17.559999465942383,17.700000762939453,-0.0122826677106627,0.0062840681193874,0.2313671749462419,0.134914430130676,0.2203463512449575,0.141898154526626,0.3170493009913254,0.1223925901484204,0.3681,0.1770000076293945,0.1367328250537581,0.0420855774987185,0.1477536487550425,0.0351018531027685,0.0510506990086746,0.0546074174809741,0,0,0,normal
2023-10-10,27590.12,27735.0,27298.0,27390.12,22776.84383,36.81,39.06,36.67,38.53,4339.75,4385.4599609375,4339.64013671875,4358.240234375,3520240000,17.700000762939453,17.860000610351562,16.510000228881836,17.030000686645508,-0.007275373195296,0.0051944760999853,0.2360086031736254,0.1336430337613504,0.222537134345495,0.140122099692951,0.3181574904536046,0.1219238930203078,0.3853,0.170300006866455,0.1492913968263746,0.0366569731051046,0.162762865654505,0.030177907173504,0.0671425095463954,0.0483761138461472,0,0,0,normal
2023-10-11,27390.12,27477.39,26538.66,26875.52,37349.44706,38.53,38.64,36.09,36.88,4366.58984375,4378.64013671875,4345.33984375,4376.9501953125,3601660000,16.950000762939453,17.780000686645508,16.09000015258789,16.09000015258789,-0.0189665293285473,0.004283819500095,0.2236072543571579,0.1330627643795306,0.219319800546004,0.1211084156453637,0.2723043909272526,0.1144211684671047,0.3688,0.1609000015258789,0.1451927456428421,0.0278372371463483,0.149480199453996,0.0397915858805152,0.0964956090727474,0.0464788330587742,0,0,0,normal
2023-10-12,26875.52,26947.04,26555.0,26759.63,23428.64112,36.88,37.82,35.16,35.19,4380.93994140625,4385.85009765625,4325.43017578125,4349.60986328125,3713140000,16.079999923706055,18.079999923706055,15.4399995803833,16.690000534057617,-0.0043214265402864,-0.0062660249406549,0.223612506915693,0.0954396804796553,0.2204081566213029,0.1241880043230893,0.2692217441187299,0.1145324560058766,0.3519,0.1669000053405761,0.1282874930843069,0.0714603248609208,0.1314918433786971,0.0427120010174868,0.08267825588127,0.0523675493346995,0,0,0,normal
2023-10-13,26759.63,27130.0,26685.0,26862.0,24115.76499,35.19,36.86,34.97,35.37,4360.490234375,4377.10009765625,4311.97021484375,4327.77978515625,3566560000,16.530000686645508,20.780000686645508,16.5,19.31999969482422,0.00381823992932,-0.0050314956602198,0.2016449660376136,0.1039599424850955,0.2149768627728152,0.1251334322164647,0.2229486803120504,0.1150560395706793,0.3536999999999999,0.1931999969482422,0.1520550339623863,0.0892400544631466,0.1387231372271847,0.0680665647317775,0.1307513196879495,0.0781439573775629,0,0,0,normal
2023-10-16,27154.14,30000.0,27112.66,28500.78,78399.22445,38.17,45.18,36.27,42.63,4342.3701171875,4383.330078125,4342.3701171875,4373.6298828125,3409960000,19.100000381469727,19.56999969482422,17.139999389648438,17.209999084472656,0.0592188068342654,0.0105386423025899,0.422014299940377,0.1115381912371074,0.3240220033272754,0.1131571354324092,0.2782687483720009,0.1198290437796148,0.4263,0.1720999908447265,0.004285700059623,0.0605617996076191,0.1022779966727246,0.0589428554123173,0.1480312516279991,0.0522709470651117,0,0,0,normal
2023-10-17,28500.77,28613.65,28069.32,28395.91,38428.44532,42.63,42.68,40.81,41.08,4345.22998046875,4393.56982421875,4337.5400390625,4373.2001953125,3794850000,17.40999984741211,18.540000915527344,16.969999313354492,17.8799991607666,-0.0036863346095197,-9.824987944376509e-05,0.413871231327752,0.098015037852871,0.3265996510851056,0.1132455620678704,0.2788005547871576,0.1194853570022735,0.4108,0.178799991607666,-0.003071231327752,0.080784953754795,0.0842003489148944,0.0655544295397956,0.1319994452128424,0.0593146346053925,0,0,0,normal
2023-10-18,28395.91,28982.36,28142.87,28320.0,32162.47591,41.08,41.09,39.21,39.24,4357.35009765625,4364.2001953125,4303.83984375,4314.60009765625,3686030000,18.36000061035156,20.149999618530273,17.8799991607666,19.219999313354492,-0.0026768518861103,-0.0134904082511518,0.4034822653820397,0.1295482697630042,0.316042153717589,0.1280153936433253,0.2790296669080042,0.123756947474758,0.3924,0.1921999931335449,-0.0110822653820396,0.0626517233705407,0.076357846282411,0.0641845994902196,0.1133703330919958,0.0684430456587869,0,0,0,normal
2023-10-19,28320.0,28916.89,28100.66,28713.71,35895.50179,39.24,40.58,39.04,39.18,4321.35986328125,4339.5400390625,4269.68994140625,4278.0,3969730000,19.729999542236328,21.399999618530273,18.549999237060547,21.399999618530273,0.0138064402260006,-0.0085190323280579,0.3991348595468694,0.1294910640556267,0.316908787815728,0.1328946937125219,0.27684717051878,0.1254702982862378,0.3918,0.2139999961853027,-0.0073348595468694,0.084508932129676,0.0748912121842719,0.0811053024727808,0.1149528294812199,0.0885296978990649,0,0,0,normal
2023-10-20,28713.71,30207.55,28578.29,29669.04,59422.0992,39.18,46.59,39.08,44.26,4273.85009765625,4276.56005859375,4223.02978515625,4224.16015625,4004030000,21.59000015258789,21.829999923706055,20.420000076293945,21.709999084472656,0.0327293688126812,-0.0126651491961559,0.3793155569295085,0.1312674170580344,0.3316274935472194,0.1430474817696179,0.2853828028420697,0.1293740167227686,0.4426,0.2170999908447265,0.0632844430704914,0.0858325737866921,0.1109725064527806,0.0740525090751086,0.1572171971579303,0.0877259741219579,0,0,0,normal
2023-10-23,29992.46,34741.91,29883.6,33069.99,93513.64246,48.81,64.06,47.91,55.37,4210.39990234375,4255.83984375,4189.22021484375,4217.0400390625,3776100000,21.829999923706055,23.079999923706055,19.479999542236328,20.3700008392334,0.1085221467405827,-0.0016869920654349,0.6537763034545251,0.1323941882346734,0.5456134746241509,0.1307991101986459,0.4000122147771482,0.1268484901975617,0.5537,0.203700008392334,-0.1000763034545251,0.0713058201576606,0.008086525375849,0.072900898193688,0.1536877852228517,0.0768515181947722,0,0,0,normal
2023-10-24,33069.99,35280.0,32832.34,33922.73,115265.02418,55.37,63.84,53.06,54.19,4235.7900390625,4259.3798828125,4219.43017578125,4247.68017578125,3821820000,20.030000686645508,20.239999771118164,18.649999618530273,18.969999313354492,0.0254590665708626,0.0072395235196288,0.6294755429676668,0.149400753371824,0.5479949965040919,0.1298150794732369,0.3996028258302135,0.1291518016361998,0.5418999999999999,0.1896999931335449,-0.0875755429676669,0.0402992397617208,-0.0060949965040919,0.059884913660308,0.1422971741697864,0.0605481914973451,0,0,0,normal
2023-10-25,33922.73,35132.85,33679.05,34496.05,54887.02529,54.19,60.04,53.32,58.36,4232.419921875,4232.419921875,4181.419921875,4186.77001953125,3869370000,19.38999938964844,21.239999771118164,18.86000061035156,20.190000534057617,0.0167595335532492,-0.014443434657238,0.6073197993330883,0.1306620483581643,0.5332734606681643,0.1431307996657768,0.3999028263439607,0.1340196887601523,0.5836,0.2019000053405761,-0.0237197993330883,0.0712379569824118,0.0503265393318357,0.0587692056747993,0.1836971736560393,0.0678803165804238,0,0,0,normal
2023-10-26,34496.05,34824.13,33751.0,34151.66,39744.66255,58.36,60.82,54.75,55.02,4175.990234375,4183.60009765625,4127.89990234375,4137.22998046875,4277640000,21.780000686645508,21.959999084472656,20.219999313354492,20.68000030517578,-0.0100336308158802,-0.0119030812055848,0.6219281074695469,0.126496735671215,0.5446881226030332,0.1366620611357375,0.4036579988659204,0.1330330660247665,0.5502,0.2068000030517578,-0.0717281074695468,0.0803032673805428,0.0055118773969667,0.0701379419160203,0.1465420011340796,0.0737669370269913,0,0,0,normal
2023-10-27,34151.66,34245.0,33390.95,33892.02,32330.40106,55.02,55.02,47.19,47.19,4152.93017578125,4156.7001953125,4103.77978515625,4117.3701171875,4019500000,20.38999938964844,22.06999969482422,19.719999313354492,21.270000457763672,-0.0076316054672112,-0.0048118385786207,0.6322706799144976,0.1210578610203181,0.5406199976198779,0.1301652403026759,0.406058980123786,0.1301871490934916,0.4719,0.2127000045776367,-0.1603706799144976,0.0916421435573186,-0.0687199976198779,0.0825347642749608,0.0658410198762139,0.0825128554841451,0,0,0,normal
2023-10-30,34525.88,34856.0,34062.84,34474.73,33657.95976,54.21,57.29,53.07,53.89,4139.39013671875,4177.47021484375,4132.93994140625,4166.81982421875,3911140000,21.1299991607666,21.15999984741211,19.549999237060547,19.75,0.0170470034407468,0.0119384743002859,0.6300142614330758,0.1629983649164376,0.5312266516005293,0.1417200573943114,0.4068344721075002,0.136570726680517,0.5389,0.1975,-0.0911142614330757,0.0345016350835624,0.0076733483994707,0.0557799426056886,0.1320655278924998,0.060929273319483,0,0,0,normal
2023-10-31,34474.74,34720.49,34025.0,34639.77,32737.89822,53.89,54.76,53.32,54.76,4171.330078125,4195.5498046875,4153.1201171875,4193.7998046875,4249470000,19.86000061035156,19.86000061035156,17.969999313354492,18.13999938964844,0.0047758520627768,0.0064540848216882,0.6399475717697244,0.1594651976542665,0.5096716536171988,0.1442211260046508,0.4062181643434016,0.1388653755976842,0.5476,0.1813999938964844,-0.0923475717697244,0.0219347962422179,0.0379283463828011,0.0371788678918336,0.1413818356565984,0.0425346182988002,0,0,0,normal
2023-11-01,34639.78,35582.0,34097.39,35421.43,53473.28165,54.76,60.03,54.57,59.78,4201.27001953125,4245.64013671875,4197.740234375,4237.85986328125,4224900000,18.020000457763672,18.420000076293945,16.6299991607666,16.8700008392334,0.0223145602612131,0.0104511949901918,0.2268490147290501,0.173389248670801,0.4993531869071054,0.1541033533675282,0.4068258762697749,0.1414619927565744,0.5978,0.1687000083923339,0.3709509852709499,-0.004689240278467,0.0984468130928946,0.0145966550248057,0.1909741237302251,0.0272380156357595,0,0,0,normal
2023-11-02,35421.43,35984.99,34300.0,34941.59,48015.57732,59.78,61.94,58.84,60.0,4268.259765625,4319.72021484375,4268.259765625,4317.77978515625,4669780000,16.59000015258789,16.6200008392334,15.579999923706056,15.65999984741211,-0.01363919395731,0.0186829389340864,0.2347487599894595,0.2026345700587856,0.5155693443688416,0.1759373085958876,0.4028285708920681,0.1452075920906946,0.6,0.1565999984741211,0.3652512400105405,-0.0460345715846645,0.0844306556311583,-0.0193373101217665,0.1971714291079319,0.0113924063834265,0,0,0,normal
2023-11-03,34941.58,34946.5,34120.0,34716.78,39071.20644,60.0,60.62,57.33,57.89,4334.22998046875,4373.6201171875,4334.22998046875,4358.33984375,4570960000,15.699999809265137,15.829999923706056,14.90999984741211,14.90999984741211,-0.0064546666973641,0.0093498835445514,0.223763217546913,0.1670343309306243,0.4904002466749331,0.1746025792530977,0.4046155450823405,0.1475763202081266,0.5789,0.1490999984741211,0.355136782453087,-0.0179343324565032,0.0884997533250668,-0.0255025807789766,0.1742844549176594,0.0015236782659944,0,0,0,normal
2023-11-06,35011.89,35276.33,34725.9,35046.09,22346.47086,60.1,60.97,57.32,57.36,4364.27001953125,4372.2099609375,4347.52978515625,4365.97998046875,3656340000,15.390000343322754,15.579999923706056,14.84000015258789,14.890000343322754,0.009440908780479,0.0017514577241005,0.2140538436327162,0.1199135573479448,0.4842996239472541,0.1748100087535429,0.4004502824897993,0.1472257855260433,0.5736,0.1489000034332275,0.3595461563672838,0.0289864460852827,0.0893003760527458,-0.0259100053203153,0.1731497175102007,0.0016742179071842,0,0,0,normal
2023-11-07,35046.09,35888.0,34523.06,35399.12,38688.73692,55.68,57.02,52.02,55.48,4366.2099609375,4386.259765625,4355.41015625,4378.3798828125,3791230000,15.100000381469728,15.170000076293944,14.710000038146973,14.8100004196167,0.0100229087373373,0.0028360934017119,0.2006116830224151,0.0919493854401538,0.4782584334559138,0.1639886018051258,0.3986274337767886,0.1402599392656394,0.5548,0.1481000041961669,0.3541883169775848,0.0561506187560131,0.0765415665440861,-0.0158885976089588,0.1561725662232113,0.0078400649305275,0,0,0,normal
2023-11-08,35399.13,36106.0,35100.0,35624.72,33401.34137,55.48,58.03,54.31,57.58,4384.3701171875,4391.2001953125,4359.759765625,4382.77978515625,3729510000,14.90999984741211,15.09000015258789,14.300000190734863,14.449999809265137,0.0063528178351219,0.0010044110324198,0.1860967474444387,0.0992886158700244,0.4799446120649558,0.158089930596693,0.3985757588454915,0.1402501413080527,0.5758,0.1444999980926513,0.3897032525555612,0.0452113822226269,0.0958553879350441,-0.0135899325040416,0.1772242411545084,0.0042498567845986,0,0,0,normal
2023-11-09,35624.72,37972.24,35534.05,36701.09,82537.88885,57.58,65.12,57.53,58.87,4391.41015625,4393.39990234375,4343.93994140625,4347.35009765625,3900780000,14.609999656677246,15.56999969482422,14.130000114440918,15.289999961853027,0.029766675983155,-0.0081166906990687,0.239375752107756,0.1357829155457441,0.4780323066227908,0.1510849338735505,0.4005906806046861,0.1417343088881037,0.5887,0.1528999996185302,0.349324247892244,0.0171170840727861,0.1106676933772092,0.0018150657449797,0.1881093193953139,0.0111656907304265,0,0,0,normal
2023-11-10,36701.1,37526.0,36324.71,37301.63,43414.04898,58.87,59.33,55.91,56.84,4364.14990234375,4418.02978515625,4353.33984375,4415.240234375,3665080000,15.09000015258789,15.449999809265137,14.15999984741211,14.170000076293944,0.016230570534908,0.0154957592707722,0.2268247465902974,0.146986231842103,0.2188508038370114,0.160154518867361,0.3985630750438795,0.1479827390144888,0.5684,0.1417000007629394,0.3415752534097026,-0.0052862310791635,0.3495491961629886,-0.0184545181044215,0.1698369249561205,-0.0062827382515493,0,0,0,normal
2023-11-13,37064.13,37417.99,36333.0,36462.93,32798.18252,58.33,59.04,56.12,56.26,4406.66015625,4421.759765625,4393.81982421875,4411.5498046875,3326240000,15.15999984741211,15.1899995803833,14.579999923706056,14.760000228881836,-0.0227408973646141,-0.00083618844137,0.2655341349134392,0.1195510841342445,0.2412700734592726,0.159949650186539,0.4087946844439116,0.1480546277683538,0.5626,0.1476000022888183,0.2970658650865608,0.0280489181545738,0.3213299265407274,-0.0123496478977206,0.1538053155560884,-0.0004546254795354,0,0,0,normal
2023-11-14,36462.93,36744.0,34800.0,35551.19,45503.68416,56.26,57.45,55.64,56.24,4458.97021484375,4508.669921875,4458.97021484375,4495.7001953125,4700350000,14.829999923706056,14.859999656677246,13.90999984741211,14.15999984741211,-0.0253224983929354,0.0188953704745772,0.3212531242657737,0.1503615485648067,0.2667573867187094,0.1530598869329919,0.4197817445546465,0.1500367700573009,0.5624,0.141599998474121,0.2411468757342263,-0.0087615500906856,0.2956426132812906,-0.0114598884588708,0.1426182554453535,-0.0084367715831798,0,0,0,normal
2023-11-15,35551.2,37980.0,35360.0,37858.2,53569.13385,56.24,60.51,54.0,60.51,4505.2998046875,4521.169921875,4495.31005859375,4502.8798828125,4347170000,14.210000038146973,14.350000381469728,13.970000267028809,14.18000030517578,0.0628739714000101,0.0015957382078471,0.482837979146739,0.1504810370622594,0.3638613946060579,0.1334790716361537,0.4482112173952189,0.1489406315232324,0.6051,0.1418000030517578,0.1222620208532609,-0.0086810340105016,0.2412386053939421,0.0083209314156041,0.156888782604781,-0.0071406284714745,0,0,0,normal
2023-11-16,37858.2,37929.54,35500.0,36163.51,47490.39566,60.51,61.88,55.07,55.35,4497.080078125,4511.990234375,4487.830078125,4508.240234375,3964520000,14.119999885559082,14.420000076293944,13.68000030517578,14.31999969482422,-0.0457970016721318,0.0011897193967137,0.5916147097996383,0.1515251631236338,0.4252007926343412,0.1262452654459315,0.472320951682385,0.1486612047820289,0.5535,0.1431999969482422,-0.0381147097996382,-0.0083251661753915,0.1282992073656588,0.0169547315023106,0.0811790483176149,-0.0054612078337867,0,0,0,normal
2023-11-17,36163.51,36800.0,35861.1,36613.92,38283.61112,55.35,56.53,54.48,55.4,4509.5498046875,4520.1201171875,4499.66015625,4514.02001953125,3777240000,14.18000030517578,14.1899995803833,13.670000076293944,13.800000190734863,0.0123778965726653,0.0012812279371779,0.5941257555393831,0.1512907756317424,0.4230142864078023,0.1254038941114151,0.4715539684094486,0.1457044832893491,0.5539999999999999,0.1380000019073486,-0.0401257555393831,-0.0132907737243937,0.1309857135921976,0.0125961077959335,0.0824460315905513,-0.0077044813820004,0,0,0,normal
2023-11-20,37359.85,37750.0,36677.0,37448.78,36022.70291,56.54,58.15,54.37,57.94,4511.7001953125,4557.10986328125,4510.35986328125,4547.3798828125,3644790000,14.260000228881836,14.3100004196167,13.390000343322754,13.40999984741211,0.0225456366937068,0.0073631037937956,0.5823919503493898,0.1244204357459248,0.430061148739393,0.1255666922633404,0.4686750750135837,0.1460420924343373,0.5794,0.1340999984741211,-0.0029919503493898,0.0096795627281962,0.149338851260607,0.0085333062107806,0.1107249249864163,-0.0119420939602161,0,0,0,normal
2023-11-21,37448.79,37649.44,35735.0,35741.65,47646.54804,57.94,59.34,55.34,55.72,4538.77001953125,4542.14013671875,4525.509765625,4538.18994140625,3511080000,13.449999809265137,14.3100004196167,13.130000114440918,13.350000381469728,-0.0466574572380058,-0.0020229759317579,0.6411217318105219,0.114816454158768,0.4751891081758024,0.1277092694832181,0.4946048833924817,0.1459919260440728,0.5572,0.1335000038146973,-0.0839217318105218,0.0186835496559292,0.0820108918241976,0.0057907343314791,0.0625951166075183,-0.0124919222293755,0,0,0,normal
2023-11-22,35741.65,37861.1,35632.01,37408.34,45051.30697,55.72,56.92,53.49,55.5,4553.0400390625,4568.43017578125,4545.0498046875,4556.6201171875,3042810000,13.079999923706056,13.25,12.81999969482422,12.850000381469728,0.0455769987877179,0.0040529050943133,0.6953996287347354,0.1099478043620379,0.506097348701339,0.1110830786519632,0.4983985786790252,0.145953113003518,0.555,0.1285000038146972,-0.1403996287347353,0.0185521994526593,0.048902651298661,0.017416925162734,0.0566014213209748,-0.0174531091888207,0,0,0,normal
2023-11-24,37294.27,38414.0,37251.51,37713.57,44680.80646,53.87,55.28,50.94,53.65,4555.83984375,4560.31005859375,4552.7998046875,4559.33984375,1639500000,13.029999732971191,13.170000076293944,12.449999809265137,12.460000038146973,0.0081263024249242,0.000596695609645,0.6651579915313637,0.0469426944786862,0.50354563627684,0.1088609728205419,0.4963700957722503,0.1441896134287374,0.5365,0.1246000003814697,-0.1286579915313637,0.0776573059027835,0.0329543637231599,0.0157390275609278,0.0401299042277497,-0.0195896130472676,0,0,0,normal
2023-11-27,37447.42,37569.23,36707.0,37242.7,30001.07376,53.19,53.28,50.39,50.62,4554.85986328125,4560.52001953125,4546.31982421875,4550.43017578125,3403990000,13.140000343322754,13.279999732971191,12.640000343322754,12.6899995803833,-0.0125640241722466,-0.0019560693168983,0.5498545600209959,0.0527331527297384,0.5091810184171328,0.1109472322813197,0.5008063055042291,0.1432384960800104,0.5062,0.126899995803833,-0.0436545600209958,0.0741668430740946,-0.0029810184171328,0.0159527635225133,0.0053936944957708,-0.0163385002761773,0,0,0,normal
2023-11-28,37242.7,38377.0,36868.41,37818.87,37544.46667,50.62,51.88,49.67,50.58,4545.5498046875,4568.14013671875,4540.509765625,4554.89013671875,3586240000,12.779999732971191,14.300000190734863,12.5600004196167,12.6899995803833,0.0153522319467537,0.0009796385280502,0.4623228129908163,0.0528002016133945,0.5108328848317013,0.1112651287725227,0.4797160678466551,0.1407545627233581,0.5058,0.126899995803833,0.0434771870091837,0.0740997941904385,-0.0050328848317012,0.0156348670313103,0.0260839321533449,-0.013854566919525,0,0,0,normal
2023-11-29,37818.88,38450.0,37570.0,37854.64,32994.19107,50.58,52.37,50.33,51.9,4571.83984375,4587.64013671875,4547.14990234375,4550.580078125,4418760000,12.710000038146973,13.100000381469728,12.479999542236328,12.979999542236328,0.0009453771250752,-0.0009466966151019,0.4611952854725634,0.0547905236307992,0.5110135744568287,0.1121874260575248,0.4788026309782631,0.1408520569823637,0.519,0.1297999954223632,0.0578047145274366,0.075009471791564,0.0079864255431713,0.0176125693648384,0.0401973690217369,-0.0110520615600004,0,0,0,normal
2023-11-30,37854.65,38145.85,37500.0,37723.96,24740.29147,51.9,52.79,49.64,49.8,4554.8701171875,4569.89013671875,4537.240234375,4567.7998046875,5399300000,13.06999969482422,13.390000343322754,12.81999969482422,12.920000076293944,-0.0034581251896556,0.0037769312649946,0.4451923898887115,0.0399258397263314,0.4982454148902349,0.1007578505101825,0.4789817942240705,0.1337824203161913,0.498,0.1292000007629394,0.0528076101112884,0.089274161036608,-0.0002454148902348,0.0284421502527569,0.0190182057759294,-0.0045824195532518,0,0,0,normal
2023-12-01,37723.97,38999.0,37615.86,38682.52,43415.66324,49.8,52.41,49.61,51.46,4559.43017578125,4599.39013671875,4554.7099609375,4594.6298828125,4397120000,12.9399995803833,12.960000038146973,12.479999542236328,12.630000114440918,0.0250923820630897,0.0058565589538466,0.3098680211526162,0.0454598029235691,0.5045430997026649,0.0857563321592332,0.4809645195161627,0.1305004459449581,0.5146000000000001,0.1263000011444091,0.2047319788473838,0.08084019822084,0.0100569002973351,0.0405436689851759,0.0336354804838373,-0.0042004448005489,0,0,0,normal
2023-12-04,39972.26,42420.0,39972.26,41991.1,79272.33059,54.72,55.85,53.55,55.09,4564.3701171875,4572.3701171875,4546.72021484375,4569.77978515625,4369910000,13.279999732971191,13.699999809265137,12.979999542236328,13.079999923706056,0.0820698726552556,-0.0054231880638269,0.4990449499077135,0.0589802733331954,0.5910518927723868,0.0915831287097536,0.5208875703945502,0.1248091145557691,0.5509000000000001,0.1307999992370605,0.0518550500922865,0.0718197259038651,-0.0401518927723867,0.0392168705273069,0.0300124296054498,0.0059908846812914,0,0,0,normal
2023-12-05,41991.1,44488.0,41414.0,44073.32,67490.74644,55.09,55.72,53.08,55.71,4557.25,4578.56005859375,4551.68017578125,4567.18017578125,3909950000,13.260000228881836,13.760000228881836,12.8100004196167,12.850000381469728,0.0483969196447064,-0.0005690315939348,0.5282716787749427,0.0592410866825894,0.5881954297897537,0.0533630023362687,0.4476498247942432,0.12451547150975,0.5571,0.1285000038146972,0.0288283212250572,0.0692589171321078,-0.0310954297897536,0.0751370014784285,0.1094501752057568,0.0039845323049472,0,0,0,normal
2023-12-06,44073.82,44297.21,43335.28,43762.69,51431.10492,55.71,57.1,53.51,53.71,4586.22998046875,4590.740234375,4546.5,4549.33984375,4245680000,12.779999732971191,13.029999732971191,12.640000343322754,12.970000267028809,-0.0070729828231434,-0.0039138519449437,0.5138997610654872,0.06332092181147,0.5524142857460468,0.0573919359345053,0.447548164502068,0.1251443817273636,0.5371,0.129700002670288,0.0232002389345128,0.066379080858818,-0.0153142857460467,0.0723080667357827,0.089551835497932,0.0045556209429244,0,0,0,normal
2023-12-07,43762.69,44047.33,42821.1,43273.14,47103.26845,53.71,54.02,52.29,52.4,4568.83984375,4590.919921875,4565.22021484375,4585.58984375,3818880000,13.170000076293944,13.279999732971191,12.949999809265137,13.0600004196167,-0.0112495086853494,0.0079366106848219,0.5538607331542525,0.0796518201094034,0.5014375921367542,0.0650585393214131,0.4504039615771252,0.1155902547635882,0.524,0.130600004196167,-0.0298607331542525,0.0509481840867635,0.0225624078632458,0.0655414648747538,0.0735960384228748,0.0150097494325787,0,0,0,normal
2023-12-08,43273.15,44700.0,43081.1,44170.99,42900.37556,52.4,53.83,51.89,53.72,4576.2001953125,4609.22998046875,4574.06005859375,4604.3701171875,3707010000,13.140000343322754,13.239999771118164,12.350000381469728,12.350000381469728,0.0205361195573296,0.0040871341465037,0.5389453046501309,0.0803153960777238,0.5024916032048486,0.0661930474779192,0.4487409504221046,0.1065746896255461,0.5372,0.1235000038146972,-0.0017453046501308,0.0431846077369734,0.0347083967951513,0.057306956336778,0.0884590495778954,0.0169253141891511,0,0,0,normal
2023-12-11,43789.5,43804.5,40222.0,41253.4,76663.89804,55.03,58.92,54.25,55.59,4593.39013671875,4623.7099609375,4593.39013671875,4622.43994140625,3823210000,13.050000190734863,13.140000343322754,12.609999656677246,12.630000114440918,-0.0683347051335975,0.0039168135477814,0.7622121738725639,0.0804731089908986,0.6074131145406877,0.0616494270450209,0.4994188399259862,0.103572473253346,0.5559000000000001,0.1263000011444091,-0.2063121738725638,0.0458268921535105,-0.0515131145406876,0.0646505740993882,0.0564811600740138,0.0227275278910631,0,0,0,normal
2023-12-12,41253.41,42104.12,40680.0,41492.39,42722.69773,53.83,54.73,53.46,53.87,4618.2998046875,4643.93017578125,4608.08984375,4643.7001953125,3808380000,12.6899995803833,12.739999771118164,11.8100004196167,12.06999969482422,0.0057765033012788,0.0045888127956924,0.7579028823716345,0.0780449150372571,0.5563653556325961,0.061394000395982,0.4984279766767325,0.1007409195152875,0.5387,0.1206999969482422,-0.2192028823716345,0.0426550819109851,-0.0176653556325961,0.0593059965522602,0.0402720233232674,0.0199590774329547,0,0,0,normal
2023-12-13,41492.38,43475.2,40555.0,42869.03,45865.99773,53.87,54.77,52.95,53.46,4646.2001953125,4709.68994140625,4643.22998046875,4707.08984375,5063650000,12.199999809265137,12.460000038146973,11.81999969482422,12.1899995803833,0.0326396168808299,0.0135583451750198,0.6026653907738624,0.0894147900851614,0.5431759405650067,0.0792727720194353,0.5042559244450934,0.1045160079220274,0.5346,0.121899995803833,-0.0680653907738624,0.0324852057186716,-0.0085759405650067,0.0426272237843977,0.0303440755549065,0.0173839878818056,0,0,0,normal
2023-12-14,42869.03,43420.0,41400.0,43022.26,42047.05709,53.46,54.07,52.32,53.13,4721.0400390625,4738.56982421875,4694.33984375,4719.5498046875,6314040000,11.960000038146973,12.739999771118164,11.84000015258789,12.479999542236328,0.0035680023564587,0.0026435651851544,0.5142359883642463,0.0840933660188106,0.5437811790339259,0.0788846209334996,0.5022656059858782,0.1026633287618284,0.5313,0.1247999954223632,0.0170640116357536,0.0407066294035526,-0.0124811790339258,0.0459153744888636,0.0290343940141217,0.0221366666605348,0,0,0,normal
2023-12-15,43022.26,43080.81,41666.0,41940.3,33421.7932,53.13,54.9,52.53,54.15,4714.22998046875,4725.52978515625,4704.68994140625,4719.18994140625,8218980000,12.119999885559082,12.539999961853027,12.010000228881836,12.279999732971191,-0.0254704776409772,-7.625240044859478e-05,0.5312488051577575,0.0694904856988668,0.5564980235661078,0.0772272862985048,0.507526815990459,0.0925994817493957,0.5415,0.1227999973297119,0.0102511948422424,0.0533095116308451,-0.0149980235661077,0.0455727110312071,0.0339731840095409,0.0302005155803162,0,0,0,normal
2023-12-18,41374.64,42757.81,40542.93,42657.8,46734.0925,54.6,56.22,54.17,56.02,4725.580078125,4749.52001953125,4725.580078125,4740.56005859375,4060340000,12.619999885559082,12.640000343322754,12.399999618530272,12.5600004196167,0.0169629626314845,0.0045181222634005,0.5464610347324057,0.0668899215171641,0.5569251130205407,0.0772462970897142,0.5070367062779513,0.0907439382218241,0.5602,0.125600004196167,0.0137389652675943,0.0587100826790028,0.0032748869794593,0.0483537071064527,0.0531632937220487,0.0348560659743428,0,0,0,normal
2023-12-19,42657.8,43497.0,41811.1,42275.99,40927.86444,56.02,57.67,56.02,57.62,4743.72021484375,4768.68994140625,4743.72021484375,4768.3701171875,4026970000,12.600000381469728,12.600000381469728,12.329999923706056,12.529999732971191,-0.008990828549252,0.0058492674508189,0.5234465819041181,0.0669941298152082,0.561151894953072,0.0761378805546049,0.5090335907696436,0.0911081184970927,0.5761999999999999,0.1252999973297119,0.0527534180958818,0.0583058675145037,0.0150481050469278,0.049162116775107,0.0671664092303563,0.0341918788326192,0,0,0,normal
2023-12-20,42275.99,44283.0,42206.0,43668.93,48710.2947,57.62,58.86,56.99,58.1,4764.72998046875,4778.009765625,4697.81982421875,4698.35009765625,4201320000,12.630000114440918,13.93000030517578,12.289999961853027,13.670000076293944,0.0324175526446297,-0.0147931479653056,0.337813443330448,0.1370859114868993,0.5676920292211927,0.1081163621389665,0.5145830131389687,0.1046077077990996,0.581,0.1367000007629394,0.2431865566695519,-0.0003859107239598,0.0133079707788072,0.0285836386239729,0.0664169868610312,0.0320922929638398,0,0,0,normal
2023-12-21,43668.92,44242.35,43286.72,43861.8,34624.29384,57.24,59.09,57.24,58.63,4724.2900390625,4748.7099609375,4708.35009765625,4746.75,3431180000,13.399999618530272,14.489999771118164,13.34000015258789,13.649999618530272,0.0044069165684448,0.0102487693072718,0.3383136107829377,0.1449868219719873,0.5641241062457242,0.1126539547351007,0.514635127527561,0.1069778631059838,0.5863,0.1364999961853027,0.2479863892170623,-0.0084868257866845,0.0221758937542758,0.023846041450202,0.071664872472439,0.0295221330793189,0,0,0,normal
2023-12-22,43861.79,44398.26,43412.54,43969.04,32783.19638,58.63,59.04,56.86,57.24,4753.919921875,4772.93994140625,4736.77001953125,4754.6298828125,3046770000,13.720000267028809,13.960000038146973,13.0,13.029999732971191,0.0024419680670525,0.001658682152761,0.2908858118517842,0.1253016079519657,0.4546603970318975,0.1070789544692884,0.5101744296861568,0.1020599635964627,0.5724,0.1302999973297119,0.2815141881482158,0.0049983893777462,0.1177396029681025,0.0232210428604235,0.0622255703138432,0.0282400337332492,0,0,0,normal
2023-12-26,43576.12,43592.68,41637.6,42508.93,41010.04282,58.26,60.13,57.62,59.98,4758.85986328125,4784.72021484375,4758.4501953125,4774.75,2513910000,13.770000457763672,13.800000190734863,12.960000038146973,12.989999771118164,-0.0337715783805641,0.0042227610469785,0.3673808549865371,0.1262953487685624,0.429587820849111,0.1060533090440255,0.5219281901905953,0.0950402974572756,0.5998,0.1298999977111816,0.2324191450134629,0.0036046489426192,0.170212179150889,0.0238466886671561,0.0778718098094046,0.034859700253906,0,0,0,normal
2023-12-27,42508.93,43677.0,42098.69,43428.85,36191.21136,59.98,64.6,59.69,64.35,4773.4501953125,4785.39013671875,4768.89990234375,4781.580078125,2748450000,13.020000457763672,13.039999961853027,12.369999885559082,12.43000030517578,0.021409795298211,0.0014294356164229,0.3471879673246509,0.1257473062354502,0.4406685184217157,0.1014533874129281,0.5176788670337378,0.0945521509175005,0.6435,0.1243000030517578,0.296312032675349,-0.0014473031836923,0.2028314815782842,0.0228466156388296,0.1258211329662621,0.0297478521342573,0,0,0,normal
2023-12-28,43428.86,43787.57,42241.79,42563.76,35150.52485,64.35,64.94,62.5,63.75,4786.43994140625,4793.2998046875,4780.97998046875,4783.35009765625,2698860000,12.4399995803833,12.649999618530272,12.380000114440918,12.470000267028809,-0.0201207798082353,0.0003701061103271,0.3643171111151621,0.1245443412398964,0.4464149198000369,0.100191752503476,0.5151724527306797,0.0812636564076372,0.6375,0.124700002670288,0.2731828888848379,0.0001556614303916,0.191085080199963,0.024508250166812,0.1223275472693202,0.0434363462626508,0,0,0,normal
2023-12-29,42563.76,43111.0,41300.0,42066.95,42597.18912,63.75,64.26,61.38,62.5,4782.8798828125,4788.43017578125,4751.990234375,4769.830078125,3126060000,12.550000190734863,13.1899995803833,12.359999656677246,12.449999809265137,-0.0117407902387348,-0.0028304770367338,0.3674278485020325,0.1220438788554857,0.4368791313352536,0.1030167420006129,0.4882809450640052,0.0824901570898484,0.625,0.1244999980926513,0.2575721514979675,0.0024561192371656,0.1881208686647464,0.0214832560920384,0.1367190549359948,0.0420098410028029,0,0,0,normal
2024-01-02,44179.55,45879.63,44148.34,44946.91,65146.40661,66.81,68.04,63.73,63.75,4745.2001953125,4754.330078125,4722.669921875,4742.830078125,3743050000,13.220000267028809,14.229999542236328,13.100000381469728,13.199999809265137,0.0662196187498372,-0.0056766607997231,0.519800232469714,0.0807763641469329,0.4224499909204304,0.1083984060915551,0.4978174727937051,0.0853685132173436,0.6375,0.1319999980926513,0.1176997675302859,0.0512236339457184,0.2150500090795695,0.0236015920010962,0.1396825272062948,0.0466314848753077,0,0,0,normal
2024-01-03,44946.91,45500.0,40750.0,42845.23,81194.55173,63.75,67.12,62.13,65.17,4725.06982421875,4729.2900390625,4699.7099609375,4704.81005859375,3950760000,13.350000381469728,14.220000267028809,13.329999923706056,14.039999961853027,-0.0478876952125601,-0.0080486183271976,0.6061231828629386,0.0699583531267408,0.4806516983297555,0.1152234013187767,0.5224531779205862,0.0899188370045849,0.6517000000000001,0.1403999996185302,0.0455768171370614,0.0704416464917894,0.1710483016702445,0.0251765982997535,0.1292468220794138,0.0504811626139453,0,0,0,normal
2024-01-04,42845.23,44729.58,42613.77,44151.1,48038.06334,65.17,66.59,63.74,65.34,4697.419921875,4726.77978515625,4687.52978515625,4688.68017578125,3715480000,13.93000030517578,14.199999809265137,13.640000343322754,14.130000114440918,0.0300235215075549,-0.0034342716633174,0.6388982500175562,0.0676458594888855,0.4775680501439879,0.1007820161884999,0.5250487954759684,0.08911759144566,0.6534,0.1413000011444092,0.0145017499824438,0.0736541416555236,0.175831949856012,0.0405179849559092,0.1283512045240316,0.0521824096987491,0,0,0,normal
2024-01-05,44151.1,44357.46,42450.0,44145.11,48075.25327,65.34,68.25,65.27,67.64,4690.56982421875,4721.490234375,4682.10986328125,4697.240234375,3844370000,14.239999771118164,14.579999923706056,13.289999961853027,13.350000381469728,-0.0001356796630157,0.0018240216394339,0.5931558363448014,0.0594153503961972,0.477606599325704,0.1003803604981167,0.5016927310565215,0.0886725007598172,0.6764,0.1335000038146973,0.0832441636551986,0.0740846534185001,0.198793400674296,0.0331196433165805,0.1747072689434785,0.04482750305488,0,0,0,normal
2024-01-08,43929.01,47248.99,43175.0,46951.04,72814.57589,71.81,73.59,67.15,67.16,4703.7001953125,4764.5400390625,4699.81982421875,4763.5400390625,3742320000,14.0,14.18000030517578,13.020000457763672,13.079999923706056,0.0616231944947785,0.0140159454363531,0.6812821868076062,0.114963328788699,0.5219455863507806,0.1174482270232639,0.5143983236281578,0.0959143436083479,0.6716,0.1307999992370605,-0.0096821868076062,0.0158366704483615,0.1496544136492194,0.0133517722137966,0.1572016763718421,0.0348856556287126,0,0,0,normal
2024-01-09,46951.04,47972.0,44748.67,46110.0,69927.66617,67.16,67.48,63.68,64.17,4741.93017578125,4765.47021484375,4730.35009765625,4756.5,3529960000,13.199999809265137,13.449999809265137,12.739999771118164,12.760000228881836,-0.0180755104150301,-0.0014789938523175,0.6774402500309169,0.1148838388729291,0.5314447730145686,0.1163886944523532,0.5197315666977078,0.0962685251386534,0.6417,0.1276000022888183,-0.0357402500309168,0.0127161634158892,0.1102552269854314,0.0112113078364651,0.1219684333022922,0.0313314771501649,0,0,0,normal
2024-01-10,46110.0,47695.93,44300.36,46653.99,89911.41203,64.17,68.04,61.79,62.7,4759.93994140625,4790.7998046875,4756.2001953125,4783.4501953125,3498680000,12.859999656677246,12.949999809265137,12.670000076293944,12.6899995803833,0.0117286079638338,0.0056499806504959,0.6580807532642151,0.119765936631799,0.5277060562506929,0.1162054345352945,0.5166670187925759,0.0964804699901561,0.627,0.126899995803833,-0.0310807532642151,0.007134059172034,0.0992939437493071,0.0106945612685385,0.110332981207424,0.0304195258136769,0,0,0,normal
2024-01-11,46654.0,48969.48,45606.06,46339.16,87470.3296,62.7,63.25,57.3,57.3,4792.1298828125,4798.5,4739.580078125,4780.240234375,3759890000,12.640000343322754,13.3100004196167,12.350000381469728,12.4399995803833,-0.0067710622307292,-0.0006712808369611,0.5563356963985153,0.1126400737786604,0.517260516634339,0.0941846698155536,0.5177266621368722,0.0967007269738399,0.573,0.124399995803833,0.0166643036014846,0.0117599220251726,0.0557394833656609,0.0302153259882794,0.0552733378631277,0.0276992688299931,0,0,0,normal
2024-01-12,46339.16,46515.53,41500.0,42782.73,86327.93707,57.3,58.36,54.8,57.42,4791.18017578125,4802.39990234375,4768.97998046875,4783.830078125,3486340000,12.65999984741211,13.079999923706056,12.470000267028809,12.699999809265137,-0.0798528754667809,0.0007506937530339,0.6975504313763023,0.0932550554356331,0.6283357329876761,0.0847062397530345,0.5753797423811802,0.0964355813421438,0.5742,0.1269999980926513,-0.1233504313763023,0.0337449426570182,-0.054135732987676,0.0422937583396168,-0.0011797423811801,0.0305644167505075,0,0,0,normal
2024-01-16,42511.1,43578.01,42050.0,43137.95,45045.74589,56.2,56.5,54.0,55.16,4772.35009765625,4782.33984375,4747.1201171875,4765.97998046875,4260550000,14.119999885559082,14.350000381469728,13.520000457763672,13.84000015258789,0.008268603643684,-0.0037383190523568,0.6696029309128717,0.094065485255657,0.6295795679913262,0.0864215349461852,0.5750485411588518,0.0974605864899169,0.5516,0.1384000015258789,-0.1180029309128717,0.0443345162702219,-0.0779795679913262,0.0519784665796937,-0.0234485411588518,0.040939415035962,0,0,0,normal
2024-01-17,43137.94,43198.0,42200.69,42776.1,33266.21388,55.16,55.19,50.79,50.79,4739.1298828125,4744.22998046875,4714.81982421875,4739.2099609375,3928600000,14.59000015258789,15.399999618530272,14.380000114440918,14.789999961853027,-0.0084235847254326,-0.0056327312711078,0.6697958969129028,0.105691627699751,0.613259505242851,0.0875707366176859,0.5728041956258489,0.0985934511479919,0.5079,0.1478999996185303,-0.1618958969129027,0.0422083719187792,-0.1053595052428509,0.0603292630008443,-0.0649041956258489,0.0493065484705383,0,0,0,normal
2024-01-18,42776.09,42930.0,40683.28,41327.5,43907.51641,50.79,50.79,46.81,48.31,4760.10009765625,4785.7900390625,4740.56982421875,4780.93994140625,4019000000,14.850000381469728,14.890000343322754,13.890000343322754,14.130000114440918,-0.0344513974581589,0.0087667207262431,0.4972761254637264,0.0808880633142007,0.6219789710613277,0.0958962980371897,0.5317395601882113,0.0990955901628444,0.4831,0.1413000011444092,-0.0141761254637263,0.0604119378302084,-0.1388789710613276,0.0454037031072194,-0.0486395601882113,0.0422044109815647,0,0,0,normal
2024-01-19,41327.51,42196.86,40280.0,41659.03,48342.74559,48.3,48.7,45.9,48.04,4796.27978515625,4842.06982421875,4785.8701171875,4839.81005859375,4287200000,13.800000190734863,14.579999923706056,13.279999732971191,13.300000190734863,0.0079900138913296,0.0122383082325485,0.5216036455463517,0.1049402198374329,0.618881438961813,0.1091153967382471,0.5119594282836608,0.1036144914076597,0.4804,0.1330000019073486,-0.0412036455463517,0.0280597820699157,-0.138481438961813,0.0238846051691015,-0.0315594282836608,0.0293855104996889,0,0,0,normal
2024-01-22,41580.32,41689.65,39431.58,39568.02,55426.19911,47.82,49.04,47.24,48.98,4853.419921875,4868.41015625,4844.0498046875,4850.43017578125,4297610000,13.770000457763672,13.84000015258789,13.170000076293944,13.1899995803833,-0.0514969355984704,0.0021919211872316,0.5259958894752353,0.1025781532812208,0.6536015920550899,0.1079160439997125,0.5316866269773453,0.1021211159745484,0.4897999999999999,0.131899995803833,-0.0361958894752353,0.0293218425226122,-0.1638015920550899,0.0239839518041205,-0.0418866269773453,0.0297788798292846,0,0,0,normal
2024-01-23,39568.02,40176.74,38555.0,39897.6,57956.63351,48.98,53.2,46.88,49.59,4856.7998046875,4866.47998046875,4844.3701171875,4864.60009765625,3912800000,13.199999809265137,13.289999961853027,12.529999732971191,12.550000190734863,0.0082949554728822,0.0029171153407644,0.5532244157985882,0.1009193757447385,0.5736351611780064,0.103368908379127,0.5321833144546024,0.1006695586162157,0.4959,0.1255000019073486,-0.0573244157985881,0.0245806261626101,-0.0777351611780063,0.0221310935282216,-0.0362833144546024,0.0248304432911329,0,0,0,normal
2024-01-24,39897.59,40555.0,39484.19,40084.88,39293.82861,49.59,50.23,47.19,47.54,4888.56005859375,4903.68017578125,4865.93994140625,4868.5498046875,4330030000,12.65999984741211,13.18000030517578,12.40999984741211,13.140000343322754,0.0046830341411442,0.0008115989762168,0.3848627142419444,0.1008757107541209,0.5463978363094968,0.0933352181705217,0.528134710157463,0.1005181508338536,0.4754,0.1314000034332275,0.0905372857580555,0.0305242926791066,-0.0709978363094968,0.0380647852627058,-0.052734710157463,0.0308818525993739,0,0,0,normal
2024-01-25,40084.89,40300.24,39550.0,39961.09,31022.11853,47.54,47.71,44.6,45.01,4886.66015625,4898.14990234375,4869.33984375,4894.16015625,4020430000,13.18000030517578,13.579999923706056,13.0600004196167,13.449999809265137,-0.0030929751663039,0.0052465781349779,0.3687744260918166,0.091476702684394,0.5231030038146728,0.0899426891719243,0.4907827853384736,0.1008280389443066,0.4501,0.1344999980926513,0.0813255739081834,0.0430232954082573,-0.0730030038146727,0.044557308920727,-0.0406827853384735,0.0336719591483447,0,0,0,normal
2024-01-26,39961.09,42246.82,39822.52,41823.51,47384.96726,45.01,45.64,43.34,43.73,4888.91015625,4906.68994140625,4881.47021484375,4890.97021484375,3353400000,13.729999542236328,14.100000381469728,13.199999809265137,13.260000228881836,0.0455523909262842,-0.0006519977554263,0.502227778220246,0.0729259799539264,0.5688455102856546,0.0912087642743829,0.5088065553614929,0.1007594729540071,0.4372999999999999,0.1326000022888183,-0.064927778220246,0.0596740223348919,-0.1315455102856546,0.0413912380144354,-0.0715065553614929,0.0318405293348112,0,0,0,normal
2024-01-29,42031.05,43333.0,41804.88,43302.7,31542.74207,45.25,46.33,44.18,45.36,4892.9501953125,4929.31005859375,4887.39990234375,4927.93017578125,3525160000,13.979999542236328,15.350000381469728,13.59000015258789,13.600000381469728,0.0347563671107134,0.0075283655052462,0.4930358826731187,0.0702130622666303,0.5180459547243482,0.0792303949298786,0.5100124863086796,0.0960117410641235,0.4536,0.1360000038146973,-0.0394358826731187,0.065786941548067,-0.0644459547243482,0.0567696088848186,-0.0564124863086795,0.0399882627505737,0,0,0,normal
2024-01-30,43302.71,43882.36,42683.99,42941.1,37619.24546,45.36,47.29,45.25,46.91,4925.89013671875,4931.08984375,4916.27001953125,4924.97021484375,3836130000,13.6899995803833,13.739999771118164,13.229999542236328,13.3100004196167,-0.0083855794598922,-0.0006008303969786,0.5009209318179842,0.048279351098955,0.5152104938840717,0.0784759572736719,0.5105305695792534,0.0961446277691438,0.4690999999999999,0.133100004196167,-0.0318209318179842,0.0848206530972119,-0.0461104938840717,0.054624046922495,-0.0414305695792533,0.0369553764270231,0,0,0,normal
2024-01-31,42941.1,43745.11,42276.84,42580.0,39871.13688,46.91,47.19,45.77,45.79,4899.18994140625,4906.75,4845.14990234375,4845.64990234375,4696120000,13.420000076293944,14.609999656677246,13.18000030517578,14.350000381469728,-0.0084447497973837,-0.0162368517407336,0.340228130599737,0.122562044656198,0.5095258699795716,0.1099838894483317,0.5055278851381185,0.108893791434656,0.4579,0.1435000038146973,0.1176718694002629,0.0209379591584993,-0.0516258699795716,0.0335161143663655,-0.0476278851381185,0.0346062123800413,0,0,0,normal
2024-02-01,42580.0,43285.13,41884.28,43082.94,35231.04664,45.79,46.07,44.32,44.76,4861.10986328125,4906.97021484375,4853.52001953125,4906.18994140625,4386090000,14.210000038146973,14.630000114440918,13.869999885559082,13.880000114440918,0.0117424356196099,0.0124162861140497,0.3399266675361959,0.1439094825339504,0.5153743423663941,0.1198780359850947,0.50427583767203,0.1134946756357742,0.4476,0.1388000011444091,0.1076733324638041,-0.0051094813895412,-0.0677743423663941,0.0189219651593144,-0.0566758376720299,0.0253053255086349,0,0,0,normal
2024-02-02,43082.95,43488.0,42546.79,43200.0,29672.14418,44.76,45.25,42.27,42.41,4916.06005859375,4975.2900390625,4907.990234375,4958.60986328125,3974350000,13.949999809265137,14.229999542236328,13.390000343322754,13.850000381469728,0.0027134001651212,0.0106277707226331,0.3416584085575712,0.1544189488509467,0.3864812400386704,0.1253111597239279,0.5035362448242162,0.1160325153354358,0.4241,0.1385000038146973,0.0824415914424288,-0.0159189450362494,0.0376187599613295,0.0131888440907693,-0.0794362448242162,0.0224674884792614,0,0,0,normal
2024-02-05,42582.88,43569.76,42258.1,42708.7,29467.75905,42.69,43.34,41.78,42.37,4957.18994140625,4957.18994140625,4918.08984375,4942.81005859375,4023640000,14.369999885559082,14.529999732971191,13.579999923706056,13.670000076293944,-0.0114378486965022,-0.0031914247092839,0.3590264211209169,0.156670444959809,0.3880339821519426,0.1247984883545298,0.4955258242111904,0.1065293923321731,0.4236999999999999,0.1367000007629394,0.064673578879083,-0.0199704441968695,0.0356660178480573,0.0119015124084096,-0.0718258242111904,0.0301706084307663,0,0,0,normal
2024-02-06,42708.7,43399.98,42574.0,43098.95,24675.85433,42.37,43.58,41.83,42.87,4950.16015625,4957.77001953125,4934.8798828125,4954.22998046875,4440880000,13.56999969482422,13.779999732971191,12.979999542236328,13.0600004196167,0.0090959883104264,0.0023077459317481,0.2575661029010987,0.1560371219736362,0.3884056117799564,0.1190566714719746,0.4961351291062532,0.10342691436846,0.4286999999999999,0.130600004196167,0.1711338970989012,-0.0254371177774692,0.0402943882200435,0.0115433327241923,-0.0674351291062532,0.0271730898277069,0,0,0,normal
2024-02-07,43098.96,44396.5,42788.0,44349.6,34392.59915,42.87,44.09,41.81,43.82,4973.0498046875,4999.89013671875,4969.0498046875,4995.06005859375,4895590000,13.0600004196167,13.130000114440918,12.8100004196167,12.829999923706056,0.0286050546851993,0.0082076825940086,0.2279494323915806,0.1571274178622103,0.369992469104941,0.1185698215526998,0.5032655401657723,0.1052799831374457,0.4382,0.1282999992370605,0.2102505676084193,-0.0288274186251497,0.0682075308950589,0.0097301776843607,-0.0650655401657723,0.0230200160996148,0,0,0,normal
2024-02-08,44349.6,45614.3,44331.1,45288.65,45439.62231,43.82,46.07,43.81,44.91,4995.16015625,5000.39990234375,4987.08984375,4997.91015625,4341860000,12.949999809265137,13.170000076293944,12.739999771118164,12.789999961853027,0.0209527596700549,0.0005704205400905,0.232102704382942,0.1564900281527132,0.3760332501146363,0.1113053303630417,0.496023934925983,0.1050345777998778,0.4490999999999999,0.1278999996185302,0.2169972956170579,-0.0285900285341829,0.0730667498853636,0.0165946692554885,-0.046923934925983,0.0228654218186524,0,0,0,normal
2024-02-09,45288.66,48200.0,45242.12,47132.77,73503.481,44.91,48.67,44.74,47.79,5004.169921875,5030.06005859375,5000.33984375,5026.60986328125,3912990000,12.789999961853027,13.010000228881836,12.6899995803833,12.93000030517578,0.0399120635942179,0.0057259171287955,0.2699340204596488,0.089580244375242,0.296913919844979,0.1122471258692012,0.5050949154979358,0.1057372559289928,0.4779,0.1293000030517578,0.2079659795403511,0.0397197586765157,0.180986080155021,0.0170528771825565,-0.0271949154979358,0.0235627471227649,0,0,0,normal
2024-02-12,48300.0,50334.82,47710.01,49917.27,59009.96705,51.29,55.53,50.27,54.28,5026.830078125,5048.39013671875,5016.830078125,5021.83984375,3805740000,13.479999542236328,13.9399995803833,13.34000015258789,13.93000030517578,0.0573985222522949,-0.0009494041426524,0.3705186702962583,0.0799767011839978,0.3515120942098612,0.1131956444810009,0.5242286680607564,0.1059467140938677,0.5428000000000001,0.1393000030517578,0.1722813297037417,0.05932330186776,0.1912879057901388,0.0261043585707568,0.0185713319392436,0.03335328895789,0,0,0,normal
2024-02-13,49917.28,50368.61,48300.95,49699.59,55551.56706,54.56,55.31,52.1,52.19,4967.93994140625,4971.2998046875,4920.31005859375,4953.169921875,4302190000,13.960000038146973,17.940000534057617,13.43000030517578,15.850000381469728,-0.0043703514941825,-0.0137686094198454,0.3872881536725076,0.1134207926087944,0.3591789934177389,0.132156746255426,0.5225778896821025,0.1143506812551221,0.5219,0.1585000038146972,0.1346118463274924,0.0450792112059028,0.1627210065822611,0.0263432575592712,-0.0006778896821024,0.0441493225595751,0,0,0,normal
2024-02-14,49699.6,52043.71,49225.01,51795.17,57046.37401,52.19,56.44,51.72,55.13,4976.43994140625,5002.52001953125,4956.4501953125,5000.6201171875,3845600000,15.380000114440918,15.470000267028809,14.220000267028809,14.380000114440918,0.0413002181031989,0.0095341683042168,0.3327921383374183,0.1242992016000402,0.36432011687046,0.1358816802294753,0.5020282025268922,0.1148328315864495,0.5513,0.1438000011444092,0.2185078616625817,0.0195007995443689,0.18697988312954,0.0079183209149338,0.0492717974731078,0.0289671695579596,0,0,0,normal
2024-02-15,51795.17,52816.62,51314.0,51880.0,53816.03055,55.13,57.37,54.38,55.08,5003.14013671875,5032.72021484375,4999.43994140625,5029.72998046875,4137970000,14.270000457763672,14.640000343322754,13.9399995803833,14.010000228881836,0.0016364577734705,0.00580437267404,0.3525919290219225,0.1268083722439923,0.3484717721964396,0.1366243354675086,0.4768114182028389,0.1115171718946526,0.5508,0.1401000022888183,0.1982080709780774,0.013291630044826,0.2023282278035603,0.0034756668213097,0.073988581797161,0.0285828303941657,0,0,0,normal
2024-02-16,51880.01,52572.08,51566.0,52124.11,37772.25318,55.08,55.9,54.05,55.24,5031.1298828125,5038.7001953125,4999.52001953125,5005.56982421875,3833270000,13.9399995803833,14.710000038146973,13.75,14.239999771118164,0.0046942461844267,-0.004815043575961,0.3750419755638453,0.1247828106322068,0.3393077463571403,0.1369754795896338,0.4715182245222658,0.112195917814671,0.5524,0.1423999977111816,0.1773580244361547,0.0176171870789748,0.2130922536428597,0.0054245181215478,0.0808817754777341,0.0302040798965106,0,0,0,normal
2024-02-20,51774.74,52985.0,50760.37,52258.82,49614.47318,56.83,57.83,55.59,55.63,4989.31982421875,4993.7099609375,4955.02001953125,4975.509765625,4034880000,15.09000015258789,15.90999984741211,15.06999969482422,15.420000076293944,0.0025810747942387,-0.0060234264658172,0.3950721559776083,0.1303316923785165,0.3287832771402406,0.140187788539527,0.4713000687183216,0.1146898711416727,0.5563,0.1542000007629394,0.1612278440223917,0.0238683083844229,0.2275167228597594,0.0140122122234124,0.0849999312816784,0.0395101296212667,0,0,0,normal
2024-02-21,52258.82,52366.8,50625.0,51849.39,43079.40049,55.63,55.63,53.1,54.01,4963.02978515625,4983.2099609375,4946.0,4981.7998046875,3788390000,15.539999961853027,16.1200008392334,15.220000267028809,15.34000015258789,-0.0078655105264593,0.0012634014951035,0.4001911408703758,0.1237591989432979,0.3280241456782882,0.1168514291723646,0.4416521480590477,0.1088055948071058,0.5401,0.1534000015258789,0.1399088591296242,0.029640802582581,0.2120758543217118,0.0365485723535143,0.0984478519409523,0.0445944067187731,0,0,0,normal
2024-02-22,51849.38,52065.78,50940.78,51288.42,35309.44574,54.01,55.76,52.89,55.38,5038.830078125,5094.39013671875,5038.830078125,5087.02978515625,4051710000,14.279999732971191,14.640000343322754,14.119999885559082,14.539999961853027,-0.010878174198953,0.0209028886664034,0.2773488146986267,0.1819685808096534,0.3447465528286599,0.1355899533641363,0.4391093394767627,0.1220264056300681,0.5538000000000001,0.1453999996185302,0.2764511853013733,-0.0365685811911231,0.2090534471713401,0.0098100462543939,0.1146906605232374,0.0233735939884621,0,0,0,normal
2024-02-23,51288.42,51548.54,50521.0,50744.15,30545.79544,55.38,55.54,51.54,52.23,5100.919921875,5111.06005859375,5081.4599609375,5088.7998046875,3672790000,14.3100004196167,14.3100004196167,13.640000343322754,13.75,-0.010668655359765,0.0003478870265021,0.2875946059612502,0.147563574173062,0.3565480113694727,0.1306965801288856,0.440279922195329,0.1217058434134552,0.5223,0.1375,0.2347053940387498,-0.010063574173062,0.1657519886305273,0.0068034198711144,0.0820200778046709,0.0157941565865448,0,0,0,normal
2024-02-26,51728.85,54910.0,50901.44,54476.47,51256.72199,55.17,57.09,54.46,56.05,5093.0,5097.66015625,5068.91015625,5069.52978515625,3683930000,14.170000076293944,14.199999809265137,13.65999984741211,13.739999771118164,0.070972524980306,-0.0037939392446684,0.4581924607234735,0.1477040790873039,0.4196390018515494,0.1311713417956465,0.4813347108904842,0.1226482405840105,0.5605,0.1373999977111816,0.1023075392765264,-0.0103040813761222,0.1408609981484506,0.0062286559155351,0.0791652891095158,0.0147517571271711,0,0,0,normal
2024-02-27,54476.48,57588.15,54450.13,57037.34,67194.98562,56.05,62.57,56.05,58.36,5074.60009765625,5080.68994140625,5057.2900390625,5078.18017578125,3925950000,13.630000114440918,13.75,13.40999984741211,13.43000030517578,0.0459372757555132,0.0017048955387209,0.5097557139798381,0.1452446276676896,0.4343858901488707,0.1311517669718954,0.422182840826567,0.1225977502987905,0.5836,0.1343000030517578,0.0738442860201619,-0.0109446246159318,0.1492141098511293,0.0031482360798623,0.161417159173433,0.0117022527529672,0,0,0,normal
2024-02-28,57037.35,64000.0,56691.85,62432.1,118763.46984,58.36,73.6,54.99,67.76,5067.2001953125,5077.3701171875,5058.35009765625,5069.759765625,3789370000,13.520000457763672,13.899999618530272,13.4399995803833,13.84000015258789,0.0903734251045635,-0.0016595313211122,0.678578034654962,0.140766342195087,0.5271984497845206,0.1284084187317286,0.4826852160300032,0.12189972050164,0.6776000000000001,0.1384000015258789,-0.0009780346549619,-0.002366340669208,0.1504015502154795,0.0099915827941503,0.1949147839699969,0.0165002810242389,0,0,0,normal
2024-02-29,62432.11,63676.35,60364.7,61130.98,78425.07603,67.76,73.2,65.32,65.54,5085.35986328125,5104.990234375,5061.89013671875,5096.27001953125,5219740000,14.140000343322754,14.149999618530272,13.300000190734863,13.399999618530272,-0.0210607908615077,0.0052154704557999,0.7257125897099918,0.1302206121909285,0.5615776059858686,0.1295719161634578,0.4887564607036576,0.1199908367653992,0.6554000000000001,0.1339999961853027,-0.0703125897099916,0.0037793839943742,0.0938223940141315,0.0044280800218449,0.1666435392963425,0.0140091594199035,0,0,0,normal
2024-03-01,61130.99,63114.23,60777.0,62387.9,47737.93473,65.54,66.45,63.23,65.37,5098.509765625,5140.330078125,5094.16015625,5137.080078125,4748110000,13.34000015258789,13.65999984741211,13.079999923706056,13.109999656677246,0.0203525709953411,0.0079759364333879,0.695400459456878,0.1317580644112244,0.555191446742444,0.1313699191826973,0.469002338268981,0.1196488469791293,0.6537000000000001,0.1310999965667724,-0.0417004594568779,-0.0006580678444519,0.098508553257556,-0.0002699226159248,0.184697661731019,0.0114511495876431,0,0,0,normal
2024-03-04,63113.97,68499.0,62300.0,68245.71,84835.16005,71.71,78.68,70.73,74.81,5130.990234375,5149.669921875,5127.18017578125,5130.9501953125,4758440000,13.489999771118164,13.579999923706056,13.31999969482422,13.489999771118164,0.0897432286306717,-0.001193974574963,0.7298710735120896,0.0654074246387575,0.611497896375154,0.1314642828231914,0.5176413505037002,0.1163337841636792,0.7481,0.1348999977111816,0.0182289264879104,0.0694925730724241,0.136602103624846,0.0034357148879902,0.2304586494962998,0.0185662135475024,0,0,0,normal
2024-03-05,68245.71,69000.0,59005.0,63724.01,132696.7813,74.81,77.17,73.14,73.19,5110.52001953125,5114.5400390625,5056.81982421875,5078.64990234375,4418410000,13.75,15.100000381469728,13.75,14.460000038146973,-0.0685531603092363,-0.0102454062759179,0.9505915824811916,0.0954003440833549,0.7173152078999775,0.1241607762689869,0.5390161443977003,0.1215731042753952,0.7319,0.1446000003814697,-0.2186915824811915,0.0491996562981148,0.0145847921000225,0.0204392241124828,0.1928838556022997,0.0230268961060745,0,0,0,normal
2024-03-06,63724.01,67641.1,62779.14,66074.04,78738.85491,73.19,77.52,70.88,74.85,5108.02978515625,5127.97021484375,5092.22021484375,5104.759765625,4559050000,14.270000457763672,14.93000030517578,13.890000343322754,14.5,0.0362145168030425,0.0051279328530016,0.913728639436268,0.0966294704127248,0.714397796070523,0.1201746334869359,0.541667348467589,0.1219601284029697,0.7484999999999999,0.145,-0.1652286394362681,0.0483705295872751,0.0341022039294769,0.024825366513064,0.2068326515324109,0.0230398715970302,0,0,0,normal
2024-03-07,66074.04,67980.0,65551.0,66823.17,53059.8869,74.85,75.08,69.68,69.68,5132.3798828125,5165.6201171875,5128.2099609375,5157.35986328125,4137980000,14.979999542236328,14.979999542236328,14.25,14.4399995803833,0.0112739452488642,0.0102514022849836,0.908120277767028,0.1117161689249196,0.7114418054142857,0.1246788054595543,0.5407205508207896,0.1244685508246866,0.6968000000000001,0.144399995803833,-0.2113202777670279,0.0326838268789134,-0.0146418054142856,0.0197211903442787,0.1560794491792104,0.0199314449791464,0,0,0,normal
2024-03-08,66823.18,69990.0,66082.66,68124.19,74261.932842,69.68,76.0,68.52,71.87,5164.4599609375,5189.259765625,5117.5,5123.68994140625,4208870000,14.220000267028809,15.529999732971191,13.970000267028809,14.739999771118164,0.0192824863151763,-0.0065499229920503,0.7759045149874639,0.122193122896581,0.7088086053433635,0.1266618673804257,0.537361231025046,0.1264102054734342,0.7187,0.1473999977111816,-0.0572045149874639,0.0252068748146006,0.0098913946566364,0.0207381303307559,0.181338768974954,0.0209897922377474,0,0,0,normal
2024-03-11,68955.88,72800.0,67024.96,72078.1,75292.825726,80.12,85.28,77.26,83.02,5111.9599609375,5124.66015625,5091.14013671875,5117.93994140625,3896430000,15.510000228881836,16.040000915527344,15.130000114440918,15.220000267028809,0.0564178903477524,-0.0011228682680281,0.7745599144245089,0.1200226827493024,0.7211497450906497,0.1225340423028767,0.5431325995185589,0.1264881028362388,0.8301999999999999,0.152200002670288,0.055640085575491,0.0321773199209856,0.1090502549093502,0.0296659603674113,0.2870674004814411,0.0257118998340492,0,0,0,normal
2024-03-12,72078.1,73000.0,68620.82,71452.01,68783.546691,83.02,83.03,76.37,78.08,5134.2998046875,5179.8701171875,5114.47998046875,5175.27001953125,4080510000,14.970000267028809,15.199999809265137,13.8100004196167,13.84000015258789,-0.0087242178114949,0.011139512586668,0.7988415454774747,0.1293220328295543,0.7218702752111646,0.1283826359759379,0.5461864851370957,0.1283992180553456,0.7807999999999999,0.1384000015258789,-0.0180415454774747,0.0090779686963246,0.0589297247888352,0.010017365549941,0.2346135148629042,0.0100007834705333,0,0,0,normal
2024-03-13,71452.0,73650.25,71333.31,73072.41,52659.711647,78.08,81.86,77.19,77.5,5173.490234375,5179.14013671875,5151.8798828125,5165.31005859375,4282890000,13.890000343322754,14.039999961853027,13.670000076293944,13.75,0.0224248317904923,-0.0019263840021219,0.6351385531631412,0.1299309517546523,0.7052946878713122,0.0988501691096769,0.5411696555346821,0.1286567779673207,0.775,0.1375,0.1398614468368588,0.0075690482453477,0.0697053121286878,0.0386498308903231,0.2338303444653179,0.0088432220326793,0,0,0,normal
2024-03-14,73072.4,73777.0,68555.0,71388.94,71757.628746,77.5,77.9,73.09,74.58,5175.14013671875,5176.85009765625,5123.2998046875,5150.47998046875,4687970000,13.619999885559082,15.329999923706056,13.420000076293944,14.399999618530272,-0.023307911945009,-0.0028752210514951,0.4236175648364318,0.109107224564462,0.7196761566325703,0.1002555653966846,0.5490711346897568,0.1179532843027168,0.7458,0.1439999961853027,0.3221824351635682,0.0348927716208407,0.0261238433674296,0.0437444307886181,0.1967288653102432,0.0260467118825859,0,0,0,normal
2024-03-15,71388.94,72419.71,65600.0,69499.85,103334.03546,74.58,78.25,73.22,76.7,5123.31005859375,5136.85986328125,5104.35009765625,5117.08984375,7753670000,14.329999923706056,15.529999732971191,14.140000343322754,14.40999984741211,-0.0268183610911704,-0.0065040228597376,0.4654570150240442,0.1171546981065589,0.7165408730655077,0.103307400898927,0.5635989232308729,0.1162150778385512,0.767,0.144099998474121,0.3015429849759558,0.0269453003675621,0.0504591269344922,0.040792597575194,0.2034010767691271,0.0278849206355698,0,0,0,normal
2024-03-18,68393.47,68956.0,66565.2,67609.99,55691.08088,75.93,77.81,73.26,74.08,5154.77001953125,5175.60009765625,5145.47021484375,5149.419921875,4036220000,14.75,14.850000381469728,14.260000228881836,14.329999923706056,-0.0275688410995748,0.0062981842384804,0.5076834802363855,0.1048717690171815,0.7275669485977908,0.10600479916599,0.5764612521304016,0.11388274926586,0.7408,0.1432999992370605,0.2331165197636144,0.038428230219879,0.0132330514022092,0.0372952000710705,0.1643387478695984,0.0294172499712005,0,0,0,normal
2024-03-19,67610.0,68124.11,61555.0,61937.4,101005.32487,74.08,76.61,71.35,76.61,5139.08984375,5180.31005859375,5131.58984375,5178.509765625,4031760000,14.5,14.859999656677246,13.800000190734863,13.81999969482422,-0.0876315556373349,0.0056332530443431,0.7149063392462488,0.0993161920817091,0.7482271041073194,0.1069756473973356,0.6449732072163086,0.113758255413971,0.7661,0.1381999969482422,0.0511936607537512,0.0388838048665331,0.0178728958926805,0.0312243495509065,0.1211267927836914,0.0244417415342712,0,0,0,normal
2024-03-20,61937.41,68100.0,60775.0,67840.51,90420.58592,76.61,79.78,75.28,77.73,5181.68994140625,5226.18994140625,5171.5498046875,5224.6201171875,4064850000,13.829999923706056,14.170000076293944,13.010000228881836,13.039999961853027,0.0910353115859427,0.0088647655163601,0.8705389687872092,0.106005894776793,0.8348444724937397,0.1104848633491184,0.6838834870723448,0.1157070788484333,0.7773,0.1303999996185302,-0.0932389687872091,0.0243941048417372,-0.0575444724937397,0.0199151362694118,0.0934165129276551,0.0146929207700969,0,0,0,normal
2024-03-21,67840.51,68240.47,64529.01,65501.27,53357.48002,77.73,78.12,74.29,75.26,5253.43017578125,5261.10009765625,5240.66015625,5241.52978515625,4207730000,12.979999542236328,13.079999923706056,12.399999618530272,12.920000076293944,-0.0350899773778561,0.0032313090945288,0.8848814017128606,0.089702757691909,0.8511973845816855,0.1071064041020987,0.6977467460134411,0.1141906100266799,0.7526,0.1292000007629394,-0.1322814017128605,0.0394972430710304,-0.0985973845816854,0.0220935966608407,0.0548532539865589,0.0150093907362595,0,0,0,normal
2024-03-22,65501.28,66649.62,62260.0,63796.64,51482.37821,75.26,75.55,71.72,72.46,5242.47998046875,5246.08984375,5229.8701171875,5234.18017578125,3374700000,12.920000076293944,13.149999618530272,12.579999923706056,13.0600004196167,-0.0263690073790988,-0.0014031718343267,0.8519963171543209,0.0888363698291146,0.7608455125667444,0.1072096728861536,0.7064839814822947,0.1144889325807239,0.7245999999999999,0.130600004196167,-0.1273963171543209,0.0417636343670523,-0.0362455125667444,0.0233903313100133,0.0181160185177051,0.016111071615443,0,0,0,normal
2024-03-25,67210.0,71150.0,66385.06,69880.01,53431.14486,72.62,77.0,72.45,76.25,5219.52001953125,5229.08984375,5216.08984375,5218.18994140625,3331360000,13.670000076293944,13.670000076293944,13.109999656677246,13.1899995803833,0.0910791039811927,-0.0030596403820319,1.0767164777276874,0.0892579267958515,0.8019401186136997,0.0957744161729201,0.7392202453958873,0.1145290112343033,0.7625,0.131899995803833,-0.3142164777276874,0.0426420690079815,-0.0394401186136997,0.0361255796309129,0.0232797546041126,0.0173709845695297,1,0,1,stress
2024-03-26,69880.0,71561.1,69280.0,69988.0,38934.38417,76.25,76.63,75.13,75.39,5228.85009765625,5235.16015625,5203.419921875,5203.580078125,3871790000,13.119999885559082,13.43000030517578,12.84000015258789,13.239999771118164,0.0015441704140665,-0.0028037219828057,1.0637929824193149,0.0765398050749081,0.7905194226929112,0.0965589541467337,0.7277893550041115,0.1149632776101918,0.7539,0.1323999977111816,-0.3098929824193148,0.0558601926362735,-0.0366194226929111,0.0358410435644479,0.0261106449958885,0.0174367201009898,0,0,0,normal
2024-03-27,69987.99,71769.54,68359.18,69469.99,49119.35685,75.39,76.52,74.11,75.78,5226.31005859375,5249.259765625,5213.919921875,5248.490234375,3850500000,13.130000114440918,13.34000015258789,12.65999984741211,12.779999732971191,-0.0074289380246216,0.008593595582706,1.0478198684577666,0.0824665032334351,0.7912162633572757,0.093820290780953,0.728414067358636,0.1077290836760564,0.7578,0.1277999973297119,-0.2900198684577666,0.0453334940962768,-0.0334162633572756,0.0339797065487589,0.029385932641364,0.0200709136536555,0,0,0,normal
2024-03-28,69469.99,71552.06,68903.62,70780.6,35439.03239,75.78,77.25,75.57,76.53,5248.02978515625,5264.85009765625,5245.81982421875,5254.35009765625,3998270000,12.93000030517578,13.100000381469728,12.84000015258789,13.010000228881836,0.018690091094532,0.0011158627007616,0.8292263167926068,0.0801922230893035,0.790980632726558,0.0868421587867018,0.7232143654923561,0.1053013990572425,0.7653,0.1301000022888183,-0.0639263167926068,0.0499077791995148,-0.025680632726558,0.0432578435021165,0.0420856345076439,0.0247986032315758,0,0,0,normal
2024-04-01,71280.0,71288.23,68062.86,69649.8,41445.32039,76.64,76.83,73.49,73.81,5257.97021484375,5263.9501953125,5229.2001953125,5243.77001953125,3325930000,13.609999656677246,14.149999618530272,13.550000190734863,13.649999618530272,-0.0161051231309507,-0.0020156145269577,0.6731657613379428,0.0669990838645592,0.7545709440387739,0.0875044242254856,0.7269030976945002,0.105059191048307,0.7381,0.1364999961853027,0.0649342386620571,0.0695009123207435,-0.0164709440387739,0.0489955719598171,0.0111969023054997,0.0314408051369957,0,0,0,normal
2024-04-02,69649.81,69674.23,64550.0,65463.99,71799.82793,73.81,75.34,73.58,74.37,5204.2900390625,5208.33984375,5184.0498046875,5205.81005859375,3886590000,13.739999771118164,15.43000030517578,13.68000030517578,14.609999656677246,-0.0619796082519771,-0.0072653882036724,0.7529499960837079,0.0778916142462565,0.7958557173369926,0.0839270692225629,0.7560865523291426,0.106546122042466,0.7437,0.1460999965667724,-0.0092499960837079,0.0682083823205159,-0.0521557173369925,0.0621729273442095,-0.0123865523291425,0.0395538745243064,1,0,1,stress
2024-04-03,65463.99,66903.63,64493.07,65963.28,39887.21778,74.38,74.72,72.15,72.45,5194.3701171875,5228.75,5194.3701171875,5211.490234375,3703250000,15.0,15.18000030517578,14.25,14.329999923706056,0.0075980030930285,0.0010905275233378,0.730386348221785,0.0787507001897164,0.7879462464792886,0.0832653099524807,0.755937209926731,0.1042632555272175,0.7245,0.1432999992370605,-0.005886348221785,0.0645492990473441,-0.0634462464792885,0.0600346892845798,-0.0314372099267309,0.039036743709843,1,0,1,stress
2024-04-04,65963.27,69309.91,65064.52,68487.79,41510.48453,72.45,72.73,69.99,72.31,5244.0498046875,5256.58984375,5146.06005859375,5147.2099609375,4075680000,14.289999961853027,16.920000076293945,13.739999771118164,16.350000381469727,0.0375572576425187,-0.0124110356192622,0.4985607619530873,0.1061400498227155,0.8060976692502154,0.0993372129615261,0.7592330269340856,0.1118408333072918,0.7231000000000001,0.1635000038146972,0.2245392380469127,0.0573599539919817,-0.0829976692502153,0.0641627908531711,-0.0361330269340854,0.0516591705074054,1,0,1,stress
2024-04-05,68487.8,68756.67,65952.56,67820.62,37915.23073,72.31,73.54,71.68,71.96,5158.9501953125,5222.18017578125,5157.2099609375,5204.33984375,3386780000,16.450000762939453,16.75,15.529999732971191,16.030000686645508,-0.0097892027031338,0.0110380501356995,0.4989788741086606,0.1310652160762245,0.799539921153975,0.1049496699537636,0.758988340300395,0.0996434017860809,0.7195999999999999,0.160300006866455,0.2206211258913393,0.0292347907902305,-0.079939921153975,0.0553503369126914,-0.039388340300395,0.0606566050803741,1,0,1,stress
2024-04-08,69360.38,72797.99,69043.24,71620.0,45723.87624,77.43,79.77,74.72,76.25,5211.3701171875,5219.56982421875,5197.35009765625,5202.39013671875,3278180000,16.239999771118164,16.5,15.109999656677246,15.1899995803833,0.0545080860685175,-0.0003747011900415,0.6097646653460275,0.1166851432254374,0.823624139047585,0.1024645767882255,0.7675365671229554,0.0996913650517527,0.7625,0.151899995803833,0.1527353346539725,0.0352148525783956,-0.061124139047585,0.0494354190156075,-0.0050365671229554,0.0522086307520803,1,0,1,stress
2024-04-09,71620.0,71758.19,68210.0,69146.0,39293.90242,76.25,76.3,73.68,73.69,5217.02978515625,5224.81005859375,5160.77978515625,5209.91015625,3400680000,15.34000015258789,16.6299991607666,14.9399995803833,14.979999542236328,-0.0351541533965402,0.0014444494736345,0.641361264192565,0.1169824580087424,0.7357079050259877,0.1000935073617714,0.7576298126191331,0.0987748863563009,0.7369,0.1497999954223632,0.095538735807435,0.0328175374136208,0.0011920949740122,0.0497064880605918,-0.020729812619133,0.0510251090660623,1,0,1,stress
2024-04-10,69146.0,71172.08,67518.0,70631.08,42006.02377,73.69,74.1,72.12,72.32,5167.8798828125,5178.43017578125,5138.7001953125,5160.64013671875,3845930000,15.239999771118164,16.6200008392334,14.59000015258789,15.800000190734863,0.0212500630830319,-0.0095019818322125,0.6492436602921782,0.1273068139777833,0.6355344994747234,0.1004289359410381,0.7502155502364708,0.1032315018579613,0.7232,0.1580000019073486,0.0739563397078217,0.0306931879295653,0.0876655005252765,0.0575710659663105,-0.0270155502364708,0.0547685000493873,1,0,1,stress
2024-04-11,70631.08,71305.89,69567.21,70006.23,31917.25595,72.32,72.36,68.23,68.42,5172.9501953125,5211.77978515625,5138.77001953125,5199.06005859375,3509380000,16.020000457763672,17.610000610351562,14.90999984741211,14.90999984741211,-0.0088860361676844,0.0074172219833424,0.4875086716098885,0.1335018100561618,0.6145652573115099,0.105207337941905,0.7085027000727436,0.1048919064890149,0.6842,0.1490999984741211,0.1966913283901115,0.0155981884179592,0.0696347426884901,0.043892660532216,-0.0243027000727436,0.0442080919851061,0,0,0,normal
2024-04-12,70006.22,71227.46,65086.86,67116.52,56072.86229,68.42,68.76,65.71,66.94,5171.509765625,5175.02978515625,5107.93994140625,5123.41015625,3963220000,14.90999984741211,19.200000762939453,14.90999984741211,17.309999465942383,-0.0421540247116934,-0.0146575878022485,0.5788537470049436,0.1583131660022528,0.6334193649642924,0.121050580359383,0.7175187963482326,0.1131742700554924,0.6694,0.1730999946594238,0.0905462529950563,0.014786828657171,0.0359806350357075,0.0520494143000408,-0.0481187963482325,0.0599257246039314,0,0,0,normal
2024-04-15,65661.85,66867.07,62274.4,63419.99,52389.53069,71.99,72.97,68.4,70.48,5149.669921875,5168.43017578125,5052.47021484375,5061.81982421875,3950210000,16.940000534057617,19.459999084472656,16.260000228881836,19.229999542236328,-0.0566511019461772,-0.0120941957874591,0.6139737614700136,0.1574838628080565,0.541446378102138,0.12906970201232,0.7359152924201966,0.1160677754333572,0.7048000000000001,0.1922999954223632,0.0908262385299865,0.0348161326143067,0.163353621897862,0.0632302934100433,-0.0311152924201965,0.076232219989006,1,0,1,stress
2024-04-16,63419.99,64365.0,61600.0,63793.39,53435.29331,70.48,73.61,70.38,70.88,5064.58984375,5079.83984375,5039.830078125,5051.41015625,4006200000,19.489999771118164,19.559999465942383,17.639999389648438,18.399999618530273,0.0058704685364765,-0.0020586245275039,0.6223836086756992,0.1272938045751786,0.5430673988030605,0.1290378497402376,0.6860358857570653,0.1161402501249784,0.7088,0.1839999961853027,0.0864163913243007,0.0567061916101241,0.1657326011969394,0.0549621464450651,0.0227641142429346,0.0678597460603243,0,0,0,normal
2024-04-17,63793.4,64499.0,59678.16,61277.37,50610.54509,70.88,71.79,67.83,70.72,5068.97021484375,5077.9599609375,5007.25,5022.2099609375,3596130000,18.239999771118164,19.11000061035156,17.540000915527344,18.209999084472656,-0.0402389732109262,-0.0057973750760041,0.455099908461737,0.1244675966770622,0.5615413444071924,0.1200049481657993,0.6668975609338778,0.1135913811276037,0.7071999999999999,0.1820999908447265,0.2521000915382629,0.0576323941676643,0.1456586555928075,0.0620950426789272,0.0403024390661221,0.0685086097171228,0,0,0,normal
2024-04-18,61277.38,64117.09,60803.35,63470.08,43601.60918,70.72,71.22,67.89,69.98,5031.52001953125,5056.66015625,5001.89013671875,5011.1201171875,3619760000,17.90999984741211,18.3700008392334,17.209999084472656,18.0,0.0351580069988131,-0.0022106017004853,0.5559301147287369,0.1182524286165057,0.5812618321322753,0.1185347720752196,0.666387890928833,0.1124893624651594,0.6998000000000001,0.18,0.1438698852712632,0.0617475713834942,0.1185381678677247,0.0614652279247803,0.033412109071167,0.0675106375348405,0,0,0,normal
2024-04-19,63470.09,65450.0,59600.01,63818.01,69774.30271,69.98,73.06,68.88,70.4,5005.43994140625,5019.02001953125,4953.56005859375,4967.22998046875,3878750000,21.329999923706055,21.36000061035156,18.170000076293945,18.709999084472656,0.0054668251605374,-0.0087971296540569,0.5230973104740796,0.1173370550554902,0.5824816060684262,0.120491218297177,0.6656448153538722,0.1100169812775294,0.7040000000000001,0.1870999908447265,0.1809026895259204,0.0697629357892363,0.1215183939315738,0.0666087725475495,0.0383551846461278,0.0770830095671971,0,0,0,normal
2024-04-22,64941.15,67232.35,64500.0,66819.32,31397.99371,72.05,72.06,69.1,69.37,4987.330078125,5038.83984375,4969.39990234375,5010.60009765625,3820250000,18.59000015258789,18.719999313354492,16.690000534057617,16.940000534057617,0.0459568213668705,0.008693351156839,0.638536548688557,0.1233152470764679,0.561930870938943,0.1303900772926238,0.6772812137148297,0.1124813188246873,0.6937000000000001,0.1694000053405761,0.055163451311443,0.0460847582641082,0.1317691290610571,0.0390099280479523,0.0164187862851703,0.0569186865158888,0,0,0,normal
2024-04-23,66819.32,67183.01,65765.81,66414.0,22599.90004,69.37,69.42,64.11,64.16,5028.85009765625,5076.1201171875,5027.9599609375,5070.5498046875,3751400000,16.719999313354492,16.760000228881836,15.6899995803833,15.6899995803833,-0.0060843826514526,0.011893566567722,0.5890771710302709,0.1402087229864748,0.5620338742356445,0.1438832770825415,0.6553935674913648,0.1182773277027249,0.6416,0.156899995803833,0.052522828969729,0.0166912728173582,0.0795661257643554,0.0130167187212915,-0.0137935674913648,0.0386226681011081,0,0,0,normal
2024-04-24,66414.0,67070.43,63606.06,64289.59,33595.69637,64.16,66.04,62.39,62.44,5084.85986328125,5089.47998046875,5047.02001953125,5071.6298828125,3656740000,15.760000228881836,16.3799991607666,15.579999923706056,15.970000267028809,-0.0325101568509029,0.0002129873779329,0.5061235771689764,0.1189114107524335,0.5509542263045205,0.1358498519705532,0.6608872119389565,0.113217337250565,0.6244,0.159700002670288,0.1182764228310235,0.0407885919178545,0.0734457736954794,0.0238501506997348,-0.0364872119389565,0.046482665419723,0,0,0,normal
2024-04-25,64289.58,65297.94,62794.0,64498.34,31341.46338,62.44,62.44,57.82,59.29,5019.8798828125,5057.75,4990.580078125,5048.419921875,3958050000,16.25,17.549999237060547,15.270000457763672,15.369999885559082,0.0032417662557915,-0.0045869342701194,0.5055127746612667,0.1219261981112853,0.5513114030153453,0.1245918848403594,0.6566681056926562,0.1137344239334005,0.5929,0.1536999988555908,0.0873872253387333,0.0317738007443055,0.0415885969846546,0.0291081140152314,-0.0637681056926562,0.0399655749221903,0,0,0,normal
2024-04-26,64498.33,64820.01,63297.48,63770.01,27085.19346,59.29,59.43,54.23,55.12,5084.64990234375,5114.6201171875,5073.14013671875,5099.9599609375,3604140000,15.489999771118164,16.059999465942383,14.920000076293944,15.029999732971191,-0.0113564698957138,0.0101573813323253,0.4291157718551079,0.1279596811897586,0.4834069889024754,0.1351071299077786,0.6545500281060844,0.1178296824265108,0.5512,0.1502999973297119,0.1220842281448921,0.0223403161399533,0.0677930110975246,0.0151928674219333,-0.1033500281060844,0.0324703149032011,0,0,0,normal
2024-04-29,63118.62,64228.35,61765.53,63866.0,28150.22947,56.79,56.92,55.09,55.33,5114.1298828125,5123.490234375,5088.64990234375,5116.169921875,3447450000,15.369999885559082,15.420000076293944,14.630000114440918,14.670000076293944,0.0015041212600919,0.0031734080766393,0.3763331115593079,0.124197111521834,0.4687160504885205,0.1360138790566968,0.6510184216621386,0.1167556671393714,0.5533,0.1467000007629394,0.1769668884406921,0.0225028892411054,0.0845839495114795,0.0106861217062426,-0.0977184216621386,0.029944333623568,0,0,0,normal
2024-04-30,63866.0,64734.0,59191.6,60672.0,54947.65535,55.33,62.84,52.22,59.81,5103.77978515625,5110.830078125,5035.31005859375,5035.68994140625,4082470000,14.81999969482422,15.899999618530272,14.670000076293944,15.649999618530272,-0.051304831768252,-0.0158555511189281,0.4856145576839581,0.1555366022790139,0.4885862515672239,0.145765216346994,0.6623953910884293,0.1238034400518199,0.5981000000000001,0.1564999961853027,0.1124854423160419,0.0009633939062888,0.1095137484327761,0.0107347798383087,-0.0642953910884291,0.0326965561334828,0,0,0,normal
2024-05-01,60672.01,60841.63,56552.82,58364.97,81166.46823,59.81,63.57,58.29,61.22,5029.02978515625,5096.1201171875,5013.4501953125,5018.39013671875,4544170000,15.75,16.219999313354492,14.350000381469728,15.390000343322754,-0.0387664255347442,-0.0034413534856316,0.3402512109088097,0.1504148805916164,0.5024989458909296,0.1396794421070776,0.6224707016912441,0.1225283182652357,0.6122,0.1539000034332275,0.2719487890911902,0.0034851228416111,0.1097010541090703,0.0142205613261499,-0.0102707016912441,0.0313716851679918,0,0,0,normal
2024-05-02,58364.97,59625.0,56911.84,59060.61,47583.81961,61.22,62.23,55.84,56.77,5049.31982421875,5073.2099609375,5011.0498046875,5064.2001953125,4381660000,15.140000343322754,16.09000015258789,14.600000381469728,14.68000030517578,0.0118483236441381,0.0090870247250848,0.3837878349729779,0.1419739899983695,0.4939031717202192,0.1359827682392773,0.5586887933509166,0.1226861434010984,0.5677,0.1468000030517578,0.183912165027022,0.0048260130533883,0.0737968282797807,0.0108172348124805,0.0090112066490833,0.0241138596506594,0,0,0,normal
2024-05-03,59060.6,63333.0,58811.32,62882.01,43628.40143,56.77,57.08,54.3,55.88,5122.77978515625,5139.1201171875,5101.22021484375,5127.7900390625,3924990000,14.510000228881836,14.579999923706056,13.479999542236328,13.489999771118164,0.0626959085169651,0.012478557659508,0.5896374180972034,0.1611722021470577,0.5295871605410268,0.1364892949612461,0.5836712499827378,0.1282831131086633,0.5588000000000001,0.1348999977111816,-0.0308374180972033,-0.026272204435876,0.0292128394589732,-0.0015892972500644,-0.0248712499827377,0.0066168846025183,0,0,0,normal
2024-05-06,64012.0,65500.0,62700.0,63165.19,34674.91949,58.65,59.08,55.56,55.57,5142.419921875,5181.0,5142.419921875,5180.740234375,3683250000,13.979999542236328,14.020000457763672,13.4399995803833,13.489999771118164,0.004493245013495,0.0102731736912478,0.5902558030794113,0.1619774499337167,0.5292927022397489,0.1412099014643305,0.5790156898415174,0.1321568951041752,0.5557,0.1348999977111816,-0.0345558030794113,-0.027077452222535,0.026407297760251,-0.0063099037531488,-0.0233156898415174,0.0027431026070064,0,0,0,normal
2024-05-07,63165.18,64422.41,62261.0,62312.08,25598.79472,55.57,56.04,53.72,53.76,5187.2001953125,5200.22998046875,5178.9599609375,5187.7001953125,3987890000,13.520000457763672,13.640000343322754,13.15999984741211,13.229999542236328,-0.0135980507937309,0.0013425282288256,0.5917426195752624,0.1557231718606656,0.502091036269178,0.1369424478289461,0.5108862021783628,0.1319860504200575,0.5376,0.1322999954223633,-0.0541426195752624,-0.0234231764383023,0.035508963730822,-0.0046424524065828,0.0267137978216371,0.0003139450023057,0,0,0,normal
2024-05-08,62312.07,63020.22,60888.0,61193.03,26121.19004,53.76,55.49,52.28,55.43,5168.97998046875,5191.9501953125,5165.85986328125,5187.669921875,3842100000,13.239999771118164,13.510000228881836,12.9399995803833,13.0,-0.0181220133351202,-5.835635193424912e-06,0.5967406604125941,0.1562589860616432,0.4827426000197667,0.1358448862141312,0.5122692815687805,0.1317544706024811,0.5543,0.13,-0.042440660412594,-0.0262589860616432,0.0715573999802333,-0.0058448862141312,0.0420307184312195,-0.0017544706024811,0,0,0,normal
2024-05-09,61193.03,63429.03,60630.0,63074.01,30660.8061,55.43,55.48,52.15,52.17,5189.02978515625,5215.2998046875,5180.41015625,5214.080078125,3727370000,13.079999923706056,13.289999961853027,12.68000030517578,12.6899995803833,0.0302755046599091,0.0050780326391067,0.5347592370792105,0.0939443535938645,0.5018834183103902,0.1259227529592331,0.5219451151983239,0.1301221315295207,0.5217,0.126899995803833,-0.0130592370792104,0.0329556422099685,0.0198165816896098,0.0009772428445999,-0.0002451151983238,-0.0032221357256876,0,0,0,normal
2024-05-10,63074.0,63469.13,60187.12,60799.99,36529.34025,52.17,55.02,50.76,54.27,5225.490234375,5239.66015625,5209.68017578125,5222.68017578125,3617900000,12.770000457763672,12.960000038146973,12.5,12.550000190734863,-0.036719174305045,0.0016480400801667,0.527728952921664,0.0784903160588192,0.4742712618830699,0.1237809676328138,0.5264198446856811,0.1301787097843623,0.5427000000000001,0.1255000019073486,0.014971047078336,0.0470096858485294,0.0684287381169301,0.0017190342745348,0.0162801553143189,-0.0046787078770136,0,0,0,normal
2024-05-13,61484.0,63450.0,60749.21,62940.08,32733.41839,54.52,57.73,54.4,56.13,5233.080078125,5237.259765625,5211.16015625,5221.419921875,4255710000,13.260000228881836,13.65999984741211,13.25,13.600000381469728,0.0345935381888247,-0.0002413331738652,0.5555208897614066,0.0814834068736889,0.5057236928070833,0.1173454085114858,0.5375710387221578,0.1300653731180768,0.5613,0.1360000038146973,0.0057791102385934,0.0545165969410084,0.0555763071929167,0.0186545953032114,0.0237289612778421,0.0059346306966204,0,0,0,normal
2024-05-14,62940.09,63118.36,61142.77,61577.49,29088.72041,56.13,57.09,55.61,56.23,5221.10009765625,5250.3701171875,5217.97998046875,5246.68017578125,4763580000,13.710000038146973,14.029999732971191,13.270000457763672,13.420000076293944,-0.0218867810086137,0.004826148527454,0.4304387291744487,0.0594469227042765,0.4959624295701764,0.1175437710500631,0.5115186268346055,0.1290282051553124,0.5623,0.1342000007629394,0.1318612708255513,0.0747530780586629,0.0663375704298236,0.0166562297128763,0.0507813731653945,0.005171795607627,0,0,0,normal
2024-05-15,61577.49,66444.16,61319.47,66206.5,43559.74719,56.23,60.82,55.67,58.61,5263.259765625,5311.759765625,5263.259765625,5308.14990234375,4360810000,13.729999542236328,13.9399995803833,12.380000114440918,12.449999809265137,0.0724822637554475,0.0116478277872996,0.6280546576368605,0.0664087391627159,0.5909667883238989,0.118945904790485,0.5548724254736704,0.1331794785405247,0.5861,0.1244999980926513,-0.0419546576368605,0.0580912589299354,-0.0048667883238989,0.0055540933021663,0.0312275745263295,-0.0086794804478733,0,0,0,normal
2024-05-16,66206.51,66752.01,64602.77,65235.21,31106.3671,58.61,58.72,57.24,57.49,5310.06982421875,5325.490234375,5296.18994140625,5297.10009765625,3817470000,12.520000457763672,12.670000076293944,12.329999923706056,12.420000076293944,-0.0147792915907175,-0.002083837474088,0.6296973234682736,0.0737922763766545,0.5926275350153485,0.1171558790027428,0.5448325284349436,0.1276525297592215,0.5749,0.1242000007629394,-0.0547973234682735,0.0504077243862849,-0.0177275350153485,0.0070441217601966,0.0300674715650564,-0.003452528996282,0,0,0,normal
2024-05-17,65235.21,67451.2,65106.38,67024.0,26292.23409,57.49,57.67,54.81,55.26,5303.10009765625,5305.4501953125,5283.58984375,5303.27001953125,3578120000,12.279999732971191,12.479999542236328,11.90999984741211,11.989999771118164,0.0270514103613143,0.0011640956878937,0.6134861855387008,0.0721180768847047,0.6023603608012053,0.1173115488950919,0.5504670474589569,0.1240329080677848,0.5526,0.1198999977111816,-0.0608861855387008,0.0477819208264769,-0.0497603608012052,0.0025884488160897,0.002132952541043,-0.0041329103566031,0,0,0,normal
2024-05-20,66274.0,71515.56,66060.31,71446.62,50816.7011,57.32,61.94,56.76,61.94,5305.35009765625,5325.31982421875,5302.39990234375,5308.1298828125,3420100000,12.270000457763672,12.59000015258789,12.06999969482422,12.149999618530272,0.0638998332439847,0.0009159703084911,0.6825345239824858,0.0717636402309781,0.5976544995790548,0.0827488310743125,0.5592102470347275,0.1239986718634993,0.6194,0.1214999961853027,-0.0631345239824858,0.0497363559543246,0.0217455004209451,0.0387511651109902,0.0601897529652724,-0.0024986756781965,0,0,0,normal
2024-05-21,71446.62,71979.0,69162.94,70148.34,49607.4336,61.94,62.13,58.18,58.59,5298.68994140625,5324.31982421875,5297.8701171875,5321.41015625,3662240000,12.300000190734863,12.5600004196167,11.84000015258789,11.859999656677246,-0.0183384547582277,0.0024987497668926,0.6275589603843689,0.0714936715644174,0.5698709218564627,0.0763103286904189,0.5521243756682107,0.1240934518759351,0.5859000000000001,0.1185999965667724,-0.0416589603843687,0.047106325002355,0.0160290781435373,0.0422896678763535,0.0337756243317893,-0.0054934553091626,0,0,0,normal
2024-05-22,70148.34,70666.0,68842.19,69166.62,27673.18026,58.59,59.7,55.95,56.8,5319.27978515625,5323.18017578125,5286.009765625,5307.009765625,3847130000,12.050000190734863,12.8100004196167,11.779999732971191,12.289999961853027,-0.0140937663868154,-0.0027097912093521,0.6490368211782781,0.0770420927537184,0.5815163411794247,0.0780227820214422,0.5500693463872511,0.1207548722951196,0.568,0.1228999996185302,-0.0810368211782781,0.0458579068648118,-0.0135163411794247,0.044877217597088,0.0179306536127488,0.0021451273234106,0,0,0,normal
2024-05-23,69166.62,70096.12,66312.16,67969.65,40513.17374,56.8,56.86,53.16,53.18,5340.259765625,5341.8798828125,5256.93017578125,5267.83984375,3869520000,11.529999732971191,13.369999885559082,11.520000457763672,12.770000457763672,-0.0174570942889185,-0.0074081622834719,0.6393721556519623,0.0935478191177644,0.5422513278622034,0.0785139763910699,0.55173634881017,0.1214788481266518,0.5318,0.1277000045776367,-0.1075721556519622,0.0341521854598723,-0.0104513278622033,0.0491860281865668,-0.0199363488101699,0.0062211564509849,0,0,0,normal
2024-05-24,67969.66,69250.0,66600.12,68549.99,28095.83664,53.18,53.29,51.0,52.29,5281.4501953125,5311.64990234375,5278.39013671875,5304.72021484375,3005510000,12.859999656677246,12.890000343322754,11.890000343322754,11.93000030517578,0.0085019781146903,0.0069766490766732,0.4923874320002719,0.0720552409908412,0.542365561516668,0.0727535844100958,0.5382592650196708,0.1140739011509866,0.5229,0.1193000030517578,0.0305125679997281,0.0472447620609166,-0.019465561516668,0.0465464186416619,-0.0153592650196707,0.0052261019007711,0,0,0,normal
2024-05-28,69436.43,69591.81,67277.91,68398.39,32622.97042,53.91,55.85,52.89,54.76,5315.91015625,5315.91015625,5280.89013671875,5306.0400390625,3751540000,12.510000228881836,13.4399995803833,12.359999656677246,12.920000076293944,-0.0022139737896068,0.0002487709068859,0.4767441874895547,0.0706938628347662,0.5365748392423825,0.0730021828847167,0.5102476775897022,0.1070026347739898,0.5476,0.1292000007629394,0.0708558125104452,0.0585061379281732,0.0110251607576175,0.0561978178782227,0.0373523224102977,0.0221973659889496,0,0,0,normal
2024-05-29,68398.4,68935.68,67124.65,67652.42,23159.83149,54.76,55.13,52.85,53.24,5278.72998046875,5282.27001953125,5262.7001953125,5266.9501953125,3552750000,13.75,14.31999969482422,13.6899995803833,14.279999732971191,-0.0109661600050804,-0.0073943172157425,0.4631745127770816,0.0834913193142856,0.5309990437654386,0.0823109676122387,0.5116182069365512,0.1096597208150862,0.5324,0.1427999973297119,0.0692254872229183,0.0593086780154263,0.0014009562345613,0.0604890297174732,0.0207817930634487,0.0331402765146257,0,0,0,normal
2024-05-30,67652.41,69500.0,67128.0,68352.17,28478.2184,53.24,53.57,52.13,53.27,5259.77001953125,5260.2099609375,5222.10009765625,5235.47998046875,3818750000,14.81999969482422,14.880000114440918,13.670000076293944,14.470000267028809,0.0102901846853451,-0.0059929575357541,0.1903777443332877,0.0871083615571754,0.5208121027802995,0.0852450800321741,0.4961294673910025,0.1097725636698046,0.5327000000000001,0.1447000026702881,0.3423222556667123,0.0575916411131127,0.0118878972197005,0.059454922638114,0.0365705326089975,0.0349274390004834,0,0,0,normal
2024-05-31,68352.17,69044.1,66670.0,67540.01,26690.32184,53.27,53.27,50.23,51.99,5243.2099609375,5280.330078125,5191.68017578125,5277.509765625,5437160000,14.5,14.869999885559082,12.84000015258789,12.920000076293944,-0.0119531480022309,0.0079958242319288,0.176827746622225,0.1036271337228789,0.4914445585823193,0.0912447471342451,0.4888598649236589,0.1108469020302394,0.5199,0.1292000007629394,0.343072253377775,0.0255728670400605,0.0284554414176807,0.0379552536286943,0.0310401350763411,0.0183530987327,0,0,0,normal
2024-06-03,67765.62,70288.0,67612.48,68809.9,29633.374,51.11,53.78,50.9,52.77,5297.14990234375,5302.10986328125,5234.31982421875,5283.39990234375,4046920000,13.079999923706056,14.3100004196167,13.0,13.109999656677246,0.0186274669183731,0.0011154602235352,0.2143666776049687,0.103802222059504,0.4788959302055687,0.0911416792350159,0.4911368516716856,0.1062989563019493,0.5277000000000001,0.1310999965667724,0.3133333223950313,0.0272977745072684,0.0488040697944313,0.0399583173317565,0.0365631483283144,0.0248010402648231,0,0,0,normal
2024-06-04,68809.89,71063.45,68567.32,70537.84,29619.78489,51.71,54.77,51.52,53.95,5278.240234375,5298.7998046875,5257.6298828125,5291.33984375,3707900000,13.510000228881836,14.079999923706056,13.109999656677246,13.15999984741211,0.0248016734785851,0.0015016810037827,0.2256014728959776,0.0925474160413898,0.4662971437160213,0.0893999580938226,0.4785406511454834,0.1044243929045222,0.5395,0.1315999984741211,0.3138985271040224,0.0390525824327313,0.0732028562839786,0.0422000403802984,0.0609593488545165,0.0271756055695989,0,0,0,normal
2024-06-05,70537.83,71758.0,70383.66,71108.0,28703.18082,53.95,57.13,53.94,55.62,5314.47998046875,5354.16015625,5297.64013671875,5354.02978515625,3591460000,13.140000343322754,13.25,12.600000381469728,12.630000114440918,0.0080505446456613,0.0117780158499572,0.2253483434004258,0.1093264174379483,0.3678864050092741,0.0897128296502797,0.478269083657389,0.1043279957651135,0.5562,0.1263000011444091,0.3308516565995742,0.0169735837064608,0.1883135949907259,0.0365871714941294,0.077930916342611,0.0219720053792956,0,0,0,normal
2024-06-06,71108.0,71700.0,70117.64,70799.06,21842.00449,55.62,55.72,51.81,51.87,5357.7998046875,5362.35009765625,5335.35986328125,5352.9599609375,3609990000,12.75,12.979999542236328,12.539999961853027,12.579999923706056,-0.0043541242850611,-0.0001998366016368,0.2286606007182934,0.1095442596922773,0.3595293895968598,0.0889672729061793,0.4673096711651832,0.1043898661528122,0.5186999999999999,0.1257999992370605,0.2900393992817065,0.0162557395447832,0.1591706104031401,0.0368327263308812,0.0513903288348167,0.0214101330842483,0,0,0,normal
2024-06-07,70799.06,71997.02,68420.0,69355.6,35598.45045,51.87,54.27,50.02,50.02,5343.81005859375,5375.080078125,5331.330078125,5346.990234375,3692760000,12.6899995803833,13.079999923706056,12.109999656677246,12.220000267028809,-0.0205988304548735,-0.001115842050279,0.2616997714533959,0.0941065151363772,0.361880392443157,0.0892864886266809,0.4723786119945756,0.1030203070158315,0.5002,0.122200002670288,0.238500228546604,0.0280934875339108,0.1383196075568429,0.0329135140436071,0.0278213880054243,0.0191796956544565,0,0,0,normal
2024-06-10,69648.15,70195.94,69172.29,69540.0,17122.66941,51.79,52.16,50.79,50.88,5341.22021484375,5365.7900390625,5331.52001953125,5360.7900390625,3622280000,13.09000015258789,13.279999732971191,12.619999885559082,12.739999771118164,0.0026552332592109,0.0025775299782409,0.2574176345071711,0.0750649127040012,0.2292360481499802,0.0896827649706645,0.4705697472316272,0.1000502157755469,0.5088,0.1273999977111816,0.2513823654928289,0.0523350850071804,0.2795639518500198,0.0377172327405171,0.0382302527683728,0.0273497819356347,0,0,0,normal
2024-06-11,69540.0,69590.01,66051.0,67314.24,41436.01588,50.88,53.05,50.44,52.49,5353.0,5375.9501953125,5327.25,5375.31982421875,3568030000,12.850000381469728,13.470000267028809,12.779999732971191,12.850000381469728,-0.0325303224150299,0.0027067148552095,0.3262238732155765,0.0677542049212296,0.2553457860499951,0.0897676900222689,0.4816472951121495,0.0999981076214465,0.5249,0.1285000038146972,0.1986761267844235,0.0607457988934676,0.2695542139500049,0.0387323137924283,0.0432527048878505,0.0285018961932507,0,0,0,normal
2024-06-12,67314.23,69999.0,66905.0,68263.99,37175.32356,52.49,53.9,50.51,50.56,5409.1298828125,5447.25,5409.1298828125,5421.02978515625,3962840000,13.100000381469728,13.149999618530272,11.9399995803833,12.039999961853027,0.0140105905794903,0.0084677202418873,0.3158794198751583,0.0748689318285602,0.2593687376969461,0.0939192747278412,0.455622308415308,0.0870086586077021,0.5056,0.1203999996185302,0.1897205801248417,0.04553106778997,0.2462312623030539,0.026480724890689,0.049977691584692,0.0333913410108281,0,0,0,normal
2024-06-13,68263.98,68449.3,66251.78,66773.01,29079.55571,50.56,50.65,48.57,49.23,5441.93017578125,5441.93017578125,5402.509765625,5433.740234375,3530380000,12.050000190734863,12.68000030517578,11.880000114440918,11.9399995803833,-0.0220834377646717,0.0023419114371167,0.2770495150424927,0.0740099449342008,0.2657446276745922,0.084603335732294,0.4444662430754582,0.0851970142556386,0.4922999999999999,0.119399995803833,0.2152504849575072,0.0453900508696322,0.2265553723254077,0.034796660071539,0.0478337569245417,0.0342029815481944,0,0,0,normal
2024-06-14,66773.01,67370.24,65078.0,66043.99,28408.18797,49.23,49.87,47.45,48.56,5424.080078125,5432.39013671875,5403.75,5431.60009765625,3438650000,12.220000267028809,13.449999809265137,12.119999885559082,12.65999984741211,-0.010977921824138,-0.0003939382809974,0.2537693239311933,0.051455160940272,0.2647103268228093,0.0823096537012182,0.4461012559323972,0.0833849649096977,0.4856,0.1265999984741211,0.2318306760688067,0.0751448375338491,0.2208896731771907,0.0442903447729028,0.0394987440676028,0.0432150335644234,0,0,0,normal
2024-06-17,66676.86,67298.81,65130.0,66504.33,27386.16851,47.9,49.55,47.9,48.81,5431.10986328125,5488.5,5420.39990234375,5473.22998046875,3447840000,13.06999969482422,13.289999961853027,12.5,12.75,0.0069460231686521,0.0076351643723205,0.2736438173793803,0.0580830913922756,0.2678438143445212,0.0857012030752737,0.4098506756728881,0.0793488260860687,0.4881,0.1275,0.2144561826206197,0.0694169086077244,0.2202561856554788,0.0417987969247263,0.0782493243271119,0.0481511739139313,0,0,0,normal
2024-06-18,66504.33,66588.23,64060.0,65175.32,42350.10244,48.81,50.52,48.33,50.06,5476.14990234375,5490.3798828125,5471.31982421875,5487.02978515625,3544330000,12.699999809265137,12.739999771118164,12.239999771118164,12.300000190734863,-0.0201861886584316,0.0025181541815171,0.2729156365551692,0.0503935045272795,0.2765381613103543,0.0736214196586189,0.4146894395054945,0.07556267203864,0.5006,0.1230000019073486,0.2276843634448308,0.0726064973800691,0.2240618386896457,0.0493785822487297,0.0859105604945055,0.0474373298687086,0,0,0,normal
2024-06-20,64974.37,66482.94,64559.15,64869.99,24265.29031,48.6,49.39,48.28,48.28,5499.990234375,5505.52978515625,5455.56005859375,5473.169921875,3847060000,12.5,13.550000190734863,12.18000030517578,13.279999732971191,-0.0046957565950971,-0.0025291273954115,0.2632583047911441,0.0629042202640088,0.2701651547701801,0.0666230058010805,0.4127561555466595,0.0766428496811736,0.4828,0.1327999973297119,0.2195416952088559,0.0698957770657031,0.2126348452298199,0.0661769915286314,0.0700438444533405,0.0561571476485383,0,0,0,normal
2024-06-21,64869.99,65066.66,63379.35,64143.56,25993.56442,48.28,48.4,46.25,47.11,5466.77001953125,5478.31005859375,5452.02978515625,5464.6201171875,6773800000,13.220000267028809,13.779999732971191,12.989999771118164,13.199999809265137,-0.0112614167598417,-0.0015633517188252,0.2126368902108408,0.0685970735670676,0.2697729172545025,0.06553991825139,0.4104173383270658,0.0770908211669452,0.4711,0.1319999980926513,0.2584631097891592,0.0634029245255837,0.2013270827454975,0.0664600798412613,0.0606826616729342,0.0549091769257061,0,0,0,normal
2024-06-24,63210.01,63369.8,58402.0,60293.3,52161.35414,49.32,53.06,49.13,50.96,5459.580078125,5490.66015625,5447.58984375,5447.8701171875,3696750000,13.850000381469728,13.880000114440918,13.149999618530272,13.329999923706056,-0.0619027098619157,-0.0030698791558664,0.3455179386982386,0.0597693529182145,0.3461883252228205,0.0695240630216085,0.4402603250563665,0.0776342606800828,0.5096,0.1332999992370605,0.1640820613017614,0.073530646318846,0.1634116747771795,0.063775936215452,0.0693396749436335,0.0556657385569777,0,0,0,normal
2024-06-25,60293.3,62420.0,60257.06,61806.01,31189.24361,50.96,50.97,47.82,48.14,5460.72998046875,5472.8798828125,5446.56005859375,5469.2998046875,3591960000,13.479999542236328,13.520000457763672,12.84000015258789,12.84000015258789,0.0247796224774557,0.0039258736791813,0.4258350992451185,0.0622930027330004,0.346146058898872,0.0698191894462758,0.4335429050950808,0.0779616837912891,0.4814,0.1284000015258789,0.0555649007548815,0.0661069987928785,0.1352539411011279,0.0585808120796031,0.0478570949049191,0.0504383177345898,0,0,0,normal
2024-06-26,61806.01,62487.81,60712.0,60864.99,22485.66463,48.14,48.14,46.66,47.05,5460.7099609375,5483.14013671875,5451.8701171875,5477.89990234375,3563920000,12.8100004196167,13.239999771118164,12.369999885559082,12.550000190734863,-0.0153424763626781,0.0015711962247204,0.4266117527947283,0.0616489497710032,0.3373504684457143,0.0549931037286949,0.4235072118809214,0.0777789853415475,0.4705,0.1255000019073486,0.0438882472052716,0.0638510521363454,0.1331495315542856,0.0705068981786537,0.0469927881190785,0.0477210165658011,0,0,0,normal
2024-06-27,60864.98,62389.22,60606.63,61706.47,18344.28631,47.05,48.07,46.58,47.94,5473.58984375,5490.81005859375,5467.5400390625,5482.8701171875,3589530000,12.6899995803833,12.770000457763672,12.210000038146973,12.239999771118164,0.0137306550868014,0.000906909856799,0.4407515699564547,0.0424313045404016,0.3527453163238651,0.054475821067776,0.4209017633994161,0.0771929099904635,0.4794,0.1223999977111816,0.0386484300435452,0.07996869317078,0.1266546836761349,0.0679241766434056,0.0584982366005839,0.0452070877207181,0,0,0,normal
2024-06-28,61706.46,62225.31,60063.0,60427.84,24821.19255,47.94,47.98,44.38,45.4,5488.47998046875,5523.64013671875,5451.1201171875,5460.47998046875,7199220000,12.239999771118164,12.760000228881836,11.869999885559082,12.4399995803833,-0.0209388617515131,-0.0040920134623695,0.441454751018557,0.0459867866781301,0.3529496504258156,0.0587658927316192,0.3645555782254955,0.072491749191193,0.4539999999999999,0.124399995803833,0.0125452489814429,0.0784132091257029,0.1010503495741843,0.0656341030722138,0.0894444217745044,0.05190824661264,0,0,0,normal
2024-07-01,62772.01,63861.76,62497.2,62899.99,24547.10538,45.44,45.45,43.76,44.71,5471.080078125,5479.5498046875,5446.52978515625,5475.08984375,3488760000,12.979999542236328,13.260000228881836,12.100000381469728,12.220000267028809,0.0400960788250724,0.0026719909814295,0.5386031364610061,0.0478164451453845,0.4098139623088531,0.0588008173430827,0.3834111602554288,0.0720753608904306,0.4471,0.122200002670288,-0.0915031364610061,0.0743835575249035,0.0372860376911469,0.0633991853272054,0.0636888397445711,0.0501246417798574,0,0,0,normal
2024-07-02,62900.0,63288.83,61806.28,62135.47,18573.11875,44.71,44.81,42.29,42.33,5461.83984375,5509.68994140625,5458.43017578125,5509.009765625,3329950000,12.670000076293944,12.880000114440918,11.850000381469728,12.029999732971191,-0.0122290033197398,0.006176205771185,0.5391514312341088,0.0582571470542809,0.3942137294526678,0.061932126119018,0.3750577258560131,0.0735616513808173,0.4233,0.1202999973297119,-0.1158514312341087,0.062042850275431,0.0290862705473322,0.0583678712106939,0.0482422741439869,0.0467383459488946,0,0,0,normal
2024-07-03,62135.46,62285.94,59400.0,60208.58,32160.11127,41.41,45.88,41.23,45.36,5507.43994140625,5539.27001953125,5507.419921875,5537.02001953125,2179470000,12.130000114440918,12.229999542236328,11.949999809265137,12.09000015258789,-0.0315021343281225,0.0050715622695336,0.4212847432960312,0.0537610872953167,0.3973392643215536,0.0562079032253558,0.3270907578894981,0.0743700236572623,0.4536,0.1209000015258789,0.0323152567039687,0.0671389142305622,0.0562607356784464,0.0646920983005231,0.1265092421105019,0.0465299778686166,0,0,0,normal
2024-07-05,57050.02,57546.0,53485.93,56628.79,81348.24756,47.53,54.86,47.53,48.98,5537.91015625,5570.330078125,5531.6298828125,5567.18994140625,3253080000,12.369999885559082,12.609999656677246,11.84000015258789,12.479999542236328,-0.0612973539452982,0.0054339743609695,0.5134131415422841,0.0563534764123761,0.4533158720008686,0.0585737841228605,0.3632116866073722,0.0752260050767133,0.4897999999999999,0.1247999954223632,-0.0236131415422841,0.0684465190099871,0.0364841279991313,0.0662262112995027,0.1265883133926277,0.0495739903456499,0,0,0,normal
2024-07-08,55857.81,58236.73,54260.16,56714.62,48090.2049,50.99,53.54,50.4,51.03,5572.75,5583.10986328125,5562.509765625,5572.85009765625,3185670000,12.90999984741211,12.90999984741211,12.3100004196167,12.369999885559082,0.0015145126903458,0.0010161824764044,0.519417380852815,0.0568480689076753,0.456823868975504,0.0578826319161034,0.3634307146909283,0.0741797501269072,0.5103,0.1236999988555908,-0.0091173808528149,0.0668519299479155,0.053476131024496,0.0658173669394874,0.1468692853090716,0.0495202487286836,0,0,0,normal
2024-07-09,56714.61,58296.0,56289.45,58050.0,27732.20788,51.03,52.16,50.04,50.05,5584.240234375,5590.75,5574.56982421875,5576.97998046875,3232920000,12.479999542236328,12.609999656677246,12.350000381469728,12.510000228881836,0.0232726823228449,0.0007407974780654,0.5405226697197569,0.0570464469229501,0.4740971380650892,0.0515299032603298,0.371944875334291,0.0691413846985473,0.5005,0.1251000022888183,-0.0400226697197569,0.0680535553658682,0.0264028619349107,0.0735700990284885,0.1285551246657089,0.055958617590271,0,0,0,normal
2024-07-10,58050.0,59470.0,57157.79,57725.85,24951.73799,50.05,50.21,48.45,48.69,5591.259765625,5635.39013671875,5586.43994140625,5633.91015625,3336100000,12.510000228881836,12.920000076293944,12.390000343322754,12.850000381469728,-0.0055996280225802,0.0101563148781058,0.5337597170182394,0.0524920020867796,0.4718839178966968,0.0636707841045281,0.3696498293962602,0.071735244160326,0.4869,0.1285000038146972,-0.0468597170182394,0.0760080017279176,0.0150160821033031,0.0648292197101691,0.1172501706037398,0.0567647596543712,0,0,0,normal
2024-07-11,57725.85,59650.0,57050.0,57339.89,29761.05735,48.69,49.2,48.14,48.54,5635.2099609375,5642.4501953125,5576.52978515625,5584.5400390625,4020950000,12.880000114440918,13.329999923706056,12.229999542236328,12.920000076293944,-0.0067085380495201,-0.0088016499692667,0.4247699830441753,0.0960434422280396,0.4716325397789928,0.0763941391387541,0.3695079826288726,0.0781698463874858,0.4854,0.1292000007629394,0.0606300169558247,0.0331565585348998,0.0137674602210072,0.0528058616241853,0.1158920173711274,0.0510301543754536,0,0,0,normal
2024-07-12,57339.89,58526.68,56542.47,57889.1,23652.4569,48.54,48.54,46.14,46.32,5590.759765625,5655.56005859375,5590.43994140625,5615.35009765625,3700280000,12.869999885559082,12.890000343322754,12.109999656677246,12.460000038146973,0.009532569171711,0.0055018640249651,0.4464212149713853,0.0951369226070459,0.4777518350302315,0.0768910217072484,0.3718242685643353,0.0739465637316364,0.4632,0.1246000003814697,0.0167787850286146,0.0294630777744238,-0.0145518350302314,0.0477089786742213,0.0913757314356646,0.0506534366498333,0,0,0,normal
2024-07-15,60797.91,64900.0,60632.3,64724.14,38690.9782,49.3,54.56,48.89,54.52,5638.16015625,5666.93994140625,5614.75,5631.22021484375,3620470000,12.779999732971191,13.260000228881836,12.75,13.119999885559082,0.1116051273224259,0.0028222164233526,0.8242792873975779,0.0937603095184965,0.6348434777082324,0.0734296246504631,0.5017401847690683,0.0698255437538382,0.5452,0.1311999988555908,-0.2790792873975779,0.0374396893370943,-0.0896434777082323,0.0577703742051277,0.0434598152309316,0.0613744551017526,0,0,0,normal
2024-07-16,64724.06,65388.97,62373.24,65043.99,42530.52915,54.52,56.54,54.13,56.49,5644.08984375,5669.669921875,5639.02001953125,5667.2001953125,4041760000,13.380000114440918,13.470000267028809,12.949999809265137,13.1899995803833,0.0049295716554446,0.0063690499714532,0.6624633628783484,0.0951840236262061,0.6284481327633796,0.0751482390785897,0.5011623192054019,0.0688509083969447,0.5649000000000001,0.131899995803833,-0.0975633628783483,0.0367159721776269,-0.0635481327633795,0.0567517567252433,0.0637376807945981,0.0630490874068883,0,0,0,normal
2024-07-17,65044.0,66128.63,63854.0,64087.99,29567.52954,56.49,62.85,56.49,58.28,5610.06982421875,5622.490234375,5584.81005859375,5588.27001953125,4246450000,13.600000381469728,14.880000114440918,13.539999961853027,14.479999542236328,-0.0148068273440296,-0.0140254415236455,0.6881179820958836,0.1383286830393908,0.6281384112196335,0.1030096643832493,0.4989994980510065,0.0836509095847949,0.5828,0.1447999954223632,-0.1053179820958836,0.0064713123829724,-0.0453384112196335,0.0417903310391139,0.0838005019489934,0.0611490858375683,0,0,0,normal
2024-07-18,64087.99,65133.3,63238.48,63987.92,22568.7225,58.28,58.3,55.87,57.1,5608.56005859375,5614.0498046875,5522.81005859375,5544.58984375,4007510000,14.270000457763672,16.43000030517578,14.079999923706056,15.93000030517578,-0.0015626673332034,-0.00784711214535,0.6954036238846483,0.1467660043201778,0.6267471646715325,0.1103003477511509,0.4923305816283796,0.0882693417112459,0.5710000000000001,0.1593000030517578,-0.1244036238846482,0.0125339987315799,-0.0557471646715324,0.0489996553006068,0.0786694183716204,0.0710306613405118,0,0,0,normal
2024-07-19,63987.92,67386.0,63300.67,66660.0,35634.72739,57.1,62.25,55.99,60.8,5543.3701171875,5557.5,5497.0400390625,5505.0,3760570000,16.440000534057617,17.190000534057617,10.619999885559082,16.520000457763672,0.0409107573354448,-0.007165879226406,0.6965840969535799,0.1278808052495459,0.6365862080684552,0.1136625664141498,0.5078507796269595,0.0862633313704781,0.608,0.1652000045776367,-0.0885840969535799,0.0373191993280908,-0.0285862080684552,0.0515374381634869,0.1001492203730405,0.0789366732071586,0,0,0,normal
2024-07-22,68165.35,68474.55,66559.97,67532.01,21451.04303,66.0,68.27,61.61,67.63,5544.5400390625,5570.35986328125,5529.0400390625,5564.41015625,3375180000,16.790000915527344,16.889999389648438,14.75,14.90999984741211,0.0129966348132907,0.0107342172462202,0.67385227441328,0.1451744917012058,0.6194359743351787,0.1214209787359759,0.5096837610821843,0.0907276184920957,0.6762999999999999,0.1490999984741211,0.0024477255867199,0.0039255067729152,0.0568640256648211,0.0276790197381451,0.1666162389178156,0.0583723799820253,0,0,0,normal
2024-07-23,67532.0,67750.98,65441.08,65936.01,31406.15316,67.63,68.62,63.9,63.91,5565.2998046875,5585.33984375,5550.89990234375,5555.740234375,3500210000,15.210000038146973,15.350000381469728,13.899999618530272,14.720000267028809,-0.0239169814342164,-0.0015593176939461,0.7302343963466751,0.138928936704026,0.6276950698699668,0.1196434132535001,0.5108493745159624,0.0908389011028611,0.6391,0.1472000026702881,-0.091134396346675,0.008271065966262,0.0114049301300331,0.027556589416788,0.1282506254840376,0.056361101567427,0,0,0,normal
2024-07-24,65936.0,67102.01,65111.0,65376.0,23082.56277,63.91,63.97,61.14,61.39,5505.83984375,5508.0400390625,5419.97998046875,5427.1298828125,3945550000,15.350000381469728,18.459999084472656,15.18000030517578,18.040000915527344,-0.0085295076234562,-0.0234212422228928,0.3379329466260667,0.1857761421710061,0.609644898698164,0.1548930944795171,0.5110520164195124,0.1155065110892772,0.6139,0.1804000091552734,0.2759670533739333,-0.0053761330157326,0.004255101301836,0.0255069146757563,0.1028479835804876,0.0648934980659962,0,0,0,normal
2024-07-25,65376.01,66175.49,63456.7,65799.95,35126.42934,61.39,62.34,59.83,61.81,5428.7001953125,5491.58984375,5390.9501953125,5399.22021484375,4592120000,18.40999984741211,19.36000061035156,16.420000076293945,18.459999084472656,0.0064638598173518,-0.0051558890197172,0.3387244384697603,0.1674012676589246,0.5270989324472006,0.152288023183392,0.5032852660854431,0.1163924569737743,0.6181,0.1845999908447265,0.2793755615302397,0.0171987231858019,0.0910010675527993,0.0323119676613345,0.1148147339145568,0.0682075338709522,0,0,0,normal
2024-07-26,65799.95,68200.0,65722.63,67907.99,24244.36023,61.81,62.69,59.66,60.1,5433.669921875,5488.31982421875,5430.7001953125,5459.10009765625,3638770000,17.969999313354492,18.049999237060547,16.3700008392334,16.389999389648438,0.031534622237758,0.0110294204095709,0.3577446044786517,0.1888599272673709,0.5322962996777714,0.1619888885856339,0.5102681796328433,0.1182063088925527,0.601,0.1638999938964843,0.2432553955213482,-0.0249599333708865,0.0687037003222286,0.0019111053108504,0.0907318203671566,0.0456936850039316,0,0,0,normal
2024-07-29,68249.88,70079.99,66428.0,66784.69,36467.29633,52.65,56.35,51.73,51.73,5476.5498046875,5487.740234375,5444.43994140625,5463.5400390625,3379970000,16.59000015258789,17.209999084472656,16.229999542236328,16.600000381469727,-0.0166798380329,0.0008129795718284,0.385610420718857,0.1873229445379568,0.5440142981997593,0.1620082995677029,0.5084893110040412,0.1180522650094319,0.5173,0.1660000038146972,0.131689579281143,-0.0213229407232595,-0.0267142981997593,0.0039917042469943,0.0088106889959588,0.0479477388052653,0,0,0,normal
2024-07-30,66784.68,67000.0,65302.67,66188.0,23132.25441,51.73,51.73,49.49,50.62,5478.72998046875,5489.4599609375,5401.7001953125,5436.43994140625,3777740000,16.639999389648438,18.31999969482422,16.260000228881836,17.690000534057617,-0.0089746850278234,-0.0049725143613676,0.3040738035825968,0.185284650861745,0.5460763331228671,0.1534554485109754,0.5081463276533457,0.1189885827408024,0.5062,0.1769000053405761,0.2021261964174032,-0.0083846455211688,-0.039876333122867,0.0234445568296007,-0.0019463276533456,0.0579114225997737,0,0,0,normal
2024-07-31,66188.0,66849.24,64530.0,64628.0,22625.43905,50.62,50.65,48.54,48.73,5505.58984375,5551.509765625,5493.75,5522.2998046875,4546910000,16.65999984741211,16.770000457763672,15.710000038146973,16.360000610351562,-0.0238514242150137,0.0156699807019177,0.3130035344762526,0.2009979014606531,0.5607510616280486,0.1685094500895037,0.5123485416074164,0.1255491842583578,0.4872999999999999,0.1636000061035156,0.1742964655237473,-0.0373978953571374,-0.0734510616280486,-0.004909443985988,-0.0250485416074164,0.0380508218451578,0,0,0,normal
2024-08-01,64628.01,65659.78,62302.0,65354.02,35542.26854,48.73,50.43,47.23,49.81,5537.83984375,5566.16015625,5410.419921875,5446.68017578125,4703620000,16.200000762939453,19.479999542236328,15.949999809265137,18.59000015258789,0.0111711996833452,-0.0137881237919901,0.3005125571966933,0.2151063127475164,0.5608500045268159,0.1742985689755119,0.5101761014783098,0.1317831639197102,0.4981,0.1859000015258789,0.1975874428033067,-0.0292063112216375,-0.0627500045268158,0.0116014325503669,-0.0120761014783097,0.0541168376061687,0,0,0,normal
2024-08-02,65354.02,65596.14,61230.01,61498.33,38820.42937,49.81,51.49,46.91,51.4,5376.6298828125,5383.89013671875,5302.02978515625,5346.56005859375,5156450000,20.520000457763672,29.65999984741211,20.010000228881836,23.38999938964844,-0.060808933125691,-0.0185529066085532,0.4696763761535532,0.1967339908413899,0.4019118443628547,0.1856343652440485,0.5398119915013704,0.141983808343287,0.514,0.2338999938964844,0.0443236238464468,0.0371660030550945,0.1120881556371453,0.0482656286524359,-0.0258119915013703,0.0919161855531974,0,0,0,normal
2024-08-05,58161.0,58305.59,49000.0,54018.81,162065.59186,56.13,92.71,56.02,63.08,5151.14013671875,5250.89013671875,5119.259765625,5186.330078125,5333250000,23.38999938964844,65.7300033569336,23.38999938964844,38.56999969482422,-0.1296777007286013,-0.0304270413923931,0.8450005624523237,0.2609674352275598,0.6655033397722189,0.2108548754846104,0.6547516203894181,0.165983205114835,0.6308,0.3856999969482422,-0.2142005624523236,0.1247325617206824,-0.0347033397722188,0.1748451214636318,-0.0239516203894181,0.2197167918334072,0,1,1,stress
2024-08-06,54018.82,57040.99,53950.0,56022.01,55884.77676,63.08,63.21,59.24,61.54,5206.419921875,5312.33984375,5193.56005859375,5240.02978515625,4690190000,33.709999084472656,34.77000045776367,24.020000457763672,27.709999084472656,0.036412329987494,0.0103008494935995,0.859855074979289,0.2590297325595366,0.6978949291847957,0.218762982205959,0.6433562371050318,0.1695395100085851,0.6154,0.2770999908447266,-0.2444550749792891,0.0180702582851899,-0.0824949291847957,0.0583370086387675,-0.0279562371050318,0.1075604808361414,0,1,1,stress
2024-08-07,56022.0,57736.05,54558.62,55134.16,44269.37684,61.54,61.54,58.44,60.88,5293.1298828125,5330.64013671875,5195.5400390625,5199.5,4558260000,24.770000457763672,29.760000228881836,21.969999313354492,27.850000381469727,-0.0159751614680071,-0.0077647153887694,0.8602373703843412,0.2548403793392754,0.697352750052621,0.2187395225409512,0.6391974158491959,0.1697957674209094,0.6088,0.2785000038146972,-0.2514373703843412,0.0236596244754218,-0.0885527500526209,0.059760481273746,-0.0303974158491958,0.1087042363937878,0,1,1,stress
2024-08-08,55133.76,62745.14,54730.0,61685.99,48349.52949,60.73,60.99,55.56,56.81,5252.56982421875,5328.02978515625,5233.85009765625,5319.31005859375,4016830000,28.34000015258789,29.469999313354492,23.36000061035156,23.790000915527344,0.1122873509141612,0.0227811395908988,1.207025673045859,0.3123745568013629,0.8489105331277172,0.246980100332632,0.7209844502944225,0.1838754730454639,0.5681,0.2379000091552734,-0.638925673045859,-0.0744745476460894,-0.2808105331277172,-0.0090800911773585,-0.1528844502944224,0.0540245361098095,0,0,0,normal
2024-08-09,61686.0,61744.37,59535.0,60837.99,30972.48017,56.8,56.86,54.44,55.02,5314.66015625,5358.669921875,5300.83984375,5344.16015625,3516400000,23.780000686645508,24.520000457763672,20.260000228881836,20.3700008392334,-0.0138424093072877,0.0046607984343816,1.203712969197518,0.2908135531153151,0.8451793165292791,0.241988687454762,0.7209987233265351,0.1845307948752678,0.5502,0.203700008392334,-0.6535129691975179,-0.0871135447229811,-0.2949793165292791,-0.038288679062428,-0.1707987233265351,0.0191692135170661,0,0,0,normal
2024-08-12,58712.59,60711.09,57642.21,59346.64,37009.91743,57.11,58.41,56.9,57.48,5351.8798828125,5371.2001953125,5324.3701171875,5344.39013671875,3360160000,20.790000915527344,21.190000534057617,18.88999938964844,20.709999084472656,-0.0248189232277821,4.30330517200971e-05,1.1981998338408926,0.2843982411523245,0.8455284221862686,0.2422541622026095,0.7220427448389273,0.1842893253965053,0.5748,0.2070999908447265,-0.6233998338408926,-0.0772982503075979,-0.2707284221862686,-0.0351541713578829,-0.1472427448389273,0.0228106654482212,0,0,0,normal
2024-08-13,59346.64,61578.1,58392.88,60587.15,27858.95851,57.48,57.8,56.68,56.92,5376.97998046875,5436.5,5376.97998046875,5434.43017578125,3648980000,20.059999465942383,20.790000915527344,17.950000762939453,18.1200008392334,0.020687318243458,0.0167072334190499,1.1630996649686092,0.2805553188913041,0.8538974106256572,0.2356791856306319,0.7146902570274645,0.1909024319686687,0.5692,0.181200008392334,-0.5938996649686091,-0.09935531049897,-0.2846974106256571,-0.0544791772382979,-0.1454902570274644,-0.0097024235763347,0,0,0,normal
2024-08-14,60587.16,61800.0,58433.18,58683.39,28422.76326,56.92,57.4,55.3,55.31,5442.35986328125,5463.22021484375,5415.91015625,5455.2099609375,3380050000,18.40999984741211,18.489999771118164,16.1200008392334,16.190000534057617,-0.0319261018184248,0.0038164365611984,0.8059176156455278,0.1634165512140055,0.8590466837529862,0.2348762425346882,0.7195831666030998,0.1903339978150185,0.5531,0.1619000053405761,-0.2528176156455277,-0.0015165458734293,-0.3059466837529861,-0.072976237194112,-0.1664831666030998,-0.0284339924744423,0,0,0,normal
2024-08-15,58683.39,59849.38,56078.54,57541.06,37686.17622,55.31,55.91,53.43,55.64,5501.1298828125,5546.22998046875,5501.1298828125,5543.22021484375,3723310000,16.270000457763672,16.68000030517578,14.770000457763672,15.229999542236328,-0.0196579426462018,0.0160044899313041,0.8043084135428783,0.1713237570947894,0.8404285377461637,0.2399949808537452,0.7161606021650098,0.1955936111881975,0.5564,0.1522999954223632,-0.2479084135428783,-0.0190237616724261,-0.2840285377461636,-0.0876949854313819,-0.1597606021650097,-0.0432936157658342,0,0,0,normal
2024-08-16,57541.05,59817.76,57098.62,58874.6,27610.84344,55.64,55.65,53.12,53.12,5530.5,5561.97998046875,5525.169921875,5554.25,3357690000,15.289999961853027,15.760000228881836,14.649999618530272,14.800000190734863,0.0229109783372539,0.0019878023683961,0.7979239027326804,0.140826628518623,0.852697896044302,0.2400202370914164,0.6963862400817965,0.1950215428046717,0.5312,0.1480000019073486,-0.2667239027326804,0.0071733733887256,-0.321497896044302,-0.0920202351840677,-0.1651862400817965,-0.047021540897323,0,0,0,normal
2024-08-19,58427.35,59617.63,57787.3,59438.5,22809.31251,54.4,54.44,53.67,53.68,5557.22998046875,5608.2998046875,5550.740234375,5608.25,3222050000,15.9399995803833,16.06999969482422,14.460000038146973,14.649999618530272,0.0095324063011534,0.0096753274361777,0.3585121615495712,0.1063768974882535,0.8563179168170358,0.2407904248086687,0.696795662185812,0.1970478094677694,0.5367999999999999,0.1464999961853027,0.1782878384504287,0.0401230986970492,-0.3195179168170359,-0.0942904286233659,-0.159995662185812,-0.0505478132824666,0,0,0,normal
2024-08-20,59438.5,61400.0,58548.23,59013.8,31477.44548,53.68,54.44,52.91,54.06,5602.8798828125,5620.509765625,5585.5,5597.1201171875,2994420000,14.890000343322754,15.93000030517578,14.779999732971191,15.880000114440918,-0.0071708496985934,-0.0019865272376097,0.3540441131282882,0.1205140335662623,0.8531309893812529,0.2332087946971775,0.6941350150249777,0.1971426194410555,0.5406,0.1588000011444091,0.1865558868717117,0.0382859675781468,-0.3125309893812529,-0.0744087935527683,-0.1535350150249776,-0.0383426182966463,0,0,0,normal
2024-08-21,59013.8,61820.93,58783.47,61156.03,27983.6422,54.06,55.77,53.88,54.68,5603.08984375,5632.68017578125,5591.56982421875,5620.85009765625,3119670000,16.25,17.170000076293945,15.920000076293944,16.270000457763672,0.0356571523861472,0.0042307147210067,0.391184241281347,0.1133403620581915,0.8691326238166511,0.2234434489060489,0.7012222683428616,0.1952603584837702,0.5468,0.1627000045776367,0.1556157587186529,0.0493596425194452,-0.3223326238166512,-0.0607434443284121,-0.1544222683428616,-0.0325603539061334,0,0,0,normal
2024-08-22,61156.03,61400.0,59724.87,60375.84,21241.20588,54.68,55.49,53.84,53.99,5637.77001953125,5643.22021484375,5560.9501953125,5570.64013671875,2981530000,16.270000457763672,18.059999465942383,15.760000228881836,17.549999237060547,-0.0128394423275779,-0.0089729422566572,0.383813706566572,0.1268446213667976,0.8321906104619747,0.2094115441988423,0.7021027170856792,0.1953274833784872,0.5399,0.1754999923706054,0.156086293433428,0.0486553710038078,-0.2922906104619747,-0.0339115518282368,-0.1622027170856791,-0.0198274910078817,0,0,0,normal
2024-08-23,60375.83,64955.0,60342.14,64037.24,38118.07089,53.99,55.85,52.27,55.43,5602.490234375,5641.81982421875,5585.16015625,5634.60986328125,3291940000,17.1200008392334,17.209999084472656,15.609999656677246,15.859999656677246,0.058875764216626,0.0114179374016644,0.4521364339324233,0.1354566506588792,0.6278133729817345,0.1457804679571007,0.7211796044790778,0.1975374719474536,0.5543,0.1585999965667724,0.1021635660675767,0.0231433459078932,-0.0735133729817344,0.0128195286096717,-0.1668796044790778,-0.0389374753806811,0,0,0,normal
2024-08-26,64219.99,64481.0,62800.0,62834.0,19470.05276,54.2,54.34,50.77,51.58,5639.66015625,5651.6201171875,5602.33984375,5616.83984375,2938570000,16.270000457763672,16.670000076293945,15.8100004196167,16.149999618530273,-0.0189684608928106,-0.0031587101696058,0.4500928596792809,0.1150950515964416,0.6302921941595441,0.1490893147407252,0.6462873822334321,0.1975855338153684,0.5158,0.1614999961853027,0.0657071403207191,0.0464049445888611,-0.114492194159544,0.0124106814445775,-0.130487382233432,-0.0360855376300656,0,0,0,normal
2024-08-27,62834.0,63212.0,58034.01,59415.0,35135.94178,51.58,55.13,49.13,52.69,5602.89013671875,5631.18017578125,5593.47998046875,5625.7998046875,2798990000,16.209999084472656,16.809999465942383,15.369999885559082,15.43000030517578,-0.0559496085012552,0.0015939251127232,0.5983082909811158,0.1151045091333987,0.6808026611389183,0.138517912808122,0.6652511885877058,0.1967128569131688,0.5268999999999999,0.1543000030517577,-0.0714082909811159,0.039195493918359,-0.1539026611389183,0.0157820902436357,-0.1383511885877059,-0.042412853861411,0,0,0,normal
2024-08-28,59415.0,60234.98,57860.0,59034.9,36868.54275,52.69,54.86,50.98,52.91,5624.509765625,5627.02978515625,5560.9501953125,5592.18017578125,3053450000,15.510000228881836,17.889999389648438,15.460000038146973,17.110000610351562,-0.0064179252947433,-0.0059939007947352,0.5967484806619094,0.1084429190545122,0.4742901868417851,0.1222953380284249,0.6644030697198259,0.1931688425291565,0.5291,0.1711000061035156,-0.0676484806619094,0.0626570870490034,0.0548098131582149,0.0488046680750907,-0.1353030697198258,-0.0220688364256408,0,0,0,normal
2024-08-29,59034.9,61166.99,58713.09,59359.01,27020.90743,52.91,53.58,51.7,52.98,5607.2998046875,5646.9501953125,5583.7099609375,5591.9599609375,3065640000,16.540000915527344,16.56999969482422,15.1899995803833,15.649999618530272,0.0054751263752269,-3.937984343658622e-05,0.5960557979552229,0.1078818218087007,0.4729177186542722,0.1231081875067844,0.664824190839398,0.1917245668016724,0.5297999999999999,0.1564999961853027,-0.0662557979552229,0.048618174376602,0.0568822813457277,0.0333918086785183,-0.1350241908393981,-0.0352245706163696,0,0,0,normal
2024-08-30,59359.0,59944.07,57701.1,59123.99,28519.32195,52.98,53.22,50.5,51.96,5612.740234375,5651.3701171875,5581.7900390625,5648.39990234375,4185850000,15.670000076293944,16.040000915527344,14.779999732971191,15.0,-0.0039671566087142,0.0100424570791441,0.5439634170675802,0.1224097185452983,0.4613402246924142,0.1253674893298716,0.6519575019811201,0.1924002976811626,0.5196000000000001,0.15,-0.0243634170675801,0.0275902814547017,0.0582597753075858,0.0246325106701283,-0.13235750198112,-0.0424002976811626,0,0,0,normal
2024-09-03,59132.12,59809.65,57415.0,57487.73,22828.18447,52.78,55.73,52.57,55.29,5623.89013671875,5623.89013671875,5504.330078125,5528.93017578125,3866350000,15.760000228881836,21.989999771118164,15.710000038146973,20.719999313354492,-0.0280652304859658,-0.0213779633723976,0.5607932191981377,0.1749337573983831,0.464767542676439,0.1516305490828664,0.6535159733304703,0.2004186604664273,0.5529,0.2071999931335449,-0.0078932191981377,0.0322662357351618,0.0881324573235609,0.0555694440506785,-0.1006159733304703,0.0067813326671176,0,0,0,normal
2024-09-04,57487.74,58519.0,55606.0,57970.9,35560.82146,55.29,58.72,55.08,55.73,5506.68017578125,5552.990234375,5503.66015625,5520.06982421875,3478140000,23.200000762939453,23.309999465942383,19.34000015258789,21.31999969482422,0.0083696267750248,-0.0016038290273809,0.3561331171176942,0.15179770710321,0.4485753854799075,0.1515830896948578,0.6522508172320156,0.200421299800481,0.5573,0.2131999969482421,0.2011668828823058,0.0614022898450321,0.1087246145200925,0.0616169072533843,-0.0949508172320156,0.0127786971477611,0,0,0,normal
2024-09-05,57970.9,58327.07,55643.65,56180.0,27806.91413,55.73,57.3,55.51,56.79,5520.080078125,5546.2998046875,5480.5400390625,5503.41015625,3521650000,20.75,21.530000686645508,19.209999084472656,19.899999618530273,-0.0313803388267203,-0.0030225810146741,0.3705805443155973,0.1517914374981191,0.4606850424873186,0.1353173331929533,0.6568868569027675,0.1882469786692229,0.5679,0.1989999961853027,0.1973194556844026,0.0472085586871836,0.1072149575126813,0.0636826629923494,-0.0889868569027675,0.0107530175160798,0,0,0,normal
2024-09-06,56180.0,57008.0,52550.0,53962.97,54447.76826,56.79,60.77,56.06,59.46,5507.330078125,5522.47021484375,5402.6201171875,5408.419921875,3822800000,21.979999542236328,23.760000228881836,18.829999923706055,22.3799991607666,-0.0402627510802886,-0.0174109445074244,0.3058351664274749,0.169841291735146,0.4730391141075677,0.1523227391811639,0.6636927112423684,0.1946681936311649,0.5946,0.223799991607666,0.2887648335725251,0.05395869987252,0.1215608858924323,0.0714772524265021,-0.0690927112423683,0.0291317979765011,0,0,0,normal
2024-09-09,54869.95,58088.0,54591.96,57042.0,32384.51737,59.32,59.35,58.01,58.82,5442.06982421875,5484.2001953125,5434.490234375,5471.0498046875,3825940000,21.31999969482422,21.40999984741211,19.290000915527344,19.450000762939453,0.0554897680091393,0.0115135344358182,0.5192638915152291,0.1983543865906362,0.5383809241100949,0.1552030844405357,0.6791090903132765,0.1949102193630795,0.5882000000000001,0.1945000076293945,0.0689361084847709,-0.0038543789612416,0.0498190758899051,0.0392969231888588,-0.0909090903132764,-0.0004102117336849,0,0,0,normal
2024-09-10,57042.01,58044.36,56386.4,57635.99,23626.78126,58.82,58.83,56.61,57.18,5490.509765625,5497.91015625,5441.72021484375,5495.52001953125,3848180000,19.86000061035156,20.739999771118164,18.899999618530273,19.079999923706055,0.0103593603630522,0.0044626999777935,0.5241687304245968,0.2030820546457143,0.5408418148678842,0.1574239936330245,0.6798702808205245,0.1953172531243981,0.5718,0.1907999992370605,0.0476312695754032,-0.0122820554086537,0.0309581851321157,0.033376005604036,-0.1080702808205245,-0.0045172538873375,0,0,0,normal
2024-09-11,57635.99,57981.71,55545.19,57338.0,33026.56757,57.18,57.2,54.09,54.84,5496.419921875,5560.41015625,5406.9599609375,5554.1298828125,3839450000,19.40999984741211,21.40999984741211,17.549999237060547,17.690000534057617,-0.0051836187862416,0.0106085556498433,0.524196060122818,0.2045716939046213,0.5132281921801408,0.163963853217735,0.6797621476140495,0.1969490209940672,0.5484,0.1769000053405761,0.0242039398771819,-0.0276716885640451,0.0351718078198591,0.0129361521228411,-0.1313621476140495,-0.020049015653491,0,0,0,normal
2024-09-12,57338.0,58588.0,57324.0,58132.32,31074.40631,54.84,55.56,53.81,53.96,5557.47998046875,5600.7099609375,5535.5,5595.759765625,3655070000,17.6200008392334,18.59000015258789,16.889999389648438,17.06999969482422,0.0137582112804251,0.0074673521568026,0.5045286080313593,0.1607180652265665,0.5173446812863732,0.1630145271700274,0.6793346428786609,0.1929300838480565,0.5396,0.1706999969482422,0.0350713919686406,0.0099819317216756,0.0222553187136267,0.0076854697782147,-0.1397346428786609,-0.0222300868998142,0,0,0,normal
2024-09-13,58132.31,60625.0,57632.62,60498.0,29825.23333,53.96,54.26,52.4,52.51,5603.33984375,5636.27001953125,5601.64990234375,5626.02001953125,3500790000,17.030000686645508,17.18000030517578,16.229999542236328,16.559999465942383,0.0398885151769493,0.005393142234356,0.5552071282173754,0.1601290773601866,0.4783346629817367,0.1569560547843427,0.6897539532034558,0.1885983632861165,0.5251,0.1655999946594238,-0.0301071282173753,0.0054709172992372,0.0467653370182633,0.0086439398750811,-0.1646539532034557,-0.0229983686266926,0,0,0,normal
2024-09-16,59132.0,59210.7,57493.3,58213.99,26477.5642,53.21,54.18,52.81,53.29,5615.2099609375,5636.0498046875,5604.52978515625,5633.08984375,3437070000,17.15999984741211,17.690000534057617,16.90999984741211,17.139999389648438,-0.0384846027810325,0.0012558408673102,0.5765726006095947,0.1556853751659978,0.4969298035750233,0.1564098250636329,0.6762785302926171,0.1791830464231991,0.5329,0.1713999938964844,-0.0436726006095946,0.0157146187304865,0.0359701964249767,0.0149901688328514,-0.143378530292617,-0.0077830525267147,0,0,0,normal
2024-09-17,58213.99,61320.0,57610.01,60313.99,33116.25878,53.29,55.12,53.12,53.12,5655.509765625,5670.81005859375,5614.0498046875,5634.580078125,3443600000,17.15999984741211,18.079999923706055,16.670000076293945,17.610000610351562,0.035438379599161,0.0002645150938964,0.5004053750145777,0.0685160284145267,0.4672971513246534,0.1562828508290616,0.565235186037069,0.1511992176826028,0.5312,0.1761000061035156,0.0307946249854222,0.1075839776889889,0.0639028486753466,0.019817155274454,-0.034035186037069,0.0249007884209128,0,0,0,normal
2024-09-18,60313.99,61786.24,59174.8,61759.99,36087.02469,53.12,55.24,51.38,51.59,5641.68017578125,5689.75,5615.080078125,5618.259765625,3691390000,17.579999923706055,19.38999938964844,17.110000610351562,18.229999542236328,0.0236916603421471,-0.0029006587083132,0.425496160723592,0.0729347017914704,0.4753327623272135,0.1544810451913898,0.560011140612127,0.150318893634828,0.5159,0.1822999954223632,0.090403839276408,0.1093652936308928,0.0405672376727865,0.0278189502309734,-0.0441111406121269,0.0319811017875352,0,0,0,normal
2024-09-19,61759.98,63850.0,61555.0,62947.99,34332.52608,51.59,52.67,50.38,51.95,5702.6298828125,5733.56982421875,5686.419921875,5713.64013671875,4024530000,17.209999084472656,17.270000457763672,16.209999084472656,16.329999923706055,0.0190530860779139,0.0168343568927251,0.4278347679902798,0.1073566653701423,0.4800469579803954,0.1695471489065601,0.5587622293954866,0.1528594565929964,0.5195000000000001,0.1632999992370605,0.0916652320097202,0.0559433338669182,0.0394530420196047,-0.0062471496694995,-0.0392622293954865,0.0104405426440641,0,0,0,normal
2024-09-20,62948.0,64133.32,62350.0,63201.05,25466.37794,51.95,52.89,49.91,50.15,5709.64013671875,5715.14013671875,5674.490234375,5702.5498046875,7867260000,16.350000381469727,16.68000030517578,15.8100004196167,16.149999618530273,0.0040120850615298,-0.0019429136300157,0.4151556992999757,0.1089703097513702,0.4786091413189245,0.1654691051206333,0.4557518788163173,0.1416423577510799,0.5015,0.1614999961853027,0.0863443007000242,0.0525296864339325,0.0228908586810754,-0.0039691089353305,0.0457481211836826,0.0198576384342228,0,0,0,normal
2024-09-23,63578.76,64745.88,62538.75,63339.99,24078.05287,51.13,51.58,50.38,50.45,5711.89990234375,5725.35986328125,5704.22021484375,5718.56982421875,3529550000,16.709999084472656,16.950000762939453,15.75,15.890000343322754,0.0021959682935103,0.0028053344257131,0.4210850217934022,0.1058679438358256,0.4550117153075889,0.1312430871666705,0.4536371721794024,0.1414777761093283,0.5045000000000001,0.1589000034332275,0.0834149782065978,0.0530320595974019,0.0494882846924111,0.027656916266557,0.0508628278205976,0.0174222273238992,0,0,0,normal
2024-09-24,63339.99,64688.0,62700.0,64262.7,23185.04759,50.45,51.6,50.06,51.52,5727.66015625,5735.31982421875,5698.990234375,5732.93017578125,3872710000,15.869999885559082,16.670000076293945,15.270000457763672,15.390000343322754,0.0144624863793905,0.0025080311033453,0.3762575901338279,0.1046531040174289,0.4561197163320187,0.1299592222216215,0.4482047790693149,0.1413228533466421,0.5152,0.1539000034332275,0.138942409866172,0.0492468994157986,0.0590802836679812,0.023940781211606,0.0669952209306851,0.0125771500865854,0,0,0,normal
2024-09-25,64262.7,64817.99,62947.08,63152.01,17813.11168,51.52,51.67,49.52,49.75,5733.64990234375,5741.02978515625,5712.06005859375,5722.259765625,3624910000,15.81999969482422,15.81999969482422,15.170000076293944,15.40999984741211,-0.0174346923431625,-0.0018629832062121,0.2724407878024305,0.1080646270356517,0.4365781662389858,0.1290589731480204,0.4484937585957676,0.1350253513030658,0.4975,0.1540999984741211,0.2250592121975695,0.0460353714384693,0.0609218337610141,0.0250410253261006,0.0490062414042323,0.0190746471710552,0,0,0,normal
2024-09-26,63152.01,65839.0,62670.0,65173.99,28373.30593,49.75,52.52,49.6,52.38,5762.22021484375,5767.3701171875,5721.009765625,5745.3701171875,4391180000,15.0600004196167,15.829999923706056,14.899999618530272,15.369999885559082,0.0315157856913509,0.0040305421581992,0.2587151274915948,0.1075288438268243,0.3847637962426947,0.0902378029166527,0.4452311706330586,0.1350556562529614,0.5238,0.1536999988555908,0.2650848725084052,0.0461711550287665,0.1390362037573053,0.0634621959389381,0.0785688293669414,0.0186443426026294,0,0,0,normal
2024-09-27,65173.99,66498.0,64819.9,65769.95,22048.80487,52.38,53.39,51.29,51.91,5755.35986328125,5763.77978515625,5727.33984375,5738.169921875,3898530000,15.640000343322754,16.969999313354492,15.199999809265137,16.959999084472656,0.0091025841280016,-0.0012540029000721,0.2431651550378571,0.104278907105834,0.3335121052040587,0.0866880783568467,0.4400061214878067,0.1282955532116647,0.5191,0.1695999908447265,0.2759348449621429,0.0653210837388925,0.1855878947959413,0.0829119124878798,0.0790938785121933,0.0413044376330618,0,0,0,normal
2024-09-30,65602.01,65618.8,62856.3,63327.59,30011.08752,54.02,55.56,53.63,54.21,5726.52001953125,5765.14013671875,5703.52978515625,5762.47998046875,4425730000,17.010000228881836,17.790000915527344,16.469999313354492,16.729999542236328,-0.0378419519181555,0.0042276036584415,0.3571471648637691,0.0443097486511546,0.3907638914614926,0.0866381974755175,0.4529050344564284,0.1285862271296035,0.5421,0.1672999954223633,0.1849528351362309,0.1229902467712086,0.1513361085385074,0.0806617979468457,0.0891949655435716,0.0387137682927598,0,0,0,normal
2024-10-01,63327.6,64130.63,60164.0,60805.78,43671.48108,54.21,57.23,54.19,56.64,5757.72998046875,5757.72998046875,5681.27978515625,5708.75,4025180000,16.959999084472656,20.729999542236328,16.610000610351562,19.260000228881836,-0.0406362449266593,-0.0093678486944544,0.4330048805281688,0.0769297355143021,0.4378250943224486,0.0953794849051781,0.4691190062885496,0.1295550833324652,0.5664,0.1926000022888183,0.1333951194718312,0.1156702667745162,0.1285749056775514,0.0972205173836402,0.0972809937114504,0.0630449189563531,0,0,0,normal
2024-10-02,60804.92,62390.31,60000.0,60649.28,31534.70118,56.64,57.34,56.06,56.35,5698.14013671875,5719.6298828125,5674.0,5709.5400390625,3829050000,19.649999618530273,20.36000061035156,18.579999923706055,18.899999618530273,-0.0025770863167755,0.0001383813269864,0.4303719226186842,0.074703106898095,0.4363910235821749,0.0921933582507787,0.4686329972866488,0.1293337633840863,0.5635,0.1889999961853027,0.1331280773813158,0.1142968892872077,0.1271089764178251,0.096806637934524,0.0948670027133511,0.0596662328012164,0,0,0,normal
2024-10-03,60649.27,61477.19,59828.11,60752.71,26221.43472,56.35,57.78,55.97,57.45,5698.18994140625,5718.77978515625,5677.3701171875,5699.93994140625,3597450000,19.6299991607666,20.75,19.15999984741211,20.489999771118164,0.0017039263528479,-0.0016828286544586,0.4110162116237934,0.0724600083722931,0.4026335634709576,0.0911909961712875,0.4569437356775603,0.1290515078748831,0.5745,0.2048999977111816,0.1634837883762065,0.1324399893388885,0.1718664365290424,0.1137090015398941,0.1175562643224397,0.0758484898362985,0,0,0,normal
2024-10-04,60752.72,62484.85,60459.9,62086.0,21294.65994,57.45,57.98,55.29,55.53,5737.47998046875,5753.2099609375,5702.830078125,5751.06982421875,3479400000,20.479999542236328,20.479999542236328,18.479999542236328,19.209999084472656,0.0217088304100372,0.0089302556991863,0.4394895293996834,0.0922099113457813,0.3698948991082288,0.097325104607863,0.4596161237432258,0.1281010969652018,0.5553,0.1920999908447265,0.1158104706003166,0.0998900794989452,0.1854051008917712,0.0947748862368635,0.0956838762567742,0.0639988938795247,0,0,0,normal
2024-10-07,62819.91,64478.19,62128.0,62224.0,25966.1852,57.17,57.45,55.48,56.6,5737.7998046875,5739.33984375,5686.85009765625,5695.93994140625,3637790000,20.760000228881836,23.030000686645508,20.649999618530273,22.63999938964844,0.0022202567241526,-0.0096322638293887,0.3748435134186958,0.1068667686173674,0.3420070381447794,0.10817481938024,0.4256235150946915,0.1278421766646759,0.5660000000000001,0.2263999938964844,0.1911564865813042,0.119533225279117,0.2239929618552206,0.1182251745162444,0.1403764849053085,0.0985578172318085,0,0,0,normal
2024-10-08,62224.01,63200.0,61860.31,62160.49,19702.22371,55.72,56.01,54.35,55.63,5719.14013671875,5757.60009765625,5714.56005859375,5751.1298828125,3393400000,22.920000076293945,23.13999938964844,21.13999938964844,21.420000076293945,-0.0010211885021863,0.0096427068046943,0.3617034122640395,0.1252083414597923,0.3277140854147969,0.112902786529374,0.4221886120262403,0.1301428069170879,0.5563,0.2142000007629394,0.1945965877359605,0.0889916593031471,0.2285859145852031,0.1012972142335654,0.1341113879737597,0.0840571938458515,0,0,0,normal
2024-10-09,62160.5,62543.75,60301.0,60636.02,20011.15684,55.63,56.85,55.52,56.11,5751.7998046875,5796.7998046875,5745.02001953125,5792.0400390625,3650340000,21.979999542236328,22.010000228881836,20.709999084472656,20.86000061035156,-0.0248304829764271,0.0070882310169945,0.3230745697978782,0.1300390046875336,0.332310428043728,0.0934173617316523,0.3953642567523122,0.1314067001494969,0.5611,0.2086000061035156,0.2380254302021218,0.0785610014159819,0.228789571956272,0.1151826443718632,0.1657357432476878,0.0771933059540186,0,0,0,normal
2024-10-10,60636.01,61321.68,58946.0,60326.39,23967.92481,56.12,56.64,54.47,54.97,5778.35986328125,5795.02978515625,5764.759765625,5780.0498046875,3208790000,20.90999984741211,21.38999938964844,20.63999938964844,20.93000030517578,-0.0051194528325319,-0.0020722685059824,0.2169453533095455,0.1124163145756669,0.3310053413422974,0.0934972201364578,0.3951796120572953,0.1300854753901426,0.5497,0.2093000030517578,0.3327546466904544,0.0968836884760909,0.2186946586577025,0.1158027829153,0.1545203879427046,0.0792145276616152,0,0,0,normal
2024-10-11,60326.4,63417.56,60087.64,62540.0,23641.35209,54.97,57.63,54.66,57.51,5775.08984375,5822.1298828125,5775.08984375,5815.02978515625,3208720000,20.8700008392334,21.15999984741211,20.13999938964844,20.459999084472656,0.0360366989274491,0.0060336087072987,0.3099207397829218,0.1143635152777119,0.3707041409690727,0.0957065991547704,0.4080900848397083,0.1308114148377335,0.5751,0.2045999908447265,0.2651792602170781,0.0902364755670146,0.2043958590309272,0.1088933916899561,0.1670099151602916,0.073788576006993,0,0,0,normal
2024-10-14,62870.02,66500.0,62457.81,66083.99,37669.95222,57.14,59.53,57.05,57.85,5829.81005859375,5871.41015625,5829.56982421875,5859.85009765625,3005250000,20.86000061035156,20.86000061035156,19.690000534057617,19.700000762939453,0.0551201567160789,0.0076781145745943,0.4321310655127492,0.113374844513797,0.4374976685116124,0.0995194132548736,0.4358942331857545,0.1296129199461625,0.5785,0.1970000076293945,0.1463689344872508,0.0836251631155975,0.1410023314883876,0.0974805943745209,0.1426057668142455,0.067387087683232,0,0,0,normal
2024-10-15,66084.0,67950.0,64800.01,67074.14,43683.95423,57.85,59.48,56.4,58.15,5866.740234375,5870.35986328125,5804.47998046875,5815.259765625,3882120000,19.61000061035156,20.88999938964844,19.440000534057617,20.63999938964844,0.0148720660152124,-0.0076385660375134,0.4276139605995296,0.125733909605337,0.4311077680112858,0.1061692922579172,0.4263555347826675,0.113964942840398,0.5815,0.2063999938964844,0.1538860394004704,0.0806660842911474,0.1503922319887142,0.1002307016385672,0.1551444652173325,0.0924350510560864,0,0,0,normal
2024-10-16,67074.14,68424.0,66750.49,67620.01,29938.25544,58.15,60.16,57.18,57.44,5816.580078125,5846.52001953125,5808.33984375,5842.47021484375,3467230000,20.770000457763672,21.010000228881836,19.450000762939453,19.579999923706055,0.0081053704039833,0.0046682327827797,0.4239583055926174,0.0984669442446235,0.4135469830964475,0.106538326639178,0.4263388328554647,0.1138427505118819,0.5744,0.1957999992370605,0.1504416944073826,0.097333054992437,0.1608530169035525,0.0892616725978825,0.1480611671445353,0.0819572487251786,0,0,0,normal
2024-10-17,67620.0,67939.4,66666.0,67421.78,25328.22861,57.44,58.17,55.91,56.4,5875.6201171875,5878.4599609375,5840.25,5841.47021484375,3480010000,19.549999237060547,19.649999618530273,18.8799991607666,19.11000061035156,-0.0029358340463448,-0.0001711751285381,0.4265531502090884,0.0905822218102037,0.4130491828321962,0.1061537666937205,0.4129302424672353,0.113070414169976,0.564,0.1911000061035156,0.1374468497909115,0.1005177842933119,0.1509508171678037,0.0849462394097951,0.1510697575327646,0.0780295919335396,0,0,0,normal
2024-10-18,67421.78,69000.0,67192.36,68428.0,28725.635,56.4,56.53,54.44,55.18,5859.43017578125,5872.169921875,5846.10986328125,5864.669921875,3374490000,19.299999237060547,19.31999969482422,17.989999771118164,18.030000686645508,0.0148139864714204,0.0039636869427743,0.3423254103399989,0.0853264673643774,0.3736958629162958,0.1060172609312327,0.3894008536003137,0.0970398525938208,0.5518,0.1803000068664551,0.209474589660001,0.0949735395020776,0.1781041370837041,0.0742827459352223,0.1623991463996862,0.0832601542726342,0,0,0,normal
2024-10-21,69032.0,69519.52,66840.67,67377.5,31374.42184,56.66,57.2,54.29,55.69,5857.81982421875,5866.919921875,5824.7900390625,5853.97998046875,3407010000,18.780000686645508,19.34000015258789,18.36000061035156,18.3700008392334,-0.015470963297894,-0.001824432756419,0.3748504033733911,0.0848682218488518,0.3255816559437218,0.0956925556414211,0.3677777618845634,0.0941700733823105,0.5569,0.183700008392334,0.1820495966266088,0.0988317865434822,0.2313183440562781,0.0880074527509129,0.1891222381154365,0.0895299350100235,0,0,0,normal
2024-10-22,67377.5,67836.01,66571.42,67426.0,24598.96268,55.7,55.92,54.61,55.77,5832.7001953125,5863.0400390625,5821.169921875,5851.2001953125,3342080000,18.790000915527344,19.440000534057617,18.049999237060547,18.200000762939453,0.0007195659176902,-0.0004749666671957,0.3540562615860813,0.0801347671123849,0.3239332774938659,0.0959333903673177,0.3677437438082516,0.094251541324929,0.5577000000000001,0.1820000076293945,0.2036437384139188,0.1018652405170096,0.2337667225061341,0.0860666172620768,0.1899562561917485,0.0877484663044655,0,0,0,normal
2024-10-23,67426.01,67472.83,65260.0,66668.65,25530.2407,55.77,56.55,54.53,56.29,5834.5,5834.85009765625,5762.41015625,5797.419921875,3532650000,18.209999084472656,20.469999313354492,18.18000030517578,19.239999771118164,-0.011295872772437,-0.0092338242676795,0.1913004589541017,0.0840770556806067,0.333060167885365,0.1059936467824465,0.3696693505175411,0.0961933479952595,0.5629,0.1923999977111816,0.3715995410458982,0.1083229420305749,0.2298398321146349,0.0864063509287351,0.1932306494824588,0.0962066497159221,0,0,0,normal
2024-10-24,66668.65,68850.0,66510.0,68198.28,22589.83877,56.29,57.31,54.37,57.3,5817.7998046875,5817.7998046875,5784.919921875,5809.85986328125,3543030000,18.8700008392334,20.239999771118164,18.6299991607666,19.079999923706055,0.0226845171526348,0.0021434731305568,0.218465240493989,0.0741248738029975,0.3339405836134111,0.1001634948136804,0.3723968736736717,0.0945121699405987,0.573,0.1907999992370605,0.354534759506011,0.116675125434063,0.2390594163865888,0.0906365044233801,0.2006031263263282,0.0962878292964618,0,0,0,normal
2024-10-25,68198.27,68771.49,65596.29,66698.33,34479.71125,57.3,58.09,54.62,58.08,5826.75,5862.81982421875,5799.97998046875,5808.1201171875,3501280000,19.219999313354492,20.510000228881836,18.229999542236328,20.329999923706055,-0.0222394294631636,-0.0002994920131862,0.2574258443995326,0.0661780412920615,0.3557246758589353,0.0886143055050206,0.36576072770645,0.093781765678021,0.5808,0.2032999992370605,0.3233741556004674,0.137121957944999,0.2250753241410646,0.1146856937320399,0.2150392722935499,0.1095182335590395,0,0,0,normal
2024-10-28,68021.69,70270.0,67618.0,69962.21,29046.75459,57.18,57.81,55.42,57.78,5833.93017578125,5842.919921875,5823.080078125,5823.52001953125,3691280000,19.11000061035156,19.8799991607666,18.90999984741211,19.799999237060547,0.0477753240042912,0.0026479346267329,0.3933091620431216,0.0694592400845619,0.3975986959903055,0.0805979682553186,0.3656692641184583,0.0938935148997226,0.5778,0.1979999923706054,0.1844908379568783,0.1285407522860435,0.1802013040096944,0.1174020241152868,0.2121307358815417,0.1041064774708828,0,0,0,normal
2024-10-29,69962.21,73620.12,69760.0,72736.42,50128.60594,57.78,60.71,57.13,59.83,5819.68017578125,5847.18994140625,5802.169921875,5832.919921875,3879100000,19.75,20.530000686645508,19.059999465942383,19.34000015258789,0.0388869828293775,0.0016128259449012,0.44139049158606,0.0644515520289169,0.3859566547900547,0.0756350873161867,0.3681991717988391,0.0938695499932129,0.5982999999999999,0.1934000015258789,0.1569095084139399,0.128948449496962,0.2123433452099452,0.1177649142096922,0.2301008282011608,0.099530451532666,0,0,0,normal
2024-10-30,72736.41,72961.0,71436.0,72344.74,26885.99056,58.81,59.24,57.48,59.11,5832.64990234375,5850.93994140625,5811.27978515625,5813.669921875,3851120000,19.329999923706055,20.440000534057617,19.299999237060547,20.350000381469727,-0.0053994736683439,-0.0033056916724881,0.4219112600680283,0.0660568371163383,0.38621318296654,0.0766235382987146,0.3658654666152603,0.0940287516350188,0.5911,0.2035000038146972,0.1691887399319716,0.137443166698359,0.2048868170334599,0.1268764655159826,0.2252345333847396,0.1094712521796784,0,0,0,normal
2024-10-31,72344.75,72700.0,69685.76,70292.01,29352.10297,59.11,60.11,57.97,58.23,5775.33984375,5775.33984375,5702.85986328125,5705.4501953125,4425660000,21.440000534057617,23.420000076293945,21.1200008392334,23.15999984741211,-0.028784611695911,-0.0187901349287453,0.482439432135045,0.1251064620041312,0.4084623508646029,0.1074944384906936,0.3763294089799349,0.0989183759212051,0.5822999999999999,0.2315999984741211,0.0998605678649549,0.1064935364699899,0.173837649135397,0.1241055599834275,0.205970591020065,0.132681622552916,0,0,0,normal
2024-11-01,70292.01,71632.95,68820.14,69496.01,38301.86755,58.23,59.95,57.92,59.77,5723.22021484375,5772.52001953125,5723.22021484375,5728.7998046875,3796450000,22.959999084472656,23.09000015258789,21.15999984741211,21.8799991607666,-0.0113887957455068,0.0040841580045254,0.4825792209988634,0.1254522249928923,0.3547642217665242,0.1026079224274901,0.3788493881278298,0.0994558964594494,0.5977,0.218799991607666,0.1151207790011366,0.0933477666147737,0.2429357782334757,0.1161920691801759,0.2188506118721702,0.1193440951482166,0,0,0,normal
2024-11-04,68775.99,69500.0,66835.0,67850.01,29800.39187,62.49,64.97,61.77,64.97,5725.14990234375,5741.43017578125,5696.509765625,5712.68994140625,3602060000,22.5,23.06999969482422,21.729999542236328,21.979999542236328,-0.0239698071859802,-0.0028160448131902,0.495575046570033,0.1225648601770243,0.3688274434818377,0.0991005264476207,0.3869347969780372,0.0994876951584452,0.6496999999999999,0.2197999954223632,0.1541249534299669,0.0972351352453389,0.2808725565181622,0.1206994689747425,0.2627652030219627,0.120312300263918,0,0,0,normal
2024-11-05,67850.01,70577.91,67476.63,69372.01,33355.06888,64.97,65.56,61.74,63.71,5722.43017578125,5783.43994140625,5722.10009765625,5782.759765625,3768310000,21.979999542236328,22.059999465942383,20.200000762939453,20.489999771118164,0.0221839383739041,0.012191031029563,0.48618900625774,0.1511702329819874,0.378915612750931,0.1121240612385255,0.3896825002255571,0.1054192648667549,0.6371,0.2048999977111816,0.15091099374226,0.0537297647291942,0.258184387249069,0.0927759364726561,0.2474174997744428,0.0994807328444267,0,0,0,normal
2024-11-06,69372.01,76400.0,69298.0,75571.99,104126.994787,63.71,63.95,54.52,55.97,5864.89013671875,5936.14013671875,5864.89013671875,5929.0400390625,6329530000,16.059999465942383,16.81999969482422,15.4399995803833,16.270000457763672,0.0856022398482151,0.0249812809571866,0.6495034314424729,0.2166765705310189,0.5180056142185181,0.1565504219649946,0.4530396452676503,0.1271324232801119,0.5597,0.1627000045776367,-0.0898034314424729,-0.0539765659533821,0.0416943857814818,0.0061495826126421,0.1066603547323497,0.0355675812975248,0,0,0,normal
2024-11-07,75571.99,76849.99,74416.0,75857.89,44869.422345,55.97,55.97,53.25,53.55,5947.2099609375,5983.83984375,5947.2099609375,5973.10009765625,4925740000,15.859999656677246,15.859999656677246,15.130000114440918,15.199999809265137,0.0037760095920657,0.0074037541739956,0.6197112961746288,0.2183864664072285,0.5173699581775075,0.1584548190796746,0.4465424843717806,0.128160644806419,0.5355,0.1519999980926513,-0.0842112961746288,-0.0663864683145771,0.0181300418224924,-0.0064548209870232,0.0889575156282193,0.0238393532862323,0,0,0,normal
2024-11-08,75857.89,77199.99,75555.0,76509.78,36521.099583,53.55,53.89,49.53,49.85,5976.759765625,6012.4501953125,5976.759765625,5995.5400390625,4666740000,15.130000114440918,15.329999923706056,14.65999984741211,14.9399995803833,0.0085568543195202,0.003749794035718,0.6145623723699174,0.2133422051729623,0.5067475996669786,0.1580827598923748,0.4465023526560006,0.1281161159264884,0.4985,0.149399995803833,-0.1160623723699174,-0.0639422093691292,-0.0082475996669785,-0.0086827640885417,0.0519976473439994,0.0212838798773446,0,0,0,normal
2024-11-11,80370.01,89530.54,80216.01,88647.99,82323.665776,53.28,61.76,51.36,61.52,6008.85986328125,6017.31005859375,5986.68994140625,6001.35009765625,4333000000,15.329999923706056,15.5600004196167,14.890000343322754,14.970000267028809,0.147254783029807,0.0009685941909569,0.974385864909262,0.1451868245426502,0.7718862450301549,0.1578149828457421,0.5909349930989116,0.1278528221508686,0.6152000000000001,0.149700002670288,-0.3591858649092619,0.0045131781276378,-0.1566862450301548,-0.008114980175454,0.0242650069010884,0.0218471805194194,0,0,0,normal
2024-11-12,88648.0,89940.0,85072.0,87952.01,97299.887911,61.52,62.28,57.65,57.69,6003.60009765625,6009.919921875,5960.080078125,5983.990234375,4243400000,15.09000015258789,15.369999885559082,14.6899995803833,14.710000038146973,-0.0078820340116355,-0.0028968514769364,0.9678596383154938,0.1570809316985227,0.7693738913650676,0.1513776669282577,0.5733251867340352,0.1244680772874508,0.5769,0.1471000003814697,-0.3909596383154938,-0.0099809313170529,-0.1924738913650676,-0.0042776665467879,0.0035748132659647,0.0226319230940189,0,0,0,normal
2024-11-13,87952.0,93265.64,86127.99,90375.2,86763.854127,57.69,62.34,56.01,58.54,5985.75,6008.18994140625,5965.91015625,5985.3798828125,4220180000,15.09000015258789,15.260000228881836,13.770000457763672,14.020000457763672,0.0271785686611841,0.0002322007641401,0.8850930466842865,0.1506442855398355,0.7699377115536081,0.1516237749471861,0.5731002157076168,0.1244589996767495,0.5854,0.1402000045776367,-0.2996930466842864,-0.0104442809621987,-0.1845377115536081,-0.0114237703695493,0.0122997842923832,0.0157410049008872,0,0,0,normal
2024-11-14,90375.21,91790.0,86668.21,87325.59,56729.51086,58.54,61.79,57.03,59.46,5989.68017578125,5993.8798828125,5942.27978515625,5949.169921875,4184570000,14.170000076293944,14.31999969482422,13.59000015258789,14.3100004196167,-0.0343263464379091,-0.006068108582244,0.9937033214744808,0.1619098341995004,0.7843972715228156,0.1553421787425718,0.5887333357150233,0.1260939936996372,0.5946,0.143100004196167,-0.3991033214744808,-0.0188098300033333,-0.1897972715228155,-0.0122421745464048,0.0058666642849767,0.0170060104965298,0,0,0,normal
2024-11-15,87325.59,91850.0,87073.38,91032.07,47927.95068,59.46,61.71,56.29,56.29,5912.7900390625,5915.31982421875,5853.009765625,5870.6201171875,4590960000,15.020000457763672,17.549999237060547,14.5600004196167,16.139999389648438,0.0415683149748234,-0.0132914308667937,0.9285678250330516,0.1080044605975096,0.7804534439964715,0.1677114972165776,0.5943385056237773,0.1309569576378734,0.5629,0.1613999938964843,-0.3656678250330516,0.0533955332989747,-0.2175534439964715,-0.0063115033200932,-0.0314385056237773,0.0304430362586109,0,0,0,normal
2024-11-18,89855.98,92594.0,89376.9,90464.08,46545.03448,57.23,59.76,57.13,58.3,5874.169921875,5908.1201171875,5865.9501953125,5893.6201171875,3983860000,16.600000381469727,17.0,15.350000381469728,15.579999923706056,-0.0062589961743105,0.0039101597462065,0.9407942529990656,0.0975525802418272,0.7814370002468112,0.1682692673186963,0.5961500152002522,0.1275218408951063,0.583,0.1557999992370605,-0.3577942529990656,0.0582474189952333,-0.1984370002468112,-0.0124692680816357,-0.0131500152002522,0.0282781583419542,0,0,0,normal
2024-11-19,90464.07,93905.51,90357.0,92310.79,43660.04682,58.3,60.25,57.62,58.25,5870.0498046875,5923.509765625,5855.2900390625,5916.97998046875,4036940000,15.4399995803833,17.93000030517578,15.369999885559082,16.350000381469727,0.020208170244353,0.0039557505205964,0.9347380922878163,0.098061270257471,0.7756415351424653,0.1677046851381399,0.5951484066971127,0.1252710897263931,0.5825,0.1635000038146972,-0.3522380922878163,0.0654387335572262,-0.1931415351424652,-0.0042046813234426,-0.0126484066971126,0.0382289140883041,0,0,0,normal
2024-11-20,92310.8,94831.97,91500.0,94286.56,42203.198712,58.25,62.64,57.71,60.18,5914.33984375,5920.669921875,5860.56005859375,5917.10986328125,3772620000,16.190000534057617,18.790000915527344,16.040000915527344,17.15999984741211,0.0211776195370802,2.19506213354446e-05,0.4129320709516753,0.0970640079818629,0.7463752408229808,0.1409721370637912,0.5844556577788536,0.1239280919707868,0.6018,0.1715999984741211,0.1888679290483247,0.0745359904922582,-0.1445752408229808,0.0306278614103299,0.0173443422211464,0.0476719065033343,0,0,0,normal
2024-11-21,94286.56,98988.0,94040.0,98317.12,69228.360477,60.18,66.84,60.12,61.29,5940.580078125,5963.31982421875,5887.259765625,5948.7099609375,4230120000,17.100000381469727,17.989999771118164,15.729999542236328,16.8700008392334,0.0418595170994526,0.0053262518442884,0.4357103711420971,0.1060645174417552,0.7357286836869646,0.1413233639149151,0.5864583084615599,0.1243380562945052,0.6129,0.1687000083923339,0.1771896288579029,0.0626354909505787,-0.1228286836869646,0.0273766444774188,0.0264416915384401,0.0443619520978287,0,0,0,normal
2024-11-22,98317.12,99588.01,97122.11,98892.0,46189.309243,61.29,64.09,60.47,60.78,5944.35986328125,5972.89990234375,5944.35986328125,5969.33984375,4141420000,16.670000076293945,17.559999465942383,15.239999771118164,15.239999771118164,0.005830172847894,0.0034619595915364,0.4313381258399195,0.1091667793197811,0.707784519642645,0.1390735541476922,0.5841460841727182,0.1236474458707216,0.6078,0.1523999977111816,0.1764618741600805,0.0432332183914005,-0.0999845196426449,0.0133264435634894,0.0236539158272818,0.02875255184046,0,0,0,normal
2024-11-25,97900.05,98871.8,92600.19,93010.01,50847.45096,64.09,64.34,60.46,60.65,5992.27978515625,6020.75,5963.91015625,5987.3701171875,5633150000,15.229999542236328,15.720000267028809,14.539999961853027,14.600000381469728,-0.061321223799556,0.0030159278201245,0.5650640731921532,0.1027146088499283,0.8011071432608019,0.1328037426656765,0.6119505482931175,0.1221469847900045,0.6065,0.1460000038146972,0.0414359268078468,0.0432853949647689,-0.1946071432608018,0.0131962611490207,-0.0054505482931174,0.0238530190246927,0,0,0,normal
2024-11-26,93010.01,94973.37,90791.1,91965.16,57858.73138,60.65,62.18,57.73,61.23,6000.02978515625,6025.419921875,5992.27001953125,6021.6298828125,3835170000,14.949999809265137,15.029999732971191,13.880000114440918,14.100000381469728,-0.0112973120961308,0.0057056971552638,0.5247123894778075,0.0295522577427205,0.7535802222509205,0.0866731671297753,0.6153484032542327,0.1203235386424148,0.6123,0.1410000038146973,0.0875876105221924,0.1114477460719768,-0.1412802222509205,0.054326836684922,-0.0030484032542327,0.0206764651722825,0,0,0,normal
2024-11-27,91965.16,97208.21,91792.14,95863.11,41153.42734,61.23,61.34,58.51,59.73,6014.10986328125,6020.16015625,5984.8701171875,5998.740234375,3363340000,14.279999732971191,15.130000114440918,13.960000038146973,14.100000381469728,0.0415114266779128,-0.0038084810835777,0.571414102122524,0.0532478862979094,0.7606071072162172,0.0838921120263392,0.6217923052562683,0.1206849552701522,0.5972999999999999,0.1410000038146973,0.0258858978774759,0.0877521175167879,-0.1633071072162172,0.057107891788358,-0.0244923052562683,0.020315048544545,0,0,0,normal
2024-11-29,95643.99,98619.99,95364.99,97460.0,27701.78231,57.57,58.82,55.19,56.11,6003.97998046875,6044.169921875,6003.97998046875,6032.3798828125,2444420000,14.0,14.149999618530272,13.489999771118164,13.510000228881836,0.0165208010638874,0.0055921203968016,0.5686029438220208,0.0559313783341112,0.7597004952287472,0.0857027386735403,0.6203861095574393,0.1214026168764539,0.5611,0.1351000022888183,-0.0075029438220207,0.0791686239547071,-0.1986004952287471,0.049397263615278,-0.0592861095574392,0.0136973854123644,0,0,0,normal
2024-12-02,97185.17,98130.0,94395.0,95840.62,37958.66981,57.2,58.24,55.85,55.94,6040.10986328125,6053.580078125,6035.330078125,6047.14990234375,4412470000,14.079999923706056,14.100000381469728,13.300000190734863,13.34000015258789,-0.0167554339539536,0.0024454638805813,0.5764884767876461,0.0527493732184977,0.4846947550642516,0.0861082219923293,0.625988554988062,0.1211678897235424,0.5594,0.1334000015258789,-0.0170884767876461,0.0806506283073812,0.0747052449357484,0.0472917795335496,-0.066588554988062,0.0122321118023365,0,0,0,normal
2024-12-03,95840.61,96305.52,93578.17,95849.69,35827.32283,56.77,56.98,55.21,56.5,6042.97021484375,6052.06982421875,6033.39013671875,6049.8798828125,4095000000,13.380000114440918,13.770000457763672,13.1899995803833,13.300000190734863,9.463180488125696e-05,0.0004513472420221,0.5064321700925749,0.0522366827298201,0.4815740130731375,0.0846752086122247,0.6218309427317824,0.1208826171974127,0.565,0.1330000019073486,0.058567829907425,0.0807633191775285,0.0834259869268624,0.0483247932951239,-0.0568309427317824,0.0121173847099359,0,0,0,normal
2024-12-04,95849.69,99000.0,94587.83,98587.32,43850.53728,56.5,57.76,54.85,57.17,6069.39013671875,6089.83984375,6061.06005859375,6086.490234375,4003390000,13.15999984741211,13.609999656677246,12.890000343322754,13.449999809265137,0.0281614176668814,0.0060331816281361,0.5405309134638001,0.0565160390634495,0.4824235653946245,0.0874752595910426,0.6226870970961113,0.1216164947118614,0.5717,0.1344999980926513,0.0311690865361998,0.0779839590292018,0.0892764346053754,0.0470247385016087,-0.0509870970961112,0.0128835033807899,0,0,0,normal
2024-12-05,98587.32,104088.0,90500.0,96945.63,109921.729662,57.17,64.09,56.14,60.96,6089.02978515625,6094.5498046875,6072.89990234375,6075.10986328125,4212020000,13.460000038146973,13.699999809265137,13.260000228881836,13.539999961853027,-0.0167923470412215,-0.0018715258393823,0.3685601313761258,0.0628942889316444,0.4590305676712201,0.082383105219015,0.6247253274945435,0.1178823501739814,0.6096,0.1353999996185302,0.2410398686238742,0.0725057106868858,0.1505694323287799,0.0530168943995152,-0.0151253274945434,0.0175176494445488,0,0,0,normal
2024-12-06,96945.63,101898.99,95981.72,99740.84,45049.5331,60.96,61.45,56.88,58.44,6081.3798828125,6099.97021484375,6079.97998046875,6090.27001953125,3924830000,13.619999885559082,13.739999771118164,12.699999809265137,12.770000457763672,0.0284249160874968,0.0024923453675383,0.367681122060613,0.0578644117646719,0.4432163782935476,0.047141117408002,0.6257607585030055,0.1179017012609668,0.5844,0.1277000045776367,0.216718877939387,0.0698355928129648,0.1411836217064524,0.0805588871696347,-0.0413607585030054,0.0097983033166699,0,0,0,normal
2024-12-09,101109.6,101215.93,94150.05,97276.47,53949.11595,58.15,59.8,58.12,59.74,6083.009765625,6088.509765625,6048.6298828125,6052.85009765625,4556460000,13.359999656677246,14.229999542236328,13.350000381469728,14.1899995803833,-0.0250180914265559,-0.0061631672852274,0.3568539798198432,0.0679812923232667,0.4605140687037174,0.0595515025850839,0.6271581077771178,0.1199177282650015,0.5974,0.141899995803833,0.2405460201801568,0.0739187034805663,0.1368859312962826,0.0823484932187491,-0.0297581077771177,0.0219822675388315,0,0,0,normal
2024-12-10,97276.48,98270.0,94256.54,96593.0,51708.68933,59.74,60.23,57.56,59.18,6057.58984375,6065.39990234375,6029.89013671875,6034.91015625,4048410000,14.300000190734863,14.539999961853027,13.859999656677246,14.18000030517578,-0.0070508557281579,-0.0029682843142792,0.3446383547066956,0.0645046656953683,0.4577910075636628,0.0621178341980756,0.6205164444633084,0.1205032783723892,0.5918,0.1418000030517578,0.2471616452933043,0.0772953373563895,0.1340089924363371,0.0796821688536822,-0.0287164444633084,0.0212967246793686,0,0,0,normal
2024-12-11,96593.0,101888.0,95658.24,101125.0,37753.78291,59.18,61.53,59.18,59.94,6060.14990234375,6092.58984375,6060.14990234375,6084.18994140625,4269950000,14.420000076293944,14.43000030517578,13.520000457763672,13.579999923706056,0.0458511005539251,0.0081326264113682,0.4224661927481423,0.0804043575323302,0.4875349111643802,0.0678702645170214,0.6235810340504132,0.1221727537721538,0.5993999999999999,0.1357999992370605,0.1769338072518576,0.0553956417047303,0.1118650888356197,0.0679297347200391,-0.0241810340504132,0.0136272454649067,0,0,0,normal
2024-12-12,101125.0,102540.0,99311.64,100004.29,29232.08745,59.94,61.66,59.12,60.14,6074.2900390625,6079.68017578125,6051.25,6051.25,3678010000,13.729999542236328,13.949999809265137,13.390000343322754,13.920000076293944,-0.0111442903107431,-0.0054287314614632,0.4360894929432642,0.088980458874998,0.4609978954849998,0.0727798196990748,0.6251129945920414,0.123036113100881,0.6014,0.1392000007629394,0.1653105070567358,0.0502195418879414,0.1404021045150002,0.0664201810638646,-0.0237129945920413,0.0161638876620584,0,0,0,normal
2024-12-13,100004.29,101895.26,99205.0,101424.25,21904.03923,60.14,60.32,58.3,59.0,6068.169921875,6078.580078125,6035.77001953125,6051.08984375,3584960000,13.56999969482422,14.25,13.239999771118164,13.8100004196167,0.0140991293706865,-2.646698937187397e-05,0.4137487947645227,0.0786443369908279,0.4639280610438306,0.0721999780487098,0.6137733136159655,0.1073894206421537,0.59,0.138100004196167,0.1762512052354772,0.0594556672053391,0.1260719389561693,0.0659000261474572,-0.0237733136159655,0.0307105835540132,0,0,0,normal
2024-12-16,104463.99,107793.07,103333.0,106058.66,41302.40274,60.65,61.74,58.52,58.54,6063.7900390625,6085.18994140625,6059.14013671875,6074.080078125,4391100000,14.369999885559082,14.6899995803833,13.989999771118164,14.6899995803833,0.04468012283266,0.0037921550087844,0.4467542869149872,0.0827392640776521,0.3975617853661754,0.072699412263524,0.6165369964086705,0.1073425683967628,0.5854,0.146899995803833,0.1386457130850128,0.0641607317261809,0.1878382146338246,0.074200583540309,-0.0311369964086705,0.0395574274070702,0,0,0,normal
2024-12-17,106058.65,108353.0,105321.49,106133.74,29064.936466,58.54,59.72,57.7,59.51,6052.5498046875,6057.68017578125,6035.18994140625,6050.60986328125,4544500000,14.979999542236328,15.9399995803833,14.779999732971191,15.869999885559082,0.0007076596818099,-0.0038714794806554,0.4369760376256273,0.0834174219039646,0.3886218861896475,0.0721041913579046,0.6073795844908094,0.1077924920505934,0.5951,0.1586999988555908,0.1581239623743726,0.0752825769516262,0.2064781138103524,0.0865958074976862,-0.0122795844908094,0.0509075068049974,0,0,0,normal
2024-12-18,106133.74,106524.98,100000.0,100204.01,50307.99755,59.51,60.52,58.67,60.49,6047.64990234375,6070.669921875,5867.7900390625,5872.16015625,5246960000,15.56999969482422,28.31999969482422,14.81999969482422,27.6200008392334,-0.0574917891430019,-0.0299365053045181,0.5668903807677237,0.1942895029315249,0.4554216139022229,0.1472833107803241,0.6420026233971762,0.1378544238462077,0.6049,0.276200008392334,0.0380096192322763,0.0819105054608091,0.149478386097777,0.1289166976120098,-0.0371026233971761,0.1383455845461263,0,1,1,stress
2024-12-19,100204.01,102800.11,95700.0,97461.86,55147.398,60.56,60.82,58.43,59.6,5912.7099609375,5935.52001953125,5866.06982421875,5867.080078125,4896880000,21.61000061035156,24.1200008392334,20.15999984741211,24.09000015258789,-0.0277470858240993,-0.0008654867505367,0.5969979120530001,0.1953152253302785,0.4687835276784729,0.1437413708464671,0.6128677709355947,0.1167204116337993,0.596,0.2409000015258789,-0.0009979120530001,0.0455847761956003,0.127216472321527,0.0971586306794118,-0.0168677709355947,0.1241795898920796,0,0,0,normal
2024-12-20,97461.86,98233.0,92232.54,97805.44,62884.1357,59.6,64.45,58.66,58.87,5842.0,5982.06005859375,5832.2998046875,5930.85009765625,8223220000,24.13999938964844,26.510000228881836,17.81999969482422,18.36000061035156,0.0035190772297435,0.0108104794023972,0.5122752850341797,0.2028345386808629,0.4625858859798781,0.1528325888294772,0.6128853565501894,0.1190807552644438,0.5887,0.1836000061035156,0.0764247149658202,-0.0192345325773473,0.1261141140201219,0.0307674172740383,-0.0241853565501893,0.0645192508390718,0,0,0,normal
2024-12-23,95186.28,96538.92,92520.0,94881.47,32810.76703,61.43,64.59,59.28,60.21,5940.25,5978.25,5902.56982421875,5974.06982421875,3593280000,18.09000015258789,20.020000457763672,16.739999771118164,16.780000686645508,-0.0303517708316776,0.0072608495856163,0.534784785958683,0.2122242298271472,0.4819447252039703,0.1570916887302412,0.6231265896808826,0.120528117368636,0.6021,0.167800006866455,0.067315214041317,-0.0444242229606921,0.1201552747960296,0.0107083181362138,-0.0210265896808826,0.047271889497819,0,0,0,normal
2024-12-24,94881.47,99487.99,93569.02,98663.58,23674.22488,60.21,61.79,59.92,60.83,5984.6298828125,6040.10009765625,5981.43994140625,6040.0400390625,1757720000,16.969999313354492,17.040000915527344,14.270000457763672,14.270000457763672,0.0390874529987855,0.0109822331651268,0.5948412618490484,0.2259940138141085,0.4966444647041266,0.162631755206463,0.4724758026968391,0.1247344997616084,0.6083,0.1427000045776367,0.0134587381509515,-0.0832940092364717,0.1116555352958733,-0.0199317506288262,0.1358241973031608,0.0179655048160283,0,0,0,normal
2024-12-26,99429.61,99963.7,95199.14,95791.6,21192.36727,60.73,61.75,59.44,61.67,6024.97021484375,6049.75,6007.3701171875,6037.58984375,2904530000,14.989999771118164,15.93000030517578,14.550000190734863,14.729999542236328,-0.0295408829225883,-0.0004057410882578,0.4990105868283264,0.2242285071880458,0.5078465400502893,0.1625192418432953,0.4811277151994799,0.1244031080407612,0.6167,0.1472999954223632,0.1176894131716736,-0.0769285117656825,0.1088534599497107,-0.015219246420932,0.1355722848005201,0.022896887381602,0,0,0,normal
2024-12-27,95791.6,97544.58,93500.01,94299.03,26501.26429,61.67,62.34,59.53,60.61,6006.169921875,6006.169921875,5932.9501953125,5970.83984375,3159610000,15.380000114440918,18.450000762939453,15.289999961853027,15.949999809265137,-0.015704095193978,-0.0111173049649122,0.4875247949497505,0.2323810204349252,0.4928150083435828,0.1679225261418309,0.478326834735738,0.1287283085054264,0.6061,0.1594999980926513,0.1185752050502494,-0.0728810223422738,0.1132849916564171,-0.0084225280491795,0.1277731652642619,0.0307716895872249,0,0,0,normal
2024-12-30,93738.19,95024.5,91530.45,92792.05,27619.4225,60.48,61.28,59.53,61.03,5920.669921875,5940.7900390625,5869.16015625,5906.93994140625,3433250000,17.209999084472656,19.219999313354492,16.440000534057617,17.399999618530273,-0.0161099352472676,-0.0107596739417297,0.3977355451247849,0.1485620865966588,0.4868662471191191,0.1715356527825761,0.469327341600255,0.1313165179841075,0.6103000000000001,0.1739999961853027,0.2125644548752152,0.0254379095886439,0.1234337528808809,0.0024643434027266,0.140972658399745,0.0426834782011952,0,0,0,normal
2024-12-31,92792.05,96250.0,92033.73,93576.0,19612.03389,61.03,61.68,59.78,60.03,5919.740234375,5929.740234375,5868.85986328125,5881.6298828125,3128350000,17.389999389648438,17.809999465942383,16.68000030517578,17.350000381469727,0.0084129723294208,-0.0042940064589823,0.3928494888248025,0.1516116104818498,0.489016385254192,0.1718112177806865,0.4546602276205195,0.1260269877487949,0.6003000000000001,0.1735000038146972,0.2074505111751975,0.0218883933328474,0.111283614745808,0.0016887860340107,0.1456397723794805,0.0474730160659023,0,0,0,normal
2025-01-02,94591.78,97839.5,94392.0,96984.79,21970.48948,61.1,61.67,59.73,59.85,5903.259765625,5935.08984375,5829.52978515625,5868.5498046875,3621680000,17.209999084472656,19.5,16.959999084472656,17.93000030517578,0.0357802217362136,-0.0022263631494489,0.4659256464295409,0.1328668349494957,0.471355012543426,0.1656698180003284,0.4650989851914599,0.1256533629274283,0.5985,0.1793000030517578,0.1325743535704591,0.0464331681022621,0.127144987456574,0.0136301850514294,0.1334010148085401,0.0536466401243295,0,0,0,normal
2025-01-03,96984.79,98976.91,96100.01,98174.18,15253.82936,59.85,60.53,58.44,58.74,5891.06982421875,5949.33984375,5888.66015625,5942.47021484375,3667340000,17.65999984741211,17.940000534057617,16.110000610351562,16.1299991607666,0.0121890859126901,0.012517356707826,0.4219931417262391,0.1500680362230698,0.4739149760781299,0.1768046842124894,0.462994853674918,0.130438625989699,0.5874,0.161299991607666,0.1654068582737609,0.0112319553845962,0.1134850239218701,-0.0155046926048234,0.124405146325082,0.030861365617967,0,0,0,normal
2025-01-06,98363.61,102480.0,97920.0,102235.6,25263.43375,59.55,60.09,58.52,58.84,5982.81005859375,6021.0400390625,5960.009765625,5975.3798828125,4940120000,16.770000457763672,16.8700008392334,15.710000038146973,16.040000915527344,0.0405367057120998,0.0055227664968181,0.4269882081546903,0.1349428496303924,0.5029709123531053,0.1791291510717315,0.4732302367827224,0.1313651794151545,0.5884,0.1604000091552734,0.1614117918453097,0.025457159524881,0.0854290876468947,-0.018729141916458,0.1151697632172776,0.0290348297401189,0,0,0,normal
2025-01-07,102235.6,102724.38,96181.81,96954.61,32059.87537,58.84,59.35,58.04,58.6,5993.259765625,6000.68017578125,5890.68017578125,5909.02978515625,4517330000,16.479999542236328,18.899999618530273,15.789999961853027,17.81999969482422,-0.0530370228675763,-0.011166021516637,0.5201201252480685,0.1461327056658571,0.5076852789968971,0.1827403171120565,0.48477344796779,0.134568056730994,0.586,0.1781999969482421,0.0658798747519314,0.032067291282385,0.0783147210031028,-0.0045403201638143,0.1012265520322099,0.0436319402172481,0,0,0,normal
2025-01-08,96954.6,97268.65,92500.9,95060.61,33704.67894,57.86,59.72,57.76,58.47,5910.66015625,5927.89013671875,5874.77978515625,5918.25,4441740000,17.90999984741211,19.5,17.3700008392334,17.700000762939453,-0.019728242676769,0.0015591440938312,0.5263070470965219,0.1362930847501769,0.5095310301322302,0.183095784441156,0.4875409051304427,0.1342278384062792,0.5847,0.1770000076293945,0.0583929529034781,0.0407069228792176,0.0751689698677697,-0.0060957768117614,0.0971590948695573,0.0427721692231153,0,0,0,normal
2025-01-10,92552.49,95836.0,92206.02,94726.11,31482.86424,59.47,59.76,57.04,57.19,5890.35009765625,5890.35009765625,5807.77978515625,5827.0400390625,4751930000,18.290000915527344,20.309999465942383,18.049999237060547,19.540000915527344,-0.0035250131976232,-0.0155316376502333,0.5142525458934493,0.1523218490907603,0.4563166539174528,0.146365526686407,0.4533033130445096,0.1408626694554862,0.5719,0.1954000091552734,0.0576474541065507,0.0430781600645131,0.1155833460825471,0.0490344824688664,0.1185966869554903,0.0545373396997872,0,0,0,normal
2025-01-13,94545.07,95940.0,89256.69,94536.1,42619.56423,59.57,61.31,59.36,61.25,5782.02001953125,5838.60986328125,5773.31005859375,5836.22021484375,4421200000,21.18000030517578,22.040000915527344,19.149999618530273,19.190000534057617,-0.0020079028331983,0.0015742043780551,0.513400811488549,0.1525909822307903,0.4432478146665443,0.1466296537094125,0.4519806315493075,0.1396818711861408,0.6125,0.1919000053405761,0.099099188511451,0.0393090231097858,0.1692521853334557,0.0452703516311636,0.1605193684506925,0.0522181341544353,0,0,0,normal
2025-01-14,94536.11,97371.0,94346.22,96560.86,27846.61753,61.25,62.87,60.78,60.87,5859.27001953125,5871.919921875,5805.419921875,5842.91015625,4142280000,18.790000915527344,19.65999984741211,18.239999771118164,18.709999084472656,0.021191710994825,0.0011456233341642,0.4787303549156377,0.1528932472118434,0.4538647149266172,0.1378034914829058,0.4397952712062488,0.1395673259975707,0.6087,0.1870999908447265,0.1299696450843623,0.0342067436328831,0.1548352850733828,0.0492964993618207,0.1689047287937512,0.0475326648471558,0,0,0,normal
2025-01-15,96560.85,100681.94,96500.0,100497.35,30509.99179,60.87,61.93,60.85,61.23,5905.2099609375,5960.60986328125,5905.2099609375,5949.91015625,4544570000,19.079999923706055,19.13999938964844,15.960000038146973,16.1200008392334,0.0399578758632127,0.0181471325045163,0.5355691454626461,0.1753072136843657,0.4633943534410381,0.1569643674249637,0.4523988955369982,0.1490460948782204,0.6123,0.1612000083923339,0.0767308545373538,-0.0141072052920317,0.1489056465589618,0.0042356409673702,0.1599011044630017,0.0121539135141135,0,0,0,normal
2025-01-16,100497.35,100866.66,97335.13,99987.3,27832.85317,61.23,63.15,60.01,62.56,5963.60986328125,5964.68994140625,5930.72021484375,5937.33984375,4285810000,15.869999885559082,16.600000381469727,15.640000343322754,16.600000381469727,-0.0050881810693719,-0.0021149243408667,0.4682108713178454,0.1714762717460455,0.4358350944589793,0.1483309377330129,0.44967021430058,0.148859829859975,0.6256,0.1660000038146972,0.1573891286821546,-0.0054762679313482,0.1897649055410207,0.0176690660816843,0.17592978569942,0.0171401739547222,0,0,0,normal
2025-01-17,99987.3,105865.22,99950.77,104077.48,39171.85292,62.56,63.75,61.13,63.19,5995.39990234375,6014.9599609375,5978.43994140625,5996.66015625,4366830000,16.190000534057617,16.229999542236328,15.529999732971191,15.970000267028809,0.0400924438437183,0.009941478308394,0.3760341876888179,0.1651151351873195,0.4414875440277134,0.1557493790132329,0.4633855444425322,0.1519571222070051,0.6319,0.159700002670288,0.2558658123111821,-0.0054151325170314,0.1904124559722866,0.0039506236570551,0.1685144555574678,0.0077428804632829,0,0,0,normal
2025-01-21,102260.0,107240.81,100119.04,106143.82,45941.02002,63.07,64.18,61.19,61.92,6014.1201171875,6051.509765625,6006.8798828125,6049.240234375,4702920000,16.290000915527344,16.290000915527344,14.93000030517578,15.0600004196167,0.0196593451871109,0.008730009440596,0.3138023854003317,0.1696660843506562,0.4333206027279281,0.1522098528565836,0.4599759195273001,0.153129463212648,0.6192,0.1506000041961669,0.3053976145996683,-0.0190660801544892,0.1858793972720718,-0.0016098486604166,0.1592240804726998,-0.002529459016481,0,0,0,normal
2025-01-22,106143.82,106394.46,103339.12,103706.66,22248.69254,61.92,62.44,60.69,61.04,6081.39013671875,6100.81005859375,6076.1298828125,6086.3701171875,4323040000,14.890000343322754,15.289999961853027,14.59000015258789,15.100000381469728,-0.0232286300582351,0.0061191810869941,0.3799442259480151,0.1082923588603737,0.442105858367714,0.1436847195159605,0.4626873133420089,0.1541216971441375,0.6103999999999999,0.1510000038146972,0.2304557740519848,0.0427076449543235,0.1682941416322859,0.0073152842987367,0.147712686657991,-0.0031216933294402,0,0,0,normal
2025-01-23,103706.66,106850.0,101262.28,103910.34,53953.12031,61.04,63.2,59.49,60.08,6076.31982421875,6118.72998046875,6074.669921875,6118.7099609375,4432250000,15.279999732971191,15.390000343322754,14.59000015258789,15.020000457763672,0.0019620750260613,0.0052994194595293,0.3740860343437474,0.1037927785613696,0.4428195628018936,0.1411023278541753,0.4559853419215733,0.1547199550592848,0.6008,0.1502000045776367,0.2267139656562526,0.0464072260162671,0.1579804371981064,0.0090976767234614,0.1448146580784267,-0.004519950481648,0,0,0,normal
2025-01-24,103910.35,107120.0,102750.0,104870.5,23609.24017,60.08,60.08,57.33,57.37,6121.43017578125,6128.18017578125,6088.740234375,6101.240234375,4214250000,15.020000457763672,15.15999984741211,14.579999923706056,14.850000381469728,0.009197843721146,-0.0028592159844677,0.370643351702166,0.1150501864117854,0.4238458655790805,0.1415660802687684,0.4495197596674756,0.1538413177802383,0.5737,0.1485000038146972,0.2030566482978339,0.0334498174029118,0.1498541344209195,0.0069339235459288,0.1241802403325244,-0.005341313965541,0,0,0,normal
2025-01-27,102620.01,103260.0,97777.77,102082.83,50758.1341,56.74,60.23,56.46,59.05,5969.0400390625,6017.169921875,5962.919921875,6012.27978515625,5198750000,18.829999923706055,22.510000228881836,17.56999969482422,17.899999618530273,-0.0269417130762831,-0.0146880590321123,0.374464328397884,0.1379997561587732,0.4440568207512406,0.1519552354452706,0.4568315014420773,0.1596231963129289,0.5905,0.1789999961853027,0.216035671602116,0.0410002400265295,0.1464431792487594,0.0270447607400321,0.1336684985579227,0.0193767998723738,0,0,0,normal
2025-01-28,102082.83,103800.0,100272.68,101335.52,22022.05765,59.05,59.15,56.17,56.2,6026.97021484375,6074.5400390625,5994.6298828125,6067.7001953125,4473640000,18.290000915527344,18.38999938964844,16.25,16.40999984741211,-0.0073475511137683,0.0091756441777168,0.3765599174179775,0.1421775308087985,0.4103436129229628,0.1549017918629377,0.4379263888537884,0.1601199321139791,0.562,0.1640999984741211,0.1854400825820225,0.0219224676653226,0.1516563870770372,0.0091982066111833,0.1240736111462116,0.003980066360142,0,0,0,normal
2025-01-29,101335.52,104782.68,101328.01,103733.24,23155.35802,56.2,57.05,55.6,56.15,6057.7001953125,6062.830078125,6012.9599609375,6039.31005859375,4115310000,16.420000076293945,18.079999923706055,16.170000076293945,16.559999465942383,0.0233856124401332,-0.0046898760569196,0.3134743348213231,0.1396998146139335,0.3438608823508397,0.1472108004429605,0.4416623226115049,0.1599200759121365,0.5615,0.1655999946594238,0.2480256651786769,0.0259001800454903,0.2176391176491602,0.0183891942164633,0.1198376773884951,0.0056799187472873,0,0,0,normal
2025-01-30,103733.25,106457.44,103278.54,104722.94,19374.07472,56.15,56.88,53.94,54.64,6050.75,6086.64013671875,6027.4599609375,6071.169921875,4634620000,15.93000030517578,16.420000076293945,15.31999969482422,15.84000015258789,0.0094955921810713,0.0052615481521802,0.2911987028454444,0.1330436303878766,0.3252568525735619,0.1480471683516062,0.4406963110257622,0.1606640559196623,0.5464,0.1584000015258789,0.2552012971545556,0.0253563711380023,0.2211431474264381,0.0103528331742727,0.1057036889742378,-0.0022640543937833,0,0,0,normal
2025-01-31,104722.94,106012.0,101560.0,102429.56,21983.18193,54.64,54.73,51.9,53.32,6096.7900390625,6120.91015625,6030.93017578125,6040.52978515625,4843770000,15.449999809265137,17.09000015258789,14.899999618530272,16.43000030517578,-0.0221428532511645,-0.0050596039902671,0.2879169072398123,0.1301489894123021,0.3457839086343984,0.1297936189900433,0.4255257271105039,0.1609494402650361,0.5332,0.1643000030517578,0.2452830927601877,0.0341510136394557,0.1874160913656016,0.0345063840617145,0.1076742728894961,0.0033505627867217,0,0,0,normal
2025-02-03,97700.59,102500.01,91231.0,101328.52,75164.7385,57.04,61.94,55.87,56.94,5969.64990234375,6022.1298828125,5923.93017578125,5994.56982421875,4797210000,20.36000061035156,20.420000076293945,17.65999984741211,18.6200008392334,-0.0108074312127471,-0.0076376907294952,0.2911408527260708,0.1266151235625672,0.3514975141978569,0.1368559374768541,0.4263942827735444,0.1620653899078348,0.5694,0.1862000083923339,0.2782591472739292,0.0595848848297667,0.2179024858021431,0.0493440709154798,0.1430057172264556,0.0241346184844991,0,0,0,normal
2025-02-04,101328.51,101732.31,96150.0,97763.13,40267.98697,55.61,57.12,54.01,54.03,5998.14013671875,6042.47998046875,5990.8701171875,6037.8798828125,4410160000,18.780000686645508,19.11000061035156,16.780000686645508,17.209999084472656,-0.0358203995142624,0.0071989074030291,0.3306780814943916,0.1404693050638912,0.3823240082220185,0.1385972915362567,0.4058145635949543,0.1368526166653769,0.5403,0.1720999908447265,0.2096219185056084,0.0316306857808353,0.1579759917779815,0.0335026993084698,0.1344854364050456,0.0352473741793496,0,0,0,normal
2025-02-05,97763.14,99149.0,96155.0,96612.43,26233.30444,54.03,54.92,53.02,54.53,6020.4501953125,6062.85986328125,6007.06005859375,6061.47998046875,4756250000,17.540000915527344,17.75,15.770000457763672,15.770000457763672,-0.0118401042068875,0.0039010539156136,0.3099989292951784,0.1075410107290246,0.3405862839958985,0.1188882505483585,0.3992085069016184,0.1370070856869787,0.5453,0.1577000045776367,0.2353010707048216,0.0501589938486121,0.2047137160041015,0.0388117540292782,0.1460914930983816,0.020692918890658,0,0,0,normal
2025-02-06,96612.44,99120.0,95676.64,96554.35,23515.20405,54.53,54.89,53.21,53.91,6072.22021484375,6084.02978515625,6046.830078125,6083.56982421875,4847120000,15.880000114440918,16.149999618530273,14.989999771118164,15.5,-0.0006013456532248,0.0036376743552662,0.313101841296854,0.0945640325033864,0.3405380128092342,0.1181628117286599,0.3990452976376367,0.1341303337242921,0.5390999999999999,0.155,0.2259981587031459,0.0604359674966136,0.1985619871907657,0.03683718827134,0.1400547023623632,0.0208696662757079,0,0,0,normal
2025-02-07,96554.35,100137.99,95620.34,96506.8,31794.22065,53.9,54.41,52.26,54.17,6083.1298828125,6101.27978515625,6019.9599609375,6025.990234375,4766900000,15.380000114440918,16.65999984741211,14.789999961853027,16.540000915527344,-0.0004925900520273,-0.0095098456936602,0.2404246778225387,0.1087594365812373,0.2803653175653339,0.1207741330913434,0.3888425547886064,0.135956739950678,0.5417000000000001,0.1654000091552734,0.3012753221774613,0.0566405725740361,0.2613346824346662,0.04462587606393,0.1528574452113936,0.0294432692045954,0,0,0,normal
2025-02-10,96462.75,98345.0,95256.0,97430.82,20572.87537,54.21,54.44,52.4,52.4,6046.39990234375,6073.3798828125,6044.83984375,6066.43994140625,4458760000,16.579999923706055,16.610000610351562,15.699999809265137,15.8100004196167,0.0095291155171651,0.0066901122954551,0.2405407526080221,0.1121218833840481,0.2657296475511744,0.118315001525103,0.3724903400221542,0.1335712885155622,0.524,0.158100004196167,0.2834592473919779,0.0459781208121188,0.2582703524488256,0.0397850026710639,0.1515096599778458,0.0245287156806048,0,0,0,normal
2025-02-11,97430.82,98478.42,94876.88,95778.2,18647.76379,52.4,54.67,52.08,54.23,6049.31982421875,6076.27978515625,6042.33984375,6068.5,4324880000,16.1299991607666,16.420000076293945,15.75,16.020000457763672,-0.0171074860302891,0.0003395251436738,0.2318793173632162,0.10666099759302,0.2592800121009737,0.1152129325281138,0.3657251136804921,0.1335620322827657,0.5423,0.1602000045776367,0.3104206826367838,0.0535390069846167,0.2830199878990263,0.0449870720495229,0.1765748863195079,0.026637972294871,0,0,0,normal
2025-02-12,95778.21,98119.99,94088.23,97869.99,29151.16625,54.23,54.32,51.19,51.49,6025.080078125,6063.0,6003.0,6051.97021484375,4627960000,15.90999984741211,17.18000030517578,15.640000343322754,15.890000343322754,0.0216048635909414,-0.0027275831896475,0.2971151792563445,0.0939262424438403,0.282827781745171,0.1127797206034058,0.3677876225709167,0.1295540984125571,0.5149,0.1589000034332275,0.2177848207436555,0.0649737609893872,0.232072218254829,0.0461202828298217,0.1471123774290833,0.0293459050206704,0,0,0,normal
2025-02-13,97870.0,98083.91,95217.36,96608.14,19921.77616,51.49,53.4,51.27,51.76,6060.58984375,6116.91015625,6050.9501953125,6115.06982421875,4763800000,15.970000267028809,16.329999923706055,14.979999542236328,15.100000381469728,-0.0129769625826388,0.0103723132142357,0.2187436500541052,0.1036376235165963,0.277952484499033,0.121678817976568,0.3666136342986781,0.1281349431347881,0.5176,0.1510000038146972,0.2988563499458947,0.0473623802981009,0.2396475155009669,0.0293211858381292,0.1509863657013218,0.0228650606799091,0,0,0,normal
2025-02-14,96608.13,98826.0,96252.82,97500.48,18173.02646,51.77,52.4,50.1,51.6,6115.52001953125,6127.47021484375,6107.6201171875,6114.6298828125,4335190000,15.079999923706056,15.420000076293944,14.739999771118164,14.770000457763672,0.0091942983898785,-7.19463955744955e-05,0.2141412778351337,0.1030181581578489,0.2668890489950553,0.1011749893715783,0.3667515260531669,0.1271555129581152,0.516,0.1477000045776367,0.3018587221648663,0.0446818464197878,0.2491109510049447,0.0465250152060584,0.1492484739468331,0.0205444916195215,0,0,0,normal
2025-02-18,95780.01,96753.91,93388.09,95671.74,23368.19471,51.73,53.2,50.96,51.69,6121.60009765625,6129.6298828125,6099.509765625,6129.580078125,4684980000,15.56999969482422,16.030000686645508,15.350000381469728,15.350000381469728,-0.0189343440243225,0.0024420036555518,0.246769203576727,0.1020985547653219,0.274724023117383,0.0947202344461012,0.3562756922908811,0.1267512978232278,0.5169,0.1535000038146972,0.270130796423273,0.0514014490493753,0.242175976882617,0.058779769368596,0.1606243077091189,0.0267487059914694,0,0,0,normal
2025-02-19,95671.74,96899.99,95029.99,96644.37,16438.50954,51.69,51.69,49.02,49.15,6117.759765625,6147.43017578125,6111.14990234375,6144.14990234375,4562330000,15.140000343322754,15.960000038146973,15.050000190734863,15.270000457763672,0.010114995490717,0.0023741488668242,0.2562729053652351,0.0702895704554945,0.2539644622677542,0.0915818906760158,0.3556863154899595,0.1223897758560041,0.4915,0.1527000045776367,0.2352270946347648,0.0824104341221422,0.2375355377322457,0.0611181139016209,0.1358136845100405,0.0303102287216326,0,0,0,normal
2025-02-20,96644.37,98711.36,96415.09,98305.0,17057.39177,49.15,50.66,48.1,49.06,6134.5,6134.5,6084.58984375,6117.52001953125,4813690000,15.609999656677246,16.6299991607666,15.119999885559082,15.65999984741211,0.0170369380244533,-0.0043436048842902,0.2712679407921439,0.0754577063706273,0.2641517301389571,0.092446573066713,0.3382043327711724,0.122640648975419,0.4906,0.1565999984741211,0.2193320592078561,0.0811422921034937,0.2264482698610429,0.0641534254074081,0.1523956672288276,0.033959349498702,0,0,0,normal
2025-02-21,98305.01,99475.0,94871.95,96181.98,32249.2814,49.06,49.43,47.02,48.71,6114.10009765625,6114.81982421875,6008.56005859375,6013.1298828125,5434560000,15.630000114440918,19.030000686645508,15.279999732971191,18.209999084472656,-0.0218328685213355,-0.0172113966725391,0.2858096600131162,0.1343447414037316,0.2637537592427793,0.1176603121805915,0.3074209135143426,0.1288534214457421,0.4871,0.1820999908447265,0.2012903399868838,0.0477552494409949,0.2233462407572207,0.064439678664135,0.1796790864856574,0.0532465693989844,0,0,0,normal
2025-02-24,96258.0,96500.0,91349.26,91552.88,31550.10299,48.47,48.47,46.17,47.07,6026.68994140625,6043.64990234375,5977.830078125,5983.25,4990120000,18.079999923706055,20.239999771118164,17.309999465942383,18.979999542236328,-0.049325293192846,-0.0049814935662523,0.3710288596730733,0.136014296497524,0.3251112994375992,0.1149689846073794,0.3344793772533781,0.1298133128388565,0.4707,0.1897999954223632,0.0996711403269267,0.0537856989248392,0.1455887005624008,0.0748310108149838,0.1362206227466219,0.0599866825835067,0,0,0,normal
2025-02-25,91552.88,92540.69,86050.99,88680.4,78333.11111,47.07,52.75,46.94,48.59,5982.72998046875,5992.64990234375,5908.490234375,5955.25,5374690000,19.09000015258789,21.479999542236328,18.850000381469727,19.43000030517578,-0.0318778335074248,-0.0046907151383955,0.3949592481542126,0.1071440144054395,0.3187626392407972,0.1112736427012827,0.346046926729753,0.1218352589674153,0.4859,0.1943000030517578,0.0909407518457874,0.0871559886463183,0.1671373607592028,0.0830263603504751,0.139853073270247,0.0724647440843425,0,0,0,normal
2025-02-26,88680.39,89414.15,82256.01,84250.09,56893.54409,48.59,51.63,47.69,51.3,5970.8701171875,6009.81982421875,5932.68994140625,5956.06005859375,4869580000,18.959999084472656,20.059999465942383,17.829999923706055,19.100000381469727,-0.051249257856689,0.0001360150295834,0.4227636634218121,0.1074533817725667,0.3701536511124583,0.1091965376899805,0.374103006229032,0.1218195010428568,0.513,0.1910000038146972,0.0902363365781879,0.0835466220421305,0.1428463488875417,0.0818034661247167,0.138896993770968,0.0691805027718404,0,0,0,normal
2025-02-27,84250.09,87078.46,82716.49,84708.58,42505.45439,51.3,52.82,49.06,51.68,5981.8798828125,5993.68994140625,5858.77978515625,5861.56982421875,5057680000,18.25,21.469999313354492,17.670000076293945,21.1299991607666,0.0054272577477817,-0.0159917426785246,0.4517180730243612,0.11910367143794,0.3739159744975548,0.1230345316596313,0.3676718795594981,0.1310250570002676,0.5168,0.211299991607666,0.0650819269756388,0.092196320169726,0.1428840255024452,0.0882654599480347,0.1491281204405019,0.0802749346073984,0,0,0,normal
2025-02-28,84708.57,85120.0,78258.52,84349.94,83648.03969,51.68,59.36,50.53,50.76,5856.740234375,5959.39990234375,5837.66015625,5954.5,6441140000,21.209999084472656,22.399999618530273,19.049999237060547,19.6299991607666,-0.0042427975590892,0.0157297804206633,0.4222583084754684,0.1744590832748433,0.3725300244354914,0.1410562923351675,0.3428493762411632,0.1282915473211497,0.5075999999999999,0.196299991607666,0.0853416915245315,0.0218409083328227,0.1350699755645085,0.0552436992724985,0.1647506237588367,0.0680084442865163,0,0,0,normal
2025-03-03,94269.99,94416.46,85117.11,86220.61,59171.10218,55.47,59.8,53.07,59.48,5968.330078125,5986.08984375,5810.91015625,5849.72021484375,5613850000,19.829999923706055,24.309999465942383,19.25,22.780000686645508,0.0219351465487215,-0.0177534026483088,0.4406509692141236,0.1917212835309248,0.3882754049229107,0.1533096198451675,0.3521821986572333,0.1381840608032164,0.5948,0.227800006866455,0.1541490307858763,0.0360787233355302,0.2065245950770893,0.0744903870212875,0.2426178013427666,0.0896159460632386,0,0,0,normal
2025-03-04,86221.16,88967.52,81500.0,87281.98,55609.10706,59.48,62.67,58.26,62.07,5811.97998046875,5865.080078125,5732.58984375,5778.14990234375,6138110000,22.959999084472656,26.350000381469727,21.709999084472656,23.510000228881836,0.0122347826584605,-0.0123102882315054,0.4765483975783722,0.1821226109737496,0.395886694001165,0.1579345258098264,0.3297724388120887,0.1386282712983967,0.6207,0.2351000022888183,0.1441516024216278,0.0529773913150687,0.224813305998835,0.0771654764789919,0.2909275611879113,0.0964717309904216,0,0,0,normal
2025-03-05,87281.98,91000.0,86334.53,90606.01,38264.01163,62.07,62.27,57.13,57.6,5781.35986328125,5860.58984375,5742.35009765625,5842.6298828125,5285970000,23.030000686645508,24.84000015258789,21.3700008392334,21.93000030517578,0.0373765195126344,0.0110974725287356,0.4893943618185515,0.2084200467713914,0.4224584460841772,0.1697019953691489,0.3453205653413526,0.140267538981306,0.5760000000000001,0.2193000030517578,0.0866056381814485,0.0108799562803664,0.1535415539158228,0.0495980076826089,0.2306794346586475,0.0790324640704518,0,0,0,normal
2025-03-06,90606.0,92810.64,87836.0,89931.89,34342.44902,57.83,60.35,56.4,60.15,5785.8701171875,5812.080078125,5711.64013671875,5738.52001953125,5165080000,22.600000381469727,25.920000076293945,22.38999938964844,24.8700008392334,-0.007467940338037,-0.0179796771074555,0.445689491448943,0.2263623432515501,0.4212152828975337,0.1705955010285508,0.3411970001921826,0.1466469269951354,0.6015,0.2487000083923339,0.155810508551057,0.0223376651407838,0.1802847171024663,0.0781045073637831,0.2603029998078174,0.1020530813971985,0,0,0,normal
2025-03-07,89931.88,91283.02,84667.03,86801.75,57980.35713,60.15,60.78,53.2,54.32,5726.009765625,5783.009765625,5666.2900390625,5770.2001953125,5705140000,24.850000381469727,26.559999465942383,23.09000015258789,23.3700008392334,-0.0354258232982397,0.0055054350454544,0.3699635143615092,0.2339397639825812,0.4341727531445544,0.1750108723475247,0.3518461773776032,0.1467367555611503,0.5432,0.2337000083923339,0.1732364856384908,-0.0002397555902472,0.1090272468554456,0.0586891360448093,0.1913538226223968,0.0869632528311837,0,0,0,normal
2025-03-10,80734.48,84123.46,77459.91,78595.86,47633.38405,59.1,61.95,55.32,59.57,5705.3701171875,5705.3701171875,5564.02001953125,5614.56005859375,6409370000,24.700000762939453,29.559999465942383,24.68000030517578,27.86000061035156,-0.0993077564611609,-0.0273435417884281,0.7221665695392196,0.2651363485933161,0.5813036247893089,0.1974738705292117,0.4404993217454592,0.1641711500675483,0.5957,0.2786000061035156,-0.1264665695392196,0.0134636575101995,0.0143963752106911,0.0811261355743039,0.1552006782545408,0.1144288560359673,0,1,1,stress
2025-03-11,78595.86,83617.4,76606.0,82932.99,48770.06853,59.57,62.68,59.0,59.9,5603.64990234375,5636.2998046875,5528.41015625,5572.06982421875,6221240000,27.940000534057617,29.56999969482422,26.18000030517578,26.920000076293945,0.0537139060247328,-0.0075966469185365,0.820903368124041,0.2168244085804936,0.6426226543244594,0.1935056008767337,0.4737033741049638,0.1609530295480789,0.599,0.2692000007629394,-0.221903368124041,0.0523755921824458,-0.0436226543244594,0.0756943998862057,0.1252966258950361,0.1082469712148605,0,0,0,normal
2025-03-12,82932.99,84539.85,80607.65,83680.12,31933.986,59.9,60.83,56.89,56.89,5624.83984375,5642.18994140625,5546.08984375,5599.2998046875,5219830000,26.8799991607666,26.90999984741211,23.88999938964844,24.229999542236328,0.0089685020330386,0.0048749679404907,0.8083361908791321,0.2229933645842108,0.6367006744492052,0.1997916094445688,0.4759320084667782,0.1587009380272489,0.5689,0.2422999954223632,-0.2394361908791321,0.0193066308381524,-0.0678006744492052,0.0425083859777944,0.0929679915332217,0.0835990573951143,0,0,0,normal
2025-03-13,83680.12,84336.33,79939.9,81115.78,27546.27412,56.89,57.23,55.42,55.42,5594.4501953125,5597.77978515625,5504.64990234375,5521.52001953125,5018980000,24.920000076293945,26.1299991607666,23.459999084472656,24.65999984741211,-0.0311239175565561,-0.0139883668064641,0.8129973685088149,0.2251257840181222,0.6408288798878801,0.1968325594294276,0.4725154848103451,0.161979628631031,0.5542,0.2465999984741211,-0.2587973685088148,0.0214742144559988,-0.08662887988788,0.0497674390446934,0.0816845151896549,0.0846203698430901,0,0,0,normal
2025-03-14,81115.78,85309.71,80818.84,83983.2,26858.52755,55.42,55.5,52.81,53.27,5563.85009765625,5645.27001953125,5563.85009765625,5638.93994140625,4863180000,24.350000381469727,24.36000061035156,21.479999542236328,21.770000457763672,0.0347392620472014,0.0210429059531969,0.8066079763640183,0.2625554105791439,0.6455755929144484,0.2281548795302451,0.4861957298139238,0.174905676597722,0.5327000000000001,0.2177000045776367,-0.2739079763640182,-0.0448554060015071,-0.1128755929144483,-0.0104548749526083,0.0465042701860762,0.0427943279799147,0,0,0,normal
2025-03-17,82574.52,84756.83,82456.0,84010.03,17214.74358,55.27,55.32,52.85,52.86,5635.60009765625,5703.52001953125,5631.1201171875,5675.1201171875,5031770000,22.88999938964844,22.950000762939453,20.31999969482422,20.510000228881836,0.0003194176363905,0.006395634974606,0.8093253901625077,0.2527658337008475,0.6350830763071486,0.2325304838158594,0.4846156652972944,0.176570357828462,0.5286,0.2051000022888183,-0.2807253901625077,-0.0476658314120291,-0.1064830763071486,-0.027430481527041,0.0439843347027055,0.0285296444603563,0,0,0,normal
2025-03-18,84010.02,84021.74,81134.66,82715.03,17610.89883,52.86,54.35,51.84,52.0,5654.52978515625,5654.52978515625,5597.759765625,5614.66015625,4666270000,20.829999923706055,22.56999969482422,20.40999984741211,21.700000762939453,-0.0155348697269551,-0.0107106670743197,0.7914031250421625,0.252380862661882,0.6005663547937694,0.2338454911529793,0.4851650213440558,0.1776322865266414,0.52,0.2170000076293945,-0.2714031250421624,-0.0353808550324874,-0.0805663547937693,-0.0168454835235847,0.0348349786559442,0.0393677211027531,0,0,0,normal
2025-03-19,82715.03,87000.0,82547.16,86845.94,28151.05374,52.0,54.02,51.23,54.02,5632.3701171875,5715.330078125,5622.2001953125,5675.2900390625,4660090000,21.84000015258789,22.100000381469727,19.420000076293945,19.899999618530273,0.0487344175789443,0.0107406081729537,0.5157900301791866,0.2022988930907599,0.6369903284241963,0.2352506342490298,0.5027373233224006,0.1795439751729515,0.5402,0.1989999961853027,0.0244099698208134,-0.0032988969054571,-0.0967903284241963,-0.036250638063727,0.0374626766775993,0.0194560210123512,0,0,0,normal
2025-03-20,86845.93,87453.67,83655.23,84223.39,22090.30463,54.02,54.16,48.97,49.01,5646.919921875,5711.14990234375,5632.330078125,5662.89013671875,4678420000,19.520000457763672,21.170000076293945,19.299999237060547,19.799999237060547,-0.0306630706836421,-0.0021872835137829,0.4926469255923748,0.1944944119906915,0.6515291725373198,0.2204369503089401,0.5082352051129297,0.1786510573517375,0.4901,0.1979999923706054,-0.0025469255923747,0.0035055803799139,-0.1614291725373198,-0.0224369579383346,-0.0181352051129297,0.0193489350188679,0,0,0,normal
2025-03-21,84223.38,84850.33,83175.25,84088.79,11956.97443,49.01,49.7,47.56,47.56,5630.72998046875,5670.83984375,5603.10009765625,5667.56005859375,9367460000,20.020000457763672,21.13999938964844,19.149999618530273,19.280000686645508,-0.0015994092488549,0.0008243136078323,0.4906303190926365,0.193767662642314,0.6436988226309895,0.2111901716428821,0.5081756334155995,0.1780279918681538,0.4756,0.192800006866455,-0.0150303190926364,-0.0009676557758589,-0.1680988226309895,-0.018390164776427,-0.0325756334155994,0.0147720149983012,0,0,0,normal
2025-03-24,86082.5,88765.43,85519.09,87498.16,30115.62111,47.66,48.42,47.06,47.32,5718.080078125,5775.14013671875,5718.080078125,5767.56982421875,4517990000,19.1299991607666,19.13999938964844,17.459999084472656,17.479999542236328,0.0397445001745075,0.0174921171286391,0.481767520369279,0.1779183195542847,0.6655271039559272,0.2213050391788692,0.5241373676778106,0.1856440803409668,0.4732,0.1747999954223632,-0.0085675203692789,-0.0031183241319214,-0.1923271039559271,-0.0465050437565059,-0.0509373676778106,-0.0108440849186035,0,0,0,normal
2025-03-25,87498.16,88539.63,86310.0,87392.87,22643.25248,47.32,47.94,46.54,46.99,5775.9599609375,5786.9501953125,5760.419921875,5776.64990234375,4467340000,17.579999923706055,17.770000457763672,17.020000457763672,17.149999618530273,-0.0012040641846587,0.0015730954906538,0.4543030808844971,0.1451644214989922,0.6434884489571857,0.215551982044636,0.5227818205969217,0.1842790975418974,0.4699,0.1714999961853027,0.0155969191155029,0.0263355746863105,-0.1735884489571856,-0.0440519858593332,-0.0528818205969216,-0.0127791013565946,0,0,0,normal
2025-03-26,87392.88,88275.0,85860.0,86909.17,18408.78485,46.99,47.63,46.23,47.27,5771.66015625,5783.6201171875,5694.41015625,5712.2001953125,4183140000,17.229999542236328,19.06999969482422,16.969999313354492,18.329999923706055,-0.0055501500919203,-0.011219640357598,0.4585598727313838,0.1669734693270864,0.6432574073773865,0.2068470194930642,0.5212625281088934,0.1862395389553609,0.4727,0.1832999992370605,0.0141401272686161,0.0163265299099741,-0.1705574073773864,-0.0235470202560036,-0.0485625281088933,-0.0029395397183003,0,0,0,normal
2025-03-27,86909.17,87756.39,85800.0,87232.01,17098.03897,47.27,47.28,45.42,46.61,5695.64013671875,5732.27978515625,5670.93994140625,5693.31005859375,4403460000,18.36000061035156,19.280000686645508,17.950000762939453,18.690000534057617,0.0037078004164337,-0.0033124610071321,0.4366493967550557,0.1503869457315091,0.6255427423450339,0.2054042966215558,0.5164085273398866,0.1862666455120974,0.4661,0.1869000053405761,0.0294506032449443,0.036513059609067,-0.1594427423450339,-0.0185042912809796,-0.0503085273398866,0.0006333598284787,0,0,0,normal
2025-03-28,87232.01,87515.67,83585.0,84424.38,27182.73169,46.61,52.25,46.18,49.93,5679.2001953125,5685.89013671875,5572.419921875,5580.93994140625,4513330000,19.079999923706055,22.18000030517578,18.920000076293945,21.649999618530273,-0.0327151282624945,-0.0199346011268535,0.3847421668696803,0.1842177139496133,0.4624143148450162,0.1886798725899901,0.5225764761330459,0.1894067166009677,0.4993,0.2164999961853027,0.1145578331303197,0.0322822822356894,0.0368856851549838,0.0278201235953126,-0.0232764761330458,0.027093279584335,0,0,0,normal
2025-03-31,82390.0,83943.08,81278.52,82550.01,20569.13885,53.73,54.42,50.97,51.02,5527.91015625,5627.56005859375,5488.72998046875,5611.85009765625,5257250000,24.11000061035156,24.799999237060547,21.670000076293945,22.280000686645508,-0.0224519309435633,0.0055232403576457,0.3634430160512004,0.1902916950768868,0.4180031098755536,0.1872235356800451,0.5234218734740681,0.1908589416041273,0.5102,0.222800006866455,0.1467569839487996,0.0325083117895682,0.0921968901244463,0.0355764711864099,-0.0132218734740681,0.0319410652623277,0,0,0,normal
2025-04-01,82550.0,85579.46,82432.74,85158.34,20190.39697,49.67,50.52,48.95,49.55,5597.52978515625,5650.56982421875,5558.52001953125,5633.06982421875,4434500000,22.059999465942383,23.520000457763672,21.579999923706055,21.770000457763672,0.031108055610873,0.003774104555212,0.4172352020150944,0.1924809389754531,0.437642801901853,0.186783542199264,0.5323197630499685,0.1912192221369714,0.4955,0.2177000045776367,0.0782647979849056,0.0252190656021836,0.0578571980981469,0.0309164623783727,-0.0368197630499685,0.0264807824406653,0,0,0,normal
2025-04-02,85158.35,88500.0,82320.0,82516.29,39931.457,49.55,52.78,48.62,52.61,5580.759765625,5695.31005859375,5571.47998046875,5670.97021484375,4243830000,22.299999237060547,23.65999984741211,20.68000030517578,21.510000228881836,-0.0315166187211996,0.0067056614294841,0.3602758053247669,0.1568386873480603,0.4382087329993508,0.1761508708520425,0.5364672400807492,0.1926475500371386,0.5261,0.2151000022888183,0.1658241946752331,0.058261314940758,0.0878912670006492,0.0389491314367758,-0.0103672400807491,0.0224524522516797,0,0,0,normal
2025-04-03,82516.28,83998.02,81211.24,83213.09,27337.84135,52.61,53.55,50.15,52.64,5492.740234375,5499.52978515625,5390.830078125,5396.52001953125,7210470000,26.3799991607666,30.020000457763672,24.93000030517578,30.020000457763672,0.0084089387880866,-0.0496059118289966,0.3727137545665415,0.3189932869000686,0.4126646943619473,0.2616490804898891,0.5339267820069353,0.2358758380974376,0.5264,0.3002000045776367,0.1536862454334585,-0.0187932823224318,0.1137353056380526,0.0385509240877476,-0.0075267820069353,0.0643241664801991,0,1,1,stress
2025-04-04,83213.09,84720.0,81659.0,83889.87,32915.53976,52.64,56.03,51.19,55.33,5292.14013671875,5292.14013671875,5069.89990234375,5074.080078125,8853500000,30.1200008392334,45.61000061035156,29.989999771118164,45.310001373291016,0.00810020002606,-0.0616090618982309,0.3837804283242495,0.4466472161643455,0.4143389018517782,0.3557619497884079,0.5330445143944472,0.2867927225989565,0.5533,0.4531000137329101,0.1695195716757505,0.0064527975685646,0.1389610981482218,0.0973380639445022,0.0202554856055527,0.1663072911339536,0,1,1,stress
2025-04-07,78430.0,81243.58,74508.0,79163.24,78387.53089,59.59,63.21,52.49,52.79,4953.7900390625,5246.56982421875,4835.0400390625,5062.25,8691980000,60.130001068115234,60.130001068115234,38.58000183105469,46.97999954223633,-0.0579928175493819,-0.0023341946059635,0.4888163160131132,0.4479359355229593,0.4790907911875714,0.3562976443024432,0.5399176554900672,0.2869497371588106,0.5279,0.4697999954223633,0.0390836839868868,0.0218640598994039,0.0488092088124286,0.11350235111992,-0.0120176554900671,0.1828502582635526,0,1,1,stress
2025-04-08,79163.24,80867.99,76239.9,76322.42,35317.32063,52.79,56.9,52.25,56.84,5193.56982421875,5267.47021484375,4910.419921875,4982.77001953125,7408140000,44.040000915527344,57.52000045776367,36.47999954223633,52.33000183105469,-0.0365453144265594,-0.0158250832770548,0.4955139583213949,0.4473998574546048,0.4346761335789356,0.3478072487353343,0.5421132377997661,0.2884632477688386,0.5684,0.5233000183105468,0.0728860416786051,0.075900160855942,0.1337238664210644,0.1754927695752125,0.0262867622002339,0.2348367705417082,0,1,1,stress
2025-04-09,76322.42,83588.0,74620.0,82615.22,75488.28772,56.84,62.66,52.86,53.04,4965.27978515625,5481.33984375,4948.43017578125,5456.89990234375,9489600000,50.97999954223633,57.959999084472656,31.899999618530273,33.619998931884766,0.0792271898213657,0.0908948798330364,0.7409875346535779,0.7863196972281284,0.5612315535638195,0.5500712166562927,0.5762120265468983,0.4024819640188411,0.5304,0.3361999893188476,-0.2105875346535779,-0.4501197079092808,-0.0308315535638195,-0.213871227337445,-0.0458120265468983,-0.0662819746999934,0,1,1,stress
2025-04-10,82615.22,82753.21,78464.36,79607.3,33284.80718,53.04,55.57,50.61,53.56,5353.14990234375,5353.14990234375,5115.27001953125,5268.0498046875,6677140000,34.439998626708984,54.869998931884766,34.439998626708984,40.720001220703125,-0.0370881278659981,-0.0352206070241116,0.7341204057905042,0.8047207520509693,0.5813405835782585,0.5666693133930473,0.5854152510652763,0.4116634492462853,0.5356000000000001,0.4072000122070312,-0.1985204057905041,-0.397520739843938,-0.0457405835782583,-0.159469301186016,-0.0498152510652761,-0.004463437039254,0,1,1,stress
2025-04-11,79607.3,84300.0,78969.58,83423.84,34435.43797,53.56,56.78,52.6,56.15,5255.56005859375,5381.4599609375,5220.77001953125,5363.35986328125,5602550000,40.79999923706055,46.119998931884766,36.849998474121094,37.560001373291016,0.0468283226478621,0.017930380835778,0.7847672957899776,0.8169809077270676,0.5923256603157676,0.5670127824095957,0.6022393123240453,0.4126077497594492,0.5615,0.3756000137329101,-0.2232672957899776,-0.4413808939941574,-0.0308256603157676,-0.1914127686766856,-0.0407393123240452,-0.037007736026539,0,1,1,stress
2025-04-14,83760.0,85799.99,83678.0,84591.58,28659.09348,56.29,56.4,52.34,53.31,5441.9599609375,5459.4599609375,5358.02001953125,5405.97021484375,5031440000,34.7599983215332,35.16999816894531,29.75,30.88999938964844,0.0139006146363156,0.0079133193263429,0.7874665855889296,0.7651010640953968,0.596863337230823,0.5691128864682128,0.6001001158509618,0.4115996907352231,0.5331,0.3088999938964844,-0.2543665855889295,-0.4562010701989124,-0.0637633372308229,-0.2602128925717283,-0.0670001158509617,-0.1026996968387387,0,1,1,stress
2025-04-15,84591.58,86496.42,83600.0,83643.99,20910.99528,52.02,52.4,49.97,50.39,5411.990234375,5450.41015625,5386.43994140625,5396.6298828125,4317110000,30.010000228881836,31.450000762939453,28.290000915527344,30.1200008392334,-0.0112651566020126,-0.0017292752253009,0.7900922807386376,0.6350717096396636,0.5979530694089713,0.5684413348638985,0.5995852801963846,0.4105783411668454,0.5039,0.3012000083923339,-0.2861922807386375,-0.3338717012473297,-0.0940530694089712,-0.2672413264715645,-0.0956852801963845,-0.1093783327745114,0,1,1,stress
2025-04-16,83643.99,85500.0,83111.64,84030.38,20867.24519,50.39,50.56,49.0,49.58,5335.75,5367.240234375,5220.7900390625,5275.7001953125,4607750000,33.2400016784668,34.959999084472656,29.479999542236328,32.63999938964844,0.0046088222541115,-0.0226632539649025,0.6801295393360894,0.661221750956735,0.5981534549472268,0.5738514181562875,0.5885816993100981,0.4126760119079475,0.4957999999999999,0.3263999938964844,-0.1843295393360894,-0.3348217570602506,-0.1023534549472268,-0.2474514242598031,-0.0927816993100981,-0.0862760180114631,0,1,1,stress
2025-04-17,84030.38,85470.01,83736.26,84947.91,13728.84772,49.58,49.63,48.28,48.41,5305.4501953125,5328.31005859375,5255.580078125,5282.7001953125,4714880000,30.790000915527344,32.54999923706055,29.56999969482422,29.649999618530273,0.0108598449834582,0.0013259586237727,0.6033328954209721,0.6453718075491768,0.5841317005823679,0.5705222179409681,0.589636553083215,0.4105377687185785,0.4841,0.2964999961853027,-0.1192328954209721,-0.348871811363874,-0.1000317005823678,-0.2740222217556654,-0.105536553083215,-0.1140377725332757,0,1,1,stress
2025-04-21,85179.24,88465.99,85144.76,87516.23,31773.37262,48.2,50.71,48.2,49.16,5232.93994140625,5232.93994140625,5101.6298828125,5158.2001953125,4226340000,32.75,35.75,31.790000915527344,33.81999969482422,0.0297860167696917,-0.023849648334018,0.4318562071117428,0.3080285498333075,0.5864842735562368,0.5746899459353494,0.5877052527021522,0.4142022957590274,0.4916,0.3381999969482422,0.0597437928882572,0.0301714471149346,-0.0948842735562368,-0.2364899489871071,-0.0961052527021522,-0.0760022988107851,0,1,1,stress
2025-04-22,87516.22,93888.0,87076.03,93442.99,43872.74705,49.16,52.71,49.0,52.69,5207.669921875,5309.60986328125,5207.669921875,5287.759765625,4666950000,32.61000061035156,32.68000030517578,30.079999923706055,30.56999969482422,0.0655272558342847,0.0248069521254506,0.4182384935393595,0.2959002257826493,0.6334276267569473,0.5884033549627735,0.5369904692176926,0.4159489548922647,0.5268999999999999,0.3056999969482422,0.1086615064606404,0.0097997711655928,-0.1065276267569473,-0.2827033580145313,-0.0100904692176926,-0.1102489579440225,0,1,1,stress
2025-04-23,93442.99,94696.05,91935.41,93691.08,27404.16808,52.69,52.86,49.4,49.42,5395.919921875,5469.68994140625,5356.169921875,5375.85986328125,5371390000,28.75,30.290000915527344,27.11000061035156,28.450000762939453,0.0026514695623879,0.0165238643668794,0.3954206718868633,0.292528229292232,0.6096813041052664,0.5934863872058453,0.517408772816203,0.4189917702933156,0.4942,0.2845000076293945,0.0987793281131367,-0.0080282216628374,-0.1154813041052664,-0.3089863795764508,-0.0232087728162029,-0.134491762663921,0,1,1,stress
2025-04-24,93691.07,94005.0,91660.01,93980.47,19497.06071,49.42,49.42,46.66,46.96,5381.3798828125,5489.39990234375,5371.9599609375,5484.77001953125,4697710000,28.690000534057617,29.65999984741211,26.36000061035156,26.469999313354492,0.0030840074520417,0.0200566280825831,0.4037388990073788,0.314028638163226,0.6102118930388299,0.5620617844272161,0.5172052804123102,0.4231922536026913,0.4696,0.2646999931335449,0.0658611009926212,-0.049328645029681,-0.1406118930388299,-0.2973617912936712,-0.0476052804123101,-0.1584922604691463,0,0,0,normal
2025-04-25,93980.47,95758.04,92855.96,94638.68,27500.66648,46.96,48.71,46.44,46.45,5489.72998046875,5528.10986328125,5455.85986328125,5525.2099609375,4236580000,26.219999313354492,27.200000762939453,24.84000015258789,24.84000015258789,0.0069792772557713,0.0073460847957005,0.3669885597524916,0.3141413145913274,0.6102514819782502,0.4834261133708244,0.5064819483533329,0.4218813336417997,0.4645,0.2484000015258789,0.0975114402475084,-0.0657413130654484,-0.1457514819782501,-0.2350261118449455,-0.0419819483533329,-0.1734813321159208,0,0,0,normal
2025-04-28,93749.29,95630.0,92800.01,95011.18,22157.53351,48.12,48.61,46.38,47.05,5529.22021484375,5553.66015625,5468.64013671875,5528.75,4257880000,25.75,26.93000030517578,24.700000762939453,25.149999618530273,0.0039282969048316,0.0006405015390019,0.3680249004884744,0.2593968960864907,0.530594245805173,0.482585995761661,0.4986465670575535,0.4171653582532062,0.4705,0.2514999961853027,0.1024750995115255,-0.0078968999011879,-0.060094245805173,-0.2310859995763582,-0.0281465670575535,-0.1656653620679035,0,0,0,normal
2025-04-29,95011.18,95461.53,93742.54,94256.82,16955.3402,47.05,47.24,46.04,46.17,5508.8701171875,5571.9501953125,5505.7001953125,5560.830078125,4747150000,24.760000228881836,25.989999771118164,23.760000228881836,24.170000076293945,-0.00797138443391,0.0057856415455563,0.3984764390970532,0.2568895001881579,0.4912257679122371,0.4719761971528661,0.4997722937929493,0.4170794723353263,0.4617,0.2417000007629394,0.0632235609029467,-0.0151894994252184,-0.0295257679122371,-0.2302761963899266,-0.0380722937929493,-0.1753794715723868,0,0,0,normal
2025-04-30,94256.82,95228.45,92910.0,94172.0,17661.2751,46.17,46.79,45.02,45.07,5499.43994140625,5581.83984375,5433.240234375,5569.06005859375,5449490000,24.350000381469727,28.170000076293945,24.229999542236328,24.700000762939453,-0.0009002869702098,0.0014788972519335,0.3926778509132053,0.1508301158196386,0.396968608512192,0.2806397786913102,0.4966332209292229,0.4160265043014571,0.4507,0.2470000076293945,0.0580221490867947,0.0961698918097559,0.0537313914878079,-0.0336397710619156,-0.0459332209292229,-0.1690264966720625,0,0,0,normal
2025-05-01,94172.0,97424.02,94130.43,96489.91,21380.45343,45.07,46.97,44.74,46.11,5625.14013671875,5658.91015625,5597.35009765625,5604.14013671875,4935270000,23.940000534057617,25.18000030517578,23.299999237060547,24.600000381469727,0.0243155458100097,0.0062793457164519,0.1573100098032844,0.1163578303282806,0.3389648768911315,0.2252859816517748,0.4825000604346622,0.4152004358939089,0.4611,0.2460000038146972,0.3037899901967156,0.1296421734864166,0.1221351231088685,0.0207140221629224,-0.0214000604346621,-0.1692004320792116,0,0,0,normal
2025-05-02,96489.9,97895.68,96350.0,96887.14,14905.74811,46.11,48.1,44.38,44.54,5645.8798828125,5700.7001953125,5642.27978515625,5686.669921875,4854380000,23.6299991607666,24.31999969482422,22.34000015258789,22.68000030517578,0.0041083526584195,0.0146191911091127,0.1568004104295172,0.1111496211583476,0.3048644332539005,0.221847806966173,0.4714990863287286,0.4174302396148732,0.4454,0.2268000030517578,0.2885995895704828,0.1156503818934102,0.1405355667460995,0.0049521960855848,-0.0260990863287285,-0.1906302365631153,0,0,0,normal
2025-05-05,94277.61,95199.0,93514.1,94733.68,17251.18189,46.35,46.87,44.89,45.0,5655.31982421875,5683.3798828125,5634.47998046875,5650.3798828125,4358260000,24.25,24.6299991607666,22.809999465942383,23.63999938964844,-0.0224772095681458,-0.0064020470293184,0.2275415177788562,0.1040468536660289,0.3350070535458248,0.2254634586293145,0.4777523337132456,0.4178524535833275,0.45,0.2363999938964844,0.2224584822211438,0.1323531402304555,0.1149929464541752,0.0109365352671699,-0.0277523337132455,-0.1814524596868431,0,0,0,normal
2025-05-06,94733.68,96920.65,93377.0,96834.02,16122.64513,45.0,46.66,44.86,46.66,5605.8701171875,5649.580078125,5586.0400390625,5606.91015625,4717260000,23.969999313354492,25.11000061035156,23.899999618530273,24.760000228881836,0.0219287924377574,-0.0077229852783917,0.2591389050494297,0.122804942563776,0.3273482857561675,0.2293821928871005,0.4688686089173277,0.4150080037439253,0.4665999999999999,0.2476000022888183,0.2074610949505702,0.1247950597250423,0.1392517142438324,0.0182178094017178,-0.0022686089173277,-0.1674080014551069,0,0,0,normal
2025-05-07,96834.02,97732.0,95784.61,97030.5,16644.83854,46.66,47.26,44.59,44.8,5614.18017578125,5654.72998046875,5578.64013671875,5631.27978515625,4987440000,24.559999465942383,25.6200008392334,23.290000915527344,23.549999237060547,0.0020269832486365,0.0043369381067101,0.2591889962035836,0.1229663430187803,0.3284242456933741,0.1978810943176123,0.4686876265071489,0.4152307842954559,0.4479999999999999,0.2354999923706054,0.1888110037964163,0.1125336493518251,0.1195757543066258,0.0376188980529931,-0.0206876265071489,-0.1797307919248504,0,0,0,normal
2025-05-08,97030.5,104145.76,96876.29,103261.6,34962.02847,44.8,47.17,44.55,45.88,5663.60009765625,5720.10009765625,5635.3798828125,5663.93994140625,5627400000,22.84000015258789,23.61000061035156,21.8799991607666,22.479999542236328,0.062240212129403,0.0057830211474656,0.4241630614777275,0.122963515167466,0.3956600481076321,0.1973285939592288,0.4976177135980236,0.4144643122594832,0.4588,0.2247999954223632,0.0346369385222725,0.1018364802548972,0.0631399518923679,0.0274714014631344,-0.0388177135980235,-0.1896643168371199,0,0,0,normal
2025-05-09,103261.61,104361.3,102315.14,102971.99,27617.39907,45.88,46.36,45.21,45.78,5679.64990234375,5691.68994140625,5644.14990234375,5659.91015625,4645090000,22.399999618530273,22.81999969482422,21.829999923706055,21.899999618530273,-0.002808564699583,-0.0007117341348763,0.4269415641777369,0.1245135081357921,0.394527801495694,0.1507189326275576,0.4982077752410304,0.4143676453498323,0.4578,0.2189999961853027,0.0308584358222631,0.0944864880495106,0.0632721985043059,0.0682810635577451,-0.0404077752410304,-0.1953676491645295,0,0,0,normal
2025-05-12,104118.0,105819.45,100718.37,102791.32,31272.77792,47.13,48.45,45.29,45.44,5807.2001953125,5845.3701171875,5786.080078125,5844.18994140625,6014580000,19.84000015258789,20.440000534057617,18.13999938964844,18.38999938964844,-0.0017560958407042,0.0320399766770208,0.4259659142374514,0.2190415281098368,0.310663664078908,0.1695731385503196,0.4854736452510551,0.420193439907762,0.4543999999999999,0.1838999938964844,0.0284340857625485,-0.0351415342133523,0.1437363359210919,0.0143268553461647,-0.0310736452510551,-0.2362934460112775,0,0,0,normal
2025-05-13,102791.32,104976.25,101429.7,104103.72,21253.42409,44.83,45.96,44.65,45.71,5854.14990234375,5906.64013671875,5845.02001953125,5886.5498046875,5516290000,18.690000534057617,18.850000381469727,17.649999618530273,18.219999313354492,0.0126867961942682,0.0072220590202459,0.424905049967735,0.2111594045342876,0.3109766315767028,0.1641061624028292,0.4778475480297279,0.4203623188012853,0.4571,0.1821999931335449,0.032194950032265,-0.0289594114007426,0.1461233684232972,0.0180938307307157,-0.0207475480297278,-0.2381623256677403,0,0,0,normal
2025-05-14,104103.72,104356.95,102602.05,103507.82,16452.9081,45.71,45.76,44.65,44.79,5896.740234375,5906.5498046875,5872.10986328125,5892.580078125,5233450000,18.100000381469727,18.81999969482422,18.059999465942383,18.6200008392334,-0.0057405444459628,0.001023891242276,0.3802626615102424,0.1987502657427457,0.3156396363074933,0.1530846847842702,0.4741037431559639,0.4203138868157923,0.4478999999999999,0.1862000083923339,0.0676373384897575,-0.0125502573504117,0.1322603636925066,0.0331153236080637,-0.0262037431559639,-0.2341138784234583,0,0,0,normal
2025-05-15,103507.83,104192.7,101383.07,103763.71,17998.98604,44.79,44.85,43.07,43.57,5869.81982421875,5924.2099609375,5865.16015625,5916.93017578125,4991290000,19.190000534057617,19.3799991607666,17.770000457763672,17.829999923706055,0.002469129551993,0.0041238174387576,0.3782477159615882,0.1757898620991907,0.3161964046520653,0.1527876553901269,0.460455745207423,0.4201026476642823,0.4357,0.1782999992370605,0.0574522840384117,0.0025101371378698,0.1195035953479347,0.0255123438469336,-0.024755745207423,-0.2418026484272217,0,0,0,normal
2025-05-16,103763.71,104550.33,103100.49,103463.9,15683.88024,43.57,43.61,41.56,42.62,5929.08984375,5958.6201171875,5907.35986328125,5958.3798828125,4850850000,17.959999084472656,17.959999084472656,17.149999618530273,17.239999771118164,-0.0028935353660749,0.0069808493681001,0.3836486683539615,0.1743829988007139,0.3186186316975165,0.1517315252818627,0.4614553032550543,0.3914171119886477,0.4261999999999999,0.1723999977111816,0.0425513316460384,-0.0019830010895322,0.1075813683024835,0.0206684724293189,-0.0352553032550543,-0.219017114277466,0,0,0,normal
2025-05-19,106454.27,107108.62,102000.0,105573.74,30260.03524,44.93,45.24,43.77,44.02,5902.8798828125,5968.60986328125,5895.68994140625,5963.60009765625,4144010000,19.84000015258789,19.920000076293945,17.920000076293945,18.13999938964844,0.0201869065124503,0.0008757295660482,0.1529247949374663,0.1794921447773377,0.3169256306272922,0.1528810048494072,0.4629735463928258,0.3398746392096164,0.4402,0.1813999938964844,0.2872752050625337,0.0019078491191467,0.1232743693727078,0.0285189890470772,-0.0227735463928257,-0.158474645313132,0,0,0,normal
2025-05-20,105573.73,107320.0,104184.72,106849.99,23705.48275,44.02,47.38,44.01,47.3,5944.66015625,5953.06005859375,5909.259765625,5940.4599609375,4416850000,18.459999084472656,18.68000030517578,17.700000762939453,18.09000015258789,0.012016222070838,-0.0038877770695725,0.1544701757713118,0.1863741610353202,0.3145447167037398,0.1569157244783069,0.4190829548161711,0.3402108841536526,0.473,0.1809000015258789,0.3185298242286881,-0.0054741595094413,0.1584552832962601,0.023984277047572,0.0539170451838288,-0.1593108826277736,0,0,0,normal
2025-05-21,106850.0,110797.38,106100.01,109643.99,45531.040345,47.3,49.24,46.31,49.13,5910.18017578125,5938.3701171875,5830.91015625,5844.60986328125,5254250000,18.770000457763672,21.049999237060547,17.770000457763672,20.8700008392334,0.02581277442421,-0.0162667192677588,0.1868837763221789,0.1295227140608856,0.3160165903270971,0.1797623346267258,0.3973087615985874,0.3404518697198115,0.4913,0.208700008392334,0.3044162236778211,0.0791772943314483,0.1752834096729029,0.0289376737656081,0.0939912384014126,-0.1317518613274775,0,0,0,normal
2025-05-22,109643.99,111980.0,109177.37,111696.21,31630.77313,49.13,49.84,47.71,49.0,5841.259765625,5878.080078125,5825.81982421875,5842.009765625,5157050000,20.6200008392334,22.06999969482422,19.63999938964844,20.280000686645508,0.0185441127291967,-0.0004449700224211,0.1945931962594325,0.1193638060231554,0.3175025753631813,0.1720869021280493,0.3434629063760471,0.2239225892516677,0.49,0.202800006866455,0.2954068037405675,0.0834362008432996,0.1724974246368186,0.0307131047384057,0.1465370936239529,-0.0211225823852126,0,0,0,normal
2025-05-23,111696.22,111800.0,106800.0,107318.3,31737.72309,49.0,49.0,45.6,47.68,5781.89013671875,5829.509765625,5767.41015625,5802.81982421875,4662820000,20.13999938964844,25.530000686645508,19.829999923706055,22.290000915527344,-0.0399835903745315,-0.0067308995914731,0.3542856271884292,0.1226331471765346,0.3584346192265522,0.1724007338994052,0.3470005541800248,0.1959463386016526,0.4768,0.2229000091552734,0.1225143728115708,0.1002668619787388,0.1183653807734478,0.0504992752558682,0.1297994458199752,0.0269536705536208,0,0,0,normal
2025-05-27,109434.78,110718.0,107516.57,108938.17,21276.65635,47.13,47.43,45.3,46.16,5854.06982421875,5924.330078125,5854.06982421875,5921.5400390625,5366380000,20.6299991607666,21.010000228881836,18.950000762939453,18.959999084472656,0.0149812886219906,0.0202525808021843,0.358219603303044,0.1815537048291472,0.3547356664571225,0.1826766194902353,0.3294254382710923,0.1975698304344635,0.4615999999999999,0.1895999908447265,0.1033803966969559,0.0080462860155793,0.1068643335428774,0.0069233713544912,0.1321745617289076,-0.0079698395897369,0,0,0,normal
2025-05-28,108938.17,109284.7,106769.43,107781.78,15633.78829,46.16,46.46,43.47,45.24,5925.5400390625,5939.919921875,5881.8798828125,5888.5498046875,4665050000,19.209999084472656,19.43000030517578,18.68000030517578,19.309999465942383,-0.0106718460844975,-0.0055868025764447,0.3700435572900941,0.1771882846322129,0.3631584633537736,0.1870165873807869,0.3338493321314583,0.1987018420877699,0.4524,0.1930999946594238,0.0823564427099059,0.0159117100272109,0.0892415366462264,0.0060834072786369,0.1185506678685417,-0.005601847428346,0,0,0,normal
2025-05-29,107781.78,108891.91,105322.86,105589.75,19834.70116,45.24,45.24,43.54,44.61,5939.9599609375,5943.1298828125,5873.7998046875,5912.169921875,4569750000,18.25,20.200000762939453,18.11000061035156,19.18000030517578,-0.0205473253252083,0.0040031708706317,0.3841596537905053,0.1800563421790052,0.2820929771841257,0.1866905525315298,0.3395572811184973,0.198247874961727,0.4461,0.1918000030517578,0.0619403462094946,0.0117436608727526,0.1640070228158743,0.005109450520228,0.1065427188815026,-0.0064478719099691,0,0,0,normal
2025-05-30,105589.75,106313.12,103621.0,103985.48,23706.49799,44.61,47.41,43.64,43.71,5903.669921875,5922.14013671875,5843.66015625,5911.68994140625,6378540000,19.61000061035156,20.549999237060547,18.56999969482422,18.56999969482422,-0.0153100281575464,-8.118845699520562e-05,0.3833123127981749,0.1791492279354622,0.2907278881342849,0.1864623908237734,0.346013020416913,0.1830239848673079,0.4371,0.1856999969482421,0.053787687201825,0.0065507690127799,0.146372111865715,-0.0007623938755312,0.0910869795830869,0.0026760120809342,0,0,0,normal
2025-06-02,105642.93,105935.63,103659.88,105857.99,13453.98813,45.13,45.22,42.38,42.97,5896.68017578125,5937.39990234375,5861.43017578125,5935.93994140625,4832240000,19.809999465942383,20.450000762939453,18.36000061035156,18.36000061035156,0.0178472048981853,0.004093651490626,0.3596435384935075,0.1427715225328132,0.2992884572514351,0.1322138785985273,0.3472627374563525,0.1828753928141827,0.4296999999999999,0.1836000061035156,0.0700564615064924,0.0408284835707024,0.1304115427485648,0.0513861275049883,0.0824372625436474,0.0007246132893329,0,0,0,normal
2025-06-03,105858.0,106794.67,104872.5,105376.89,13259.52634,42.97,43.72,42.47,42.83,5938.56005859375,5981.35009765625,5929.0,5970.3701171875,5026680000,18.829999923706055,19.209999084472656,17.639999389648438,17.690000534057617,-0.0045551268035746,0.0057835335353689,0.3206708904656676,0.1427885821178281,0.2963912386382236,0.1310611853417682,0.3421966018708658,0.1628973553392309,0.4282999999999999,0.1769000053405761,0.1076291095343323,0.034111423222748,0.1319087613617763,0.0458388199988079,0.0861033981291341,0.0140026500013452,0,0,0,normal
2025-06-04,105376.9,106000.0,104179.0,104696.86,14034.89482,42.83,43.08,41.83,42.18,5978.93994140625,5990.47998046875,5966.10986328125,5970.81005859375,4767050000,17.68000030517578,18.06999969482422,17.40999984741211,17.610000610351562,-0.0064742251263659,7.368474471916267e-05,0.2326519455018909,0.1281931699704705,0.2967245151802713,0.1311212097617392,0.2939317143672386,0.1520066224758426,0.4218,0.1761000061035156,0.1891480544981091,0.0479068361330451,0.1250754848197287,0.0449787963417764,0.1278682856327614,0.024093383627673,0,0,0,normal
2025-06-05,104696.86,105909.71,100372.26,101508.68,22321.50154,42.18,43.45,41.44,42.76,5985.669921875,5999.7001953125,5921.2001953125,5939.2998046875,5091850000,17.68000030517578,18.799999237060547,17.079999923706055,18.479999542236328,-0.0309248149110365,-0.0052913579786981,0.2420735333553181,0.0722171779984826,0.3255423355706895,0.1327666532709874,0.3106934932021663,0.1495800577686301,0.4276,0.1847999954223632,0.1855264666446819,0.1125828174238806,0.1020576644293104,0.0520333421513758,0.1169065067978336,0.0352199376537331,0,0,0,normal
2025-06-06,101508.69,105333.0,101095.8,104288.44,15839.07385,42.76,42.89,40.52,40.53,5987.06005859375,6016.8701171875,5978.6298828125,6000.35986328125,4355710000,18.15999984741211,18.350000381469727,16.649999618530273,16.770000457763672,0.0270162096650293,0.0102281962153767,0.3284728290031025,0.0789256346483592,0.3471960213467721,0.1366079582228133,0.3186113187678566,0.1425735780840525,0.4053,0.1677000045776367,0.0768271709968975,0.0887743699292775,0.0581039786532279,0.0310920463548234,0.0866886812321434,0.0251264264935842,0,0,0,normal
2025-06-09,105734.01,110530.17,105318.37,110263.02,19975.37451,42.52,42.85,41.46,42.61,6004.6298828125,6021.31005859375,5994.18017578125,6005.8798828125,4642360000,17.690000534057617,17.719999313354492,16.81999969482422,17.15999984741211,0.0557080808604971,0.0009195251863913,0.4645051506794121,0.0789346432799334,0.4126448885168575,0.1366104103206214,0.3527486369095403,0.142085046445579,0.4261,0.1715999984741211,-0.0384051506794121,0.0926653551941877,0.0134551114831424,0.0349895881534997,0.0733513630904597,0.029514952028542,0,0,0,normal
2025-06-10,110263.02,110400.0,108331.03,110274.39,17071.82839,41.89,42.8,41.65,42.51,6009.91015625,6043.009765625,6000.27978515625,6038.81005859375,4882880000,17.5,17.989999771118164,16.68000030517578,16.950000762939453,0.0001031117578652,0.0054680125416468,0.4432667391981199,0.0790835017198647,0.4107484420429987,0.1365458307039852,0.3530325278265827,0.1421420779706873,0.4251,0.1695000076293945,-0.0181667391981198,0.0904165059095298,0.0143515579570012,0.0329541769254093,0.0720674721734173,0.0273579296587072,0,0,0,normal
2025-06-11,110274.39,110392.01,108064.0,108645.12,13115.91638,42.51,42.69,40.86,40.95,6049.3798828125,6059.39990234375,6002.31982421875,6022.240234375,5111550000,17.040000915527344,18.09000015258789,16.229999542236328,17.260000228881836,-0.0148849235207292,-0.0027476603182873,0.457218978275783,0.0856343128461871,0.4016903214803522,0.1131106773533391,0.3557919460585283,0.1428084096135157,0.4095,0.1726000022888183,-0.0477189782757829,0.0869656894426312,0.0078096785196478,0.0594893249354792,0.0537080539414717,0.0297915926753026,0,0,0,normal
2025-06-12,108645.13,108813.55,105671.72,105671.73,17778.67218,40.95,41.4,39.57,39.77,6009.89990234375,6045.43017578125,6003.8798828125,6045.259765625,4669500000,17.8700008392334,18.8700008392334,17.43000030517578,18.020000457763672,-0.0277493887872792,0.0038151330716763,0.4944941280288648,0.0828093005013713,0.4067863834719908,0.1126676707656593,0.367794773783483,0.1428014457226779,0.3977,0.1802000045776367,-0.0967941280288647,0.0973907040762654,-0.0090863834719907,0.0675323338119774,0.029905226216517,0.0373985588549588,0,0,0,normal
2025-06-13,105671.74,106179.53,102664.31,106066.59,26180.81734,39.77,43.96,39.77,40.72,6000.56005859375,6026.16015625,5963.2099609375,5976.97021484375,5258910000,21.760000228881836,22.0,18.8799991607666,20.81999969482422,0.0037297023772628,-0.0113606685901028,0.4923224473564487,0.1149079221790729,0.3725867171461851,0.1213525674724199,0.3626394969965871,0.1480522489721699,0.4072,0.2081999969482421,-0.0851224473564487,0.0932920747691692,0.0346132828538149,0.0868474294758222,0.0445605030034129,0.0601477479760722,0,0,0,normal
2025-06-16,105594.02,108952.38,104980.37,106794.53,14922.6654,42.32,42.32,40.28,41.73,6004.0,6050.830078125,6004.0,6033.10986328125,5111710000,19.780000686645508,20.219999313354492,18.670000076293945,19.11000061035156,0.0068396035665066,0.0093488231481891,0.4355829009794763,0.1192960445390069,0.3674516535950906,0.0959061100943886,0.3627883037334477,0.1449496218756676,0.4172999999999999,0.1911000061035156,-0.0182829009794763,0.0718039615645087,0.0498483464049093,0.095193896009127,0.0545116962665522,0.046150384227848,0,0,0,normal
2025-06-17,106794.53,107771.34,103371.02,104551.17,17866.33025,41.73,42.19,40.72,41.62,6012.14990234375,6023.25,5974.7998046875,5982.72021484375,4955700000,20.530000686645508,21.790000915527344,19.549999237060547,21.600000381469727,-0.0212300913561666,-0.0083872597236431,0.4398076106923422,0.119221452905309,0.3752526917248251,0.1004513478947056,0.3620371612780997,0.1460561212919269,0.4161999999999999,0.2160000038146972,-0.0236076106923422,0.0967785509093882,0.0409473082751748,0.1155486559199916,0.0541628387219002,0.0699438825227703,0,0,0,normal
2025-06-18,104551.17,105550.27,103500.0,104886.78,13968.64167,41.62,41.7,39.6,39.69,5987.93017578125,6018.25,5971.89013671875,5980.8701171875,5106470000,20.899999618530273,21.579999923706055,19.59000015258789,20.13999938964844,0.0032048660451346,-0.0003092880347205,0.2203756869371364,0.1188687831074009,0.3661286186376201,0.0997266351025815,0.3577004134343524,0.1433650958421654,0.3969,0.2013999938964844,0.1765243130628635,0.0825312107890835,0.0307713813623798,0.1016733587939029,0.0391995865656475,0.058034898054319,0,0,0,normal
2025-06-20,104658.59,106524.65,102345.0,103297.99,16419.06283,40.21,41.53,39.03,40.67,5999.669921875,6018.2001953125,5952.56005859375,5967.83984375,7451500000,20.739999771118164,21.06999969482422,19.11000061035156,20.6200008392334,-0.0152635646283069,-0.0021810352155877,0.2184389311969627,0.111084384099602,0.3660921809126416,0.1004915951851423,0.3614580583050603,0.1437460768716155,0.4067,0.206200008392334,0.1882610688030373,0.0951156242927319,0.0406078190873583,0.1057084132071917,0.0452419416949397,0.0624539315207184,0,0,0,normal
2025-06-23,100963.87,106074.2,99613.33,105333.93,27666.50609,41.75,42.15,39.54,39.86,5969.669921875,6028.77001953125,5943.22998046875,6025.169921875,5597000000,21.149999618530273,22.510000228881836,19.81999969482422,19.829999923706055,0.0195176714130769,0.0095606550712594,0.2725588315905268,0.1292240126029472,0.3677774213769565,0.1065883933239508,0.3183084202700404,0.1450360078404358,0.3986,0.1982999992370605,0.1260411684094732,0.0690759866341133,0.0308225786230434,0.0917116059131097,0.0802915797299596,0.0532639913966247,0,0,0,normal
2025-06-24,105333.94,106290.0,104622.02,106083.0,14651.69335,39.87,41.2,39.0,39.05,6061.2099609375,6101.759765625,6059.25,6092.18017578125,5443690000,18.190000534057617,18.719999313354492,17.329999923706055,17.479999542236328,0.0070862171209309,0.0110603286169586,0.2229651404915297,0.1444582272986772,0.3685156064844044,0.1132582983863939,0.3186625103130493,0.147079165798798,0.3904999999999999,0.1747999954223632,0.1675348595084702,0.030341768123686,0.0219843935155955,0.0615416970359693,0.0718374896869506,0.0277208296235652,0,0,0,normal
2025-06-25,106083.0,108135.3,105808.03,107340.58,16701.15551,39.04,39.28,37.9,38.4,6104.22998046875,6108.509765625,6080.08984375,6092.16015625,5171110000,17.280000686645508,17.510000228881836,16.68000030517578,16.760000228881836,0.0117849635445264,-3.286108349665331e-06,0.2328037554935349,0.1167038777749702,0.3699785903249373,0.1132768022256369,0.3200613427770938,0.1173908743705905,0.384,0.1676000022888183,0.1511962445064651,0.0508961245138481,0.0140214096750627,0.0543232000631814,0.0639386572229062,0.0502091279182278,0,0,0,normal
2025-06-26,107340.59,108272.45,106562.5,106947.06,10573.27279,38.4,39.32,37.71,38.25,6112.08984375,6146.52001953125,6107.27001953125,6141.02001953125,5308140000,16.670000076293945,16.780000686645508,16.110000610351562,16.59000015258789,-0.0036728244556723,0.0079881310325167,0.231608500830441,0.1137083348151351,0.3401426181406105,0.1119900214700169,0.3185761161076206,0.1177423391108701,0.3825,0.1659000015258789,0.150891499169559,0.0521916667107438,0.0423573818593895,0.053909980055862,0.0639238838923794,0.0481576624150088,0,0,0,normal
2025-06-27,106947.06,107735.34,106356.76,107047.59,12232.44042,38.25,38.34,36.27,38.1,6150.7001953125,6187.68017578125,6132.35009765625,6173.06982421875,7889350000,16.309999465942383,17.290000915527344,16.1200008392334,16.31999969482422,0.0009395562683027,0.00520539925615,0.1772591695160228,0.0843376399453871,0.3230989941941,0.1070920442552154,0.3179541659736783,0.1182456042286375,0.381,0.1631999969482422,0.2037408304839772,0.0788623570028551,0.0579010058059,0.0561079526930267,0.0630458340263216,0.0449543927196046,0,0,0,normal
2025-06-30,108356.93,108789.99,106733.33,107146.5,9754.12491,39.34,39.34,37.69,37.74,6193.35986328125,6215.080078125,6174.97021484375,6204.9501953125,5782900000,17.190000534057617,17.43000030517578,16.549999237060547,16.729999542236328,0.0009235549592471,0.0051511375061288,0.1778763727959498,0.0774083579230213,0.2098985139025146,0.1077466908006414,0.3179287690210268,0.1184771708924133,0.3774,0.1672999954223633,0.1995236272040502,0.089891637499342,0.1675014860974854,0.0595533046217218,0.0594712309789732,0.0488228245299499,0,0,0,normal
2025-07-01,107146.51,107540.0,105250.85,105681.14,10505.62437,37.14,38.23,36.99,37.61,6187.25,6210.77978515625,6177.97021484375,6198.009765625,6275310000,16.979999542236328,17.479999542236328,16.510000228881836,16.829999923706055,-0.0137706094588064,-0.0011191571098791,0.1715348066576963,0.0732762991176642,0.2153253819475378,0.1076512358575699,0.32065813918592,0.1175937156815482,0.3761,0.1682999992370605,0.2045651933423037,0.0950237001193963,0.1607746180524621,0.0606487633794906,0.0554418608140799,0.0507062835555123,0,0,0,normal
2025-07-02,105681.13,109730.0,105100.19,108849.6,17691.89592,37.61,40.44,37.48,39.6,6193.8798828125,6227.60009765625,6188.2900390625,6227.419921875,5645710000,16.75,17.3700008392334,16.540000915527344,16.639999389648438,0.0295406654537451,0.0047338743064907,0.216171205174067,0.0672584870277948,0.2479668227565205,0.1061142318557887,0.3266853321148382,0.1179996184599846,0.396,0.1663999938964843,0.179828794825933,0.0991415068686895,0.1480331772434795,0.0602857620406956,0.0693146678851618,0.0484003754364997,0,0,0,normal
2025-07-03,108849.59,110529.18,108530.4,109584.78,13047.08225,39.6,40.93,38.66,39.08,6246.4599609375,6284.64990234375,6246.4599609375,6279.35009765625,3378110000,16.649999618530273,16.829999923706055,16.139999389648438,16.3799991607666,0.0067313833656431,0.0083043782106639,0.2160164515784217,0.0576937512521058,0.2135730293422668,0.1089518001894197,0.3254962603901766,0.1185032884374416,0.3908,0.163799991607666,0.1747835484215782,0.1061062403555602,0.1772269706577331,0.0548481914182463,0.0653037396098233,0.0452967031702244,0,0,0,normal
2025-07-07,109203.85,109700.0,107513.2,108262.94,9405.37601,38.98,39.51,38.46,38.71,6259.0400390625,6262.06982421875,6201.0,6229.97998046875,5236740000,17.829999923706055,18.5,17.510000228881836,17.790000915527344,-0.0121355984129131,-0.007893368104244,0.2300098818472794,0.0918529301866039,0.2223681763069837,0.1009700483200754,0.3187100835341092,0.1095247710057229,0.3871,0.1779000091552734,0.1570901181527206,0.0860470789686695,0.1647318236930163,0.076929960835198,0.0683899164658908,0.0683752381495505,0,0,0,normal
2025-07-08,108262.94,109216.56,107429.57,108922.98,9216.0208,38.71,39.04,37.67,37.77,6234.02978515625,6242.7001953125,6217.75,6225.52001953125,5739030000,17.40999984741211,17.440000534057617,16.540000915527344,16.809999465942383,0.0060781291164992,-0.0007161432504695,0.22873120232125,0.087524289737958,0.2220345585710192,0.0976010465142799,0.3142806988975764,0.1095829418523409,0.3777,0.1680999946594238,0.14896879767875,0.0805757049214658,0.1556654414289808,0.0704989481451439,0.0634193011024236,0.0585170528070829,0,0,0,normal
2025-07-09,108922.99,111999.79,108324.53,111233.99,17282.2865,37.77,40.09,37.08,38.77,6243.330078125,6269.16015625,6231.43017578125,6263.259765625,4813340000,16.760000228881836,16.760000228881836,15.760000228881836,15.9399995803833,0.0209949736167124,0.0060438027767796,0.252932458980945,0.0889657723533275,0.2105484179596905,0.085600462164707,0.2975259886604914,0.1068379049510777,0.3877,0.159399995803833,0.134767541019055,0.0704342234505055,0.1771515820403095,0.073799533639126,0.0901740113395086,0.0525620908527553,0,0,0,normal
2025-07-10,111234.0,116868.0,110500.0,116010.0,24883.450665,38.77,40.21,37.98,38.62,6266.7998046875,6290.22021484375,6251.43994140625,6280.4599609375,5367350000,16.229999542236328,16.239999771118164,15.699999809265137,15.779999732971191,0.042040393709379,0.0027424410729257,0.3302996815979238,0.0866070773082994,0.2638941690850639,0.0840905055865511,0.3180497106682924,0.0927427702872438,0.3862,0.1577999973297119,0.0559003184020762,0.0711929200214125,0.122305830914936,0.0737094917431608,0.0681502893317075,0.0650572270424681,0,0,0,normal
2025-07-11,116010.01,118869.98,115222.22,117527.66,25873.521148,38.62,40.24,37.51,37.94,6255.68017578125,6269.43994140625,6237.60009765625,6259.75,4656210000,16.40999984741211,17.239999771118164,15.979999542236328,16.399999618530273,0.0129973158489833,-0.0033029717732258,0.2799989420622182,0.0905248625117086,0.2437303024925495,0.0856772702427246,0.3171895723256335,0.0913533246743807,0.3793999999999999,0.1639999961853027,0.0994010579377817,0.0734751336735941,0.1356696975074504,0.0783227259425781,0.0622104276743664,0.072646671510922,0,0,0,normal
2025-07-14,119086.65,123218.0,118905.18,119841.18,27269.348877,39.24,40.64,38.79,39.64,6255.14990234375,6273.31005859375,6239.22021484375,6268.56005859375,4722250000,17.729999542236328,17.850000381469727,16.90999984741211,17.200000762939453,0.0194936560460837,0.0014064243309367,0.2644090240272167,0.0875555560549827,0.2437106509824151,0.0811994973869612,0.3126823199466925,0.0911776842524272,0.3964,0.1720000076293945,0.1319909759727833,0.0844444515744118,0.1526893490175849,0.0908005102424333,0.0837176800533075,0.0808223233769673,0,0,0,normal
2025-07-15,119841.17,119940.83,115736.92,117758.09,32018.46083,39.64,41.81,39.44,39.93,6295.2900390625,6302.0400390625,6241.68017578125,6243.759765625,5133670000,16.889999389648438,17.389999389648438,16.559999465942383,17.3799991607666,-0.0175349307627005,-0.0039641450656725,0.3246581745602512,0.0741339549089916,0.2689609590818002,0.0765619504234891,0.3139538111895453,0.0926129941494811,0.3993,0.173799991607666,0.0746418254397487,0.0996660366986744,0.1303390409181998,0.0972380411841769,0.0853461888104546,0.0811869974581849,0,0,0,normal
2025-07-16,117758.08,120063.84,117017.29,118630.43,17039.90851,39.93,40.96,37.98,39.07,6254.5,6268.1201171875,6201.58984375,6263.7001953125,5177460000,17.65999984741211,19.479999542236328,16.690000534057617,17.15999984741211,0.0073805949622627,0.0031885685253844,0.2870079052485666,0.0576632513530206,0.2682355436150836,0.0763379136807069,0.3114401050803302,0.0924570737772852,0.3907,0.1715999984741211,0.1036920947514333,0.1139367471211005,0.1224644563849163,0.0952620847934142,0.0792598949196697,0.0791429246968359,0,0,0,normal
2025-07-17,118630.44,120998.71,117453.57,119177.56,15728.57651,39.07,40.89,38.28,39.47,6263.39990234375,6304.68994140625,6262.27001953125,6297.35986328125,5512290000,17.15999984741211,17.3700008392334,16.479999542236328,16.520000457763672,0.0046014514935447,0.005359380240011,0.2886496320499477,0.0624087833926539,0.2640321486741102,0.0730746098030758,0.3104353067172169,0.0923059837370214,0.3947,0.1652000045776367,0.1060503679500523,0.1027912211849828,0.1306678513258898,0.0921253947745609,0.084264693282783,0.0728940208406153,0,0,0,normal
2025-07-18,119177.56,120820.71,116812.76,117924.84,19924.66266,39.47,40.7,37.63,38.6,6312.9501953125,6315.60986328125,6285.27001953125,6296.7900390625,5184700000,16.43000030517578,16.809999465942383,16.280000686645508,16.40999984741211,-0.0105670095006571,-9.049030280841674e-05,0.3124023076787542,0.0545879786701826,0.2740936796255104,0.0717262912523984,0.3118703222960097,0.0923335373754658,0.386,0.1640999984741211,0.0735976923212458,0.1095120198039385,0.1119063203744896,0.0923737072217227,0.0741296777039903,0.0717664610986553,0,0,0,normal
2025-07-21,117265.11,119676.73,116515.0,117380.36,17107.33128,39.23,40.42,38.49,39.28,6304.740234375,6336.080078125,6303.7900390625,6305.60009765625,5010840000,16.8700008392334,16.989999771118164,16.299999237060547,16.649999618530273,-0.004627870287343,0.0013981570056732,0.2095426654833055,0.0531164368868253,0.2774365275244089,0.0696773300184206,0.2951712598416092,0.0898899825647625,0.3928,0.1664999961853027,0.1832573345166945,0.1133835592984774,0.1153634724755911,0.0968226661668821,0.0976287401583908,0.0766100136205402,0,0,0,normal
2025-07-22,117380.36,120247.8,116128.0,119954.42,20959.12973,39.28,39.88,38.04,39.88,6306.60009765625,6316.1201171875,6281.7099609375,6309.6201171875,5662040000,16.75,17.479999542236328,16.43000030517578,16.5,0.021692235206271,0.0006373284966667,0.2343019497162145,0.045805692346039,0.2677999549808498,0.0689636535718291,0.2920830397565799,0.0864900714411422,0.3988,0.165,0.1644980502837855,0.119194307653961,0.1310000450191502,0.0960363464281709,0.1067169602434201,0.0785099285588578,0,0,0,normal
2025-07-23,119954.43,120090.0,117301.0,118755.99,14558.75083,39.88,40.17,38.99,39.58,6326.89990234375,6360.64013671875,6317.490234375,6358.91015625,5642510000,16.229999542236328,16.31999969482422,15.31999969482422,15.369999885559082,-0.0100409535459066,0.0077815321457028,0.2125596176648195,0.0608881890155251,0.2616714887427247,0.0730197320680656,0.2515942502116813,0.0882380011723161,0.3958,0.1536999988555908,0.1832403823351804,0.0928118098400657,0.1341285112572752,0.0806802667875252,0.1442057497883186,0.0654619976832747,0,0,0,normal
2025-07-24,118756.0,119450.0,117103.1,118340.99,15806.89043,39.58,40.85,38.61,40.22,6368.60009765625,6381.31005859375,6360.56982421875,6363.35009765625,5282720000,15.390000343322754,15.539999961853027,14.949999809265137,15.390000343322754,-0.0035006808084234,0.0006979799969332,0.1820235656137962,0.046225697655019,0.2648665583837017,0.0660645661870092,0.2521055639261906,0.0876447955553603,0.4022,0.1539000034332275,0.2201764343862038,0.1076743057782085,0.1373334416162983,0.0878354372462183,0.1500944360738094,0.0662552078778672,0,0,0,normal
2025-07-25,118340.98,118451.57,114723.16,117614.31,38406.34873,40.22,43.01,39.21,40.06,6370.009765625,6395.81982421875,6368.52978515625,6388.64013671875,4470720000,15.329999923706056,15.390000343322754,14.920000076293944,14.93000030517578,-0.0061594912042918,0.0039664510016805,0.1792775688879553,0.0467957960085407,0.2582891611639412,0.053202955222087,0.2481586144864858,0.086810429318339,0.4006,0.1493000030517578,0.2213224311120447,0.1025042070432171,0.1423108388360588,0.0960970478296708,0.1524413855135142,0.0624895737334188,0,0,0,normal
2025-07-28,119415.56,119800.0,117427.5,118062.32,13961.74754,39.37,41.05,38.21,38.27,6397.68994140625,6401.06982421875,6375.7900390625,6389.77001953125,4565620000,15.149999618530272,15.539999961853027,15.0,15.029999732971191,0.0038019089092289,0.0001768424712665,0.1782466958644829,0.0452981914331295,0.2584422462305454,0.0525159601335027,0.2308219889060039,0.0867784151694636,0.3827,0.1502999973297119,0.2044533041355171,0.1050018058965824,0.1242577537694546,0.0977840371962092,0.1518780110939961,0.0635215821602483,0,0,0,normal
2025-07-29,118062.32,119273.36,116950.75,117950.76,15137.93445,38.27,38.78,34.86,35.18,6405.6201171875,6409.259765625,6363.919921875,6370.85986328125,5076120000,14.949999809265137,16.1200008392334,14.699999809265137,15.979999542236328,-0.0009453714032179,-0.0029638301974668,0.1662820204043817,0.0536030298863291,0.2499880602343795,0.0525106581903039,0.2312133913822452,0.0787100520814473,0.3518,0.1597999954223632,0.1855179795956183,0.1061969655360342,0.1018119397656205,0.1072893372320593,0.1205866086177548,0.0810899433409159,0,0,0,normal
2025-07-30,117950.75,118792.0,115796.23,117840.3,15586.73631,35.18,37.3,35.16,36.13,6381.22998046875,6396.5400390625,6336.3798828125,6362.89990234375,5375070000,15.869999885559082,17.270000457763672,15.4399995803833,15.479999542236328,-0.0009369312651676,-0.0012502139385094,0.1633878377174734,0.0564482143747915,0.1807519651479237,0.0529918700803369,0.231347519230917,0.0762148404267583,0.3613,0.1547999954223632,0.1979121622825266,0.0983517810475717,0.1805480348520763,0.1018081253420263,0.129952480769083,0.0785851549956049,0,0,0,normal
2025-07-31,117840.29,118922.45,115500.0,115764.08,17010.0073,36.13,37.02,35.79,36.73,6427.02001953125,6427.02001953125,6327.64013671875,6339.39013671875,6077080000,14.989999771118164,17.170000076293945,14.739999771118164,16.719999313354492,-0.017775990938679,-0.0037016620463745,0.1127364425917977,0.0640537856735377,0.1885329312477867,0.0536325586825926,0.2283648578326285,0.0718725378214155,0.3672999999999999,0.1671999931335449,0.2545635574082022,0.1031462074600072,0.1787670687522132,0.1135674344509523,0.1389351421673714,0.0953274553121294,0,0,0,normal
2025-08-01,115764.07,116052.0,112722.58,113297.93,24487.10206,36.73,38.74,35.61,38.42,6287.27978515625,6287.27978515625,6212.68994140625,6238.009765625,5827150000,17.399999618530273,21.899999618530273,17.389999389648438,20.3799991607666,-0.0215334292496769,-0.0161213871855698,0.1491769632644642,0.1019682313998448,0.1819849056127546,0.0898020341454921,0.2395272633716033,0.0887765767677791,0.3842,0.203799991607666,0.2350230367355358,0.1018317602078212,0.2022150943872454,0.1139979574621739,0.1446727366283967,0.1150234148398869,0,0,0,normal
2025-08-04,114208.81,115720.0,114107.6,115055.03,9667.67916,38.03,38.1,36.78,36.89,6271.7099609375,6330.68994140625,6271.7099609375,6329.93994140625,4842580000,19.559999465942383,19.579999923706055,17.479999542236328,17.520000457763672,0.0153896378597389,0.0146295644914144,0.2005262878973106,0.1463238783842676,0.1880626219149861,0.1080806198140071,0.2361459423994053,0.0959580098839168,0.3689,0.1752000045776367,0.1683737121026894,0.0288761261933691,0.1808373780850139,0.0671193847636296,0.1327540576005947,0.0792419946937199,0,0,0,normal
2025-08-05,115055.03,115127.81,112650.0,114129.75,12042.79078,36.32,36.58,35.45,36.01,6336.6298828125,6346.0,6289.3701171875,6299.18994140625,5517410000,17.209999084472656,18.940000534057617,17.110000610351562,17.850000381469727,-0.0080745765687901,-0.004869703780462,0.2017090625883535,0.143941787638386,0.1850698690144523,0.1102724603334119,0.2335031322826794,0.0951411252890135,0.3601,0.1785000038146972,0.1583909374116464,0.0345582161763112,0.1750301309855476,0.0682275434812853,0.1265968677173205,0.0833588785256837,0,0,0,normal
2025-08-06,114129.75,115716.0,113355.13,114992.27,9761.15318,36.01,36.11,34.87,34.88,6309.2998046875,6352.830078125,6301.10986328125,6345.06005859375,5408560000,17.219999313354492,17.8799991607666,16.559999465942383,16.770000457763672,0.0075289496341813,0.0072555222198526,0.2090979743141593,0.1543567736766473,0.1877256586906045,0.1122009064449335,0.2335793518755483,0.0924126857547822,0.3488,0.1677000045776367,0.1397020256858407,0.0133432309009894,0.1610743413093955,0.0554990981327032,0.1152206481244517,0.0752873188228545,0,0,0,normal
2025-08-07,114992.27,117621.0,114259.0,117472.01,13468.56263,34.88,35.68,33.98,35.66,6374.31982421875,6389.7099609375,6310.31982421875,6340.0,5306090000,16.40999984741211,17.639999389648438,15.979999542236328,16.56999969482422,0.0213351837283328,-0.0007977981718278,0.2585891915768823,0.1537470861250228,0.2089238511010404,0.1123178990612378,0.2384015784241503,0.0925428104010863,0.3566,0.1656999969482422,0.0980108084231176,0.0119529108232193,0.1476761488989595,0.0533820978870043,0.1181984215758496,0.0731571865471558,0,0,0,normal
2025-08-08,117472.02,117630.0,115878.71,116674.74,10045.31278,35.66,35.73,33.53,34.4,6355.22021484375,6395.16015625,6355.22021484375,6389.4501953125,4769910000,16.479999542236328,16.520000457763672,15.149999618530272,15.149999618530272,-0.0068100290199484,0.0077694548163894,0.2613153499810189,0.1616949528960236,0.2100075227184009,0.1164933079397699,0.2393369088380842,0.0924081520458788,0.344,0.1514999961853027,0.082684650018981,-0.0101949567107208,0.133992477281599,0.0350066882455328,0.1046630911619157,0.0590918441394239,0,0,0,normal
2025-08-11,119294.27,122335.16,118050.11,118686.0,26494.33429,35.43,37.93,35.04,36.56,6389.669921875,6407.25,6364.06005859375,6373.4501953125,4652400000,15.8100004196167,16.360000610351562,15.520000457763672,16.25,0.0170912868408537,-0.0025072683938851,0.2532740154918174,0.1605165066675858,0.2013405482294563,0.1174138811475586,0.2427399868439905,0.0922951608865663,0.3656,0.1625,0.1123259845081826,0.0019834933324142,0.1642594517705437,0.0450861188524414,0.1228600131560095,0.0702048391134337,0,0,0,normal
2025-08-12,118686.0,120324.43,118207.47,120134.08,16720.10893,36.56,37.09,35.33,36.94,6395.169921875,6446.5498046875,6385.759765625,6445.759765625,5135300000,16.09000015258789,16.559999465942383,14.65999984741211,14.729999542236328,0.0121271021010796,0.0112815590751707,0.1843440636490199,0.1180157656496703,0.2034861969418829,0.1223309713220319,0.2438996453282213,0.0962779944848794,0.3693999999999999,0.1472999954223632,0.18505593635098,0.0292842297726929,0.165913803058117,0.0249690241003313,0.1255003546717786,0.0510220009374838,0,0,0,normal
2025-08-13,120134.09,123667.79,118920.92,123306.43,23210.07102,37.41,39.89,37.07,39.0,6462.669921875,6480.27978515625,6445.02001953125,6466.580078125,5195950000,14.619999885559082,14.8100004196167,14.300000190734863,14.489999771118164,0.0260641056770228,0.0032248733840464,0.2106637984751419,0.0952821632632807,0.2284358031236704,0.1226916978711322,0.24625712303219,0.0961647308761144,0.39,0.1448999977111816,0.1793362015248581,0.0496178344479009,0.1615641968763296,0.0222082998400494,0.14374287696781,0.0487352668350672,0,0,0,normal
2025-08-14,123306.44,124474.0,117180.0,118295.09,27980.947586,39.0,39.63,36.25,36.95,6453.4599609375,6473.919921875,6441.06982421875,6468.5400390625,4462050000,14.65999984741211,15.390000343322754,14.56999969482422,14.829999923706056,-0.0414902925662938,0.0003030448785544,0.3674441061852516,0.0812425063614144,0.2951441435429965,0.1220439762757884,0.2700072891473399,0.0956917867980305,0.3695,0.1482999992370605,0.0020558938147484,0.0670574928756461,0.0743558564570035,0.0262560229612721,0.0994927108526601,0.05260821243903,0,0,0,normal
2025-08-15,118295.09,119216.82,116803.99,117342.05,13623.33874,36.95,37.03,35.14,35.37,6477.3798828125,6481.33984375,6441.85009765625,6449.7998046875,4575060000,14.43000030517578,15.18000030517578,14.399999618530272,15.09000015258789,-0.0080890915304361,-0.0029013399163647,0.3750163334897015,0.0857752582615829,0.2968038810073261,0.1230858600123145,0.2715319929478088,0.0940267868740246,0.3536999999999999,0.1509000015258789,-0.0213163334897015,0.065124743264296,0.0568961189926738,0.0278141415135644,0.0821680070521911,0.0568732146518543,0,0,0,normal
2025-08-18,117405.01,117543.75,114640.14,116227.05,17745.93954,35.83,38.1,35.62,35.99,6445.02001953125,6455.35009765625,6437.7001953125,6449.14990234375,4162290000,15.729999542236328,15.949999809265137,14.949999809265137,14.989999771118164,-0.0095475683205051,-0.0001007682577357,0.3565414561731714,0.0848011107301763,0.2993225880505526,0.1220432631939542,0.2704394686027175,0.0903394645103753,0.3599,0.1498999977111816,0.0033585438268285,0.0650988869810053,0.0605774119494473,0.0278567345172274,0.0894605313972825,0.0595605332008063,0,0,0,normal
2025-08-19,116227.05,116725.69,112732.58,112872.94,18065.47424,35.99,38.54,35.6,37.87,6446.240234375,6456.47998046875,6400.22021484375,6411.3701171875,4377440000,15.229999542236328,15.90999984741211,14.760000228881836,15.56999969482422,-0.0292828443291047,-0.0058753291122071,0.3940621342533585,0.0882246284915295,0.3223831418431334,0.1251408108995851,0.2852360813447132,0.0924789287422229,0.3787,0.1556999969482422,-0.0153621342533585,0.0674753684567127,0.0563168581568666,0.0305591860486571,0.0934639186552868,0.0632210682060193,0,0,0,normal
2025-08-20,112872.95,114615.38,112380.0,114271.24,15636.34194,37.87,38.01,35.91,36.02,6406.6201171875,6408.39990234375,6343.85986328125,6395.77978515625,4470390000,15.949999809265137,17.190000534057617,15.56999969482422,15.6899995803833,0.0123121592980693,-0.0024346306322649,0.383856915604378,0.0881220263369573,0.3210592950186521,0.1244213006453765,0.2810763566866572,0.0917066366971589,0.3602,0.156899995803833,-0.0236569156043779,0.0687779694668757,0.0391407049813479,0.0324786951584565,0.0791236433133428,0.0651933591066741,0,0,0,normal
2025-08-21,114271.23,114821.76,112015.67,112500.0,10839.69235,36.02,37.25,35.73,37.25,6380.830078125,6393.64990234375,6352.7099609375,6370.169921875,4013560000,15.720000267028809,17.239999771118164,15.649999618530272,16.600000381469727,-0.0156216989473507,-0.0040122197289511,0.3663012924432532,0.048317478421969,0.314619315565114,0.1012653759378686,0.2563264797912492,0.0924843326899443,0.3725,0.1660000038146972,0.0061987075567467,0.1176825253927282,0.0578806844348859,0.0647346278768286,0.1161735202087508,0.0735156711247529,0,0,0,normal
2025-08-22,112500.0,117429.05,111684.79,116935.99,23128.09037,37.25,37.97,33.63,34.53,6384.58984375,6478.89013671875,6384.58984375,6466.91015625,5046860000,16.809999465942383,16.829999923706055,14.210000038146973,14.220000267028809,0.0386734694256492,0.0150722851587791,0.4212382856847037,0.1107880674026004,0.3508442052112242,0.1023894643200073,0.2783844857606563,0.1009149828347839,0.3453,0.1422000026702881,-0.0759382856847036,0.0314119352676876,-0.0055442052112242,0.0398105383502808,0.0669155142393437,0.0412850198355042,0,0,0,normal
2025-08-25,113493.59,113667.28,109274.1,110111.98,25182.79379,35.07,38.87,34.8,37.93,6457.669921875,6466.89013671875,6438.06005859375,6439.31982421875,4059070000,15.050000190734863,15.1899995803833,14.239999771118164,14.789999961853027,-0.0601288430883168,-0.0042755125396463,0.4929932510887754,0.1136438487136429,0.4364609876980753,0.1016983386107933,0.3217824522533696,0.1020946112686479,0.3792999999999999,0.1478999996185303,-0.1136932510887754,0.0342561509048873,-0.0571609876980753,0.0462016610077369,0.0575175477466303,0.0458053883498823,0,0,0,normal
2025-08-26,110111.98,112371.0,108666.66,111763.22,18452.43877,37.93,40.17,36.92,36.92,6435.490234375,6468.3701171875,6429.2099609375,6465.93994140625,4867680000,15.75,15.75,14.619999885559082,14.619999885559082,0.0148846782912907,0.0041254737101163,0.5159408561466431,0.1155928616502621,0.4408505443037205,0.0991420982134178,0.322619083461344,0.1014383654510876,0.3692,0.1461999988555908,-0.146740856146643,0.0306071372053287,-0.0716505443037204,0.047057900642173,0.046580916538656,0.0447616334045032,0,0,0,normal
2025-08-27,111763.22,112625.0,110345.42,111262.01,13392.60875,36.92,38.52,36.69,37.91,6462.259765625,6487.06005859375,6457.83984375,6481.39990234375,4143680000,14.65999984741211,15.229999542236328,14.65999984741211,14.850000381469728,-0.0044946559972962,0.002388130453303,0.5157666814535826,0.1161421649939066,0.4277335922716169,0.0987259809714171,0.3215353310366936,0.1013261133373013,0.3791,0.1485000038146972,-0.1366666814535826,0.0323578388207906,-0.0486335922716169,0.0497740228432801,0.0575646689633064,0.0471738904773959,0,0,0,normal
2025-08-28,111262.01,113485.9,110862.42,112566.9,11104.27744,37.91,38.12,36.21,36.95,6483.83984375,6508.22998046875,6466.9599609375,6501.85986328125,4283760000,14.420000076293944,14.6899995803833,14.119999885559082,14.43000030517578,0.0116598412911834,0.0031517474414667,0.4970941950903449,0.1068976921405802,0.4324326464583278,0.0949830216447471,0.3234658125054894,0.1007273055851118,0.3695,0.1443000030517578,-0.1275941950903448,0.0374023109111776,-0.0629326464583277,0.0493169814070107,0.0460341874945106,0.043572697466646,0,0,0,normal
2025-08-29,112566.9,112638.64,107463.9,108377.4,22580.31045,36.95,41.7,36.91,38.98,6489.27978515625,6491.759765625,6444.56982421875,6460.259765625,4234840000,14.3100004196167,15.970000267028809,14.3100004196167,15.359999656677246,-0.0379281313827635,-0.0064187404027925,0.5332666522557163,0.1161180268571699,0.4467311340126401,0.0993291905441029,0.3391738313966081,0.1030023926670005,0.3898,0.1535999965667724,-0.1434666522557163,0.0374819697096025,-0.0569311340126401,0.0542708060226695,0.0506261686033918,0.0505976038997719,0,0,0,normal
2025-09-02,109237.43,111771.52,108393.39,111240.01,18510.28756,39.33,40.28,38.69,38.8,6401.509765625,6416.5400390625,6360.580078125,6415.5400390625,4784000000,16.649999618530273,19.3799991607666,16.549999237060547,17.170000076293945,0.0260705390772595,-0.0069463500610303,0.5645657430920128,0.1230260012153238,0.4616625270909134,0.0925057779733098,0.3492669364920523,0.1054301812203682,0.3879999999999999,0.1717000007629394,-0.1765657430920128,0.0486739995476156,-0.0736625270909134,0.0791942227896296,0.0387330635079476,0.0662698195425712,0,0,0,normal
2025-09-03,111240.01,112575.27,110528.71,111705.71,11773.72084,38.8,38.88,37.97,38.85,6445.81982421875,6453.669921875,6416.169921875,6448.259765625,4465360000,17.399999618530273,17.56999969482422,16.34000015258789,16.350000381469727,0.0041777045760736,0.0050871123029413,0.4948218372534474,0.0832656192551047,0.4415617275665215,0.0942167931923766,0.3426603261351456,0.1062383064544213,0.3885,0.1635000038146972,-0.1063218372534474,0.0802343845595925,-0.0530617275665215,0.0692832106223206,0.0458396738648544,0.0572616973602759,0,0,0,normal
2025-09-04,111705.72,112180.0,109329.12,110730.87,12203.13536,38.85,39.17,38.37,38.48,6456.60009765625,6502.5400390625,6445.97998046875,6502.080078125,4670770000,16.219999313354492,16.350000381469727,15.279999732971191,15.300000190734863,-0.0087651612090672,0.0083118471028735,0.3295453265895395,0.0924805251943,0.412998422855907,0.1009373878418215,0.3424321748763662,0.1065550626383073,0.3848,0.1530000019073486,0.0552546734104604,0.0605194767130486,-0.028198422855907,0.0520626140655271,0.0423678251236337,0.0464449392690413,0,0,0,normal
2025-09-05,110730.87,113384.62,110206.96,110659.99,21587.40888,38.48,38.74,36.23,37.49,6529.080078125,6532.64990234375,6443.97998046875,6481.5,5066120000,15.229999542236328,16.920000076293945,14.739999771118164,15.18000030517578,-0.0006403155254173,-0.0031701726699367,0.3144997824951613,0.0937534702434298,0.4130296217186285,0.1011125427889052,0.3424477152912742,0.1071570718256771,0.3749,0.1518000030517577,0.0604002175048387,0.0580465328083279,-0.0381296217186284,0.0506874602628525,0.0324522847087258,0.0446429312260806,0,0,0,normal
2025-09-08,111137.35,112924.37,110621.78,112065.23,11582.40211,37.9,38.17,36.46,37.08,6498.08984375,6508.669921875,6483.2900390625,6495.14990234375,5211500000,15.579999923706056,15.649999618530272,14.989999771118164,15.109999656677246,0.0126187653710129,0.0021037644508885,0.3240824453904482,0.0935081898209587,0.4181288907979547,0.101354239445017,0.3448946644348625,0.106785914865217,0.3707999999999999,0.1510999965667724,0.0467175546095517,0.0575918067458137,-0.0473288907979547,0.0497457571217554,0.0259053355651374,0.0443140817015554,0,0,0,normal
2025-09-09,112065.23,113293.29,110766.66,111546.39,15379.28248,37.08,37.9,36.73,37.36,6503.330078125,6518.22998046875,6483.080078125,6512.60986328125,4798350000,15.020000457763672,15.81999969482422,14.970000267028809,15.039999961853027,-0.0046405542886385,0.0026845470300734,0.3162858293554284,0.0929506903679582,0.4003432805505612,0.0973309148568783,0.3446111408586748,0.1069567336127496,0.3736,0.1503999996185302,0.0573141706445715,0.057449309250572,-0.0267432805505611,0.0530690847616519,0.0289888591413252,0.0434432660057806,0,0,0,normal
2025-09-10,111546.38,114313.13,110917.45,113960.0,17517.41823,37.36,37.86,36.74,36.95,6550.2900390625,6555.97021484375,6516.33984375,6532.0400390625,5253010000,14.979999542236328,15.630000114440918,14.630000114440918,15.350000381469728,0.021406951444263,0.0029790282293981,0.2102981302030737,0.0810305143978996,0.4079247597522332,0.0962027981468973,0.3511717396143445,0.1066055381996047,0.3695,0.1535000038146972,0.1592018697969263,0.0724694894167976,-0.0384247597522331,0.0572972056677999,0.0183282603856555,0.0468944656150925,0,0,0,normal
2025-09-11,113960.0,115488.09,113430.0,115482.69,13676.73119,36.95,37.03,35.26,35.26,6554.41015625,6592.89013671875,6545.7998046875,6587.47021484375,5426460000,15.1899995803833,15.239999771118164,14.649999618530272,14.710000038146973,0.0132731389706203,0.0084500876230935,0.1726535276806238,0.06383187801561,0.405153491258495,0.0968736162269942,0.3536519884280417,0.1086461095803349,0.3525999999999999,0.1471000003814697,0.1799464723193761,0.0832681223658597,-0.052553491258495,0.0502263841544755,-0.0010519884280417,0.0384538908011348,0,0,0,normal
2025-09-12,115482.69,116665.63,114740.99,116029.42,15324.10719,35.26,35.56,34.02,34.66,6590.66015625,6600.2099609375,6579.490234375,6584.2900390625,4641640000,14.619999885559082,14.970000267028809,14.40999984741211,14.760000228881836,0.0047231310394015,-0.0004828778814283,0.1725293251008259,0.0676676365627734,0.3693963352501999,0.0780718817645228,0.3501921689155014,0.1077926596883751,0.3465999999999999,0.1476000022888183,0.174070674899174,0.0799323657260449,-0.0227963352501999,0.0695281205242955,-0.0035921689155014,0.0398073426004432,0,0,0,normal
2025-09-15,115268.01,116757.99,114384.0,115349.71,13212.51149,34.41,35.98,34.26,35.56,6603.490234375,6619.6201171875,6602.06982421875,6615.27978515625,5045020000,15.140000343322754,15.84000015258789,14.920000076293944,15.6899995803833,-0.0058753091106867,0.0046955777265597,0.1631635757739638,0.0585727104985947,0.2532428032286865,0.0748996376169355,0.3446932515399246,0.0947089977293112,0.3556,0.156899995803833,0.1924364242260362,0.0983272853052383,0.1023571967713135,0.0820003581868975,0.0109067484600754,0.0621909980745218,0,0,0,normal
2025-09-16,115349.71,116964.27,114737.11,116788.96,10926.9094,35.56,36.7,35.12,36.52,6624.1298828125,6626.990234375,6600.10986328125,6606.759765625,5359510000,15.600000381469728,16.3799991607666,15.4399995803833,16.360000610351562,0.0124000748497902,-0.0012887604333313,0.1601497627635162,0.0516478966950725,0.2512548314816932,0.0753382511392849,0.3436859079005034,0.0871351701412461,0.3652,0.1636000061035156,0.2050502372364838,0.1119521094084431,0.1139451685183068,0.0882617549642307,0.0215140920994966,0.0764648359622695,0,0,0,normal
2025-09-17,116788.96,117286.73,114720.81,116447.59,16754.2454,36.52,37.45,34.99,35.55,6604.8701171875,6624.39013671875,6551.14990234375,6600.35009765625,5805340000,16.420000076293945,16.75,15.260000228881836,15.720000267028809,-0.0029272448401405,-0.0009706390782443,0.1671115901986497,0.0563085975787014,0.2504179741640057,0.0759495561474455,0.342893030196357,0.0854024207281627,0.3555,0.157200002670288,0.1883884098013502,0.1008914050915866,0.1050820258359943,0.0812504465228425,0.012606969803643,0.0717975819421253,0,0,0,normal
2025-09-18,116447.6,117900.0,116092.76,117073.53,11657.23365,35.55,35.58,32.87,33.81,6626.85009765625,6656.7998046875,6611.89013671875,6631.9599609375,5292400000,14.93000030517578,15.800000190734863,14.329999923706056,15.699999809265137,0.0053608983982732,0.0047776878367082,0.1517392712782469,0.0582822879051281,0.2477307960699038,0.0770240950832599,0.342573613456651,0.0842599482924824,0.3381,0.1569999980926513,0.1863607287217531,0.0987177101875232,0.0903692039300962,0.0799759030093914,-0.0044736134566509,0.0727400498001689,0,0,0,normal
2025-09-19,117073.53,117459.99,115100.0,115632.38,8992.09065,33.81,35.6,33.4,34.78,6647.10986328125,6671.81982421875,6630.31005859375,6664.35986328125,9125960000,15.760000228881836,16.1299991607666,15.289999961853027,15.449999809265137,-0.0123861781142075,0.0048735239374811,0.1515953835600191,0.0598937211887565,0.1810498183211415,0.069270248798177,0.3387556818984958,0.0845339358526499,0.3478,0.1544999980926513,0.1962046164399809,0.0946062769038948,0.1667501816788585,0.0852297492944743,0.0090443181015041,0.0699660622400014,0,0,0,normal
2025-09-22,115232.29,115379.25,111800.0,112650.99,20781.71356,34.51,38.09,34.51,35.17,6654.27978515625,6698.8798828125,6648.06982421875,6693.75,5642620000,16.139999389648438,16.350000381469727,15.779999732971191,16.100000381469727,-0.0261215657008313,0.0044003507147622,0.2044878704116115,0.0477255517554867,0.1960206759587481,0.0555225625196053,0.3464059432687769,0.0829686333952894,0.3517,0.1610000038146972,0.1472121295883885,0.1132744520592105,0.1556793240412519,0.1054774412950919,0.0052940567312231,0.0780313704194078,0,0,0,normal
2025-09-23,112650.99,113290.5,111458.73,111998.8,12301.3203,35.17,37.17,35.09,37.14,6692.43994140625,6699.52001953125,6645.580078125,6656.919921875,5633620000,16.100000381469727,17.06999969482422,15.949999809265137,16.639999389648438,-0.0058062981699451,-0.0055173518287397,0.1961943516913053,0.0660401507280807,0.197356942775253,0.0652848925199326,0.3422488522992797,0.0846888255240679,0.3714,0.1663999938964843,0.1752056483086947,0.1003598431684036,0.174043057224747,0.1011151013765517,0.0291511477007203,0.0817111683724164,0,0,0,normal
2025-09-24,111998.8,113940.0,111042.66,113307.0,12369.25967,37.14,37.25,35.28,36.17,6669.7900390625,6672.66015625,6621.759765625,6637.97021484375,5459180000,16.56999969482422,17.209999084472656,16.18000030517578,16.18000030517578,0.0116127920508121,-0.0028506771652953,0.2197522165152521,0.0665456397085684,0.1983728436897592,0.0623885136181105,0.3420684488574816,0.0802200842640207,0.3617,0.1618000030517578,0.1419477834847479,0.0952543633431894,0.1633271563102408,0.0994114894336473,0.0196315511425184,0.0815799187877371,0,0,0,normal
2025-09-25,113307.01,113510.23,108631.51,108994.49,21231.14957,36.17,37.98,35.68,37.69,6608.18994140625,6619.0,6569.22021484375,6604.72021484375,5874670000,16.549999237060547,17.739999771118164,16.31999969482422,16.739999771118164,-0.0388036185100834,-0.0050216487425263,0.2799353609236626,0.0740773417508002,0.2625748994266396,0.0654800477759288,0.3475260633683804,0.0817599808325945,0.3768999999999999,0.1673999977111816,0.0969646390763373,0.0933226559603814,0.1143251005733603,0.1019199499352528,0.0293739366316195,0.0856400168785871,0,0,0,normal
2025-09-26,108994.49,110300.0,108620.07,109643.46,14243.01591,37.69,38.11,35.82,36.55,6615.3798828125,6648.97021484375,6604.43017578125,6643.7001953125,5103110000,16.889999389648438,17.049999237060547,15.289999961853027,15.289999961853027,0.0059364982695478,0.0058844891304135,0.2938697690763363,0.0815209635531105,0.257292837164778,0.06823573569845,0.3299394483285008,0.0831109303383464,0.3655,0.1528999996185302,0.0716302309236637,0.0713790360654197,0.1082071628352219,0.0846642639200802,0.0355605516714991,0.0697890692801838,0,0,0,normal
2025-09-29,112163.96,114400.0,111560.65,114311.96,15541.12005,35.86,36.96,35.21,36.39,6661.580078125,6677.31005859375,6644.490234375,6661.2099609375,5358760000,15.84000015258789,16.290000915527344,15.739999771118164,16.1200008392334,0.0416973734848308,0.0026320772599126,0.420127676580703,0.078223151965478,0.315144459778032,0.06822015816824,0.3533729214884676,0.0824618848121223,0.3639,0.1612000083923339,-0.0562276765807029,0.0829768564268559,0.0487555402219679,0.0929798502240939,0.0105270785115323,0.0787381235802116,0,0,0,normal
2025-09-30,114311.97,114792.0,112656.27,114048.93,15044.15633,36.39,37.06,35.64,36.61,6656.18994140625,6691.25,6641.0,6688.4599609375,6057210000,16.489999771118164,16.700000762939453,16.020000457763672,16.280000686645508,-0.0023036354107678,0.0040825036135079,0.4154092373981402,0.0765462967808603,0.3022670856060286,0.0688070658128148,0.3524500098065516,0.0828340167924588,0.3661,0.162800006866455,-0.0493092373981401,0.0862537100855947,0.0638329143939713,0.0939929410536402,0.0136499901934483,0.0799659900739962,0,0,0,normal
2025-10-01,114048.94,118649.1,113966.67,118594.99,20036.39516,36.61,37.7,35.9,37.12,6664.919921875,6718.47998046875,6656.2001953125,6711.2001953125,6037950000,17.280000686645508,17.280000686645508,15.979999542236328,16.290000915527344,0.0390866760019979,0.0033941541712235,0.4397155237471898,0.0746153370973586,0.3414485296823231,0.0622054758769109,0.3597789157968796,0.0802563186551828,0.3712,0.1629000091552734,-0.0685155237471898,0.0882846720579148,0.0297514703176768,0.1006945332783625,0.0114210842031203,0.0826436905000906,0,0,0,normal
2025-10-02,118594.99,121022.07,118279.31,120529.35,19670.83503,37.12,37.9,36.74,37.39,6731.31005859375,6731.93994140625,6693.22998046875,6715.35009765625,5416130000,16.1200008392334,16.920000076293945,15.93000030517578,16.6299991607666,0.0161790488991379,0.0006181636213842,0.4318123022832908,0.0623491150770219,0.3467036831495788,0.0617575287946158,0.3609475296631719,0.0794314851461808,0.3739,0.166299991607666,-0.0579123022832908,0.1039508765306441,0.0271963168504212,0.1045424628130502,0.0129524703368281,0.0868685064614852,0,0,0,normal
2025-10-03,120529.35,123894.99,119248.3,122232.0,23936.328,37.39,38.96,36.81,38.03,6722.14013671875,6750.8701171875,6705.669921875,6715.7900390625,5713110000,16.350000381469727,17.059999465942383,16.200000762939453,16.649999618530273,0.0140275865129558,6.55106568658717e-05,0.432319626559567,0.0564751574467077,0.3474234690288935,0.0600807893444335,0.3587505748460378,0.0777786463255282,0.3803,0.1664999961853027,-0.0520196265595669,0.110024838738595,0.0328765309711065,0.1064192068408692,0.0215494251539622,0.0887213498597745,0,0,0,normal
2025-10-06,123482.32,126199.63,123084.0,124658.54,19494.628793,37.95,39.42,37.67,39.26,6733.85986328125,6749.52001953125,6717.77978515625,6740.27978515625,5604460000,16.739999771118164,17.09000015258789,16.290000915527344,16.3700008392334,0.019657441205458,0.0036399592827626,0.2572801611766416,0.0320191009929381,0.3521013254917613,0.0599573810483413,0.3462260257916665,0.067101801516271,0.3926,0.1637000083923339,0.1353198388233584,0.1316809073993958,0.0404986745082386,0.1037426273439926,0.0463739742083335,0.0965982068760629,0,0,0,normal
2025-10-07,124658.54,125126.0,120574.94,121332.95,21633.99385,39.07,39.39,38.54,39.28,6746.14013671875,6754.490234375,6699.9599609375,6714.58984375,5546150000,16.579999923706055,17.549999237060547,16.190000534057617,17.239999771118164,-0.0270398998328903,-0.003818687706853,0.3768740634922333,0.0445430871256828,0.3762069438949701,0.0632919355723368,0.3053943187620914,0.0667795114130535,0.3928,0.1723999977111816,0.0159259365077667,0.1278569105854988,0.0165930561050299,0.1091080621388448,0.0874056812379086,0.1056204862981281,0,0,0,normal
2025-10-08,121332.96,124197.25,121066.14,123306.0,17012.618,39.28,40.03,38.54,39.44,6723.8701171875,6755.64013671875,6718.08984375,6753.72021484375,5383130000,17.170000076293945,17.200000762939453,16.229999542236328,16.299999237060547,0.0161306511638574,0.0058107484941873,0.327256113899448,0.051437016913718,0.3803053065897297,0.0645549284342238,0.3058283851711512,0.0675523754189895,0.3944,0.1629999923706054,0.067143886100552,0.1115629754568874,0.0140946934102702,0.0984450639363816,0.0885716148288487,0.0954476169516159,0,0,0,normal
2025-10-09,123306.01,123762.94,119651.47,121662.4,21559.36007,39.44,40.44,39.33,39.73,6760.5,6764.580078125,6716.169921875,6735.10986328125,5385020000,16.309999465942383,17.270000457763672,16.260000228881836,16.43000030517578,-0.0134190749805211,-0.0027593739802789,0.351848952929918,0.0558307529377668,0.3811767124363944,0.0644857407725792,0.3088774608360327,0.0685719027121929,0.3973,0.1643000030517578,0.0454510470700819,0.108469250113991,0.0161232875636055,0.0998142622791786,0.0884225391639673,0.0957281003395649,0,0,0,normal
2025-10-10,121662.41,122550.0,102000.0,112774.5,64171.93927,39.73,64.88,39.45,44.11,6740.490234375,6762.39990234375,6550.77978515625,6552.509765625,6596610000,16.360000610351562,22.440000534057617,16.229999542236328,21.65999984741211,-0.075859746128425,-0.0274859754398998,0.5578442338709194,0.1766845122269183,0.4971899444781,0.1339866200062466,0.3828085195669414,0.1076580534727112,0.4411,0.2165999984741211,-0.1167442338709194,0.0399154862472027,-0.0560899444781,0.0826133784678745,0.0582914804330585,0.1089419450014099,0,0,0,normal
2025-10-13,114958.81,115963.81,113616.5,115166.0,22557.24033,46.24,46.51,42.87,43.38,6622.52978515625,6668.68017578125,6620.7099609375,6654.72021484375,5303960000,19.450000762939453,20.770000457763672,18.61000061035156,19.030000686645508,0.0209843161329565,0.015478263036934,0.5669689976893516,0.210251789978242,0.5039891769369341,0.1504526522759152,0.3698650458003762,0.1143536627047518,0.4338,0.190300006866455,-0.1331689976893516,-0.0199517831117869,-0.0701891769369341,0.0398473545905398,0.0639349541996238,0.0759463441617032,0,0,0,normal
2025-10-14,115166.0,115409.96,109866.0,113028.14,31870.32974,43.38,47.71,43.18,45.01,6602.490234375,6680.7001953125,6555.06982421875,6644.31005859375,5666920000,21.459999084472656,22.940000534057617,19.18000030517578,20.809999465942383,-0.0187377515517996,-0.0015655514969425,0.5509964328777015,0.2100359412390815,0.5091809943047255,0.1500828916483511,0.3673424865871524,0.1121513948905345,0.4501,0.2080999946594238,-0.1008964328777015,-0.0019359465796576,-0.0590809943047255,0.0580171030110727,0.0827575134128476,0.0959485997688893,0,0,0,normal
2025-10-15,113028.13,113612.35,110164.0,110763.28,22986.48811,45.01,45.73,44.07,45.25,6688.27001953125,6724.1201171875,6612.10986328125,6671.06005859375,5633060000,20.020000457763672,22.440000534057617,19.11000061035156,20.63999938964844,-0.0202415028158518,0.0040179185034279,0.5074867893249566,0.2104384366293631,0.4875133759024021,0.149036750740915,0.3720242169118223,0.1118691747160594,0.4525,0.2063999938964844,-0.0549867893249566,-0.0040384427328786,-0.0350133759024021,0.0573632431555694,0.0804757830881777,0.094530819180425,0,0,0,normal
2025-10-16,110763.28,111982.45,107427.0,108194.28,29857.17252,45.25,48.52,44.67,47.78,6689.02001953125,6709.33984375,6593.990234375,6629.06982421875,6048180000,20.489999771118164,25.43000030517578,19.850000381469727,25.309999465942383,-0.0234668114929177,-0.0063142802751419,0.5049297495462073,0.212131845368592,0.4977697981782681,0.1498170773102592,0.3773393183950093,0.1117438260827888,0.4778,0.2530999946594238,-0.0271297495462072,0.0409681492908318,-0.0199697981782681,0.1032829173491646,0.1004606816049907,0.141356168576635,0,0,0,normal
2025-10-17,108194.27,109240.0,103528.23,106431.68,37920.66838,47.78,51.0,45.75,50.0,6613.27001953125,6678.8798828125,6603.759765625,6664.009765625,5358120000,28.40999984741211,28.989999771118164,20.729999542236328,20.780000686645508,-0.0164252229988888,0.0052568739445263,0.4519101798816908,0.2113182897805679,0.4609576167065007,0.1511722087917767,0.3800548359688505,0.1119128724520773,0.5,0.207800006866455,0.0480898201183092,-0.0035182829141128,0.0390423832934992,0.0566277980746783,0.1199451640311495,0.0958871344143777,0,0,0,normal
2025-10-20,108642.77,111705.56,107402.52,110532.09,19193.4416,47.68,49.62,45.09,45.95,6690.0498046875,6744.35009765625,6690.0498046875,6735.1298828125,4672170000,20.530000686645508,21.020000457763672,18.229999542236328,18.229999542236328,0.0378026090862155,0.0106157241361441,0.5756686210943102,0.2239232884127643,0.4957683487017932,0.1569961029767202,0.3947917356997029,0.1153576237025996,0.4595,0.1822999954223632,-0.1161686210943101,-0.041623292990401,-0.0362683487017931,0.025303892445643,0.0647082643002971,0.0669423717197636,0,0,0,normal
2025-10-21,110532.09,114000.0,107473.72,108297.67,37228.01659,45.95,49.64,45.53,49.27,6736.75,6752.16015625,6722.02978515625,6735.35009765625,5245020000,18.649999618530273,18.88999938964844,17.399999618530273,17.8700008392334,-0.0204222465741934,3.269591641698797e-05,0.3906413940249284,0.1177579180573383,0.4628075016075562,0.1564402848700766,0.3988727635615897,0.1153189759023203,0.4927,0.178700008392334,0.1020586059750716,0.0609420903349956,0.0298924983924438,0.0222597235222573,0.0938272364384103,0.0633810324900136,0,0,0,normal
2025-10-22,108297.66,109163.88,106666.69,107567.44,28610.78451,49.27,51.24,47.08,50.7,6741.33984375,6741.75,6655.68994140625,6699.39990234375,5710010000,17.84000015258789,21.010000228881836,17.729999542236328,18.600000381469727,-0.0067656397595052,-0.005351834774743,0.3433945510327079,0.0963517678366062,0.4511138472107023,0.1582131697224305,0.3934499381610607,0.1166723507163223,0.507,0.1860000038146972,0.1636054489672921,0.089648235978091,0.0558861527892977,0.0277868340922667,0.1135500618389392,0.0693276530983749,0,0,0,normal
2025-10-23,107567.45,111293.61,107500.0,110078.18,17573.09294,50.7,50.7,45.12,45.13,6703.64990234375,6749.52978515625,6700.14013671875,6738.43994140625,5565750000,18.36000061035156,19.350000381469727,17.079999923706055,17.299999237060547,0.0230728409142147,0.0058104798620133,0.386380440683819,0.0983869602082707,0.4612433748469859,0.1602432972606982,0.3977409343041197,0.1154209949636942,0.4513,0.1729999923706054,0.064919559316181,0.0746130321623347,-0.0099433748469858,0.0127566951099072,0.0535590656958803,0.0575789974069112,0,0,0,normal
2025-10-24,110078.19,112104.98,109700.01,111004.89,15005.16913,45.13,45.18,42.69,42.84,6772.06982421875,6807.10986328125,6772.06982421875,6791.68994140625,5058220000,17.020000457763672,17.219999313354492,16.020000457763672,16.3700008392334,0.0083834137779145,0.0078713619752448,0.3730969703888391,0.1042334522226939,0.4507456327055071,0.1629658734171466,0.3983873453599437,0.1171686715534349,0.4284,0.1637000083923339,0.0553030296111609,0.05946655616964,-0.022345632705507,0.0007341349751873,0.0300126546400563,0.046531336838899,0,0,0,normal
2025-10-27,114559.41,116400.0,113830.01,114107.65,21450.23241,43.91,43.91,42.04,42.82,6845.4599609375,6877.27978515625,6843.93994140625,6875.16015625,5290650000,15.729999542236328,16.06999969482422,15.619999885559082,15.789999961853027,0.0275680466749622,0.0122151413273793,0.3619812625457232,0.0970156830180805,0.4659872349822316,0.1687431025075863,0.4068787833400926,0.1211693349979889,0.4282,0.1578999996185302,0.0662187374542768,0.0608843166004497,-0.0377872349822315,-0.010843102889056,0.0213212166599074,0.0367306646205413,0,0,0,normal
2025-10-28,114107.65,116086.0,112211.0,112898.45,15523.42257,42.82,43.07,40.44,42.39,6897.740234375,6911.2998046875,6870.72998046875,6890.89013671875,5695930000,15.949999809265137,16.549999237060547,15.65999984741211,16.420000076293945,-0.0106535589733105,0.0022853305022299,0.3472474781581435,0.0985775212840984,0.456895197463102,0.1677333086931271,0.406081197891103,0.1209523715485886,0.4239,0.1642000007629394,0.0766525218418565,0.065622479478841,-0.0329951974631019,-0.0035333079301876,0.017818802108897,0.0432476292143508,0,0,0,normal
2025-10-29,112898.44,113643.73,109200.0,110021.29,21079.71376,42.39,45.53,42.39,45.07,6910.9501953125,6920.33984375,6851.91015625,6890.58984375,6280130000,16.34000015258789,17.579999923706055,16.260000228881836,16.920000076293945,-0.025814849578232,-4.357920473317536e-05,0.3306014157645601,0.0926557753062337,0.4636172319459352,0.1668096935108348,0.4123316324844097,0.1208240171249293,0.4507,0.1692000007629394,0.1200985842354399,0.0765442254567057,-0.0129172319459351,0.0023903072521046,0.0383683675155903,0.0483759836380101,0,0,0,normal
2025-10-30,110021.3,111592.0,106304.34,108322.88,25988.82838,45.07,47.15,43.79,44.85,6860.5,6880.75,6820.68994140625,6822.33984375,6052700000,16.260000228881836,17.40999984741211,15.729999542236328,16.90999984741211,-0.0155574958212031,-0.0099541914245345,0.3194907496617477,0.121995860512107,0.3461796727972404,0.116481517304174,0.4135893850416472,0.1247618368855837,0.4485,0.1690999984741211,0.1290092503382523,0.0471041379620141,0.1023203272027596,0.0526184811699471,0.0349106149583527,0.0443381615885374,0,0,0,normal
2025-10-31,108322.87,111190.0,108275.28,109608.01,21518.20439,44.85,44.85,42.74,43.31,6879.169921875,6879.169921875,6814.259765625,6840.2001953125,6398280000,16.43000030517578,18.540000915527344,15.960000038146973,17.440000534057617,0.0117940590867665,0.0026145009178832,0.3222970920965434,0.111173671147443,0.3359449337050511,0.1013151507113047,0.4145486941886304,0.1243144607661263,0.4331,0.1744000053405761,0.1108029079034566,0.0632263341931331,0.0971550662949489,0.0730848546292714,0.0185513058113696,0.0500855445744498,0,0,0,normal
2025-11-03,110540.69,110750.0,105306.56,106583.04,28681.18779,44.12,46.83,43.6,45.73,6882.31982421875,6882.31982421875,6820.6201171875,6851.97021484375,6065720000,18.059999465942383,18.829999923706055,17.0,17.170000076293945,-0.0279860561480819,0.0017192339969181,0.3320901616463163,0.1094825793539225,0.3461938233854256,0.100047699589002,0.4155339460218326,0.1238946291873229,0.4573,0.1717000007629394,0.1252098383536837,0.0622174214090169,0.1111061766145743,0.0716523011739374,0.0417660539781674,0.0478053715756165,0,0,0,normal
2025-11-04,106583.05,107299.0,98944.36,101497.22,50534.87376,45.73,50.56,44.93,47.79,6788.52001953125,6820.2099609375,6766.7099609375,6771.5498046875,5739510000,19.729999542236328,20.479999542236328,17.899999618530273,19.0,-0.0488929906927473,-0.0118062503923267,0.4072754473708709,0.1298477811913569,0.3904513948371521,0.1157603754671315,0.4372968521790292,0.1279462487837792,0.4779,0.19,0.070624552629129,0.0601522188086431,0.0874486051628479,0.0742396245328685,0.0406031478209708,0.0620537512162208,0,0,0,normal
2025-11-05,101497.23,104534.74,98966.8,103885.16,33778.77571,47.79,50.48,46.26,46.55,6769.77001953125,6829.77978515625,6763.10986328125,6796.2900390625,5939600000,19.3700008392334,20.020000457763672,17.309999465942383,18.010000228881836,0.023254649315978,0.0036468976756877,0.3897687454139316,0.1020117255374369,0.4006757193322086,0.1110657256270121,0.4420187961549136,0.1278229429278977,0.4654999999999999,0.1801000022888183,0.0757312545860683,0.0780882767513814,0.0648242806677913,0.0690342766618062,0.0234812038450863,0.0522770593609206,0,0,0,normal
2025-11-06,103885.16,104200.0,100300.95,101346.04,25814.62139,46.55,48.13,44.11,46.94,6787.58984375,6796.68017578125,6707.509765625,6720.31982421875,6051900000,18.36000061035156,20.309999465942383,17.639999389648438,19.5,-0.0247452586464772,-0.0112411345147227,0.3947251326562194,0.1119091886085691,0.4076135212448447,0.1225181762417893,0.4338975988063137,0.1314965810044331,0.4694,0.195,0.0746748673437806,0.0830908113914309,0.0617864787551553,0.0724818237582107,0.0355024011936863,0.0635034189955669,0,0,0,normal
2025-11-07,101346.04,104096.36,99260.86,103339.08,32059.50942,46.93,47.78,44.27,44.61,6696.18017578125,6730.10986328125,6631.43994140625,6728.7998046875,5926070000,19.520000457763672,22.719999313354492,19.079999923706055,19.079999923706055,0.0194748205542768,0.0012610463474931,0.4360141476304768,0.1138971564190148,0.3779540754429514,0.1138148343210097,0.4379202332321045,0.1305547880388473,0.4461,0.1907999992370605,0.0100858523695231,0.0769028428180457,0.0681459245570486,0.0769851649160508,0.0081797667678955,0.0602452111982132,0,0,0,normal
2025-11-10,104722.95,106670.11,104265.02,106011.13,22682.25673,45.11,45.14,44.28,44.3,6785.35986328125,6841.31982421875,6770.56005859375,6832.43017578125,5366050000,18.579999923706055,18.81999969482422,17.600000381469727,17.600000381469727,0.025528468431985,0.0152836267035018,0.4775756690379019,0.1483097854340735,0.3911988918099994,0.1311468514013157,0.4262608823812819,0.137384554447,0.4429999999999999,0.1760000038146972,-0.0345756690379019,0.0276902183806237,0.0518011081900005,0.0448531524133815,0.016739117618718,0.0386154493676972,0,0,0,normal
2025-11-11,106011.13,107500.0,102476.09,103058.99,24196.50718,44.3,47.44,43.56,46.61,6815.64013671875,6855.1298828125,6806.8701171875,6846.60986328125,4983490000,17.899999618530273,18.010000228881836,17.25,17.280000686645508,-0.0282425458643332,0.0020731999523923,0.4855466026396878,0.1479765563183593,0.4070668397486203,0.1278945371900167,0.4327305732437079,0.1370963477693251,0.4661,0.172800006866455,-0.0194466026396877,0.0248234505480957,0.0590331602513797,0.0449054696764383,0.0333694267562921,0.0357036590971299,0,0,0,normal
2025-11-12,103059.0,105333.33,100813.59,101654.37,20457.63906,46.61,46.95,44.75,46.07,6867.77001953125,6869.91015625,6829.6201171875,6850.919921875,5293610000,17.209999084472656,18.059999465942383,17.100000381469727,17.510000228881836,-0.0137230129311303,0.0006293191259445,0.4691417027874531,0.1476301981240872,0.3908924583250456,0.1264314955364101,0.4143775080888853,0.136872057681396,0.4607,0.1751000022888183,-0.008441702787453,0.0274698041647311,0.0698075416749544,0.0486685067524082,0.0463224919111147,0.0382279446074223,0,0,0,normal
2025-11-13,101654.37,104085.01,98000.4,99692.02,36198.50771,46.08,46.96,43.93,46.52,6826.47021484375,6828.0498046875,6724.72021484375,6737.490234375,5473720000,17.610000610351562,21.309999465942383,17.510000228881836,20.0,-0.0194928961604392,-0.0166954516309277,0.3836251502782684,0.1658161004409929,0.3893307674143246,0.1431002555691711,0.411317539901195,0.1458513588087604,0.4652,0.2,0.0815748497217316,0.0341838995590071,0.0758692325856754,0.0568997444308289,0.053882460098805,0.0541486411912396,0,0,0,normal
2025-11-14,99692.03,99866.02,94012.45,94594.0,47288.14481,46.52,50.58,45.87,49.71,6672.14013671875,6774.31005859375,6646.8701171875,6734.10986328125,5042660000,21.329999923706055,23.030000686645508,19.559999465942383,19.829999923706055,-0.0524915845448105,-0.0005018514712717,0.4352517551304757,0.1630725283241356,0.3969288908397644,0.1307061841166408,0.4275739248157761,0.1458621222898689,0.4971,0.1982999992370605,0.0618482448695242,0.0352274709129249,0.1001711091602355,0.0675938151204197,0.0695260751842238,0.0524378769471916,0,0,0,normal
2025-11-17,94261.45,96043.0,91220.0,92215.14,39218.59806,49.64,51.71,47.9,50.62,6713.60986328125,6754.5,6638.89990234375,6672.41015625,5204220000,19.579999923706055,23.440000534057617,19.540000915527344,22.3799991607666,-0.0254697237744392,-0.0092044978943051,0.4360668988571567,0.1582513800647406,0.3999105125999568,0.1333522706466504,0.4216725707917056,0.1478827966101339,0.5062,0.223799991607666,0.0701331011428432,0.0655486115429254,0.1062894874000431,0.0904477209610156,0.0845274292082943,0.0759171949975321,0,0,0,normal
2025-11-18,92215.14,93836.01,89253.78,92960.83,39835.14769,50.62,52.78,50.13,50.52,6641.18994140625,6666.6298828125,6574.31982421875,6617.31982421875,5159390000,23.540000915527344,25.84000015258789,22.90999984741211,24.690000534057617,0.0080538963103698,-0.0082907098441693,0.4040134800216632,0.1627763207491203,0.4070126853739369,0.135222807234495,0.4216512851527259,0.1493582450760543,0.5052,0.2469000053405761,0.1011865199783367,0.0841236845914558,0.098187314626063,0.1116771981060811,0.0835487148472741,0.0975417602645218,0,0,0,normal
2025-11-19,92960.83,92980.22,88608.0,91554.96,32286.6376,50.52,53.61,50.47,51.04,6625.83984375,6689.75,6603.5,6642.16015625,5021610000,24.520000457763672,24.790000915527344,21.93000030517578,23.65999984741211,-0.0152387739374434,0.0037468077372653,0.2895866597247621,0.1190107276701899,0.4069614643749191,0.1338357971438811,0.4152363079203264,0.1487205092218352,0.5104,0.236599998474121,0.2208133402752378,0.1175892708039311,0.1034385356250808,0.1027642013302399,0.0951636920796735,0.0878794892522858,0,0,0,normal
2025-11-20,91554.96,93160.0,86100.0,86637.23,39733.19073,51.04,54.72,50.07,54.65,6737.93017578125,6770.35009765625,6534.0498046875,6538.759765625,5596080000,20.780000686645508,28.270000457763672,19.280000686645508,26.420000076293945,-0.055209816891895,-0.0156897261163152,0.3557737631857867,0.128096672734646,0.4296354160633566,0.1439818553414949,0.4354649546229877,0.1549759364195685,0.5465,0.2642000007629395,0.1907262368142133,0.1361033280282934,0.1168645839366434,0.1202181454214445,0.1110350453770123,0.1092240643433709,0,0,0,normal
2025-11-21,86637.22,87498.94,80600.0,85129.43,72256.12679,54.65,62.18,54.01,57.38,6555.77001953125,6660.0498046875,6521.919921875,6602.990234375,5929930000,25.969999313354492,27.84000015258789,22.540000915527344,23.43000030517578,-0.0175568265742415,0.009775103041592,0.3514799547766113,0.1579639381504034,0.4266391706185024,0.1531055436047168,0.3908768819933856,0.1360863862509406,0.5738,0.2343000030517578,0.2223200452233886,0.0763360649013543,0.1471608293814976,0.081194459447041,0.1829231180066143,0.0982136168008172,0,0,0,normal
2025-11-24,86830.0,89228.0,85272.0,88300.01,24663.12795,56.5,57.36,52.25,53.31,6636.5400390625,6715.75,6630.7001953125,6705.1201171875,6039740000,22.690000534057617,23.68000030517578,20.40999984741211,20.520000457763672,0.0365674166286005,0.0153488188990818,0.514032271775804,0.1765025864116956,0.4524150004900937,0.1645249048273483,0.4037898684037739,0.1359610241751469,0.5331,0.2052000045776367,0.019067728224196,0.028697418165941,0.0806849995099063,0.0406750997502884,0.1293101315962261,0.0692389804024898,0,0,0,normal
2025-11-25,88300.01,88519.99,86116.0,87369.96,19567.0411,53.77,53.92,52.34,52.56,6697.02978515625,6776.39990234375,6659.97998046875,6765.8798828125,5003330000,20.549999237060547,21.770000457763672,18.38999938964844,18.559999465942383,-0.0105887043733438,0.0090208860008329,0.4513251739463294,0.1859210651637236,0.4262976455992832,0.168804049964603,0.4027460236416066,0.1381756132940669,0.5256000000000001,0.1855999946594238,0.0742748260536706,-0.0003210705042997,0.0993023544007168,0.0167959446948208,0.1228539763583934,0.0474243813653569,0,0,0,normal
2025-11-26,87369.97,90656.08,86306.77,90484.02,21675.82239,52.56,52.69,49.41,49.92,6793.5498046875,6831.43994140625,6783.8701171875,6812.60986328125,4485000000,18.25,18.700000762939453,16.93000030517578,17.190000534057617,0.0350217440422705,0.0068829694361496,0.5134924653210069,0.1747472008487644,0.4662026315687907,0.1635050919767781,0.4203103286675438,0.1390374789106218,0.4992,0.1719000053405761,-0.0142924653210068,-0.0028471955081882,0.0329973684312093,0.008394913363798,0.0788896713324562,0.0328625264299543,0,0,0,normal
2025-11-28,91333.94,93092.0,90180.63,90890.7,18830.86012,49.31,49.59,47.01,48.7,6822.52001953125,6850.85986328125,6819.75,6849.08984375,2558540000,17.40999984741211,18.520000457763672,15.779999732971191,16.350000381469727,0.0044844251892436,0.0053404873411373,0.5107901765322954,0.1559849495900786,0.4531727104637444,0.1645564539466149,0.4184475763174921,0.1380278636901715,0.487,0.1635000038146972,-0.0237901765322953,0.0075150542246186,0.0338272895362556,-0.0010564501319176,0.0685524236825079,0.0254721401245257,0,0,0,normal
2025-12-01,90360.01,90417.0,83822.76,86286.01,34509.01227,48.78,54.76,48.78,53.13,6812.2998046875,6843.64990234375,6799.93994140625,6812.6298828125,4549370000,18.049999237060547,18.329999923706055,16.579999923706055,17.239999771118164,-0.0519902096924145,-0.0053375487460559,0.5887636556122431,0.1679162671497913,0.4574430915451574,0.1533822030782456,0.4385032321654204,0.1386614678974329,0.5313,0.1723999977111816,-0.057463655612243,0.0044837305613903,0.0738569084548426,0.019017794632936,0.0927967678345795,0.0337385298137487,0,0,0,normal
2025-12-02,86286.01,92307.65,86184.39,91277.88,28210.22732,53.13,53.14,48.95,49.24,6830.9599609375,6851.5498046875,6806.7099609375,6829.3701171875,4582290000,17.280000686645508,17.309999465942383,16.389999389648438,16.59000015258789,0.0562410040171468,0.0024542211959366,0.5968356284998002,0.103039643082892,0.5416547111273441,0.1535004909529546,0.4577072852240311,0.1355915391962038,0.4924,0.1659000015258789,-0.1044356284998002,0.0628603584429869,-0.049254711127344,0.0123995105729243,0.0346927147759689,0.0303084623296751,0,0,0,normal
2025-12-03,91277.88,94150.0,90990.23,93429.95,25712.52585,49.24,49.28,47.27,47.44,6815.2900390625,6862.419921875,6810.43017578125,6849.72021484375,4736780000,16.43000030517578,17.280000686645508,15.93000030517578,16.079999923706055,0.0233034776016145,0.0029753605210852,0.5748677004867323,0.1012254467195303,0.5575077768544671,0.1540619671336901,0.463557067998067,0.1357784515288106,0.4744,0.1607999992370605,-0.1004677004867323,0.0595745525175302,-0.083107776854467,0.0067380321033704,0.0108429320019329,0.0250215477082499,0,0,0,normal
2025-12-04,93429.95,94080.0,90889.0,92078.06,19803.94059,47.44,48.43,46.44,48.03,6866.47021484375,6866.47021484375,6827.1201171875,6857.1201171875,4872440000,16.229999542236328,16.6299991607666,15.68000030517578,15.779999732971191,-0.0145752620889966,0.0010797387119744,0.5697716268589414,0.0738976449447185,0.5555922514345749,0.1338865160183061,0.4643787782636667,0.1346191306004417,0.4803,0.1577999973297119,-0.0894716268589414,0.0839023523849934,-0.0752922514345749,0.0239134813114058,0.0159212217363333,0.0231808667292702,0,0,0,normal
2025-12-05,92078.06,92692.36,88056.0,89330.04,19792.97218,48.03,50.78,47.15,48.94,6866.31982421875,6895.77978515625,6858.2900390625,6870.39990234375,4944560000,15.579999923706056,16.18000030517578,15.279999732971191,15.40999984741211,-0.030298870064162,0.0019347688846794,0.6050339138341918,0.0616856052144495,0.5265617272044554,0.1336648866961839,0.4619161862680767,0.1338258424363682,0.4894,0.1540999984741211,-0.1156339138341918,0.0924143932596716,-0.0371617272044553,0.0204351117779371,0.0274838137319233,0.0202741560377529,0,0,0,normal
2025-12-08,90395.32,92287.15,89612.0,90634.34,15793.63887,49.64,49.73,48.41,49.01,6875.2001953125,6878.27001953125,6827.18994140625,6846.509765625,4757130000,16.149999618530273,17.09000015258789,16.100000381469727,16.65999984741211,0.0144953444417246,-0.0034833153316476,0.5712388134886965,0.0598930820668246,0.5223892142026866,0.1268716619579893,0.4640154454299376,0.1325391304150382,0.4901,0.1665999984741211,-0.0811388134886965,0.1067069164072965,-0.0322892142026866,0.0397283365161318,0.0260845545700623,0.0340608680590829,0,0,0,normal
2025-12-09,90634.35,94588.99,89500.0,92678.8,21240.43014,49.01,49.1,46.39,46.44,6840.60986328125,6864.919921875,6837.43017578125,6840.509765625,4508050000,16.65999984741211,17.200000762939453,16.450000762939453,16.93000030517578,0.0223065817697799,-0.0008767431610132,0.5866062532415321,0.0505963909766535,0.5307351171072275,0.119054434888138,0.4608731628306348,0.1276246264253752,0.4644,0.1693000030517578,-0.1222062532415321,0.1187036120751043,-0.0663351171072275,0.0502455681636198,0.0035268371693651,0.0416753766263826,0,0,0,normal
2025-12-10,92678.81,94476.0,91563.15,92015.37,18998.68083,46.44,47.7,44.78,44.92,6833.490234375,6900.669921875,6824.68994140625,6886.68017578125,5526570000,16.940000534057617,17.65999984741211,15.5600004196167,15.770000457763672,-0.0071841233904618,0.0067268806591399,0.4585071984351572,0.0507163745333341,0.5274056120663219,0.1203866711613753,0.4607394836521717,0.1290083835277967,0.4492,0.1577000045776367,-0.0093071984351571,0.1069836300443026,-0.0782056120663218,0.0373133334162614,-0.0115394836521716,0.02869162104984,0,0,0,normal
2025-12-11,92015.38,93555.0,89260.63,92513.38,19972.58758,44.92,47.19,43.55,44.46,6861.2998046875,6903.4599609375,6833.4501953125,6901.0,5021060000,16.84000015258789,16.8799991607666,14.850000381469728,14.850000381469728,0.0053976543938289,0.002077191983717,0.3198712361805041,0.0504822160465613,0.4622843052666426,0.0871146164732504,0.4584313727903666,0.1291514152377861,0.4446,0.1485000038146972,0.1247287638194958,0.0980177877681359,-0.0176843052666426,0.0613853873414468,-0.0138313727903666,0.0193485885769111,0,0,0,normal
2025-12-12,92513.38,92754.0,89480.0,90268.42,16679.19169,44.46,44.85,43.04,44.22,6886.85009765625,6899.85009765625,6801.7900390625,6827.41015625,4910160000,14.989999771118164,17.850000381469727,14.850000381469728,15.739999771118164,-0.024565606595954,-0.0107209134585545,0.3143716103193989,0.0871399413042089,0.4697183268153465,0.1021930060876694,0.4608384513018384,0.1296855321094811,0.4422,0.1573999977111816,0.127828389680601,0.0702600564069727,-0.0275183268153464,0.0552069916235122,-0.0186384513018384,0.0277144656017005,0,0,0,normal
2025-12-15,88172.16,90052.64,85146.64,86432.08,19778.6919,46.74,46.88,43.7,46.68,6860.18994140625,6861.58984375,6801.490234375,6816.509765625,4975600000,16.510000228881836,17.350000381469727,15.989999771118164,16.5,-0.0434287729175729,-0.0015978388918367,0.3901374943307635,0.0866244411247219,0.4851796735912675,0.0842437622159523,0.4699322472498559,0.1295291352678968,0.4668,0.165,0.0766625056692364,0.0783755588752781,-0.0183796735912675,0.0807562377840477,-0.0031322472498558,0.0354708647321032,0,0,0,normal
2025-12-16,86432.08,88175.98,85266.0,87863.42,18456.05017,46.39,46.9,45.69,45.69,6800.1201171875,6819.27001953125,6759.740234375,6800.259765625,4983180000,17.280000686645508,17.610000610351562,16.190000534057617,16.479999542236328,0.0164246601605556,-0.0023867640084396,0.3838761391235155,0.0846507043260905,0.4889216183690421,0.077267657225556,0.4710784994637734,0.1295703602857623,0.4569,0.1647999954223633,0.0730238608764844,0.0801492910962727,-0.0320216183690421,0.0875323381968073,-0.0141784994637734,0.0352296351366009,0,0,0,normal
2025-12-17,87863.43,90365.85,85314.0,86243.22,19834.11729,45.69,47.99,44.86,47.0,6802.8798828125,6812.259765625,6720.43017578125,6721.43017578125,5122120000,16.450000762939453,18.0,15.81999969482422,17.6200008392334,-0.0186121192274582,-0.0116598566113712,0.3740746723669924,0.1046811921178608,0.4678004373652576,0.0864378651629811,0.4552744201843685,0.1294575722194267,0.47,0.176200008392334,0.0959253276330076,0.0715188162744732,0.0021995626347423,0.0897621432293528,0.0147255798156314,0.0467424361729073,0,0,0,normal
2025-12-18,86243.23,89477.61,84450.01,85516.41,25405.41763,47.0,47.55,44.77,47.48,6778.06005859375,6816.1298828125,6758.5,6774.759765625,5101190000,17.610000610351562,17.68000030517578,15.93000030517578,16.8700008392334,-0.0084631567748879,0.0079029515204791,0.3130878470638735,0.1225932826632571,0.4667789974285243,0.0906413845381186,0.4471176046583489,0.1311468203695014,0.4747999999999999,0.1687000083923339,0.1617121529361264,0.0461067257290768,0.0080210025714756,0.0780586238542153,0.027682395341651,0.0375531880228325,0,0,0,normal
2025-12-19,85516.41,89399.97,85110.24,88136.94,21256.65004,47.48,47.54,45.03,45.06,6792.6201171875,6840.02001953125,6792.6201171875,6834.5,8554470000,16.309999465942383,16.530000686645508,14.90999984741211,14.90999984741211,0.0301834539651766,0.0087794074218288,0.4022541008496976,0.1287573725422978,0.4332048335985838,0.0964799058814131,0.4558810631308305,0.1291972065140568,0.4506,0.1490999984741211,0.0483458991503024,0.0203426259318232,0.0173951664014161,0.0526200925927079,-0.0052810631308304,0.0199027919600642,0,0,0,normal
2025-12-22,88658.87,90588.23,87900.0,88620.79,14673.2197,45.07,45.5,44.62,45.09,6865.2099609375,6882.02978515625,6855.740234375,6878.490234375,4465030000,15.15999984741211,15.260000228881836,14.029999732971191,14.079999923706056,0.0054747388815897,0.0064158705755619,0.4023473133882193,0.1356803260807901,0.3554549932647658,0.0996627220017371,0.4512237819069691,0.1302988394063607,0.4509,0.1407999992370605,0.0485526866117807,0.0051196731562704,0.0954450067352342,0.0411372772353234,-0.000323781906969,0.0105011598306998,0,0,0,normal
2025-12-23,88620.79,88940.0,86601.9,87486.0,13910.32904,45.09,45.1,43.34,43.4,6872.41015625,6910.8798828125,6868.81005859375,6909.7900390625,3820560000,14.09000015258789,14.449999809265137,13.640000343322754,14.0,-0.0128876996356668,0.0045400670467882,0.3856413730595875,0.1168263705797664,0.3380336088522424,0.1006288560427857,0.442194755053636,0.1234123051837012,0.434,0.14,0.0483586269404124,0.0231736294202336,0.0959663911477576,0.0393711439572143,-0.0081947550536359,0.0165876948162988,0,0,0,normal
2025-12-24,87486.0,88049.89,86420.0,87669.45,9140.8432,43.4,43.77,42.55,42.81,6904.91015625,6937.31982421875,6904.91015625,6932.0498046875,1798270000,14.09000015258789,14.15999984741211,13.380000114440918,13.470000267028809,0.0020947114928907,0.0032163043447007,0.2726871137431804,0.1146460136570342,0.3359812727803387,0.1012230816213293,0.4378949703884108,0.1235933026484903,0.4281,0.1347000026702881,0.1554128862568196,0.0200539890132538,0.0921187272196613,0.0334769210489587,-0.0097949703884107,0.0111067000217977,0,0,0,normal
2025-12-26,87225.27,89567.75,86655.08,87369.56,18344.61505,42.55,43.04,41.02,41.04,6936.02001953125,6945.77001953125,6921.60009765625,6929.93994140625,2586550000,14.119999885559082,14.289999961853027,13.520000457763672,13.600000381469728,-0.0034265538113371,-0.0003044098771082,0.2540527031336319,0.1116347715197663,0.3129963754172534,0.1011720986737916,0.4372088308972416,0.123608754230808,0.4104,0.1360000038146973,0.1563472968663681,0.0243652322949309,0.0974036245827466,0.0348279051409056,-0.0268088308972416,0.0123912495838892,0,0,0,normal
2025-12-29,87952.71,90406.08,86806.5,87237.13,19894.98575,42.11,43.0,41.46,42.25,6903.60009765625,6920.2099609375,6888.759765625,6905.740234375,3541750000,14.6899995803833,15.079999923706056,13.989999771118164,14.199999809265137,-0.0015168952047957,-0.0034981629239373,0.2224701953652169,0.0708271314674308,0.3043014173333634,0.1011837803437175,0.4351471987223662,0.1132483805167661,0.4225,0.1419999980926513,0.2000298046347831,0.0711728666252205,0.1181985826666365,0.0408162177489338,-0.0126471987223661,0.0287516175758852,0,0,0,normal
2025-12-30,87237.13,89400.0,86845.66,88485.49,13105.91001,42.25,43.03,41.88,42.79,6900.43994140625,6913.25,6893.47021484375,6896.240234375,3309930000,14.43000030517578,14.619999885559082,14.039999961853027,14.329999923706056,0.0142085407306048,-0.0013766142506534,0.2208219677851957,0.0704883480151576,0.2931207673361337,0.1013487543700626,0.4135604859653951,0.1133655699634504,0.4279,0.1432999992370605,0.2070780322148043,0.0728116512219029,0.1347792326638663,0.0419512448669979,0.0143395140346049,0.0299344292736101,0,0,0,normal
2025-12-31,88485.5,89200.0,87250.0,87648.22,11558.62047,42.79,43.57,42.12,43.01,6898.81982421875,6901.419921875,6844.5498046875,6845.5,3261830000,14.770000457763672,15.170000076293944,14.380000114440918,14.949999809265137,-0.0095072806518879,-0.0073848674342488,0.1452538746117299,0.0768212180821371,0.2938811186297186,0.1024349424596644,0.4083187216890078,0.1120865935020615,0.4301,0.1494999980926513,0.2848461253882701,0.0726787800105142,0.1362188813702813,0.0470650556329869,0.0217812783109921,0.0374134045905898,0,0,0,normal
